answer,word_ids,vocab_size,predicted_profiles
choose,"[18, 9, 12, 12, 7, 4]",34,"[0.3590747117996216, 0.08255481719970703, 1.1156612634658813, 0.00535467267036438, 1.2082793712615967, 0.40214407444000244, 0.08941827714443207, 0.5749348402023315, 0.8909127712249756, 0.9012970328330994, 0.9303418397903442, 1.1105939149856567, 0.6104586720466614, 2.1939547061920166, 0.03226367384195328, 0.8942403197288513, 0.43301036953926086, 0.9339792132377625, 0.425558865070343, 0.08252831548452377, 0.038368090987205505, -0.03497122600674629, 0.6933456659317017, 0.4624186158180237, 0.13002876937389374, 0.5823433995246887, 1.4217851161956787, 0.16471047699451447, 1.6946321725845337, 0.23564742505550385, 1.122753620147705, 0.07740733027458191, 0.2724577784538269, 0.05463393032550812, 0.41178783774375916, 0.4701051115989685, 0.23044809699058533, 0.8615664839744568, 0.31734028458595276, 0.49739113450050354, -0.07325667887926102, 1.1953589916229248, 0.490602046251297, 0.36235591769218445, 1.9175472259521484, 0.2948998808860779, 1.7182519435882568, 1.8714274168014526, 0.06990544497966766, 1.604926586151123, 0.4580519199371338, 0.3895922005176544, 0.930266261100769, 1.392453908920288, 0.5214893221855164, 0.7763997912406921, 0.10958431661128998, 0.3074307441711426, 0.9347831010818481, 1.6711207628250122, 0.5794742703437805, 0.563841700553894, 0.030011005699634552, 0.2533717155456543]"
compare,"[18, 12, 19, 3, 2, 11, 4]",34,"[0.9636139869689941, -0.008403107523918152, 0.7937923669815063, 0.3557303845882416, 1.0400264263153076, 0.011133521795272827, 0.22149568796157837, 0.30871790647506714, 0.8782776594161987, 1.0900605916976929, 0.5305358171463013, 0.9877299070358276, 0.5928172469139099, 1.9316864013671875, 0.5971651673316956, 0.7148008346557617, 1.4526827335357666, 0.38647687435150146, 1.2893314361572266, 0.2626126706600189, 0.15457189083099365, 0.003260776400566101, 1.629732370376587, 0.9274374842643738, 0.6137092113494873, 0.5627310872077942, 0.7680836915969849, 0.03453578054904938, 1.136975884437561, 0.6456809043884277, 0.917249858379364, 0.5091761350631714, 0.9318420886993408, 0.27151551842689514, 1.3612761497497559, 1.2442476749420166, 0.5117640495300293, 0.36407357454299927, 0.7345696687698364, 0.9415308237075806, 0.4218478500843048, 1.2738733291625977, 1.6456055641174316, 1.4407304525375366, 1.1042290925979614, 0.3097289800643921, 1.3002853393554688, 1.3726134300231934, 0.7042169570922852, 0.9909470081329346, 1.5029122829437256, 0.05299937725067139, 1.2410956621170044, 1.1736708879470825, 0.35565051436424255, 1.0853503942489624, -0.02141818404197693, 0.7595683932304382, 0.9060973525047302, 1.5774742364883423, 0.3981636166572571, 1.1010830402374268, 0.022855058312416077, 0.868698239326477]"
complete,"[18, 12, 19, 3, 14, 4, 8, 4]",34,"[0.7132601737976074, 0.0181952565908432, 0.6575237512588501, 0.28029146790504456, 1.0677540302276611, 0.23299869894981384, 0.18074990808963776, 0.5097998380661011, 1.0441181659698486, 0.9585067629814148, 0.7757611274719238, 0.7853214740753174, 0.39667701721191406, 1.9681715965270996, 0.29071786999702454, 0.5908294320106506, 1.013823390007019, 0.7130378484725952, 0.9659009575843811, 0.19274240732192993, 0.17573150992393494, -0.0060889218002557755, 0.9717442989349365, 0.7269511222839355, 0.4992750585079193, 0.3156917691230774, 0.9749480485916138, 0.06475088000297546, 1.2834057807922363, 0.2495470494031906, 0.6869506239891052, 0.3051741421222687, 0.7069669365882874, 0.17857816815376282, 0.9151448011398315, 0.9574891924858093, 0.3389405310153961, 0.6449882984161377, 0.37909388542175293, 0.6714354753494263, 0.18013271689414978, 0.9524527788162231, 1.163032054901123, 0.9708762764930725, 1.3355072736740112, 0.15650708973407745, 1.389106035232544, 1.5252097845077515, 0.3750627040863037, 1.1761963367462158, 1.0400598049163818, 0.20001773536205292, 0.6603524684906006, 0.9222256541252136, 0.32034003734588623, 0.9133404493331909, 0.036755748093128204, 0.6404353380203247, 0.9038991928100586, 1.4724957942962646, 0.37735483050346375, 0.5558794140815735, 0.03626927733421326, 0.5786761045455933]"
connect,"[18, 12, 5, 5, 4, 18, 8]",34,"[0.91644686460495, 0.04778394103050232, 0.30717945098876953, 0.3859938979148865, 0.6776012778282166, 0.5374191403388977, 0.534561038017273, 0.5167360305786133, 0.8301490545272827, 0.5402145385742188, 0.6680912375450134, 0.4256706237792969, 0.15329821407794952, 1.3263766765594482, 0.32534050941467285, 0.23941442370414734, 1.177424430847168, 0.799354612827301, 1.4026196002960205, 0.52492356300354, 0.47526681423187256, 0.07659335434436798, 0.6389792561531067, 0.5335682034492493, 0.798482358455658, 0.025487743318080902, 0.5956209897994995, 0.06895139813423157, 0.7270989418029785, 0.17376521229743958, 0.31467878818511963, 0.300436407327652, 1.2177131175994873, 0.36069267988204956, 1.0411967039108276, 1.4032833576202393, 0.12251409143209457, 0.7294824719429016, 0.1779922991991043, 0.5552527904510498, 0.2136322408914566, 0.48725003004074097, 1.5671244859695435, 1.2653065919876099, 0.7371691465377808, 0.03295649588108063, 0.7422229647636414, 1.0529565811157227, 0.49157601594924927, 0.7782185077667236, 1.3962010145187378, 0.271610289812088, 0.1786046028137207, 0.34806156158447266, 0.08699772506952286, 0.5666155219078064, 0.08338017016649246, 0.7685768008232117, 0.6342755556106567, 0.8235102891921997, 0.18782617151737213, 0.2917371988296509, 0.11029335856437683, 0.7697179317474365]"
correct,"[18, 12, 11, 11, 4, 18, 8]",34,"[1.0746350288391113, -0.008702948689460754, 0.5350713729858398, 0.36470136046409607, 0.8245693445205688, 0.1893092840909958, 0.414076566696167, 0.37032049894332886, 0.7718263864517212, 0.8211380839347839, 0.5479282736778259, 0.688637912273407, 0.39363008737564087, 1.4981181621551514, 0.5399850606918335, 0.5386926531791687, 1.4788727760314941, 0.47564080357551575, 1.493870735168457, 0.34472212195396423, 0.29008838534355164, 0.020891882479190826, 1.3190312385559082, 0.7749029397964478, 0.6828983426094055, 0.326997309923172, 0.6244385242462158, 0.01705603301525116, 0.8541868329048157, 0.4636390805244446, 0.5598694682121277, 0.5248307585716248, 1.1602799892425537, 0.3526202142238617, 1.3109444379806519, 1.5332798957824707, 0.3779314458370209, 0.46281540393829346, 0.5360421538352966, 0.7621527910232544, 0.41570186614990234, 0.8682229518890381, 1.8277331590652466, 1.5961918830871582, 0.8007521629333496, 0.18886971473693848, 0.9159988760948181, 1.113268494606018, 0.7501076459884644, 0.786522626876831, 1.6467095613479614, 0.07091853022575378, 0.7782624959945679, 0.7509908676147461, 0.26944699883461, 0.8022131323814392, 0.008696921169757843, 0.7669146656990051, 0.742057740688324, 1.171523928642273, 0.300242155790329, 0.8206580281257629, 0.06363720446825027, 0.9696410894393921]"
create,"[18, 11, 4, 2, 8, 4]",34,"[0.6312939524650574, 0.029009439051151276, 0.5524721741676331, 0.20589745044708252, 1.071142554283142, 0.35339000821113586, 0.22012177109718323, 0.5747657418251038, 1.0433354377746582, 0.8367904424667358, 0.8839156627655029, 0.7759838104248047, 0.34080708026885986, 1.9591929912567139, 0.12029051780700684, 0.5202226638793945, 0.8843759298324585, 0.8092748522758484, 0.8880106806755066, 0.1963537186384201, 0.2095780074596405, -0.014783564954996109, 0.6317587494850159, 0.549233078956604, 0.4337049126625061, 0.13439714908599854, 1.138412356376648, 0.0859212577342987, 1.36384916305542, -0.03286665678024292, 0.6371678113937378, 0.19627362489700317, 0.6805763244628906, 0.18309283256530762, 0.7802869081497192, 0.9566497802734375, 0.16588076949119568, 0.8640329241752625, 0.1477268785238266, 0.5367451906204224, -0.0025760382413864136, 0.8170061111450195, 1.0123034715652466, 0.7515681982040405, 1.493059515953064, 0.029315464198589325, 1.436800479888916, 1.637566328048706, 0.24910911917686462, 1.2712620496749878, 0.9199085235595703, 0.2572009265422821, 0.3259519338607788, 0.8225464820861816, 0.289687842130661, 0.7875097990036011, 0.05656598508358002, 0.5620805025100708, 0.8444123864173889, 1.4128786325454712, 0.3419412076473236, 0.2894734740257263, 0.021041661500930786, 0.5001769065856934]"
decide,"[20, 4, 18, 6, 20, 4]",34,"[1.6707006692886353, 0.030697986483573914, 0.16408000886440277, 0.08218613266944885, 0.3166217803955078, 0.43745097517967224, 1.2270029783248901, 0.24692873656749725, 0.4512471854686737, 0.11170294135808945, 0.3775576055049896, 0.5651862621307373, 0.3316987156867981, 0.9584827423095703, 0.4306822419166565, 0.2920166850090027, 1.7967493534088135, 0.5341380834579468, 2.410249710083008, 0.3928127884864807, 0.4184463620185852, -0.017361443489789963, 0.9170084595680237, 0.19654570519924164, 0.6398338675498962, -0.05796393007040024, 0.6564863920211792, 0.08321686089038849, 0.7282088994979858, -0.11683163046836853, 0.45281216502189636, 0.2758733034133911, 1.8439674377441406, 0.7033886313438416, 1.498932123184204, 2.4889345169067383, -0.10132378339767456, 0.7339388132095337, -0.15637262165546417, 0.38804399967193604, 0.21405263245105743, 0.5505039095878601, 2.6301379203796387, 2.309720277786255, 0.7999728918075562, -0.1665741205215454, 0.652084469795227, 1.003192663192749, 0.7663894891738892, 0.5756248235702515, 2.277215003967285, 0.2872740924358368, 0.2481699287891388, 0.4948410987854004, 0.1255071759223938, 0.13778698444366455, 0.0574764721095562, 0.40076977014541626, 0.2172366976737976, 0.5419289469718933, 0.0454169362783432, 0.5676091909408569, 0.1557261049747467, 1.7297829389572144]"
describe,"[20, 4, 7, 18, 11, 6, 10, 4]",34,"[0.2815219461917877, 0.005685657262802124, 0.7854578495025635, 0.5370830297470093, 1.5459038019180298, 0.3852612376213074, 0.14326833188533783, 0.9789736270904541, 1.5609028339385986, 1.4061030149459839, 1.436627745628357, 0.16996458172798157, 0.04344036057591438, 2.2098941802978516, 0.13867616653442383, 0.603256106376648, 0.5572290420532227, 1.1904675960540771, 0.48463883996009827, 0.32911956310272217, 0.32157081365585327, 0.05338349938392639, 0.48486918210983276, 0.99212646484375, 0.6444934606552124, 0.3925820589065552, 0.9955161809921265, -0.004748135805130005, 1.1959264278411865, 0.5426815152168274, 0.27619504928588867, 0.5017040371894836, 0.5225414037704468, 0.13803493976593018, 0.4549359083175659, 0.5043739080429077, 0.7744460701942444, 0.7642486095428467, 0.7427728772163391, 0.5564244389533997, 0.21969382464885712, 0.4004000425338745, 0.5603142976760864, 0.37595421075820923, 1.3529043197631836, 0.49029457569122314, 1.5119632482528687, 1.535891056060791, 0.16587182879447937, 1.651038408279419, 0.5483527183532715, 0.19465897977352142, 0.19786587357521057, 0.500656247138977, 0.42538565397262573, 1.265542984008789, 0.07391946017742157, 0.8175098299980164, 1.4088259935379028, 1.6256670951843262, 0.7393406629562378, 0.004671082366257906, 0.050453558564186096, 0.1390373706817627]"
detail,"[20, 4, 8, 2, 6, 14]",34,"[2.022501230239868, 0.010115981101989746, 0.13211378455162048, 0.19630905985832214, 0.23630818724632263, 0.062007203698158264, 1.1004397869110107, -0.04530172049999237, 0.2102709412574768, 0.3418720066547394, -0.11342459172010422, 0.851099967956543, 0.5422911643981934, 0.7002440094947815, 0.927981436252594, 0.35854044556617737, 2.421579122543335, -0.04732103645801544, 2.8432047367095947, 0.4513295888900757, 0.24996642768383026, -0.0685458853840828, 1.9171135425567627, 0.4986843764781952, 0.7363308072090149, 0.2896363139152527, 0.2104346603155136, 0.07365234196186066, 0.34073030948638916, 0.3106714189052582, 0.5569034814834595, 0.6132327318191528, 2.1806139945983887, 0.7861326336860657, 2.2077808380126953, 2.7877209186553955, 0.2103709876537323, 0.19637566804885864, 0.39869487285614014, 0.8396681547164917, 0.6272602081298828, 0.9780228137969971, 3.3694827556610107, 3.000948905944824, 0.2881140410900116, 0.01798424683511257, 0.32455897331237793, 0.5443664789199829, 1.3393421173095703, 0.11958832293748856, 2.8802804946899414, 0.06040149927139282, 1.080384373664856, 0.7138327360153198, 0.08296665549278259, 0.3631408214569092, -0.014487415552139282, 0.6782586574554443, 0.17446300387382507, 0.5222543478012085, 0.011508001014590263, 1.3804694414138794, 0.12846334278583527, 2.0741782188415527]"
develop,"[20, 4, 28, 4, 14, 12, 3]",34,"[1.9088271856307983, -0.019337698817253113, 0.05372397229075432, 0.6428922414779663, 0.6827720999717712, 0.08835218846797943, 0.8468501567840576, 0.17415183782577515, 0.8514853119850159, 0.9097703099250793, 0.21637332439422607, 0.5968132615089417, 0.34895628690719604, 1.4332435131072998, 1.1491436958312988, 0.15765757858753204, 2.74414324760437, 0.20891600847244263, 2.837768077850342, 0.6806582808494568, 0.3734901547431946, 0.01882898434996605, 2.0684969425201416, 1.0983847379684448, 1.292257308959961, 0.0651775449514389, 0.12830741703510284, 0.06683926284313202, 0.5005967020988464, 0.6209577322006226, 0.38479527831077576, 0.9074987173080444, 2.2696726322174072, 0.9241123795509338, 2.4870972633361816, 2.7084648609161377, 0.5838171243667603, 0.20736992359161377, 0.6362299919128418, 1.2977139949798584, 0.9525319337844849, 0.9328179359436035, 3.5374839305877686, 2.952428102493286, 0.2899358868598938, 0.011086706072092056, 0.5217663049697876, 0.7728601098060608, 1.4667986631393433, 0.39260396361351013, 3.081972360610962, 0.034220725297927856, 0.8604164123535156, 0.4692210853099823, -0.061004552990198135, 0.9227997064590454, -0.010853394865989685, 1.2701098918914795, 0.6094328761100769, 0.9668370485305786, 0.0219394713640213, 1.2742013931274414, 0.07030320167541504, 1.8670518398284912]"
different,"[20, 6, 22, 22, 4, 11, 4, 5, 8]",34,"[0.3046136796474457, -0.016462668776512146, 1.224381923675537, 0.1745336949825287, 1.4516037702560425, 0.16724923253059387, 0.056404903531074524, 0.6889480352401733, 1.1307194232940674, 1.2382442951202393, 1.0338348150253296, 0.8155010938644409, 0.506671130657196, 2.224903106689453, 0.10600762069225311, 1.009338140487671, 0.47879287600517273, 0.8709877133369446, 0.38917577266693115, 0.04650264233350754, 0.07690741121768951, -0.0037141405045986176, 0.8404119610786438, 0.8314973711967468, 0.20844516158103943, 0.7741096019744873, 1.284175157546997, 0.055764079093933105, 1.4707121849060059, 0.5431615114212036, 0.8820993304252625, 0.3177133798599243, 0.27813488245010376, 0.03388301283121109, 0.41028332710266113, 0.4028185307979584, 0.5902445912361145, 0.6108595728874207, 0.7315592169761658, 0.546678364276886, 0.10759037733078003, 1.0366201400756836, 0.46874403953552246, 0.37778154015541077, 1.691757082939148, 0.5564009547233582, 1.7213853597640991, 1.7087515592575073, 0.1195143610239029, 1.636562705039978, 0.37922924757003784, 0.19470272958278656, 0.97304368019104, 1.261234164237976, 0.6818563938140869, 1.1287412643432617, 0.045653335750103, 0.4715791940689087, 1.2195316553115845, 1.808200478553772, 0.7590571045875549, 0.5363684296607971, 0.04242122173309326, 0.18935732543468475]"
discover,"[20, 6, 7, 18, 12, 28, 4, 11]",34,"[0.27100566029548645, 0.007569894194602966, 0.983242392539978, 0.3756890594959259, 1.5024131536483765, 0.35727399587631226, 0.16620542109012604, 0.8829506635665894, 1.4027856588363647, 1.2750518321990967, 1.3241215944290161, 0.38723450899124146, 0.2459440678358078, 2.2435200214385986, 0.07515330612659454, 0.7508360147476196, 0.47009018063545227, 1.1857314109802246, 0.442974328994751, 0.2474668174982071, 0.22253133356571198, 0.025419123470783234, 0.5928765535354614, 0.8563238978385925, 0.47070056200027466, 0.5601541996002197, 1.1384878158569336, -0.0049664974212646484, 1.3367424011230469, 0.5492470860481262, 0.535122811794281, 0.4057298004627228, 0.4600626826286316, 0.09739615023136139, 0.4069483280181885, 0.39938071370124817, 0.6611049175262451, 0.7765406966209412, 0.6727638840675354, 0.5555247068405151, 0.12617570161819458, 0.6215742826461792, 0.4845576882362366, 0.3734918236732483, 1.5398919582366943, 0.521425724029541, 1.5641858577728271, 1.6949851512908936, 0.11075228452682495, 1.6918100118637085, 0.5077406167984009, 0.21526551246643066, 0.4873230755329132, 0.8012274503707886, 0.5277725458145142, 1.1808907985687256, 0.08626040071249008, 0.6532451510429382, 1.3048523664474487, 1.6750385761260986, 0.7510179281234741, 0.2199486941099167, 0.0565497912466526, 0.12763865292072296]"
example,"[4, 27, 2, 19, 3, 14, 4]",34,"[1.0445835590362549, -0.04179564118385315, 0.4820934534072876, 0.712899923324585, 1.4033441543579102, -0.045941516757011414, 0.27099505066871643, 0.574746310710907, 1.502692461013794, 1.5506675243377686, 0.8419053554534912, 0.5519015789031982, 0.21907919645309448, 2.306950092315674, 0.6739722490310669, 0.5004621744155884, 1.7866661548614502, 0.592461109161377, 1.5524625778198242, 0.3454653322696686, 0.22378379106521606, 0.040906503796577454, 1.5153508186340332, 1.355743169784546, 0.9748412370681763, 0.27223092317581177, 0.6279572248458862, 0.03489081561565399, 1.0649150609970093, 0.5516311526298523, 0.372629851102829, 0.7424857020378113, 1.2349987030029297, 0.4295121729373932, 1.6406517028808594, 1.4934232234954834, 0.8263752460479736, 0.39578568935394287, 0.864833414554596, 1.1315568685531616, 0.5766668319702148, 0.8594938516616821, 1.9782747030258179, 1.5641182661056519, 0.9931727647781372, 0.3449912965297699, 1.3607177734375, 1.3888750076293945, 0.7673375606536865, 1.1854902505874634, 1.7253817319869995, -0.010543376207351685, 0.6138973832130432, 0.6703531742095947, 0.27203649282455444, 1.5031275749206543, -0.0226372629404068, 1.2019180059432983, 1.2653495073318481, 1.7189455032348633, 0.41713738441467285, 0.6684770584106445, -0.03267136588692665, 0.897327184677124]"
explain,"[4, 27, 3, 14, 2, 6, 5]",34,"[0.9347211122512817, 0.02959667146205902, 0.5259287357330322, 0.37985846400260925, 1.0497946739196777, 0.24929159879684448, 0.3318622410297394, 0.5515178442001343, 1.0899745225906372, 1.0225499868392944, 0.7409904599189758, 0.7720400094985962, 0.3168398141860962, 1.995344638824463, 0.4144618511199951, 0.4477120637893677, 1.3045541048049927, 0.7767797112464905, 1.3241093158721924, 0.29524677991867065, 0.20867303013801575, 0.006497833877801895, 1.1249860525131226, 0.8447452783584595, 0.6357161998748779, 0.24429860711097717, 0.8410853147506714, 0.08026103675365448, 1.1532790660858154, 0.2830196022987366, 0.5773541331291199, 0.3795323967933655, 1.0071334838867188, 0.2440502643585205, 1.2210971117019653, 1.2733197212219238, 0.3784160614013672, 0.6669493317604065, 0.4288877248764038, 0.8411270380020142, 0.2601516842842102, 0.935971736907959, 1.5824329853057861, 1.3605375289916992, 1.1316381692886353, 0.15774202346801758, 1.2383331060409546, 1.4473114013671875, 0.5157537460327148, 1.1081241369247437, 1.3808315992355347, 0.18572217226028442, 0.628913402557373, 0.7791039943695068, 0.20402783155441284, 0.9941755533218384, 0.03490864485502243, 0.8210026025772095, 0.9339997172355652, 1.4179178476333618, 0.3364793360233307, 0.6166797280311584, 0.04934639483690262, 0.7718931436538696]"
explore,"[4, 27, 3, 14, 12, 11, 4]",34,"[1.0714867115020752, -0.0573430061340332, 0.3008847236633301, 0.5419743657112122, 0.9307090640068054, 0.25001591444015503, 0.4268970787525177, 0.5771515369415283, 1.2399520874023438, 0.916293203830719, 0.7367750406265259, 0.311760812997818, 0.16891995072364807, 1.7127676010131836, 0.4822033643722534, 0.3936636745929718, 1.4834415912628174, 0.7714182138442993, 1.667311668395996, 0.4563807249069214, 0.33499324321746826, 0.04436902701854706, 1.0495706796646118, 0.8860191106796265, 0.8978365659713745, 0.20240360498428345, 0.6203756332397461, -0.0336858332157135, 0.933726966381073, 0.3546251952648163, 0.2450028955936432, 0.5679395794868469, 1.354954719543457, 0.4551003575325012, 1.3812681436538696, 1.5951659679412842, 0.5635172724723816, 0.5731083154678345, 0.48769938945770264, 0.637684166431427, 0.6154674291610718, 0.5123260021209717, 1.9769761562347412, 1.62401282787323, 0.8352302312850952, 0.19516386091709137, 1.0155556201934814, 1.2190481424331665, 0.7711509466171265, 0.9333305358886719, 1.650457739830017, 0.1258363425731659, 0.31109997630119324, 0.39632511138916016, 0.25502803921699524, 0.9130368828773499, -0.0002665519714355469, 0.9515414834022522, 0.8132180571556091, 1.1200065612792969, 0.28657278418540955, 0.5171712636947632, 0.06334342062473297, 0.9722434282302856]"
finally,"[22, 6, 5, 2, 14, 14, 21]",34,"[0.6962746977806091, 0.03743656724691391, 0.7977492213249207, 0.12263473123311996, 1.1237210035324097, 0.28459399938583374, 0.2574218511581421, 0.732896625995636, 1.0609986782073975, 0.9218077063560486, 0.8619800806045532, 0.5809471607208252, 0.3781701922416687, 1.492832899093628, 0.2133822739124298, 0.8885354995727539, 0.8552510738372803, 0.8295105695724487, 1.0308706760406494, 0.10215412080287933, 0.04860563948750496, -0.034482087939977646, 0.8128286004066467, 0.6347172856330872, 0.21678350865840912, 0.7108549475669861, 0.9498238563537598, 0.07332979142665863, 1.0837525129318237, 0.41399917006492615, 0.5034312605857849, 0.47330623865127563, 0.7004556655883789, 0.19453203678131104, 0.6937198638916016, 1.0164263248443604, 0.6904996633529663, 0.6590979099273682, 0.6364544034004211, 0.42638272047042847, 0.4009527564048767, 0.659501850605011, 1.062256097793579, 0.9215876460075378, 1.2743223905563354, 0.4744269847869873, 1.281907320022583, 1.3241888284683228, 0.4772021174430847, 1.3057589530944824, 0.9630510210990906, 0.24128377437591553, 0.7387679815292358, 0.8796882033348083, 0.6088491082191467, 0.879222571849823, 0.05818615108728409, 0.5161256194114685, 0.9335875511169434, 1.191313624382019, 0.605993926525116, 0.4918991029262543, 0.04701962321996689, 0.693062424659729]"
first,"[22, 6, 11, 7, 8]",34,"[1.4107173681259155, 0.1098862737417221, 0.6090617775917053, 0.13815838098526, 0.6734809875488281, 0.0012243837118148804, 0.4547186493873596, -0.0007479935884475708, 0.30143192410469055, 0.8442991971969604, -0.03229854255914688, 1.3372085094451904, 0.7136630415916443, 1.3967938423156738, 0.8222881555557251, 0.48611196875572205, 1.8805335760116577, 0.06045609712600708, 1.719559907913208, 0.20018333196640015, -0.011993907392024994, -0.03583681583404541, 1.9901248216629028, 0.8133927583694458, 0.45504119992256165, 0.441262811422348, 0.42583417892456055, 0.24284224212169647, 0.6955488324165344, 0.5271450877189636, 1.0100635290145874, 0.42183294892311096, 1.149346113204956, 0.3490036725997925, 1.76780104637146, 1.6697237491607666, 0.25458240509033203, 0.18541620671749115, 0.5827217698097229, 1.298187494277954, 0.24087874591350555, 1.615640640258789, 2.2560999393463135, 1.9695032835006714, 0.6190676689147949, 0.18643276393413544, 0.7783928513526917, 0.9319695830345154, 0.8172796964645386, 0.48544150590896606, 1.9912517070770264, 0.15989848971366882, 1.5767955780029297, 1.244005799293518, 0.05198744684457779, 0.8175177574157715, 0.05627993494272232, 0.6812068819999695, 0.5667877197265625, 1.1680337190628052, 0.13839678466320038, 1.4697329998016357, 0.05343180149793625, 1.289717435836792]"
idea,"[6, 20, 4, 2]",34,"[1.0821791887283325, 0.16323897242546082, 0.6049069762229919, 0.016901683062314987, 0.8635328412055969, 0.3057965636253357, 0.42171329259872437, 0.26460593938827515, 0.6495644450187683, 0.6790599226951599, 0.4041815400123596, 1.2473994493484497, 0.5406818389892578, 1.8374111652374268, 0.27547627687454224, 0.5057669281959534, 1.2951034307479858, 0.5871816873550415, 1.305058479309082, 0.043727144598960876, 0.04949893802404404, -0.04535806179046631, 1.1054948568344116, 0.44001707434654236, 0.2663305997848511, 0.17025595903396606, 1.1278101205825806, 0.2947637438774109, 1.3283251523971558, -0.05716441199183464, 0.981930136680603, 0.08332709223031998, 0.8274686336517334, 0.22482050955295563, 1.1772583723068237, 1.4271328449249268, 0.007996432483196259, 0.8223045468330383, 0.055042169988155365, 0.7390999794006348, -0.06454494595527649, 1.303367018699646, 1.5357937812805176, 1.3215566873550415, 1.4278481006622314, -0.00386151485145092, 1.4369537830352783, 1.6143051385879517, 0.37690094113349915, 1.0528708696365356, 1.3417288064956665, 0.43668168783187866, 0.7925012707710266, 1.1469415426254272, 0.19527876377105713, 0.6665601134300232, 0.11858154833316803, 0.3923710882663727, 0.5834916234016418, 1.3744878768920898, 0.19701802730560303, 0.6990570425987244, 0.018156524747610092, 0.9663728475570679]"
imagine,"[6, 19, 2, 17, 6, 5, 4]",34,"[1.3555976152420044, -0.010881349444389343, 0.3515703082084656, 0.4134851396083832, 0.760314404964447, 0.1026972085237503, 0.7464823126792908, 0.3298259973526001, 0.8465122580528259, 0.7584112882614136, 0.4675402343273163, 0.4767646789550781, 0.33357614278793335, 1.2926700115203857, 0.6582011580467224, 0.4919884204864502, 1.809089183807373, 0.3399674892425537, 2.0529932975769043, 0.44615036249160767, 0.32867431640625, -0.022785404697060585, 1.3797098398208618, 0.8051970601081848, 0.8264036178588867, 0.3541552424430847, 0.4707297086715698, -0.016559362411499023, 0.6580318808555603, 0.5250611305236816, 0.40817564725875854, 0.6416157484054565, 1.6034576892852783, 0.6146695017814636, 1.6073507070541382, 1.9607839584350586, 0.489486962556839, 0.3544538915157318, 0.6146444082260132, 0.7092128992080688, 0.6593470573425293, 0.7162587642669678, 2.403877019882202, 1.9886462688446045, 0.6844134330749512, 0.21767990291118622, 0.8320121765136719, 0.9758471250534058, 0.98540198802948, 0.7095621824264526, 2.087550401687622, 0.06626826524734497, 0.7471967935562134, 0.5927298069000244, 0.2888292670249939, 0.7976623773574829, -0.02235063910484314, 0.8398037552833557, 0.65553879737854, 0.982349693775177, 0.24846474826335907, 0.8299193382263184, 0.07227586209774017, 1.3299217224121094]"
important,"[6, 19, 3, 12, 11, 8, 2, 5, 8]",34,"[1.005954623222351, 0.008685588836669922, 0.3125128448009491, 0.8767465949058533, 1.140891194343567, 0.04859517514705658, 0.4073598384857178, 0.4303867816925049, 1.234399437904358, 1.3958368301391602, 0.4245552718639374, 0.17848283052444458, 0.1012561097741127, 1.5196034908294678, 0.9871295094490051, 0.18501824140548706, 1.8536787033081055, 0.3019982576370239, 1.6544010639190674, 0.7764683961868286, 0.2997545897960663, 0.08944161236286163, 1.628251075744629, 1.5146944522857666, 1.3105695247650146, 0.3970000743865967, 0.02653554081916809, 0.033714890480041504, 0.3431815505027771, 1.112073302268982, 0.07475375384092331, 1.012721061706543, 1.600694179534912, 0.6680362224578857, 1.7717113494873047, 1.4755911827087402, 1.0512884855270386, 0.016197532415390015, 1.258873701095581, 1.274948000907898, 0.9772786498069763, 0.6222987771034241, 2.3004138469696045, 1.6120628118515015, 0.1192353367805481, 0.5085316896438599, 0.6324013471603394, 0.6466206312179565, 1.1835060119628906, 0.7142525911331177, 2.068654775619507, 0.04185035824775696, 0.7620065808296204, 0.2711285650730133, 0.061213068664073944, 1.389480471611023, 0.011497482657432556, 1.4725841283798218, 1.139992594718933, 1.1794826984405518, 0.3074139952659607, 0.8606614470481873, 0.013258431106805801, 0.878609299659729]"
improve,"[6, 19, 3, 11, 12, 28, 4]",34,"[0.5367748141288757, -0.012004688382148743, 0.7172256112098694, 0.7971315979957581, 1.479607105255127, 0.008973166346549988, 0.06843672692775726, 0.6394078731536865, 1.55234956741333, 1.6845471858978271, 0.8270900249481201, 0.2374141961336136, 0.15229758620262146, 2.0698659420013428, 0.660454511642456, 0.5315904021263123, 1.2605799436569214, 0.6499757766723633, 0.9189258813858032, 0.4819794297218323, 0.24313943088054657, 0.09157174080610275, 1.3226226568222046, 1.509197473526001, 1.0257439613342285, 0.5840935707092285, 0.41314372420310974, -0.003187894821166992, 0.7657305598258972, 1.1340641975402832, 0.2720838189125061, 0.9081727862358093, 0.8960937261581421, 0.35414254665374756, 1.1431447267532349, 0.7221860885620117, 1.1223630905151367, 0.18210545182228088, 1.236055850982666, 1.165006399154663, 0.778228759765625, 0.6814227104187012, 1.276811957359314, 0.8369104862213135, 0.7007440328598022, 0.6572701930999756, 1.140976905822754, 1.14995539188385, 0.6931513547897339, 1.1218301057815552, 1.1519831418991089, -0.003929585218429565, 0.7344022989273071, 0.4894775450229645, 0.29058974981307983, 1.6520546674728394, 0.005536764860153198, 1.2764976024627686, 1.3679524660110474, 1.6564576625823975, 0.5908470749855042, 0.6288873553276062, -0.004467662423849106, 0.3253881335258484]"
information,"[6, 5, 22, 12, 11, 19, 2, 8, 6, 12, 5]",34,"[0.27088481187820435, -0.001966044306755066, 0.9374597668647766, 0.5875457525253296, 1.481117844581604, -0.018281176686286926, 0.08504349738359451, 0.7327799797058105, 1.2817612886428833, 1.5942445993423462, 0.7445210218429565, 0.03925582766532898, 0.11270177364349365, 1.5060780048370361, 0.5204638838768005, 0.7329806685447693, 0.7644282579421997, 0.5587731599807739, 0.6152146458625793, 0.35041511058807373, 0.10949943959712982, 0.0886118933558464, 1.056270718574524, 1.4540714025497437, 0.6581737995147705, 1.002232313156128, 0.3660685122013092, 0.044561877846717834, 0.5337406992912292, 1.3394453525543213, 0.09379395097494125, 0.9399234652519226, 0.6772950291633606, 0.3021266758441925, 0.6871601939201355, 0.5038462281227112, 1.3445714712142944, -0.03413665294647217, 1.5698438882827759, 0.8063719272613525, 0.8603705167770386, 0.43343088030815125, 0.9019520282745361, 0.5067965984344482, 0.5231383442878723, 0.9726887345314026, 0.9582729339599609, 0.7691270709037781, 0.6414412260055542, 1.149924635887146, 0.7886959314346313, 0.07973173260688782, 0.8408879041671753, 0.5043848156929016, 0.5647232532501221, 1.4947986602783203, 0.03739015758037567, 1.0216666460037231, 1.3836854696273804, 1.3404220342636108, 0.8157820105552673, 0.5240535736083984, 0.029591597616672516, 0.2231619656085968]"
learn,"[14, 4, 2, 11, 5]",34,"[0.8374393582344055, 0.04914100468158722, 0.6269891858100891, 0.19664859771728516, 0.9534398317337036, 0.09987679868936539, 0.22814296185970306, 0.31986933946609497, 0.7609143853187561, 0.9620898365974426, 0.38470596075057983, 1.0625170469284058, 0.49189913272857666, 1.736421823501587, 0.41797035932540894, 0.45169195532798767, 1.2179912328720093, 0.39815276861190796, 1.0605294704437256, 0.18043269217014313, 0.09506558626890182, -0.020201198756694794, 1.288065791130066, 0.7977744340896606, 0.4474318325519562, 0.3457168638706207, 0.7548505067825317, 0.14492598176002502, 1.01181161403656, 0.3400569260120392, 0.805410623550415, 0.3114948868751526, 0.761124312877655, 0.16625945270061493, 1.1326179504394531, 0.9990404844284058, 0.2780124545097351, 0.4085577726364136, 0.4772859513759613, 0.9700063467025757, 0.0882449597120285, 1.2433040142059326, 1.3711283206939697, 1.0739291906356812, 1.0134029388427734, 0.15669465065002441, 1.1768314838409424, 1.2996045351028442, 0.42880764603614807, 0.9155060052871704, 1.185327172279358, 0.15769127011299133, 0.976498544216156, 0.9982032775878906, 0.1354176104068756, 0.9550919532775879, 0.02486541122198105, 0.7095944881439209, 0.822672426700592, 1.4070541858673096, 0.288547158241272, 0.8296968340873718, 0.027959000319242477, 0.6570849418640137]"
middle,"[19, 6, 20, 20, 14, 4]",34,"[0.456051766872406, 0.0658843144774437, 1.0798697471618652, 0.07002422958612442, 1.384128451347351, 0.4073352515697479, 0.24061283469200134, 0.7213814854621887, 1.183687448501587, 1.0452088117599487, 1.180671215057373, 0.8635069131851196, 0.4643740653991699, 2.376646041870117, 0.00923129916191101, 0.8934707045555115, 0.5551345348358154, 1.0998231172561646, 0.615776777267456, 0.06655117869377136, 0.08228002488613129, -0.03142092004418373, 0.5808828473091125, 0.5799628496170044, 0.22083324193954468, 0.5069572329521179, 1.5467784404754639, 0.1520695686340332, 1.7600270509719849, 0.13725529611110687, 0.9177933931350708, 0.13981853425502777, 0.4276164174079895, 0.1249060109257698, 0.4482961893081665, 0.6776067614555359, 0.36314740777015686, 1.0160528421401978, 0.3141433298587799, 0.4038013815879822, -0.055808089673519135, 0.9536952972412109, 0.7107706069946289, 0.5296563506126404, 2.0467445850372314, 0.31655293703079224, 1.9077215194702148, 1.9865003824234009, 0.057427410036325455, 1.8378620147705078, 0.6103845238685608, 0.40217339992523193, 0.7060259580612183, 1.2705087661743164, 0.5809263586997986, 0.9018158912658691, 0.1223376989364624, 0.3743962049484253, 1.1459721326828003, 1.7545852661132812, 0.6171228289604187, 0.3578873574733734, 0.04602641239762306, 0.3552846610546112]"
next,"[5, 4, 27, 8]",34,"[1.2482051849365234, 0.03114425390958786, 0.15951037406921387, 0.35232487320899963, 0.7286957502365112, 0.23803551495075226, 0.8370122909545898, 0.418967604637146, 0.8200068473815918, 0.6451058983802795, 0.4850667715072632, 0.312427282333374, 0.12045539915561676, 1.1475112438201904, 0.47112900018692017, 0.21254250407218933, 1.5532739162445068, 0.51885986328125, 1.870405673980713, 0.3931652307510376, 0.3037574589252472, 0.01737133413553238, 0.8953668475151062, 0.6730060577392578, 0.7205007672309875, 0.034740157425403595, 0.3992897570133209, 0.07867580652236938, 0.5175362825393677, 0.20571225881576538, 0.1295841932296753, 0.48082584142684937, 1.510188341140747, 0.5831340551376343, 1.3154851198196411, 1.8293452262878418, 0.30880919098854065, 0.4312777519226074, 0.33326080441474915, 0.6463876962661743, 0.3242374658584595, 0.4324724078178406, 2.13569712638855, 1.7337539196014404, 0.5050854086875916, 0.1287335604429245, 0.594782292842865, 0.8223836421966553, 0.723523736000061, 0.6346448659896851, 1.823612928390503, 0.1664457768201828, 0.14888763427734375, 0.2217719405889511, 0.11443264037370682, 0.6320144534111023, 0.04813568294048309, 0.7300058007240295, 0.5763891339302063, 0.7312980890274048, 0.16883864998817444, 0.38436269760131836, 0.08926019817590714, 1.2372708320617676]"
notice,"[5, 12, 8, 6, 18, 4]",34,"[1.0617446899414062, 0.0424981489777565, 0.19570674002170563, 0.38515856862068176, 0.740145742893219, 0.7080826759338379, 0.71649569272995, 0.7329571843147278, 1.024202585220337, 0.5074743628501892, 0.9498712420463562, 0.20114895701408386, 0.04136105999350548, 1.3975868225097656, 0.22194379568099976, 0.20359456539154053, 1.124892234802246, 1.0423697233200073, 1.578110694885254, 0.4744502305984497, 0.5518003702163696, 0.05339323729276657, 0.4455298185348511, 0.47423121333122253, 0.7722042798995972, -0.11814957112073898, 0.7495708465576172, 0.056249916553497314, 0.8109667301177979, 0.046803370118141174, 0.16214963793754578, 0.33521756529808044, 1.3017230033874512, 0.42164790630340576, 0.9889227747917175, 1.5534756183624268, 0.15543168783187866, 0.8956195712089539, 0.07933728396892548, 0.39954546093940735, 0.222664937376976, 0.30096694827079773, 1.6606601476669312, 1.3556582927703857, 0.9236980676651001, -0.01565438322722912, 0.8355952501296997, 1.1961332559585571, 0.4342615306377411, 0.9419318437576294, 1.4233689308166504, 0.3446662127971649, -0.12751129269599915, 0.17187586426734924, 0.13902294635772705, 0.5195866823196411, 0.11314073950052261, 0.6763032674789429, 0.6702142953872681, 0.7734475135803223, 0.22160950303077698, 0.09760844707489014, 0.13189205527305603, 0.8926910161972046]"
observe,"[12, 10, 7, 4, 11, 28, 4]",34,"[0.822481632232666, -0.01788330078125, 0.625863254070282, 0.4274906814098358, 1.1873441934585571, 0.15874183177947998, 0.18653222918510437, 0.5051267147064209, 1.2038915157318115, 1.100542426109314, 0.9564443826675415, 0.71830153465271, 0.38412392139434814, 2.146355152130127, 0.3119937479496002, 0.6829911470413208, 1.2436619997024536, 0.693187952041626, 1.1745703220367432, 0.19607692956924438, 0.26026803255081177, 0.023139242082834244, 1.0671201944351196, 0.8543871641159058, 0.6428682208061218, 0.28140702843666077, 1.0223644971847534, 0.02114880084991455, 1.3340768814086914, 0.22202417254447937, 0.6255859136581421, 0.39276963472366333, 0.8537705540657043, 0.2331753373146057, 1.148811936378479, 1.1542404890060425, 0.4059646427631378, 0.6994583010673523, 0.43725842237472534, 0.6846387386322021, 0.24837811291217804, 0.8706640005111694, 1.3717926740646362, 1.0672013759613037, 1.4042298793792725, 0.20270130038261414, 1.500935673713684, 1.607332468032837, 0.4445576071739197, 1.2630343437194824, 1.2159017324447632, 0.08185875415802002, 0.5684189796447754, 0.899599552154541, 0.4627855718135834, 1.0789717435836792, -0.0032636597752571106, 0.7470863461494446, 0.9752880334854126, 1.587863802909851, 0.36701300740242004, 0.5237156748771667, -0.013000529259443283, 0.6343811750411987]"
order,"[12, 11, 20, 4, 11]",34,"[1.289596676826477, 0.06520404666662216, 0.3599429428577423, 0.1931382119655609, 0.7383350133895874, 0.14534525573253632, 0.6123021841049194, 0.1959993541240692, 0.6316667795181274, 0.7242058515548706, 0.24741637706756592, 0.9625016450881958, 0.42779046297073364, 1.5737450122833252, 0.6145622730255127, 0.24772366881370544, 1.7804057598114014, 0.35354477167129517, 1.741515874862671, 0.26781290769577026, 0.12605541944503784, -0.05433926731348038, 1.4456340074539185, 0.7246463298797607, 0.60502028465271, 0.01696356013417244, 0.6034284830093384, 0.1607939898967743, 0.8228669166564941, 0.17706142365932465, 0.6904506087303162, 0.34594500064849854, 1.2616126537322998, 0.4433475434780121, 1.6108298301696777, 1.7245633602142334, 0.11745379120111465, 0.433887779712677, 0.22798675298690796, 1.0254929065704346, 0.14437390863895416, 1.204681396484375, 2.187293529510498, 1.8781598806381226, 0.7634232044219971, -0.023650402203202248, 0.9500659108161926, 1.1566953659057617, 0.6791161298751831, 0.6984858512878418, 1.9161802530288696, 0.21481622755527496, 0.7709974050521851, 0.8084375858306885, -0.026853974908590317, 0.7201531529426575, 0.05110536143183708, 0.7129055261611938, 0.5862259864807129, 1.1355464458465576, 0.06921922415494919, 0.9251055121421814, 0.06035792455077171, 1.224270224571228]"
organize,"[12, 11, 17, 2, 5, 6, 15, 4]",34,"[0.9686833620071411, 0.012802407145500183, 0.8485087156295776, 0.1848759949207306, 1.0100470781326294, 0.1736455261707306, 0.4140304923057556, 0.39076441526412964, 0.8578594923019409, 0.8584553599357605, 0.6795440316200256, 0.9021613597869873, 0.5906041264533997, 1.7609469890594482, 0.3736693263053894, 0.8376930356025696, 1.2373648881912231, 0.5728390216827393, 1.3391392230987549, 0.21803081035614014, 0.1827329844236374, -0.01657082512974739, 1.2243783473968506, 0.6364946961402893, 0.44371849298477173, 0.5918814539909363, 0.9896074533462524, 0.018655285239219666, 1.2102607488632202, 0.4564022421836853, 0.8690769672393799, 0.3691134452819824, 0.9365759491920471, 0.2750203013420105, 1.0500658750534058, 1.287611484527588, 0.3921576142311096, 0.6008473634719849, 0.543786883354187, 0.5951750874519348, 0.26110464334487915, 1.0834351778030396, 1.5391271114349365, 1.313864827156067, 1.3576215505599976, 0.30393633246421814, 1.3473701477050781, 1.4606748819351196, 0.5775368213653564, 1.153201699256897, 1.3797446489334106, 0.14480988681316376, 1.0736370086669922, 1.1792488098144531, 0.4989730417728424, 0.8521948456764221, 0.0011764466762542725, 0.5360560417175293, 0.8379026055335999, 1.422415018081665, 0.4348776042461395, 0.8547638654708862, 0.06186662241816521, 0.8803915977478027]"
predict,"[3, 11, 4, 20, 6, 18, 8]",34,"[1.4426981210708618, -0.005354627966880798, 0.10777756571769714, 0.30061373114585876, 0.49000614881515503, 0.37225204706192017, 0.8687722682952881, 0.38106992840766907, 0.6245200037956238, 0.3596200942993164, 0.48031118512153625, 0.3364909887313843, 0.15922243893146515, 0.9467737078666687, 0.534366250038147, 0.24782875180244446, 1.7101274728775024, 0.5123544931411743, 2.16882061958313, 0.4515998959541321, 0.43388354778289795, -0.008037548512220383, 0.9508323669433594, 0.47381091117858887, 0.7356474995613098, -0.02530147135257721, 0.4747619330883026, 0.033018872141838074, 0.49527978897094727, 0.11134175956249237, 0.1832144856452942, 0.46050992608070374, 1.7058329582214355, 0.5877541303634644, 1.4571157693862915, 2.1328179836273193, 0.159200519323349, 0.5797266364097595, 0.16275039315223694, 0.48519256711006165, 0.4435541331768036, 0.43642356991767883, 2.392559766769409, 2.09958815574646, 0.5125364065170288, -0.04128928482532501, 0.4825960397720337, 0.785053014755249, 0.8883504867553711, 0.4892393946647644, 2.0706822872161865, 0.1877993941307068, 0.2560628354549408, 0.24012403190135956, 0.12893593311309814, 0.3809269070625305, 0.04364863783121109, 0.6494565606117249, 0.4092150032520294, 0.5438072681427002, 0.09757261723279953, 0.5208408236503601, 0.14301715791225433, 1.4302399158477783]"
problem,"[3, 11, 12, 10, 14, 4, 19]",34,"[1.2595582008361816, -0.10362309217453003, 0.22343620657920837, 0.9233884215354919, 1.230680227279663, -0.06341321766376495, 0.38783419132232666, 0.46216827630996704, 1.4521920680999756, 1.4305412769317627, 0.656388521194458, 0.08960014581680298, 0.059423260390758514, 1.73945951461792, 0.9578397274017334, 0.35285574197769165, 2.180368423461914, 0.3718395233154297, 2.018080949783325, 0.5862564444541931, 0.3765691816806793, 0.07690418511629105, 1.681897759437561, 1.519186019897461, 1.2932360172271729, 0.24774795770645142, 0.23674602806568146, -0.10855954885482788, 0.5130289196968079, 0.8526777625083923, -0.009439900517463684, 1.0865479707717896, 1.7605242729187012, 0.6829000115394592, 1.989612340927124, 1.924668312072754, 1.0621460676193237, 0.16612514853477478, 1.0865952968597412, 1.1019368171691895, 1.1007627248764038, 0.5029754042625427, 2.6189942359924316, 2.076258420944214, 0.3697468340396881, 0.4032032787799835, 0.8690741062164307, 0.8718938827514648, 1.2983200550079346, 0.7553098201751709, 2.260375738143921, -0.11499664187431335, 0.48195981979370117, 0.177125945687294, 0.2510893642902374, 1.4396625757217407, -0.06905406713485718, 1.4544111490249634, 1.114533543586731, 1.331841230392456, 0.3032938241958618, 0.751372754573822, 0.009053248912096024, 1.1704685688018799]"
question,"[24, 13, 4, 7, 8, 6, 12, 5]",34,"[0.37953442335128784, -0.009727269411087036, 1.325994849205017, 0.14088815450668335, 1.4011013507843018, 0.13358189165592194, 0.096047043800354, 0.6304184198379517, 1.0034315586090088, 1.226953148841858, 0.8604480028152466, 0.8657889366149902, 0.5728503465652466, 2.0623013973236084, 0.24447566270828247, 1.0381067991256714, 0.5540867447853088, 0.7659220099449158, 0.452191561460495, 0.1286025047302246, 0.06289417296648026, 0.0010981671512126923, 1.0989664793014526, 0.8816495537757874, 0.22448626160621643, 0.9643487334251404, 1.0769072771072388, 0.07086679339408875, 1.279318928718567, 0.8524754047393799, 0.980377197265625, 0.40636223554611206, 0.3356059789657593, 0.057246431708335876, 0.5142831802368164, 0.42373403906822205, 0.6906834244728088, 0.437447190284729, 0.965668261051178, 0.6705549955368042, 0.2096845656633377, 1.1909059286117554, 0.5668461322784424, 0.49215638637542725, 1.4535400867462158, 0.7136069536209106, 1.57206392288208, 1.5272140502929688, 0.24324679374694824, 1.513211727142334, 0.5041454434394836, 0.21258234977722168, 1.2658300399780273, 1.3621069192886353, 0.6593448519706726, 1.1290990114212036, 0.05015498399734497, 0.4798416495323181, 1.2067409753799438, 1.7323918342590332, 0.8153237700462341, 0.7864608764648438, 0.058416545391082764, 0.2871483266353607]"
reason,"[11, 4, 2, 7, 12, 5]",34,"[0.8672646284103394, 0.07432904839515686, 0.8195406794548035, 0.03930141404271126, 1.026924729347229, 0.10655063390731812, 0.26640811562538147, 0.35273271799087524, 0.7224493622779846, 0.9144155979156494, 0.4315471351146698, 1.1634715795516968, 0.5628674030303955, 1.7625529766082764, 0.3136873245239258, 0.6404824256896973, 1.1048674583435059, 0.5197816491127014, 1.093321442604065, 0.10934166610240936, 0.0448114238679409, -0.03704136610031128, 1.1931933164596558, 0.6676062345504761, 0.25249382853507996, 0.4942387044429779, 0.9776194095611572, 0.1964135766029358, 1.1445062160491943, 0.26479795575141907, 0.9466680884361267, 0.19932344555854797, 0.6995680332183838, 0.13464878499507904, 1.0387332439422607, 1.0658982992172241, 0.2529832124710083, 0.5395336151123047, 0.43373528122901917, 0.8289786577224731, 0.02566980943083763, 1.3057799339294434, 1.3528984785079956, 1.0968981981277466, 1.2408390045166016, 0.261132150888443, 1.3610384464263916, 1.4291609525680542, 0.38894662261009216, 1.0897159576416016, 1.1258846521377563, 0.2662126123905182, 1.0786755084991455, 1.1797406673431396, 0.29894131422042847, 0.9066421389579773, 0.061490658670663834, 0.520880937576294, 0.8089908957481384, 1.4157310724258423, 0.3736124336719513, 0.8345533609390259, 0.04346592724323273, 0.7443135976791382]"
require,"[11, 4, 24, 13, 6, 11, 4]",34,"[1.3393174409866333, -0.03358563780784607, 0.5236422419548035, 0.08780445903539658, 0.549071729183197, 0.1270817518234253, 0.5063050985336304, 0.13719353079795837, 0.5782101154327393, 0.4234633445739746, 0.4223785400390625, 1.0631495714187622, 0.6906445622444153, 1.5483849048614502, 0.42725229263305664, 0.7386130094528198, 1.641380786895752, 0.3680790960788727, 1.8304555416107178, 0.1782178431749344, 0.19320513308048248, -0.06073375791311264, 1.4057811498641968, 0.32082539796829224, 0.44528326392173767, 0.32623857259750366, 1.024961233139038, -0.019031494855880737, 1.2977814674377441, 0.018125638365745544, 0.9865710139274597, 0.2455977350473404, 1.2321014404296875, 0.3654039800167084, 1.479658842086792, 1.896958827972412, 0.0659606084227562, 0.7224391102790833, 0.07353059202432632, 0.44308218359947205, 0.2853451669216156, 1.1414380073547363, 2.117741584777832, 1.9586786031723022, 1.3370321989059448, -0.04735315591096878, 1.2927318811416626, 1.4890586137771606, 0.7751193046569824, 0.8551501035690308, 1.8274366855621338, 0.10645551979541779, 0.986812949180603, 1.1660237312316895, 0.4315856695175171, 0.48613065481185913, -0.053807333111763, 0.42298176884651184, 0.3817896246910095, 1.2075903415679932, 0.14619924128055573, 1.0151113271713257, 0.04454399272799492, 1.352108359336853]"
similar,"[7, 6, 19, 6, 14, 2, 11]",34,"[2.036350727081299, -0.017712727189064026, 0.41691821813583374, 0.14554978907108307, 0.21720702946186066, -0.04627339541912079, 1.0770165920257568, -0.21617551147937775, -0.11396070569753647, 0.3515157699584961, -0.2645740807056427, 1.0471398830413818, 0.7214033603668213, 0.5787280797958374, 1.0747421979904175, 0.5497880578041077, 2.5956506729125977, -0.25167393684387207, 2.8396363258361816, 0.423133909702301, 0.24376188218593597, -0.04789368808269501, 2.2989020347595215, 0.5796073079109192, 0.7084164619445801, 0.492860347032547, 0.10249218344688416, -0.00615343451499939, 0.2657892107963562, 0.694182276725769, 0.7492576837539673, 0.7009702324867249, 2.1866672039031982, 0.7191924452781677, 2.2678728103637695, 2.8581607341766357, 0.23858651518821716, 0.05900514870882034, 0.6079651713371277, 0.9225603342056274, 0.6984818577766418, 1.236779808998108, 3.4477345943450928, 3.250868320465088, 0.1868453174829483, 0.116130530834198, 0.2609967291355133, 0.4646275043487549, 1.5423288345336914, 0.036486994475126266, 3.0870158672332764, -0.013306379318237305, 1.587156891822815, 0.9831166863441467, 0.1560666263103485, 0.3867766261100769, -0.03327958285808563, 0.6495769619941711, 0.1859293282032013, 0.619064211845398, 0.056057464331388474, 1.751205563545227, 0.16370245814323425, 2.14955997467041]"
solution,"[7, 12, 14, 13, 8, 6, 12, 5]",34,"[0.4150378108024597, 0.015431731939315796, 0.9370201826095581, 0.48913291096687317, 1.556356430053711, 0.1140328124165535, 0.2118188440799713, 0.8184916973114014, 1.3894637823104858, 1.6193318367004395, 0.8865272402763367, 0.2477778196334839, 0.1486196517944336, 1.757899522781372, 0.4775068163871765, 0.6567335724830627, 0.8531111478805542, 0.7703545093536377, 0.7355911731719971, 0.3888099789619446, 0.10284759849309921, 0.03907851129770279, 1.05964195728302, 1.3671200275421143, 0.6224547624588013, 0.8705143928527832, 0.5598151683807373, 0.07206469774246216, 0.7163971066474915, 1.137882113456726, 0.22812554240226746, 0.8244004249572754, 0.7301978468894958, 0.29655084013938904, 0.7237856388092041, 0.6242033839225769, 1.192491054534912, 0.20918375253677368, 1.3890184164047241, 0.9291223287582397, 0.6149479150772095, 0.6115438938140869, 1.0294476747512817, 0.5999118089675903, 0.7816873788833618, 0.885526180267334, 1.1132744550704956, 1.0252934694290161, 0.5513559579849243, 1.3857229948043823, 0.8878397941589355, 0.14212505519390106, 0.845775306224823, 0.6290684938430786, 0.44071128964424133, 1.4595750570297241, 0.05827333405613899, 1.0339831113815308, 1.470924735069275, 1.4813467264175415, 0.8008400201797485, 0.5175929069519043, 0.035363007336854935, 0.2659533619880676]"
succeed,"[7, 13, 18, 18, 4, 4, 20]",34,"[0.29047542810440063, 0.08615472912788391, 0.9029279351234436, 0.26282209157943726, 1.4702816009521484, 0.6656748056411743, 0.1641351580619812, 1.0347750186920166, 1.4230178594589233, 1.115227460861206, 1.5346741676330566, 0.5039259791374207, 0.21263068914413452, 2.41353702545166, -0.06264187395572662, 0.7734673619270325, 0.32622313499450684, 1.4470984935760498, 0.3981176018714905, 0.16085374355316162, 0.15879452228546143, 0.01904570683836937, 0.19545875489711761, 0.5878887176513672, 0.31140440702438354, 0.3564532399177551, 1.4888345003128052, 0.13571730256080627, 1.686698317527771, 0.15905748307704926, 0.6193349361419678, 0.21923020482063293, 0.3419777452945709, 0.0902702659368515, 0.18680962920188904, 0.43972575664520264, 0.44986090064048767, 1.1766729354858398, 0.3607279658317566, 0.3119010925292969, -0.04842377454042435, 0.5893458127975464, 0.39379996061325073, 0.23512673377990723, 1.9598854780197144, 0.32084959745407104, 1.7280851602554321, 1.9347498416900635, -0.006870239973068237, 1.9264709949493408, 0.3517509698867798, 0.4507387578487396, 0.24215051531791687, 0.8302462697029114, 0.5381775498390198, 0.9353195428848267, 0.1661176234483719, 0.4640461802482605, 1.2618895769119263, 1.665250539779663, 0.6894612908363342, -0.0126084815710783, 0.05802832171320915, 0.1420694887638092]"
understand,"[13, 5, 20, 4, 11, 7, 8, 2, 5, 20]",34,"[0.9304838180541992, 0.03233367204666138, 0.5567445158958435, 0.3868752121925354, 0.7736076712608337, -0.04404352605342865, 0.3196510672569275, 0.15341205894947052, 0.594301164150238, 0.9655922651290894, 0.17233580350875854, 0.5944710969924927, 0.4017302393913269, 1.0968880653381348, 0.7681303024291992, 0.503868818283081, 1.5346810817718506, 0.0650673508644104, 1.4096004962921143, 0.33900508284568787, 0.09926225990056992, 0.0030738264322280884, 1.5960683822631836, 0.9844452738761902, 0.659806489944458, 0.5544717311859131, 0.23440082371234894, 0.038363292813301086, 0.4271554946899414, 0.8124946355819702, 0.4098266363143921, 0.7149372100830078, 1.1333093643188477, 0.3674761652946472, 1.4241576194763184, 1.3339951038360596, 0.6356397867202759, 0.05874904245138168, 0.9035525321960449, 0.9510853290557861, 0.6363362669944763, 0.8483414649963379, 1.7799265384674072, 1.5319938659667969, 0.3509175181388855, 0.40344083309173584, 0.609540581703186, 0.6303186416625977, 0.9687016010284424, 0.4510349631309509, 1.7083628177642822, 0.023540586233139038, 1.0743755102157593, 0.7022128105163574, 0.25293001532554626, 0.9655321836471558, 0.017799653112888336, 0.7871490120887756, 0.709287703037262, 1.0068817138671875, 0.2875950336456299, 1.0755928754806519, 0.037972040474414825, 0.9083977937698364]"
wonder,"[26, 12, 5, 20, 4, 11]",34,"[1.0611257553100586, 0.04680750519037247, 0.6794348359107971, 0.26592323184013367, 1.0183888673782349, 0.07106570899486542, 0.28486189246177673, 0.23253189027309418, 0.7858967185020447, 1.0837472677230835, 0.3850577175617218, 1.1695667505264282, 0.5857425928115845, 1.9380309581756592, 0.6343690156936646, 0.5012625455856323, 1.5952309370040894, 0.38834330439567566, 1.3248908519744873, 0.2135140299797058, 0.05043691769242287, -0.03261730074882507, 1.6646742820739746, 0.9216655492782593, 0.5325230360031128, 0.33358296751976013, 0.7862051725387573, 0.12921926379203796, 1.0646636486053467, 0.42811548709869385, 0.9391059279441833, 0.4045294225215912, 0.9431790709495544, 0.2821650207042694, 1.4967657327651978, 1.3084454536437988, 0.3326561152935028, 0.41430920362472534, 0.5466799139976501, 1.1612770557403564, 0.20172327756881714, 1.4771052598953247, 1.8312666416168213, 1.5239707231521606, 1.0571147203445435, 0.18964728713035583, 1.2430466413497925, 1.3772704601287842, 0.6338063478469849, 0.949461817741394, 1.5866302251815796, 0.15286201238632202, 1.2147024869918823, 1.1631180047988892, 0.13881736993789673, 1.022322654724121, 0.025725774466991425, 0.8028600811958313, 0.8606968522071838, 1.5540505647659302, 0.2436579316854477, 1.1119155883789062, 0.024920761585235596, 0.8897637128829956]"
achieve,"[2, 18, 9, 6, 4, 28, 4]",34,"[0.5473198890686035, 0.086363285779953, 1.0645475387573242, 0.09022141993045807, 1.1408236026763916, 0.25352102518081665, 0.04587791860103607, 0.4061669707298279, 0.8765876293182373, 0.9715330004692078, 0.7681224346160889, 1.2339743375778198, 0.6808732748031616, 2.3478128910064697, 0.1778445690870285, 0.8770993947982788, 0.8001178503036499, 0.7287884950637817, 0.6652042865753174, 0.03903762251138687, 0.08943209797143936, -0.01168837957084179, 1.0975862741470337, 0.6153331398963928, 0.2842552065849304, 0.507725179195404, 1.3156098127365112, 0.1761942207813263, 1.6857719421386719, 0.2727459669113159, 1.185526967048645, 0.1293984055519104, 0.36605024337768555, 0.002540595829486847, 0.7661052942276001, 0.6794672012329102, 0.21593210101127625, 0.7937131524085999, 0.3264044225215912, 0.6602826714515686, -0.0223689004778862, 1.3785892724990845, 0.7727369070053101, 0.6553966999053955, 1.8320341110229492, 0.20505483448505402, 1.7790337800979614, 1.9318956136703491, 0.1531916856765747, 1.4378955364227295, 0.7257609963417053, 0.28758588433265686, 1.1201155185699463, 1.480444073677063, 0.4659717381000519, 0.9430103302001953, 0.07612460106611252, 0.431886225938797, 0.9304247498512268, 1.8263750076293945, 0.4769214987754822, 0.7891988754272461, 0.014940466731786728, 0.40930479764938354]"
addition,"[2, 20, 20, 6, 8, 6, 12, 5]",34,"[0.2955000400543213, 0.015398308634757996, 0.8646964430809021, 0.48609572649002075, 1.6250982284545898, 0.22133246064186096, 0.19517400860786438, 0.9731406569480896, 1.5907760858535767, 1.564368486404419, 1.1690212488174438, 0.17861908674240112, 0.0428202785551548, 2.0409984588623047, 0.3058825731277466, 0.5864865779876709, 0.6948922872543335, 1.037414312362671, 0.6074284315109253, 0.34458333253860474, 0.1709669828414917, 0.018444065004587173, 0.7098379731178284, 1.2184127569198608, 0.5918934345245361, 0.6145923137664795, 0.7831062078475952, 0.047526419162750244, 0.8919407725334167, 0.8163328170776367, 0.17943212389945984, 0.6730777621269226, 0.6294376254081726, 0.18955790996551514, 0.5642552971839905, 0.48654261231422424, 0.9787421226501465, 0.5311540961265564, 1.0630519390106201, 0.8246036767959595, 0.3882306218147278, 0.4761369526386261, 0.7136226892471313, 0.45049285888671875, 1.0507246255874634, 0.7109663486480713, 1.3113387823104858, 1.291355848312378, 0.3230864405632019, 1.5137083530426025, 0.6453831195831299, 0.17980098724365234, 0.4685554802417755, 0.5155999660491943, 0.40413719415664673, 1.461641550064087, 0.0871710404753685, 0.9467621445655823, 1.5085572004318237, 1.5577574968338013, 0.7738741636276245, 0.20481804013252258, 0.05298300087451935, 0.1345045566558838]"
citizen,"[18, 6, 8, 6, 15, 4, 5]",34,"[1.1918275356292725, 0.07201525568962097, 0.13265319168567657, 0.30882614850997925, 0.5262465476989746, 0.5011042356491089, 0.8350784778594971, 0.47986143827438354, 0.7332763075828552, 0.3881778419017792, 0.4832092523574829, 0.2378188520669937, 0.06881754100322723, 0.9797666668891907, 0.4268445372581482, 0.10152570903301239, 1.3854962587356567, 0.7473874688148499, 1.8017349243164062, 0.5475221872329712, 0.45397642254829407, 0.03958091139793396, 0.6890903115272522, 0.47668927907943726, 0.8141239285469055, 0.013614658266305923, 0.4257538914680481, 0.15180614590644836, 0.4635680317878723, 0.17664577066898346, 0.11207625269889832, 0.38805437088012695, 1.5607030391693115, 0.5519094467163086, 1.1834126710891724, 1.7524185180664062, 0.1432437300682068, 0.6153563261032104, 0.16801290214061737, 0.5242315530776978, 0.3318910598754883, 0.31568583846092224, 2.080523729324341, 1.6984877586364746, 0.4297405183315277, 0.029863372445106506, 0.46852821111679077, 0.7752755880355835, 0.6745165586471558, 0.573219895362854, 1.7057411670684814, 0.358599990606308, 0.07865174859762192, 0.16330014169216156, 0.031215239316225052, 0.3940558433532715, 0.13683459162712097, 0.7153816223144531, 0.4943636953830719, 0.5053907632827759, 0.12577176094055176, 0.30667683482170105, 0.1609625667333603, 1.1002814769744873]"
community,"[18, 12, 19, 19, 13, 5, 6, 8, 21]",34,"[0.14342166483402252, -0.03468842804431915, 1.4265522956848145, 0.24984389543533325, 1.4745025634765625, 0.08132179081439972, 0.04814787209033966, 0.7593052983283997, 1.0559256076812744, 1.287211537361145, 1.0737065076828003, 0.345907986164093, 0.4378834366798401, 1.6889457702636719, 0.23839084804058075, 1.2854902744293213, 0.26974132657051086, 0.7961903214454651, 0.25529563426971436, 0.10869252681732178, 0.029332898557186127, 0.01519615575671196, 0.9471229910850525, 0.9639841914176941, 0.15177181363105774, 1.3913627862930298, 1.0187219381332397, -0.06318613886833191, 1.0900579690933228, 1.18989896774292, 0.6413637399673462, 0.6631476283073425, 0.32732585072517395, 0.09447610378265381, 0.2692432105541229, 0.3419131636619568, 1.1147682666778564, 0.3312475085258484, 1.3784267902374268, 0.27272719144821167, 0.6366921067237854, 0.6212785243988037, 0.37104952335357666, 0.3906368017196655, 1.314083218574524, 1.0679272413253784, 1.4224909543991089, 1.2386410236358643, 0.48032236099243164, 1.5874593257904053, 0.3814017176628113, 0.12307620048522949, 1.1852658987045288, 1.1410022974014282, 1.0538557767868042, 1.1109652519226074, 0.024774931371212006, 0.42804232239723206, 1.2828876972198486, 1.5626155138015747, 1.0762206315994263, 0.6184313297271729, 0.05987495929002762, 0.18945451080799103]"
continent,"[18, 12, 5, 8, 6, 5, 4, 5, 8]",34,"[1.3335553407669067, 0.06192326545715332, 0.048689037561416626, 0.27988892793655396, 0.3518093228340149, 0.44959259033203125, 0.8710355162620544, 0.2889251112937927, 0.46890687942504883, 0.2549646198749542, 0.27365735173225403, 0.41114795207977295, 0.18518498539924622, 0.7853924036026001, 0.4755551815032959, 0.06295933574438095, 1.5580257177352905, 0.46962159872055054, 1.9960720539093018, 0.519862711429596, 0.44547563791275024, 0.035694122314453125, 0.8512893915176392, 0.4130493402481079, 0.7824866771697998, -0.07863818854093552, 0.36163365840911865, 0.13729643821716309, 0.4238148331642151, 0.0660213902592659, 0.19919051229953766, 0.31894752383232117, 1.6119248867034912, 0.5782666206359863, 1.3893712759017944, 1.977529764175415, 0.024963341653347015, 0.5310476422309875, 0.07786934822797775, 0.5564219951629639, 0.2902631461620331, 0.4673624634742737, 2.271339178085327, 1.8457026481628418, 0.3783697187900543, -0.08245600759983063, 0.35874682664871216, 0.6692214608192444, 0.7255411148071289, 0.3916984498500824, 1.9380347728729248, 0.28724977374076843, 0.23869439959526062, 0.24881020188331604, -0.009174607694149017, 0.2935599684715271, 0.09031117707490921, 0.6730411052703857, 0.31417956948280334, 0.40627533197402954, -0.015727555379271507, 0.467960000038147, 0.125599205493927, 1.2738877534866333]"
energy,"[4, 5, 4, 11, 17, 21]",34,"[1.3145310878753662, 0.006793394684791565, 0.44976237416267395, 0.18280264735221863, 0.6146258115768433, 0.1846337616443634, 0.643210768699646, 0.2693917155265808, 0.630650520324707, 0.4786526560783386, 0.43692639470100403, 0.656092643737793, 0.4778869152069092, 1.1917591094970703, 0.4682488441467285, 0.6270990967750549, 1.5667645931243896, 0.39032894372940063, 1.9139082431793213, 0.3036184012889862, 0.2211068570613861, -0.021752996370196342, 1.1856971979141235, 0.4863184094429016, 0.5544869899749756, 0.38891610503196716, 0.6945655345916748, 0.031110525131225586, 0.8296471834182739, 0.22114814817905426, 0.5923611521720886, 0.4333934187889099, 1.4259469509124756, 0.5138196349143982, 1.4205117225646973, 1.8941175937652588, 0.30790743231773376, 0.5472239255905151, 0.3061201274394989, 0.47615087032318115, 0.476418673992157, 0.7109155654907227, 2.173758029937744, 1.8912787437438965, 0.9132176637649536, 0.14937753975391388, 0.8752941489219666, 1.0890215635299683, 0.8585032224655151, 0.7065638303756714, 1.9121372699737549, 0.13023769855499268, 0.7795008420944214, 0.7809911966323853, 0.393176794052124, 0.5271804928779602, 0.016935192048549652, 0.549957811832428, 0.43473273515701294, 0.8494692444801331, 0.22047899663448334, 0.8438326120376587, 0.078599713742733, 1.337311029434204]"
equal,"[4, 24, 13, 2, 14]",34,"[1.3902313709259033, 0.008143514394760132, 0.21590501070022583, 0.22355341911315918, 0.38913407921791077, 0.14293374121189117, 0.6274077892303467, 0.17052830755710602, 0.4108760952949524, 0.42134392261505127, 0.19383203983306885, 0.6860103607177734, 0.38158249855041504, 0.8628168106079102, 0.609663188457489, 0.4065990447998047, 1.7720472812652588, 0.21805128455162048, 1.963341474533081, 0.2994512915611267, 0.25522348284721375, -0.011160045862197876, 1.341795802116394, 0.46373099088668823, 0.5821058750152588, 0.22428372502326965, 0.4048759341239929, 0.059901103377342224, 0.5423485636711121, 0.2365293800830841, 0.4500281810760498, 0.467048317193985, 1.4706242084503174, 0.48494741320610046, 1.5517563819885254, 2.0122406482696533, 0.20940586924552917, 0.3873562216758728, 0.31551405787467957, 0.5809085369110107, 0.47673875093460083, 0.7600702047348022, 2.3251423835754395, 2.1029274463653564, 0.4962286651134491, 0.05131473392248154, 0.5721645355224609, 0.7613668441772461, 0.951147198677063, 0.37458881735801697, 1.9824289083480835, 0.11265707015991211, 0.7047256231307983, 0.5694565773010254, 0.19406244158744812, 0.4488410949707031, 0.0013836473226547241, 0.6169828772544861, 0.30997520685195923, 0.665267288684845, 0.08398967236280441, 0.862322211265564, 0.0761614739894867, 1.405832052230835]"
globe,"[17, 14, 12, 10, 4]",34,"[0.5456249713897705, -0.0330657958984375, 0.7374540567398071, 0.28710535168647766, 1.3097280263900757, 0.219380721449852, 0.19682130217552185, 0.7065219879150391, 1.2498927116394043, 1.1130545139312744, 1.072880506515503, 0.5010461807250977, 0.2761467695236206, 1.9535458087921143, 0.16138046979904175, 0.7801096439361572, 0.8326553106307983, 0.8677385449409485, 0.812039315700531, 0.15719109773635864, 0.1565169095993042, -0.0028882939368486404, 0.6844345331192017, 0.7845755219459534, 0.41126203536987305, 0.4554104804992676, 1.1018320322036743, 0.002329126000404358, 1.2929039001464844, 0.2887006103992462, 0.4600337743759155, 0.4096096158027649, 0.6283451318740845, 0.21955373883247375, 0.6579474210739136, 0.9011868238449097, 0.5689170956611633, 0.7268756628036499, 0.5549384951591492, 0.44360002875328064, 0.25180843472480774, 0.6110801696777344, 0.963468074798584, 0.7512957453727722, 1.4805443286895752, 0.3841014504432678, 1.500895619392395, 1.5342687368392944, 0.34307342767715454, 1.4871093034744263, 0.834979772567749, 0.18457309901714325, 0.4162769615650177, 0.7994216084480286, 0.5515558123588562, 0.996853768825531, 0.03248298913240433, 0.597808301448822, 1.0754884481430054, 1.5107061862945557, 0.5661766529083252, 0.26776501536369324, 0.01615447923541069, 0.452144980430603]"
habitat,"[9, 2, 10, 6, 8, 2, 8]",34,"[0.8309263586997986, 0.08128540217876434, 0.47487813234329224, 0.49429115653038025, 1.2447011470794678, 0.04736317694187164, 0.34628957509994507, 0.6305439472198486, 1.1142586469650269, 1.301138162612915, 0.7035420536994934, 0.30794668197631836, 0.0874263346195221, 1.4855332374572754, 0.5943045020103455, 0.44204527139663696, 1.34054696559906, 0.5794388055801392, 1.4081695079803467, 0.36729663610458374, 0.24798119068145752, 0.035104937851428986, 1.1385070085525513, 1.130203366279602, 0.7064491510391235, 0.4093608260154724, 0.4267157018184662, 0.1979282796382904, 0.5237742066383362, 0.7142488360404968, 0.11338190734386444, 0.7833612561225891, 1.1228737831115723, 0.4544094502925873, 1.2412784099578857, 1.3069539070129395, 0.8065651059150696, 0.2517593801021576, 0.9893446564674377, 0.8897507190704346, 0.6704133749008179, 0.5314379930496216, 1.6985397338867188, 1.3145207166671753, 0.527593731880188, 0.5308758616447449, 0.869450032711029, 0.831118643283844, 0.8458070755004883, 0.8802555799484253, 1.447057843208313, 0.17247600853443146, 0.4604303240776062, 0.3310869038105011, 0.34959596395492554, 1.227899193763733, 0.10955387353897095, 0.9524655342102051, 1.0276999473571777, 1.1201108694076538, 0.4643002152442932, 0.4920777976512909, 0.015981193631887436, 0.8088251352310181]"
insect,"[6, 5, 7, 4, 18, 8]",34,"[0.9342143535614014, 0.017715051770210266, 0.3460758328437805, 0.5010957717895508, 0.9540420770645142, 0.4288002848625183, 0.5045454502105713, 0.6035511493682861, 1.0536575317382812, 0.8461849689483643, 0.7988383769989014, 0.30608344078063965, 0.09764548391103745, 1.5536437034606934, 0.41101711988449097, 0.2980908155441284, 1.3210833072662354, 0.8184646368026733, 1.4540395736694336, 0.49856775999069214, 0.41385340690612793, 0.06400618702173233, 0.7968994379043579, 0.7998670339584351, 0.8521332144737244, 0.0672561377286911, 0.583632230758667, 0.03646668791770935, 0.7477211952209473, 0.3247344195842743, 0.22013092041015625, 0.48558205366134644, 1.2654521465301514, 0.4121559262275696, 1.1747496128082275, 1.4379208087921143, 0.3785291910171509, 0.6538234353065491, 0.41546380519866943, 0.7055799961090088, 0.345753014087677, 0.47911256551742554, 1.6909966468811035, 1.3509424924850464, 0.7425075769424438, 0.16571803390979767, 0.8577836155891418, 1.0981248617172241, 0.5976333618164062, 0.9138071537017822, 1.5030875205993652, 0.2182619869709015, 0.18496111035346985, 0.29940974712371826, 0.14498361945152283, 0.8508519530296326, 0.08226863294839859, 0.897650957107544, 0.8519472479820251, 1.0122997760772705, 0.27783188223838806, 0.3352373540401459, 0.09068237245082855, 0.8175767660140991]"
mammal,"[19, 2, 19, 19, 2, 14]",34,"[0.5401414036750793, 0.011683955788612366, 1.2279675006866455, 0.26224485039711, 1.5764806270599365, -0.03670516610145569, 0.12639601528644562, 0.6775243282318115, 1.1256741285324097, 1.584824562072754, 0.8263131976127625, 0.8516237735748291, 0.4776729941368103, 2.0139732360839844, 0.34786391258239746, 1.028761386871338, 0.7768087387084961, 0.5961045622825623, 0.6086072325706482, 0.03632979094982147, -0.03367003798484802, 0.006185341626405716, 1.2631452083587646, 1.156897783279419, 0.2235376536846161, 0.983482301235199, 0.9263424873352051, 0.0922866016626358, 1.1312576532363892, 0.9260215163230896, 0.8094504475593567, 0.5964706540107727, 0.4081176221370697, 0.11608725041151047, 0.6836162805557251, 0.6043383479118347, 0.9524756669998169, 0.2311253547668457, 1.2664977312088013, 0.8427244424819946, 0.3013644516468048, 1.2115190029144287, 0.8837375640869141, 0.6231070160865784, 1.2876421213150024, 0.8195933103561401, 1.5534240007400513, 1.382220983505249, 0.37661993503570557, 1.4832019805908203, 0.6947186589241028, 0.10291659832000732, 1.285037636756897, 1.2023286819458008, 0.6297652125358582, 1.4073681831359863, 0.00826263427734375, 0.6783846020698547, 1.369797706604004, 1.806821346282959, 0.8445752263069153, 0.816836416721344, 0.020617783069610596, 0.42893844842910767]"
map,"[19, 2, 3]",34,"[0.986782968044281, 0.12337072193622589, 0.32797250151634216, 0.2110045850276947, 0.6598580479621887, 0.32961249351501465, 0.3794279098510742, 0.3212537169456482, 0.5453149676322937, 0.678511917591095, 0.22017902135849, 0.9011701345443726, 0.3133687376976013, 1.3673877716064453, 0.5156142115592957, 0.14744314551353455, 1.3085367679595947, 0.4889754056930542, 1.285320520401001, 0.27978837490081787, 0.13862954080104828, -0.01202189177274704, 1.12541925907135, 0.6610268354415894, 0.5021679401397705, 0.07396234571933746, 0.5322887897491455, 0.2716030478477478, 0.7189220190048218, 0.22326423227787018, 0.5791428089141846, 0.2707613706588745, 0.9765539765357971, 0.28182509541511536, 1.2645198106765747, 1.2557919025421143, 0.12854653596878052, 0.4479033946990967, 0.2629459500312805, 0.958987832069397, 0.18380850553512573, 1.0614804029464722, 1.6639987230300903, 1.3624920845031738, 0.6288489103317261, 0.02143646776676178, 0.7542898654937744, 0.9927260875701904, 0.5187921524047852, 0.6137677431106567, 1.365251064300537, 0.3642493188381195, 0.7031213641166687, 0.6316845417022705, -0.09704764932394028, 0.6574261784553528, 0.12484966963529587, 0.7042566537857056, 0.5665090084075928, 0.9338404536247253, 0.10595131665468216, 0.730083703994751, 0.07719169557094574, 0.8416420221328735]"
material,"[19, 2, 8, 4, 11, 6, 2, 14]",34,"[1.3794692754745483, 0.013811051845550537, 0.3575435280799866, 0.4642108678817749, 0.9087019562721252, 0.045388758182525635, 0.5622595548629761, 0.30174529552459717, 0.8544185757637024, 1.0312130451202393, 0.37504640221595764, 0.5666577816009521, 0.3345867395401001, 1.3548839092254639, 0.8172900080680847, 0.44614651799201965, 1.96311354637146, 0.22606244683265686, 2.003601551055908, 0.3897932767868042, 0.1703084260225296, -0.024741746485233307, 1.6645444631576538, 1.0620442628860474, 0.7655066251754761, 0.3564201593399048, 0.39005082845687866, 0.030743539333343506, 0.5792414546012878, 0.6628199219703674, 0.3868420422077179, 0.7881743311882019, 1.493584156036377, 0.5668796896934509, 1.7844544649124146, 1.938467025756836, 0.7019786834716797, 0.2520490288734436, 0.8343804478645325, 0.9931226968765259, 0.7599808573722839, 0.8582946062088013, 2.4733338356018066, 2.0061981678009033, 0.5161241292953491, 0.3134553134441376, 0.7712556719779968, 0.9128931760787964, 1.131422519683838, 0.6471575498580933, 2.210099935531616, 0.03749546408653259, 0.9348201751708984, 0.579425573348999, 0.1973942220211029, 1.0288007259368896, -0.005268469452857971, 0.9586915969848633, 0.7829529047012329, 1.0816110372543335, 0.2545072138309479, 1.0407885313034058, 0.037487830966711044, 1.3346266746520996]"
mayor,"[19, 2, 21, 12, 11]",34,"[1.1882332563400269, 0.014025270938873291, 0.5800390839576721, 0.30511146783828735, 0.779409646987915, -0.05419535934925079, 0.3505539298057556, 0.0921739861369133, 0.620481014251709, 0.9615750312805176, 0.13117045164108276, 1.105855107307434, 0.632571816444397, 1.5920295715332031, 0.7728548049926758, 0.49187198281288147, 1.8178876638412476, 0.16490225493907928, 1.6044673919677734, 0.303798109292984, 0.06975903362035751, -0.009901013225317001, 1.8834595680236816, 0.9248316287994385, 0.668968915939331, 0.4455166757106781, 0.45456475019454956, 0.08563345670700073, 0.8121789693832397, 0.6543643474578857, 0.8827486038208008, 0.5371658802032471, 1.1328814029693604, 0.40283527970314026, 1.6648486852645874, 1.4738123416900635, 0.4096744656562805, 0.13468357920646667, 0.680124819278717, 1.180091142654419, 0.4276767671108246, 1.4159204959869385, 2.1411075592041016, 1.8357760906219482, 0.6982768774032593, 0.21867753565311432, 0.9352476000785828, 1.0510584115982056, 0.8355135917663574, 0.6416796445846558, 1.8503390550613403, 0.054100483655929565, 1.3344796895980835, 1.0859460830688477, 0.11965254694223404, 0.974246621131897, -0.022725999355316162, 0.8416754603385925, 0.6545668840408325, 1.3268275260925293, 0.1708092838525772, 1.3418782949447632, 0.02467033639550209, 1.0781605243682861]"
ocean,"[12, 18, 4, 2, 5]",34,"[0.9884586334228516, 0.10074461251497269, 0.6701898574829102, 0.097327321767807, 0.8777132630348206, 0.25659629702568054, 0.2506276071071625, 0.22871217131614685, 0.6743373870849609, 0.7742646336555481, 0.40028348565101624, 1.3880953788757324, 0.6534667015075684, 1.9939148426055908, 0.31011533737182617, 0.5325133204460144, 1.2194974422454834, 0.45966893434524536, 1.1526405811309814, 0.07820552587509155, 0.10554715991020203, -0.03566215559840202, 1.2916028499603271, 0.5656424164772034, 0.33016353845596313, 0.20083415508270264, 1.1145989894866943, 0.20371676981449127, 1.4070090055465698, 0.012245900928974152, 1.1201164722442627, 0.07890418916940689, 0.7109186053276062, 0.12382321059703827, 1.1669288873672485, 1.1899328231811523, -0.013571985065937042, 0.6773081421852112, 0.14942649006843567, 0.8487063646316528, -0.08430500328540802, 1.5234102010726929, 1.3887015581130981, 1.1468368768692017, 1.4828323125839233, -0.04033534973859787, 1.4722424745559692, 1.6771034002304077, 0.3364291787147522, 1.035733938217163, 1.2020493745803833, 0.28062373399734497, 1.0433486700057983, 1.2790608406066895, 0.1871754229068756, 0.7736744284629822, 0.04688972234725952, 0.5177721977233887, 0.6742824912071228, 1.5661852359771729, 0.18999335169792175, 0.8765219449996948, 0.01562991738319397, 0.785385251045227]"
reptile,"[11, 4, 3, 8, 6, 14, 4]",34,"[0.6790179014205933, -0.011947482824325562, 0.8392147421836853, 0.3886372447013855, 1.3205100297927856, 0.13634267449378967, 0.0946165919303894, 0.5780371427536011, 1.221369981765747, 1.2664073705673218, 0.8708143830299377, 0.7429651021957397, 0.4608793258666992, 2.168206214904785, 0.365030974149704, 0.7640926837921143, 1.109432578086853, 0.6978256106376648, 0.9775037169456482, 0.23189610242843628, 0.16485083103179932, 0.016825154423713684, 1.2530150413513184, 1.0217725038528442, 0.5765824317932129, 0.5459851026535034, 0.9673906564712524, 0.019255220890045166, 1.2831250429153442, 0.5569989681243896, 0.6802306175231934, 0.544975757598877, 0.7567930221557617, 0.17503200471401215, 1.0771682262420654, 0.9991454482078552, 0.6444721221923828, 0.6070563197135925, 0.7704338431358337, 0.7760822772979736, 0.412916362285614, 0.9927554130554199, 1.2206259965896606, 0.9404154419898987, 1.3838813304901123, 0.3994108736515045, 1.5220121145248413, 1.6352694034576416, 0.5359898805618286, 1.3148173093795776, 1.0965455770492554, 0.10874909162521362, 0.8859643936157227, 1.0617306232452393, 0.4832797944545746, 1.2044316530227661, 0.02478817105293274, 0.8256890773773193, 1.1373440027236938, 1.7151535749435425, 0.5533832311630249, 0.7328187227249146, 0.006613012403249741, 0.5468024611473083]"
season,"[7, 4, 2, 7, 12, 5]",34,"[0.8512582778930664, 0.11062302440404892, 0.8146045207977295, 0.042309749871492386, 1.0597397089004517, 0.14068689942359924, 0.28967371582984924, 0.3715198040008545, 0.7381584048271179, 0.9478889107704163, 0.4134194552898407, 1.1571143865585327, 0.5291190147399902, 1.7831752300262451, 0.3274126648902893, 0.5577816367149353, 1.1090388298034668, 0.5665499567985535, 1.085681676864624, 0.15963362157344818, 0.06174973025918007, -0.0318436361849308, 1.1673545837402344, 0.7061215043067932, 0.3117568790912628, 0.4527086019515991, 0.9457182884216309, 0.2613004744052887, 1.1022542715072632, 0.2742845416069031, 0.9163467884063721, 0.1874389350414276, 0.7285351157188416, 0.1580166071653366, 1.0488231182098389, 1.04306960105896, 0.2244647741317749, 0.5450947880744934, 0.4220951795578003, 0.930138349533081, -0.0025264322757720947, 1.309505820274353, 1.355000376701355, 1.0609050989151, 1.2066634893417358, 0.25695401430130005, 1.3348968029022217, 1.4161869287490845, 0.3729988932609558, 1.107515811920166, 1.1334099769592285, 0.3423393666744232, 1.0414245128631592, 1.1389731168746948, 0.23895502090454102, 0.9399384260177612, 0.11000048369169235, 0.5699403285980225, 0.8369343876838684, 1.4078459739685059, 0.3656751811504364, 0.7955610752105713, 0.047679685056209564, 0.6988503336906433]"
subtraction,"[7, 13, 10, 8, 11, 2, 18, 8, 6, 12, 5]",34,"[0.42270421981811523, -0.03514064848423004, 0.9158059358596802, 0.4784439504146576, 1.2811279296875, 0.09191463887691498, 0.1390094757080078, 0.7132446765899658, 1.0360773801803589, 1.2472400665283203, 0.9129117727279663, -0.02352726459503174, 0.12591974437236786, 1.1778013706207275, 0.4113355278968811, 0.9559791684150696, 0.705316960811615, 0.6731479167938232, 0.7672458291053772, 0.28743284940719604, 0.20025180280208588, 0.11590182036161423, 0.8639470338821411, 1.0626842975616455, 0.46381208300590515, 1.0679467916488647, 0.43157950043678284, -0.05610254406929016, 0.48563581705093384, 1.2033770084381104, 0.08251398801803589, 0.8531451225280762, 0.7354580163955688, 0.2166813611984253, 0.549636960029602, 0.668332576751709, 1.232799768447876, 0.19051796197891235, 1.377001166343689, 0.36905020475387573, 0.806559681892395, 0.15417291224002838, 0.8932332992553711, 0.7460007071495056, 0.5856674909591675, 0.9579291939735413, 0.8036531209945679, 0.6963894367218018, 0.7096444368362427, 1.0966471433639526, 0.8841480016708374, 0.053391605615615845, 0.7741707563400269, 0.48798370361328125, 0.7302215695381165, 1.156700611114502, 0.03187565505504608, 0.6686121821403503, 1.183465600013733, 1.0418747663497925, 0.8250672817230225, 0.44563594460487366, 0.07337117195129395, 0.42057356238365173]"
temperature,"[8, 4, 19, 3, 4, 11, 2, 8, 13, 11, 4]",34,"[0.2929018437862396, -0.028135135769844055, 1.0597972869873047, 0.7232130169868469, 1.7480065822601318, -0.1250760406255722, -0.04872030019760132, 0.7364305257797241, 1.5057289600372314, 1.8567461967468262, 0.9591443538665771, 0.22506698966026306, 0.192599356174469, 2.188131093978882, 0.5801323652267456, 0.8264652490615845, 0.8862662315368652, 0.6299023628234863, 0.5046470165252686, 0.306358277797699, 0.17692267894744873, 0.07016898691654205, 1.3260470628738403, 1.588181495666504, 0.7687439322471619, 0.8702153563499451, 0.5734052062034607, 0.028943702578544617, 0.858092725276947, 1.3196141719818115, 0.3590991497039795, 0.9503480792045593, 0.5905069708824158, 0.2419155240058899, 0.8881664276123047, 0.4442765712738037, 1.299249529838562, 0.07773617655038834, 1.5328534841537476, 1.0324387550354004, 0.785017728805542, 0.7711844444274902, 0.8498380184173584, 0.5205132961273193, 0.8608722686767578, 0.9182137846946716, 1.3660449981689453, 1.179925799369812, 0.5664620399475098, 1.3279070854187012, 0.7067410945892334, 0.0018150508403778076, 0.9426606893539429, 0.7056827545166016, 0.5729408860206604, 1.7363126277923584, 0.023263126611709595, 1.120682716369629, 1.5521042346954346, 1.849820613861084, 0.8719409704208374, 0.6163095235824585, 0.000515371561050415, 0.19103014469146729]"
weather,"[26, 4, 2, 8, 9, 4, 11]",34,"[0.715112030506134, 0.03197382390499115, 1.1533211469650269, 0.27652835845947266, 1.5863367319107056, -0.0893365889787674, 0.03051649034023285, 0.42924022674560547, 1.1125686168670654, 1.560979962348938, 0.7137259840965271, 1.2532824277877808, 0.6826742887496948, 2.6176257133483887, 0.4707069396972656, 0.872187077999115, 1.169076681137085, 0.5258960127830505, 0.7976273894309998, 0.023870564997196198, -0.0723438411951065, -0.02776322327554226, 1.697531819343567, 1.1983144283294678, 0.3629700839519501, 0.6717891693115234, 1.1188592910766602, 0.12252676486968994, 1.5140061378479004, 0.6771670579910278, 1.1603171825408936, 0.458318293094635, 0.4993089735507965, 0.11089174449443817, 1.2011808156967163, 0.7820521593093872, 0.6685963869094849, 0.37631213665008545, 0.9145439863204956, 1.1580365896224976, 0.1714656800031662, 1.6823779344558716, 1.2314203977584839, 0.9654032588005066, 1.586680293083191, 0.49361708760261536, 1.8494322299957275, 1.824757695198059, 0.4128117561340332, 1.4935356378555298, 1.088133692741394, 0.11635461449623108, 1.4508787393569946, 1.5258252620697021, 0.45122334361076355, 1.4470739364624023, 0.013555102050304413, 0.7603825926780701, 1.2784321308135986, 2.1519742012023926, 0.6047500967979431, 1.1220934391021729, -0.017080891877412796, 0.5878493785858154]"
author,"[2, 13, 8, 9, 12, 11]",34,"[0.6348263621330261, 0.01681581139564514, 0.9774624705314636, 0.2570081353187561, 1.22129487991333, 0.001490667462348938, 0.16698117554187775, 0.445597767829895, 0.9032651782035828, 1.3087974786758423, 0.46558186411857605, 0.8604758977890015, 0.5122702121734619, 1.7604248523712158, 0.5091102123260498, 0.6974443197250366, 1.0549864768981934, 0.48972025513648987, 0.8587996959686279, 0.2355218231678009, -0.0029309093952178955, 0.014493685215711594, 1.4585376977920532, 1.0935033559799194, 0.4374378025531769, 0.8176065683364868, 0.634123682975769, 0.1071087121963501, 0.8953792452812195, 0.9297011494636536, 0.762290894985199, 0.5684125423431396, 0.6224727630615234, 0.20847132802009583, 0.9863953590393066, 0.7598837614059448, 0.7590514421463013, 0.15077078342437744, 1.07009756565094, 1.0058225393295288, 0.38301825523376465, 1.1866766214370728, 1.2479429244995117, 0.9619863629341125, 0.875590443611145, 0.6387154459953308, 1.1662752628326416, 1.139534831047058, 0.514446496963501, 1.0912859439849854, 1.067824125289917, 0.13381169736385345, 1.2818721532821655, 1.1068965196609497, 0.33397287130355835, 1.2124241590499878, 0.03448205441236496, 0.7449340224266052, 1.0675957202911377, 1.4911258220672607, 0.5663188695907593, 1.0490139722824097, 0.04080064594745636, 0.5161046981811523]"
beginning,"[10, 4, 17, 6, 5, 5, 6, 5, 17]",34,"[0.3690550625324249, 0.017272919416427612, 1.2699718475341797, 0.16349780559539795, 1.3267617225646973, 0.0646284818649292, 0.07530182600021362, 0.4814820885658264, 0.9340618848800659, 1.2749252319335938, 0.7279518246650696, 0.9747827053070068, 0.6524866819381714, 1.9600896835327148, 0.2966410517692566, 1.0053116083145142, 0.7232552766799927, 0.5424941182136536, 0.5025838613510132, 0.1379946619272232, 0.06189228966832161, 0.013771533966064453, 1.1957515478134155, 0.9030224084854126, 0.31239521503448486, 0.9526488780975342, 1.045930027961731, 0.0780005007982254, 1.267030954360962, 0.8099035620689392, 0.9830185770988464, 0.43700143694877625, 0.40156298875808716, 0.10503169149160385, 0.5821641683578491, 0.5109153389930725, 0.6588220000267029, 0.39924341440200806, 0.9513745903968811, 0.7203539609909058, 0.22926731407642365, 1.1943379640579224, 0.7013487219810486, 0.4888593554496765, 1.4860122203826904, 0.6121546626091003, 1.5578099489212036, 1.5012280941009521, 0.32815536856651306, 1.4269450902938843, 0.651892364025116, 0.13539601862430573, 1.3783769607543945, 1.4194445610046387, 0.6090206503868103, 1.1753695011138916, 0.028759576380252838, 0.5878488421440125, 1.1743398904800415, 1.769782304763794, 0.7111731171607971, 0.8602900505065918, 0.029779963195323944, 0.2445058822631836]"
chapter,"[18, 9, 2, 3, 8, 4, 11]",34,"[0.978339433670044, 0.04453430324792862, 0.7073314785957336, 0.21109801530838013, 0.9419122934341431, 0.09792725741863251, 0.2562669515609741, 0.28611665964126587, 0.7069630026817322, 0.9289560317993164, 0.5187325477600098, 1.1107144355773926, 0.5952249765396118, 1.869633674621582, 0.46547383069992065, 0.6485392451286316, 1.3282088041305542, 0.4354143440723419, 1.230729341506958, 0.13305240869522095, 0.0784953162074089, -0.01641061343252659, 1.441088080406189, 0.7312623262405396, 0.3943174481391907, 0.4093545079231262, 0.9014579057693481, 0.09131474792957306, 1.1883589029312134, 0.3479037880897522, 0.9509329795837402, 0.3324085474014282, 0.797906756401062, 0.2042984515428543, 1.2693109512329102, 1.2452023029327393, 0.2695932686328888, 0.5028259754180908, 0.4886784553527832, 0.8321084976196289, 0.18732064962387085, 1.3139874935150146, 1.5656737089157104, 1.398961067199707, 1.2092312574386597, 0.1800566017627716, 1.2706646919250488, 1.4348422288894653, 0.5565470457077026, 0.9677790403366089, 1.4211794137954712, 0.13321267068386078, 1.0922499895095825, 1.179753065109253, 0.30916208028793335, 0.875124454498291, 0.008536525070667267, 0.5694559812545776, 0.7437798976898193, 1.4757295846939087, 0.3108345866203308, 0.9998098611831665, 0.026240605860948563, 0.8832967281341553]"
character,"[18, 9, 2, 11, 2, 18, 8, 4, 11]",34,"[0.9658691883087158, 0.009136989712715149, 0.6806010007858276, 0.34299060702323914, 0.7454074621200562, -0.05476583540439606, 0.2588855028152466, 0.16713905334472656, 0.528381884098053, 0.9136335849761963, 0.3456510007381439, 0.682016134262085, 0.4915570020675659, 1.1881139278411865, 0.6171466708183289, 0.7193945050239563, 1.4009190797805786, 0.1487034559249878, 1.3205382823944092, 0.18573027849197388, 0.16988645493984222, 0.04722590744495392, 1.541488528251648, 0.837191641330719, 0.5209052562713623, 0.6413941979408264, 0.4256291091442108, 0.020692571997642517, 0.6146232485771179, 0.7219077944755554, 0.591668963432312, 0.595555305480957, 0.9356243014335632, 0.24126210808753967, 1.2989106178283691, 1.3167083263397217, 0.5426325798034668, 0.18015384674072266, 0.8328371047973633, 0.7201025485992432, 0.5156455636024475, 0.9051741361618042, 1.6444400548934937, 1.4967626333236694, 0.5745394229888916, 0.41220998764038086, 0.7943915128707886, 0.7999758720397949, 0.7849224805831909, 0.5247124433517456, 1.5169250965118408, -0.01569145917892456, 1.1438766717910767, 0.8986311554908752, 0.42698201537132263, 0.8966156244277954, -0.008067570626735687, 0.5992106199264526, 0.6613902449607849, 1.0726655721664429, 0.33750417828559875, 1.054394245147705, 0.04907964542508125, 0.9245834350585938]"
ending,"[4, 5, 20, 6, 5, 17]",34,"[1.3687583208084106, 0.07163789123296738, 0.3124835789203644, 0.1137612983584404, 0.5096691846847534, 0.22356930375099182, 0.8188265562057495, 0.18625839054584503, 0.40732961893081665, 0.44849997758865356, 0.12295392900705338, 0.8112493753433228, 0.39930635690689087, 0.9918179512023926, 0.5948073267936707, 0.2514776885509491, 1.6518558263778687, 0.2929750680923462, 1.9166927337646484, 0.37877553701400757, 0.19891652464866638, -0.056296512484550476, 1.255847692489624, 0.5213323831558228, 0.5506213903427124, 0.1859026551246643, 0.4284815788269043, 0.16928723454475403, 0.4879070520401001, 0.23814883828163147, 0.556896984577179, 0.3469572365283966, 1.4717695713043213, 0.5295448899269104, 1.473031759262085, 1.8196828365325928, 0.11929016560316086, 0.3473818004131317, 0.26397526264190674, 0.8299925327301025, 0.24213798344135284, 0.9416605234146118, 2.285945177078247, 1.9347902536392212, 0.49474892020225525, 0.057436197996139526, 0.5694031119346619, 0.7690097689628601, 0.7549917697906494, 0.4771506190299988, 1.9184554815292358, 0.2397337555885315, 0.8113574385643005, 0.6529568433761597, -8.46758484840393e-05, 0.47260546684265137, 0.06618672609329224, 0.6112774610519409, 0.4105232357978821, 0.692291796207428, 0.08934131264686584, 0.8889856934547424, 0.12539070844650269, 1.3268046379089355]"
fable,"[22, 2, 10, 14, 4]",34,"[1.3963645696640015, 0.04293231666088104, 0.04312034696340561, 0.5473854541778564, 0.6175861358642578, 0.1477910578250885, 0.6359574794769287, 0.3058379888534546, 0.8460078239440918, 0.7132943272590637, 0.5132797956466675, 0.2660447955131531, 0.13312244415283203, 1.1614527702331543, 0.6494922041893005, 0.2967519164085388, 1.9154635667800903, 0.3904593288898468, 2.08978009223938, 0.3515625596046448, 0.3961467742919922, 0.04619499295949936, 1.2031177282333374, 0.7574144005775452, 0.9005857706069946, 0.004128400236368179, 0.3437258303165436, 0.09474433958530426, 0.5261073112487793, 0.22075945138931274, 0.09617204964160919, 0.6264883875846863, 1.6110260486602783, 0.6319016218185425, 1.681885838508606, 2.1371142864227295, 0.42113348841667175, 0.4280783534049988, 0.33526384830474854, 0.669136643409729, 0.6597718000411987, 0.407278835773468, 2.4470913410186768, 2.099710702896118, 0.4188462495803833, 0.07029403001070023, 0.6172958016395569, 0.7935458421707153, 0.9509472846984863, 0.4415723383426666, 2.0914313793182373, 0.056591421365737915, 0.21719089150428772, 0.2096690684556961, 0.21594765782356262, 0.7188640236854553, 0.021299049258232117, 0.8690359592437744, 0.49605318903923035, 0.737324595451355, 0.07298059016466141, 0.5244474411010742, 0.03884463757276535, 1.3791375160217285]"
fact,"[22, 2, 18, 8]",34,"[0.8199326992034912, 0.21251527965068817, 0.39008936285972595, 0.23202645778656006, 0.7705174684524536, 0.5817673802375793, 0.3878765106201172, 0.47395867109298706, 0.6376491189002991, 0.7225987911224365, 0.5513255596160889, 0.7288486957550049, 0.17904488742351532, 1.4493684768676758, 0.37923192977905273, 0.21098726987838745, 1.0870897769927979, 0.7892109751701355, 1.2119076251983643, 0.33260494470596313, 0.2508403956890106, 0.030173417180776596, 0.7685145139694214, 0.5918185114860535, 0.5544314384460449, 0.0259600467979908, 0.6081043481826782, 0.38592028617858887, 0.8064588308334351, 0.20929193496704102, 0.5074780583381653, 0.2651786804199219, 0.899418294429779, 0.2718336880207062, 1.014272689819336, 1.0958547592163086, 0.12603318691253662, 0.6760913729667664, 0.23489417135715485, 0.8222948312759399, 0.15600888431072235, 0.7968345880508423, 1.3926995992660522, 1.064955711364746, 0.7866833209991455, 0.07231058180332184, 0.7857257723808289, 1.0752726793289185, 0.40401309728622437, 0.7918907403945923, 1.226993441581726, 0.5267041325569153, 0.4172459542751312, 0.48829951882362366, -0.047509729862213135, 0.6842986345291138, 0.24649196863174438, 0.6608619093894958, 0.6821547150611877, 0.9147237539291382, 0.18724974989891052, 0.457760214805603, 0.07481969892978668, 0.6991519927978516]"
fiction,"[22, 6, 18, 8, 6, 12, 5]",34,"[0.31558457016944885, 0.02222748100757599, 1.039992332458496, 0.3602321743965149, 1.4302369356155396, 0.24258431792259216, 0.17073209583759308, 0.8105796575546265, 1.1590502262115479, 1.3671562671661377, 0.9157458543777466, 0.3666902482509613, 0.21206216514110565, 1.7423956394195557, 0.3176482319831848, 0.7187026143074036, 0.572971522808075, 0.8757534623146057, 0.537612795829773, 0.28197407722473145, 0.15310651063919067, 0.051162391901016235, 0.8561027646064758, 1.0968377590179443, 0.44460365176200867, 0.8151424527168274, 0.6560065150260925, 0.07335524260997772, 0.8006893992424011, 0.982650637626648, 0.37377747893333435, 0.6077489852905273, 0.5497678518295288, 0.1224965825676918, 0.5183647871017456, 0.4650527238845825, 0.9019795060157776, 0.33431732654571533, 1.1302354335784912, 0.7552751302719116, 0.39468637108802795, 0.653628408908844, 0.6167923212051392, 0.4819551110267639, 0.9194680452346802, 0.7774728536605835, 1.116966724395752, 1.0903840065002441, 0.34471532702445984, 1.2995105981826782, 0.6076642274856567, 0.22046445310115814, 0.7823981046676636, 0.7329493165016174, 0.466219037771225, 1.2477086782455444, 0.10402075201272964, 0.7227118611335754, 1.3070093393325806, 1.3830151557922363, 0.8127707242965698, 0.4713735580444336, 0.08903713524341583, 0.21280333399772644]"
illustrator,"[6, 14, 14, 13, 7, 8, 11, 2, 8, 12, 11]",34,"[0.4387328028678894, -0.08446340262889862, 1.0578652620315552, 0.5465127229690552, 1.4138827323913574, -0.058375075459480286, 0.1445690393447876, 0.722198486328125, 1.2202719449996948, 1.5119727849960327, 0.9068573117256165, 0.010616764426231384, 0.1955900490283966, 1.3865814208984375, 0.48823368549346924, 1.0354894399642944, 0.7931767702102661, 0.6065478920936584, 0.768378734588623, 0.28663748502731323, 0.10818302631378174, 0.07096787542104721, 1.184738039970398, 1.2856416702270508, 0.5459332466125488, 1.205586314201355, 0.47186729311943054, -0.10369578003883362, 0.5962395071983337, 1.3211859464645386, 0.14753606915473938, 0.9736881852149963, 0.7616173028945923, 0.2629448175430298, 0.7056982517242432, 0.6649550199508667, 1.385640025138855, 0.03504480421543121, 1.6068776845932007, 0.560964822769165, 0.8829799890518188, 0.3577954173088074, 1.028174638748169, 0.8390457630157471, 0.6572437286376953, 1.0936880111694336, 0.9830700159072876, 0.780660092830658, 0.7503446340560913, 1.2237714529037476, 0.9332011342048645, -0.029757827520370483, 0.9819738268852234, 0.6317310333251953, 0.8161784410476685, 1.3801848888397217, -0.005114056169986725, 0.8106359243392944, 1.3332233428955078, 1.31031334400177, 0.907586932182312, 0.6899182796478271, 0.04239019751548767, 0.39431390166282654]"
moral,"[19, 12, 11, 2, 14]",34,"[1.8048192262649536, 0.021709084510803223, 0.2896938920021057, 0.3515493869781494, 0.5380880832672119, -0.0681162029504776, 0.8221450448036194, -0.01820632815361023, 0.36900028586387634, 0.7321852445602417, -0.06438513845205307, 0.8548041582107544, 0.5119537115097046, 0.9578410983085632, 1.040298581123352, 0.3868149518966675, 2.440847873687744, -0.13843917846679688, 2.507917642593384, 0.4184557795524597, 0.1772090196609497, -0.04655365273356438, 2.1102144718170166, 0.8864393830299377, 0.8245413303375244, 0.3280119299888611, 0.10504232347011566, 0.05926579236984253, 0.2981118857860565, 0.6206985116004944, 0.5592478513717651, 0.7749579548835754, 1.9450860023498535, 0.7073521018028259, 2.2422561645507812, 2.4784629344940186, 0.44615158438682556, 0.04039674997329712, 0.7107519507408142, 1.1343951225280762, 0.7175894975662231, 1.1243714094161987, 3.1312315464019775, 2.778588056564331, 0.19323155283927917, 0.16353639960289001, 0.4469260573387146, 0.5952375531196594, 1.3910579681396484, 0.17929387092590332, 2.8029799461364746, -0.006806403398513794, 1.250891923904419, 0.7469774484634399, 0.06621796637773514, 0.7427626848220825, -0.004411429166793823, 0.8978053331375122, 0.45827969908714294, 0.8130354285240173, 0.08404840528964996, 1.4730257987976074, 0.08614899218082428, 1.8285574913024902]"
narrator,"[5, 2, 11, 11, 2, 8, 12, 11]",34,"[1.1720871925354004, -0.020179614424705505, 0.4128430187702179, 0.5008569955825806, 1.000464677810669, -0.10870613157749176, 0.3703176975250244, 0.24545833468437195, 0.871912956237793, 1.2287710905075073, 0.2734231948852539, 0.6867326498031616, 0.34467023611068726, 1.5089030265808105, 0.8970884084701538, 0.3408013880252838, 1.9411860704421997, 0.13943839073181152, 1.7347412109375, 0.4104580879211426, 0.08160915970802307, -0.027135120704770088, 1.8789193630218506, 1.255289077758789, 0.8147987127304077, 0.3848995566368103, 0.2812988758087158, 0.035733938217163086, 0.5518946647644043, 0.770180881023407, 0.4250284731388092, 0.8066180348396301, 1.3586270809173584, 0.5032340884208679, 1.8257821798324585, 1.6285521984100342, 0.7689027786254883, 0.032437488436698914, 0.9636682868003845, 1.2457685470581055, 0.7011317014694214, 1.0341895818710327, 2.328474521636963, 1.9379154443740845, 0.37744003534317017, 0.3712485134601593, 0.813636839389801, 0.8132838606834412, 1.0857857465744019, 0.6754757165908813, 2.0825083255767822, -0.012870699167251587, 1.0413517951965332, 0.6647535562515259, 0.10229704529047012, 1.204978108406067, -0.024312615394592285, 1.0703668594360352, 0.9010135531425476, 1.2465534210205078, 0.24278344213962555, 1.1740846633911133, 0.004523459821939468, 1.1239954233169556]"
nonfiction,"[5, 12, 5, 22, 6, 18, 8, 6, 12, 5]",34,"[0.21858860552310944, -0.00944964587688446, 1.0817745923995972, 0.3903241753578186, 1.4272319078445435, 0.20712126791477203, 0.12558861076831818, 0.8290490508079529, 1.172264575958252, 1.35044527053833, 0.9645521640777588, 0.14109674096107483, 0.17474764585494995, 1.5637729167938232, 0.28158536553382874, 0.8160548210144043, 0.4431277811527252, 0.8716344833374023, 0.439929723739624, 0.2514697313308716, 0.14772740006446838, 0.07130751758813858, 0.770890474319458, 1.100353717803955, 0.4133960008621216, 0.9773753881454468, 0.6105191111564636, 0.006990030407905579, 0.72337406873703, 1.0740535259246826, 0.2515013813972473, 0.6572070121765137, 0.5317009091377258, 0.11471788585186005, 0.37803345918655396, 0.4080599546432495, 1.0509860515594482, 0.26101061701774597, 1.243849277496338, 0.557165265083313, 0.5015599131584167, 0.4316259026527405, 0.4870721697807312, 0.3930850028991699, 0.8556090593338013, 0.9042192101478577, 1.0581836700439453, 0.9627875685691833, 0.3981829583644867, 1.3094675540924072, 0.4803457260131836, 0.17727302014827728, 0.7378008365631104, 0.6420426964759827, 0.6403011083602905, 1.2136201858520508, 0.08364715427160263, 0.6928322315216064, 1.3136214017868042, 1.303634762763977, 0.9072909355163574, 0.3532755672931671, 0.09584017097949982, 0.1834912747144699]"
opinion,"[12, 3, 6, 5, 6, 12, 5]",34,"[1.1549209356307983, 0.04464474320411682, 0.6035240888595581, 0.40742069482803345, 0.8434126973152161, 0.06866246461868286, 0.5635808706283569, 0.2871110141277313, 0.685484766960144, 0.9931887984275818, 0.21246886253356934, 0.6508851051330566, 0.3818854093551636, 1.2471659183502197, 0.7958183884620667, 0.42032158374786377, 1.6485182046890259, 0.26605674624443054, 1.6306571960449219, 0.49198585748672485, 0.2105725258588791, 0.028904862701892853, 1.6574665307998657, 1.0576791763305664, 0.8202177286148071, 0.5928434133529663, 0.2080879509449005, 0.1204788088798523, 0.4412611722946167, 0.941718339920044, 0.5305662155151367, 0.7058048248291016, 1.3752427101135254, 0.5082995295524597, 1.527347445487976, 1.517773151397705, 0.6900359988212585, 0.04486894607543945, 0.9548404216766357, 1.0897958278656006, 0.6314491629600525, 0.9754111766815186, 2.14430832862854, 1.7396507263183594, 0.32263442873954773, 0.45273301005363464, 0.6599765419960022, 0.7238470315933228, 0.9241750240325928, 0.6465390920639038, 1.895891547203064, 0.11764734983444214, 1.173722505569458, 0.7218661308288574, 0.1234818771481514, 0.9754701852798462, 0.03657347708940506, 0.960024356842041, 0.8276576995849609, 1.0377224683761597, 0.36022377014160156, 1.1187576055526733, 0.08429042249917984, 1.0656800270080566]"
poem,"[3, 12, 4, 19]",34,"[1.2608003616333008, 0.011775046586990356, 0.6733537912368774, 0.21938833594322205, 1.039894938468933, 0.013473615050315857, 0.5162136554718018, 0.269115686416626, 0.8412728309631348, 1.0424476861953735, 0.31668102741241455, 1.0602688789367676, 0.5573596954345703, 1.8270823955535889, 0.6831607818603516, 0.5361889600753784, 1.8087551593780518, 0.372075617313385, 1.7037646770477295, 0.2633069157600403, 0.05837491154670715, -0.058142803609371185, 1.7182735204696655, 0.9649901986122131, 0.5943481922149658, 0.4208638072013855, 0.7017339468002319, 0.10188430547714233, 0.9969968199729919, 0.5216554999351501, 0.8465358018875122, 0.5170287489891052, 1.2438316345214844, 0.4364422559738159, 1.6382148265838623, 1.6747183799743652, 0.4651884138584137, 0.3598361015319824, 0.6110519170761108, 1.153024435043335, 0.37227028608322144, 1.3389695882797241, 2.182666063308716, 1.8244363069534302, 0.9917235374450684, 0.250907301902771, 1.206644892692566, 1.3124310970306396, 0.8049476146697998, 0.9745372533798218, 1.9067049026489258, 0.14157314598560333, 1.1768684387207031, 1.0806747674942017, 0.17511439323425293, 1.025926947593689, 0.009042643010616302, 0.8349021673202515, 0.861771285533905, 1.4749343395233154, 0.3163042962551117, 1.1329152584075928, 0.0380784347653389, 1.1760590076446533]"
rhyme,"[11, 9, 21, 19, 4]",34,"[1.3264185190200806, 0.10268652439117432, 0.4921140670776367, 0.11985765397548676, 0.6586942672729492, 0.15813040733337402, 0.652479350566864, 0.2259848713874817, 0.5057137608528137, 0.5632829070091248, 0.28320571780204773, 0.9130064249038696, 0.5451080799102783, 1.2604269981384277, 0.5149954557418823, 0.5607458353042603, 1.6210143566131592, 0.4157123267650604, 1.8187551498413086, 0.21890093386173248, 0.10029679536819458, -0.015015510842204094, 1.3860721588134766, 0.5231125950813293, 0.4353654086589813, 0.40618225932121277, 0.6288018226623535, 0.17688792943954468, 0.7995324730873108, 0.2861088812351227, 0.7061962485313416, 0.35655030608177185, 1.2366960048675537, 0.4381943643093109, 1.4513344764709473, 1.7849116325378418, 0.2286536693572998, 0.4852314591407776, 0.36283305287361145, 0.7602776288986206, 0.27059900760650635, 1.0027656555175781, 2.098233222961426, 1.9024609327316284, 0.806088924407959, 0.20217566192150116, 0.8090582489967346, 1.030351996421814, 0.7252483367919922, 0.6951955556869507, 1.8583225011825562, 0.1991085410118103, 0.9334307312965393, 0.9056639075279236, 0.30749863386154175, 0.6185986995697021, 0.06099400296807289, 0.5133569836616516, 0.4528692364692688, 0.9414777159690857, 0.20575714111328125, 0.9588174223899841, 0.0575578436255455, 1.321593165397644]"
setting,"[7, 4, 8, 8, 6, 5, 17]",34,"[0.5721983909606934, 0.04118970036506653, 0.8210223317146301, 0.25299882888793945, 1.3460476398468018, 0.19596417248249054, 0.2639482021331787, 0.614928126335144, 1.0744261741638184, 1.2234666347503662, 0.7939081192016602, 0.7037311792373657, 0.3623086214065552, 1.9142298698425293, 0.3509470820426941, 0.5802459120750427, 0.9586440324783325, 0.7361807227134705, 0.8646693229675293, 0.253052294254303, 0.09902316331863403, -0.02274336852133274, 0.9832908511161804, 0.935778021812439, 0.43386024236679077, 0.4926051199436188, 0.8896099328994751, 0.125032439827919, 1.0475395917892456, 0.5499438047409058, 0.6049998998641968, 0.4555111229419708, 0.7099838256835938, 0.2394939512014389, 0.8286662697792053, 0.807919442653656, 0.5685243606567383, 0.527282178401947, 0.7105691432952881, 0.8791775703430176, 0.21468393504619598, 0.9317362308502197, 1.1019108295440674, 0.7704129815101624, 1.1867793798446655, 0.4169122278690338, 1.2800321578979492, 1.372636079788208, 0.4054650068283081, 1.2831519842147827, 0.9878206849098206, 0.23180867731571198, 0.8087879419326782, 0.8852027058601379, 0.29651719331741333, 1.131226897239685, 0.09375768154859543, 0.7355542778968811, 1.1243001222610474, 1.4891809225082397, 0.5381299257278442, 0.5721091032028198, 0.05332328751683235, 0.4637969732284546]"
title,"[8, 6, 8, 14, 4]",34,"[1.1562364101409912, 0.015576168894767761, 0.5373112559318542, 0.1873880922794342, 0.9235115051269531, 0.10777727514505386, 0.500850260257721, 0.3385029435157776, 0.8480145335197449, 0.8136656284332275, 0.5429883599281311, 0.8131637573242188, 0.4655228853225708, 1.6427850723266602, 0.4142959713935852, 0.6131904721260071, 1.4459037780761719, 0.489507794380188, 1.5405216217041016, 0.15318414568901062, 0.12781885266304016, -0.029789557680487633, 1.2176508903503418, 0.6507056951522827, 0.4360424876213074, 0.3097919821739197, 0.8551676273345947, 0.09369301795959473, 1.076468586921692, 0.15697060525417328, 0.6777430772781372, 0.3874516189098358, 1.1029167175292969, 0.39419907331466675, 1.3273019790649414, 1.6366641521453857, 0.33426281809806824, 0.5672650933265686, 0.35479143261909485, 0.6770278215408325, 0.25667884945869446, 0.9638162851333618, 1.8880583047866821, 1.551048994064331, 1.1185815334320068, 0.1908515840768814, 1.222055435180664, 1.3336162567138672, 0.616133451461792, 0.9505345821380615, 1.5783942937850952, 0.16096974909305573, 0.6969967484474182, 0.93053138256073, 0.3523666262626648, 0.7564061284065247, 0.02105829119682312, 0.5798507332801819, 0.6861952543258667, 1.2303118705749512, 0.28089797496795654, 0.719203531742096, 0.031820155680179596, 1.1410859823226929]"
agree,"[2, 17, 11, 4, 4]",34,"[0.6969178915023804, 0.045905694365501404, 0.8080199956893921, 0.16032733023166656, 1.1183255910873413, 0.13665813207626343, 0.15805453062057495, 0.39210665225982666, 0.886169970035553, 1.002345085144043, 0.6892472505569458, 1.063673496246338, 0.5797828435897827, 2.0924012660980225, 0.25712037086486816, 0.7275466322898865, 1.0053892135620117, 0.5614502429962158, 0.894358217716217, 0.06849674135446548, 0.06027883663773537, -0.03649809956550598, 1.1234050989151, 0.7063607573509216, 0.3234652876853943, 0.38636231422424316, 1.1581718921661377, 0.1257084608078003, 1.4683012962341309, 0.18535681068897247, 0.9241288304328918, 0.22422915697097778, 0.5710878372192383, 0.13727127015590668, 0.9738913178443909, 0.9639073610305786, 0.28132200241088867, 0.6718305945396423, 0.3724685609340668, 0.7005349397659302, 0.06533488631248474, 1.2317901849746704, 1.139691710472107, 0.905323326587677, 1.5584702491760254, 0.18078339099884033, 1.6108790636062622, 1.7028475999832153, 0.317227303981781, 1.276383638381958, 1.0163503885269165, 0.21752189099788666, 0.9521281123161316, 1.2597270011901855, 0.3997460901737213, 0.9514412879943848, 0.046866439282894135, 0.520104169845581, 0.8892753720283508, 1.6255937814712524, 0.36737534403800964, 0.7455644011497498, 0.0013171844184398651, 0.6004233956336975]"
alphabetical,"[2, 14, 3, 9, 2, 10, 4, 8, 6, 18, 2, 14]",34,"[0.27311408519744873, 0.010954812169075012, 0.9913541078567505, 0.5493324398994446, 1.5023736953735352, 0.13052412867546082, 0.0868818461894989, 0.9141393303871155, 1.3534189462661743, 1.513841152191162, 1.1539386510849, -0.03101515769958496, 0.05372931808233261, 1.6005277633666992, 0.3426918387413025, 0.8672807216644287, 0.5631164312362671, 0.926817774772644, 0.4530195891857147, 0.21078400313854218, 0.24079099297523499, 0.07561683654785156, 0.8177732229232788, 1.1327764987945557, 0.49585095047950745, 0.9639546275138855, 0.6238934397697449, 0.033176809549331665, 0.6700961589813232, 1.173310399055481, 0.12882524728775024, 0.8192225098609924, 0.4979417622089386, 0.1566917896270752, 0.38527899980545044, 0.41808658838272095, 1.2187296152114868, 0.2632431089878082, 1.3670597076416016, 0.5024904012680054, 0.6735262274742126, 0.301444411277771, 0.6042473912239075, 0.4870913028717041, 0.8118453025817871, 0.9524484276771545, 1.1232359409332275, 0.9697932600975037, 0.4445682764053345, 1.3272275924682617, 0.4281487464904785, 0.10776357352733612, 0.6526749134063721, 0.44632089138031006, 0.6875970363616943, 1.3604239225387573, 0.06746283173561096, 0.7910373210906982, 1.389676809310913, 1.3810337781906128, 0.9539817571640015, 0.2569737732410431, 0.07622713595628738, 0.18830862641334534]"
antonym,"[2, 5, 8, 12, 5, 21, 19]",34,"[1.399606704711914, 0.011890947818756104, 0.25778546929359436, 0.4853162467479706, 0.7077199220657349, 0.08372978866100311, 0.6920149326324463, 0.24937520921230316, 0.7589367032051086, 0.813698410987854, 0.19266068935394287, 0.5636675953865051, 0.28046250343322754, 1.2087347507476807, 0.8340334892272949, 0.2594324052333832, 1.9845260381698608, 0.26004672050476074, 2.082690477371216, 0.5708741545677185, 0.27587562799453735, 0.01572151482105255, 1.568405032157898, 0.9485576152801514, 0.9549975991249084, 0.26786932349205017, 0.23407074809074402, 0.05554240942001343, 0.4301498532295227, 0.5734635591506958, 0.3555987775325775, 0.6801677942276001, 1.7475688457489014, 0.6177511215209961, 1.858464241027832, 2.0070362091064453, 0.5076014995574951, 0.26190975308418274, 0.6697059273719788, 1.0104806423187256, 0.655097246170044, 0.8115658760070801, 2.6204380989074707, 2.1342358589172363, 0.3042329251766205, 0.21709294617176056, 0.5902137160301208, 0.7262582778930664, 1.1052814722061157, 0.508507490158081, 2.2496724128723145, 0.08590209484100342, 0.7957635521888733, 0.45542964339256287, 0.06762639433145523, 0.8532791137695312, -0.0037025585770606995, 1.0674855709075928, 0.6582283973693848, 0.9136638641357422, 0.15264728665351868, 0.9487348198890686, 0.06999912112951279, 1.3454575538635254]"
because,"[10, 4, 18, 2, 13, 7, 4]",34,"[0.6983877420425415, 0.04970231652259827, 1.034363865852356, 0.06102055311203003, 1.0822196006774902, 0.40822941064834595, 0.0841713547706604, 0.451458215713501, 0.8957955837249756, 0.7791541814804077, 1.006932258605957, 1.1618627309799194, 0.6954395174980164, 2.168403148651123, 0.06252677738666534, 1.1610342264175415, 0.8395094871520996, 0.83549565076828, 0.8832014799118042, 0.005427002906799316, 0.12502259016036987, -0.01581082120537758, 0.865195095539093, 0.34447863698005676, 0.19115252792835236, 0.62055504322052, 1.59568190574646, 0.06038418412208557, 1.9003229141235352, 0.06677304208278656, 1.1786019802093506, 0.12379630655050278, 0.5281855463981628, 0.050910115242004395, 0.6912424564361572, 0.961986243724823, 0.2273857593536377, 1.099115252494812, 0.20960749685764313, 0.24669481813907623, 0.10698364675045013, 1.1008710861206055, 0.9397599697113037, 0.8179318904876709, 2.1951723098754883, 0.16803644597530365, 1.888322353363037, 2.0811660289764404, 0.3285965919494629, 1.6132502555847168, 0.9096670150756836, 0.30125439167022705, 1.0299898386001587, 1.4896656274795532, 0.7178834080696106, 0.7594093680381775, 0.05295844376087189, 0.28234460949897766, 0.8733730316162109, 1.7298392057418823, 0.5005230903625488, 0.6753812432289124, 0.012875005602836609, 0.570588231086731]"
blend,"[10, 14, 4, 5, 20]",34,"[1.3615959882736206, 0.08838607370853424, 0.1462872475385666, 0.2631259560585022, 0.6197685599327087, 0.18308061361312866, 0.7375282049179077, 0.22137609124183655, 0.6201881766319275, 0.595775306224823, 0.21795043349266052, 0.6942821741104126, 0.2501257061958313, 1.2079758644104004, 0.546592652797699, 0.17243421077728271, 1.7864677906036377, 0.34004297852516174, 1.8703501224517822, 0.27728331089019775, 0.23911243677139282, 0.006078436970710754, 1.163062334060669, 0.6495028734207153, 0.6801817417144775, -0.02581179141998291, 0.43595072627067566, 0.19762268662452698, 0.5787252187728882, 0.102836474776268, 0.3845809996128082, 0.36974847316741943, 1.4173259735107422, 0.5056361556053162, 1.5744558572769165, 1.8852479457855225, 0.10956231504678726, 0.45653122663497925, 0.2061871588230133, 0.8508247137069702, 0.19935856759548187, 0.8047761917114258, 2.2359676361083984, 1.8118298053741455, 0.5304665565490723, -0.016816316172480583, 0.6971898078918457, 0.8992051482200623, 0.6842203140258789, 0.5227130651473999, 1.9160903692245483, 0.2259560525417328, 0.3852987587451935, 0.46676668524742126, 0.012500319629907608, 0.6184769868850708, 0.0581105500459671, 0.7201192378997803, 0.4793047308921814, 0.8406261801719666, 0.04319767653942108, 0.5826524496078491, 0.05015625059604645, 1.259922981262207]"
compound,"[18, 12, 19, 3, 12, 13, 5, 20]",34,"[0.7039928436279297, -0.0068149566650390625, 0.6938245892524719, 0.6580262780189514, 1.3610138893127441, 0.0019411593675613403, 0.17221589386463165, 0.5683369040489197, 1.2360725402832031, 1.553109884262085, 0.6497942209243774, 0.43396157026290894, 0.17934967577457428, 1.79056715965271, 0.7569724321365356, 0.48933300375938416, 1.3871521949768066, 0.4814821779727936, 1.0922226905822754, 0.45997196435928345, 0.17174401879310608, 0.058767810463905334, 1.4556115865707397, 1.4510612487792969, 0.8643925189971924, 0.606621265411377, 0.3518749475479126, 0.04704374074935913, 0.5963307619094849, 1.0791035890579224, 0.33297479152679443, 0.8757734298706055, 1.008070945739746, 0.3980158567428589, 1.287857174873352, 0.9679018259048462, 1.026174783706665, 0.07039860635995865, 1.2706801891326904, 1.196602463722229, 0.7563250064849854, 0.8285441398620605, 1.5573004484176636, 1.156054139137268, 0.5465105772018433, 0.6423498392105103, 0.9568995237350464, 0.9204334020614624, 0.8038626909255981, 1.0088938474655151, 1.3909207582473755, 0.04114043712615967, 0.909838080406189, 0.5682815313339233, 0.23451504111289978, 1.4585479497909546, 0.006241552531719208, 1.203843116760254, 1.2694705724716187, 1.4787501096725464, 0.5554655194282532, 0.7888665199279785, 0.015480101108551025, 0.5491211414337158]"
consonant,"[18, 12, 5, 7, 12, 5, 2, 5, 8]",34,"[1.1246417760849, 0.036923229694366455, 0.2774229347705841, 0.40600070357322693, 0.6017579436302185, 0.3063056468963623, 0.6139223575592041, 0.33557116985321045, 0.6807329654693604, 0.6115621328353882, 0.28539055585861206, 0.5009239315986633, 0.23275068402290344, 1.0912954807281494, 0.5704379081726074, 0.18279197812080383, 1.4937940835952759, 0.4456954002380371, 1.6817882061004639, 0.5599334239959717, 0.37248900532722473, 0.06388191133737564, 1.0824042558670044, 0.7117922306060791, 0.869361937046051, 0.14305131137371063, 0.3091906011104584, 0.08651226758956909, 0.4562619924545288, 0.39554664492607117, 0.3057422339916229, 0.47207826375961304, 1.4624314308166504, 0.475063294172287, 1.388206958770752, 1.6175990104675293, 0.2697546184062958, 0.39757150411605835, 0.43181660771369934, 0.7922675609588623, 0.3870643675327301, 0.663655698299408, 2.0473616123199463, 1.6314842700958252, 0.3597794473171234, 0.11989200115203857, 0.5171321034431458, 0.7450760006904602, 0.7727600336074829, 0.4781204164028168, 1.7643890380859375, 0.1864033192396164, 0.5160202980041504, 0.39793887734413147, 0.023014619946479797, 0.6435979008674622, 0.05637063831090927, 0.8946801424026489, 0.5798690915107727, 0.7327463626861572, 0.11688061058521271, 0.6607943177223206, 0.10495946556329727, 1.0062114000320435]"
contraction,"[18, 12, 5, 8, 11, 2, 18, 8, 6, 12, 5]",34,"[0.34998393058776855, 0.013646125793457031, 0.765577495098114, 0.46793481707572937, 1.0488694906234741, 0.3475835919380188, 0.18453215062618256, 0.6537836194038391, 0.8866021037101746, 0.9988422989845276, 0.8145718574523926, 0.03321795165538788, 0.10185552388429642, 1.135901927947998, 0.29396241903305054, 0.5901479125022888, 0.5352292060852051, 0.762460470199585, 0.5975217819213867, 0.4058248996734619, 0.31118637323379517, 0.14751145243644714, 0.5785461664199829, 0.8898667097091675, 0.5722382068634033, 0.7368105053901672, 0.4294658601284027, 0.0009544789791107178, 0.4690205454826355, 0.9009315371513367, 0.16129642724990845, 0.5315660834312439, 0.6502583026885986, 0.15518149733543396, 0.49071693420410156, 0.5631805658340454, 0.8195689916610718, 0.3289709687232971, 0.9952113628387451, 0.39805591106414795, 0.4676712155342102, 0.22338250279426575, 0.730389416217804, 0.5296133756637573, 0.5559136867523193, 0.6766835451126099, 0.7260209918022156, 0.7056686282157898, 0.3977440893650055, 0.9602738618850708, 0.7058608531951904, 0.2222682237625122, 0.5655587911605835, 0.4072578251361847, 0.42803075909614563, 0.9333103895187378, 0.08629780262708664, 0.675469160079956, 1.0155305862426758, 0.8990927934646606, 0.6446728110313416, 0.2654685378074646, 0.12443819642066956, 0.2933417856693268]"
definition,"[20, 4, 22, 6, 5, 6, 8, 6, 12, 5]",34,"[0.40593910217285156, 0.02395668625831604, 0.930596649646759, 0.49769318103790283, 1.3394206762313843, 0.12072641402482986, 0.19491088390350342, 0.6689272522926331, 1.2419675588607788, 1.44365656375885, 0.7689641714096069, 0.29142776131629944, 0.22600558400154114, 1.6427271366119385, 0.5163256525993347, 0.6806449890136719, 0.9255430698394775, 0.6934767365455627, 0.7792946100234985, 0.4352012276649475, 0.1660979688167572, 0.05519161373376846, 1.1158114671707153, 1.227675437927246, 0.7160229086875916, 0.8569280505180359, 0.45999813079833984, 0.0476478636264801, 0.6803937554359436, 1.1762378215789795, 0.2989024221897125, 0.7997604608535767, 0.7773971557617188, 0.29458561539649963, 0.7638983130455017, 0.6292739510536194, 1.0692204236984253, 0.20995420217514038, 1.2540854215621948, 0.9012691974639893, 0.6586381793022156, 0.6077705025672913, 1.0017263889312744, 0.6723053455352783, 0.7220981121063232, 0.8018503785133362, 1.0050328969955444, 0.9855561852455139, 0.5947329998016357, 1.190953254699707, 0.9398899674415588, 0.11157041788101196, 0.9052260518074036, 0.6619521975517273, 0.4158243238925934, 1.3585734367370605, 0.05354977771639824, 0.9862516522407532, 1.2811720371246338, 1.389524221420288, 0.7166897058486938, 0.6244682669639587, 0.038900602608919144, 0.2641456127166748]"
dictionary,"[20, 6, 18, 8, 6, 12, 5, 2, 11, 21]",34,"[0.452491819858551, -0.02155974507331848, 0.9786774516105652, 0.5687206387519836, 1.392688274383545, 0.22454433143138885, 0.20122647285461426, 0.7638018131256104, 1.276633858680725, 1.3734346628189087, 1.0176644325256348, 0.06791214644908905, 0.1603962630033493, 1.6123502254486084, 0.41819649934768677, 0.8303884267807007, 0.8010811805725098, 0.8713128566741943, 0.795818030834198, 0.42012494802474976, 0.2869582176208496, 0.1130019798874855, 0.9102166295051575, 1.162549614906311, 0.7044066786766052, 0.8839281797409058, 0.5485949516296387, -0.06619441509246826, 0.6805402636528015, 1.179628610610962, 0.2118939310312271, 0.8105337619781494, 0.7959730625152588, 0.24196889996528625, 0.6718968152999878, 0.681766152381897, 1.1113804578781128, 0.36115601658821106, 1.255412220954895, 0.6343101859092712, 0.7090958952903748, 0.3714407682418823, 0.9452964067459106, 0.7232871055603027, 0.8088537454605103, 0.8558347225189209, 1.0022531747817993, 1.018544316291809, 0.5895497798919678, 1.2231380939483643, 0.9192241430282593, 0.10259455442428589, 0.7496957182884216, 0.5577719807624817, 0.5737075805664062, 1.2948167324066162, 0.05255809798836708, 0.8848773837089539, 1.2876414060592651, 1.3186677694320679, 0.8028459548950195, 0.4731358289718628, 0.08742653578519821, 0.32186242938041687]"
digraph,"[20, 6, 17, 11, 2, 3, 9]",34,"[0.6692400574684143, -0.023200854659080505, 0.7326202988624573, 0.6001791954040527, 1.3779250383377075, 0.04870273172855377, 0.1972884237766266, 0.7202877998352051, 1.2636905908584595, 1.4959148168563843, 0.8714290261268616, 0.26197582483291626, 0.1586836874485016, 1.69008207321167, 0.6352076530456543, 0.624219536781311, 1.1890922784805298, 0.6464102268218994, 1.05113685131073, 0.3201281428337097, 0.1459946632385254, 0.033419929444789886, 1.3055206537246704, 1.3039610385894775, 0.6687304973602295, 0.696144700050354, 0.4543774127960205, 0.011447623372077942, 0.6138467192649841, 1.0524461269378662, 0.20487737655639648, 0.8892523050308228, 0.8916841149330139, 0.33164164423942566, 1.0670652389526367, 0.9079550504684448, 1.0929546356201172, 0.14124692976474762, 1.285235047340393, 0.9264265298843384, 0.7474236488342285, 0.6090682148933411, 1.4113008975982666, 1.1678295135498047, 0.6273936033248901, 0.7305561900138855, 0.9597603678703308, 0.8860276937484741, 0.7371183633804321, 1.0727617740631104, 1.202890396118164, 0.029226064682006836, 0.8193864226341248, 0.5426988005638123, 0.4180390238761902, 1.389748454093933, 0.027968741953372955, 0.9764708280563354, 1.2650566101074219, 1.3452188968658447, 0.6359981298446655, 0.7083545327186584, 0.04160546511411667, 0.5635587573051453]"
disagree,"[20, 6, 7, 2, 17, 11, 4, 4]",34,"[1.0179102420806885, -0.01887442171573639, 0.5405966639518738, 0.3495282232761383, 0.8866119980812073, 0.09848478436470032, 0.3909008502960205, 0.34445008635520935, 0.8716516494750977, 0.8560492396354675, 0.5982941389083862, 0.670788049697876, 0.4200121760368347, 1.5941598415374756, 0.4820452928543091, 0.6631702184677124, 1.4364436864852905, 0.43748947978019714, 1.498255729675293, 0.2515287399291992, 0.22890031337738037, -0.021937068551778793, 1.2357405424118042, 0.7296534776687622, 0.6009658575057983, 0.3782476484775543, 0.7839623689651489, -0.007798880338668823, 1.0038245916366577, 0.3778132498264313, 0.566137969493866, 0.4910053312778473, 1.0984535217285156, 0.35907623171806335, 1.2789239883422852, 1.467991590499878, 0.4302411675453186, 0.4954559803009033, 0.5088940262794495, 0.6089305877685547, 0.4724211096763611, 0.8378124237060547, 1.7608178853988647, 1.5284905433654785, 1.0360335111618042, 0.19931656122207642, 1.1427631378173828, 1.2363935708999634, 0.7278859615325928, 0.8844115734100342, 1.5339158773422241, 0.0749446451663971, 0.7787818312644958, 0.8281286954879761, 0.3965958058834076, 0.8689394593238831, -0.01409381628036499, 0.653346598148346, 0.7356915473937988, 1.2449061870574951, 0.30792516469955444, 0.777907133102417, 0.04360000789165497, 0.9609907865524292]"
glossary,"[17, 14, 12, 7, 7, 2, 11, 21]",34,"[0.682009220123291, -0.04407064616680145, 1.0454633235931396, 0.172237366437912, 1.2678706645965576, 0.14288842678070068, 0.1959395706653595, 0.6133435964584351, 1.0644651651382446, 1.1309343576431274, 0.8500958681106567, 0.6558712720870972, 0.49889999628067017, 1.7154598236083984, 0.3330256938934326, 1.0068029165267944, 0.955215573310852, 0.7402424812316895, 0.9416043758392334, 0.14799734950065613, 0.029728583991527557, -0.0011118371039628983, 1.0994280576705933, 0.8380667567253113, 0.27633047103881836, 0.905216634273529, 0.9898178577423096, -0.031154930591583252, 1.1002321243286133, 0.7161515355110168, 0.6979780197143555, 0.5492347478866577, 0.6799989938735962, 0.2005297988653183, 0.7604091167449951, 0.9373717904090881, 0.7966653108596802, 0.5208765864372253, 0.9083787202835083, 0.5205832719802856, 0.4175567030906677, 0.8631069660186768, 1.1592330932617188, 0.9694984555244446, 1.3106272220611572, 0.6563758254051208, 1.375826358795166, 1.3702478408813477, 0.5730962753295898, 1.3921170234680176, 0.9880895614624023, 0.14827129244804382, 1.0762830972671509, 1.0942565202713013, 0.6938259601593018, 1.0273916721343994, 0.011905387043952942, 0.5798774361610413, 1.0810555219650269, 1.4712427854537964, 0.6958736777305603, 0.7325997948646545, 0.05874711275100708, 0.6146658658981323]"
homophone,"[9, 12, 19, 12, 3, 9, 12, 5, 4]",34,"[0.4341914653778076, -0.001186862587928772, 1.0288163423538208, 0.6089538931846619, 1.4812568426132202, 0.005641460418701172, 0.08528745919466019, 0.6731417775154114, 1.3313957452774048, 1.6077730655670166, 0.7758992314338684, 0.2963394820690155, 0.2565907835960388, 1.8462097644805908, 0.6298990845680237, 0.7626868486404419, 0.9888659715652466, 0.6343333721160889, 0.7490719556808472, 0.3957419991493225, 0.1629934012889862, 0.06776387989521027, 1.4170981645584106, 1.4263479709625244, 0.763393223285675, 0.9847041368484497, 0.4516766667366028, -0.001284480094909668, 0.7159519791603088, 1.4064069986343384, 0.3624849319458008, 0.9456115961074829, 0.7812519073486328, 0.26687631011009216, 0.9312659502029419, 0.6232576370239258, 1.245368242263794, 0.08036752790212631, 1.5117113590240479, 0.973025918006897, 0.8540929555892944, 0.741796612739563, 1.052074670791626, 0.8175618052482605, 0.708247184753418, 0.9104916453361511, 1.1103672981262207, 1.044743537902832, 0.737563967704773, 1.1722966432571411, 0.9821958541870117, 0.0382654070854187, 1.0759609937667847, 0.742374062538147, 0.5201996564865112, 1.5182791948318481, 0.021201826632022858, 1.0835661888122559, 1.3955711126327515, 1.6005712747573853, 0.8250117897987366, 0.7862297892570496, 0.03528325632214546, 0.31558218598365784]"
incorrect,"[6, 5, 18, 12, 11, 11, 4, 18, 8]",34,"[0.5090985298156738, -0.012210890650749207, 0.7922361493110657, 0.5166147947311401, 1.1836305856704712, 0.26614782214164734, 0.1782868504524231, 0.6616760492324829, 1.1278005838394165, 1.1593406200408936, 0.8900870680809021, 0.2302044779062271, 0.21377010643482208, 1.6151347160339355, 0.3311614394187927, 0.6672473549842834, 0.8138912916183472, 0.7960942387580872, 0.8040426969528198, 0.3918747901916504, 0.31427475810050964, 0.13651099801063538, 0.8411465883255005, 0.9955475330352783, 0.7208064198493958, 0.633807361125946, 0.606414794921875, -0.02603432536125183, 0.8074585795402527, 0.8273518085479736, 0.3049338161945343, 0.6168537735939026, 0.7599658966064453, 0.20903930068016052, 0.7129223942756653, 0.7702271938323975, 0.7911716103553772, 0.4329817295074463, 0.9369199275970459, 0.561788022518158, 0.4737884998321533, 0.44492119550704956, 1.0159993171691895, 0.7498470544815063, 0.8506366014480591, 0.5600876808166504, 1.0065103769302368, 1.0812348127365112, 0.47340816259384155, 1.0992507934570312, 0.9558427333831787, 0.11699177324771881, 0.5870544910430908, 0.5800517201423645, 0.4444110095500946, 1.092278242111206, 0.04660937190055847, 0.8195253610610962, 1.093976378440857, 1.2644671201705933, 0.6074733734130859, 0.44316041469573975, 0.0817834883928299, 0.3781231641769409]"
plural,"[3, 14, 13, 11, 2, 14]",34,"[1.229982852935791, 0.043261438608169556, 0.4375363886356354, 0.4100423753261566, 0.8333930373191833, 0.04609076678752899, 0.47630125284194946, 0.27676236629486084, 0.6608521342277527, 1.0063132047653198, 0.2860012352466583, 0.6640467643737793, 0.3548404574394226, 1.244434118270874, 0.809992253780365, 0.401326447725296, 1.7622431516647339, 0.21401472389698029, 1.7026793956756592, 0.3249155282974243, 0.10395855456590652, -0.0047799963504076, 1.6671403646469116, 1.0307170152664185, 0.649660050868988, 0.43935614824295044, 0.31783637404441833, 0.10932309925556183, 0.5090479254722595, 0.6850838661193848, 0.46898528933525085, 0.6867935657501221, 1.3111183643341064, 0.4866963326931, 1.6230543851852417, 1.671236515045166, 0.6395562887191772, 0.11471416056156158, 0.8363249897956848, 1.0473579168319702, 0.6294323205947876, 0.9437363147735596, 2.214005708694458, 1.883288025856018, 0.39739611744880676, 0.34297868609428406, 0.6663271188735962, 0.7450790405273438, 0.9942175149917603, 0.6067694425582886, 1.9720312356948853, 0.08366778492927551, 1.0507534742355347, 0.6304321885108948, 0.16556844115257263, 0.9594674110412598, 0.02643437683582306, 0.8735036253929138, 0.7556986808776855, 1.0209119319915771, 0.27242380380630493, 1.0750994682312012, 0.05371762067079544, 1.195870280265808]"
possessive,"[3, 12, 7, 7, 4, 7, 7, 6, 28, 4]",34,"[0.18431980907917023, 0.05267097055912018, 1.2754502296447754, 0.21392446756362915, 1.5702654123306274, 0.11908622831106186, 0.07927525788545609, 0.8117251396179199, 1.3002921342849731, 1.3590108156204224, 1.2032780647277832, 0.5749521851539612, 0.38680386543273926, 2.221583127975464, 0.08476702868938446, 1.0294713973999023, 0.40833306312561035, 1.0428001880645752, 0.3608405292034149, 0.10137061029672623, 0.07875089347362518, -0.01259896531701088, 0.7030513882637024, 0.8538526296615601, 0.2584867477416992, 0.8755900859832764, 1.2614740133285522, 0.12497630715370178, 1.405146598815918, 0.634192168712616, 0.744208812713623, 0.36681684851646423, 0.2731756567955017, 0.09769760072231293, 0.3336300551891327, 0.3756011724472046, 0.7110247015953064, 0.6487104296684265, 0.8191871643066406, 0.5226815938949585, 0.19537684321403503, 0.7994588613510132, 0.377367228269577, 0.3116140365600586, 1.6503698825836182, 0.7279700040817261, 1.769240379333496, 1.6808828115463257, 0.14911586046218872, 1.7720630168914795, 0.3137580156326294, 0.2647002339363098, 0.8149580359458923, 1.0973650217056274, 0.8006625771522522, 1.2538857460021973, 0.1105351448059082, 0.49828389286994934, 1.2791638374328613, 1.767425775527954, 0.8694943785667419, 0.35110214352607727, 0.02382848411798477, 0.1492554247379303]"
prefix,"[3, 11, 4, 22, 6, 27]",34,"[1.4241585731506348, -0.04084503650665283, 0.12171956896781921, 0.5734183192253113, 0.6222267746925354, 0.25042596459388733, 0.7751796841621399, 0.34527990221977234, 0.8820017576217651, 0.6902799606323242, 0.4486316442489624, 0.2008301317691803, 0.15883253514766693, 1.08980131149292, 0.7428258061408997, 0.25973671674728394, 1.9757080078125, 0.436560720205307, 2.259953022003174, 0.641465961933136, 0.45682764053344727, 0.05401838570833206, 1.2941875457763672, 0.8479489088058472, 1.1091126203536987, 0.15834569931030273, 0.271562784910202, -0.024393588304519653, 0.4664512872695923, 0.4783426821231842, 0.08869148790836334, 0.7136712074279785, 1.9151885509490967, 0.7157595753669739, 1.7429174184799194, 2.170121431350708, 0.5464208126068115, 0.3858938217163086, 0.5315502882003784, 0.6947386264801025, 0.7863901257514954, 0.39673978090286255, 2.696526050567627, 2.211103916168213, 0.3748660981655121, 0.14116373658180237, 0.5414910912513733, 0.7221185564994812, 1.1301409006118774, 0.5810548067092896, 2.3259270191192627, 0.09871110320091248, 0.4366740584373474, 0.22411812841892242, 0.1594872772693634, 0.7245511412620544, -0.0009476616978645325, 1.0343656539916992, 0.6166458129882812, 0.7273027896881104, 0.1252695471048355, 0.6999659538269043, 0.09463110566139221, 1.3762121200561523]"
singular,"[7, 6, 5, 17, 13, 14, 2, 11]",34,"[1.0534428358078003, -0.019384846091270447, 0.7914880514144897, 0.2760716676712036, 0.8831379413604736, -0.13300763070583344, 0.386690616607666, 0.21325728297233582, 0.5509682893753052, 1.0189465284347534, 0.2892896831035614, 0.7032599449157715, 0.5442282557487488, 1.0985915660858154, 0.7106220126152039, 0.8165270090103149, 1.526108980178833, 0.1359725296497345, 1.45784592628479, 0.23549415171146393, 0.024239376187324524, -0.005323372781276703, 1.7209067344665527, 0.944985032081604, 0.4334564208984375, 0.8901000618934631, 0.39604419469833374, -0.00967419147491455, 0.5343316197395325, 0.9360305070877075, 0.6473122835159302, 0.7231170535087585, 1.085363745689392, 0.38849934935569763, 1.3708924055099487, 1.4525601863861084, 0.7696279287338257, 0.049262821674346924, 1.0789660215377808, 0.8430806398391724, 0.6576889753341675, 0.9841160774230957, 1.9093232154846191, 1.6984223127365112, 0.5192804336547852, 0.6422904133796692, 0.7751454710960388, 0.7338141202926636, 0.9829609394073486, 0.6856282949447632, 1.7047230005264282, -0.022374719381332397, 1.3911007642745972, 0.9405645728111267, 0.48700764775276184, 0.9774101376533508, -0.02183014154434204, 0.6622296571731567, 0.7405733466148376, 1.090895414352417, 0.4534569978713989, 1.2435331344604492, 0.05021489039063454, 1.0813905000686646]"
suffix,"[7, 13, 22, 22, 6, 27]",34,"[0.6135398745536804, -0.027600601315498352, 0.5585848689079285, 0.6899558305740356, 1.2628520727157593, 0.3225816786289215, 0.29634344577789307, 0.8553547263145447, 1.3979802131652832, 1.2671438455581665, 1.1008423566818237, 0.030707448720932007, -0.05058342218399048, 1.7304542064666748, 0.4121400713920593, 0.5127004384994507, 1.0246449708938599, 0.9725412130355835, 0.9648674726486206, 0.47161394357681274, 0.3596665561199188, 0.13227906823158264, 0.6893079280853271, 1.1104315519332886, 0.8802752494812012, 0.4002421796321869, 0.5303407311439514, -0.011310338973999023, 0.7136891484260559, 0.7406075596809387, 0.07851236313581467, 0.6997703909873962, 1.0054043531417847, 0.3616715371608734, 0.8101533055305481, 0.8664216995239258, 0.8492774367332458, 0.4829288125038147, 0.8853968977928162, 0.7000876665115356, 0.5306497812271118, 0.3196104168891907, 1.2163044214248657, 0.9207565784454346, 0.7619338035583496, 0.5125842094421387, 0.945181131362915, 1.0891612768173218, 0.5042867660522461, 1.2332655191421509, 1.0673117637634277, 0.15202026069164276, 0.24237865209579468, 0.21866253018379211, 0.3344849944114685, 1.1864711046218872, 0.04202067106962204, 1.0688012838363647, 1.2199779748916626, 1.2597994804382324, 0.5706323981285095, 0.15408308804035187, 0.06732550263404846, 0.41603219509124756]"
syllable,"[7, 21, 14, 14, 2, 10, 14, 4]",34,"[0.9460598230361938, -0.05589349567890167, 0.40071848034858704, 0.6781227588653564, 1.17829167842865, 0.1702471375465393, 0.2660704553127289, 0.7389108538627625, 1.4598429203033447, 1.215781807899475, 1.0656825304031372, 0.11311477422714233, 0.0800250917673111, 1.7611782550811768, 0.43460386991500854, 0.6617286801338196, 1.4114391803741455, 0.7860689759254456, 1.4661962985992432, 0.2871677279472351, 0.37132301926612854, 0.07536685466766357, 1.0108076333999634, 1.0501164197921753, 0.836540699005127, 0.3543452024459839, 0.6609625816345215, -0.06338480114936829, 0.9238527417182922, 0.4647923707962036, 0.07221981883049011, 0.759876549243927, 1.179244041442871, 0.3735865652561188, 1.2314023971557617, 1.4994127750396729, 0.8367398977279663, 0.5622859597206116, 0.7614388465881348, 0.549892783164978, 0.7195074558258057, 0.3210507035255432, 1.7047221660614014, 1.3903592824935913, 0.9221396446228027, 0.38315972685813904, 1.1646491289138794, 1.2450639009475708, 0.7454798221588135, 1.0910474061965942, 1.449478268623352, -0.006058156490325928, 0.2219792902469635, 0.347786009311676, 0.5323023200035095, 1.181543231010437, -0.02207013964653015, 1.0059385299682617, 1.0699429512023926, 1.280867099761963, 0.4652452766895294, 0.3171377182006836, 0.014059390872716904, 0.8350355625152588]"
synonym,"[7, 21, 5, 12, 5, 21, 19]",34,"[0.7335290312767029, 0.05071629583835602, 0.5254896879196167, 0.535300076007843, 0.9426401853561401, 0.3426925539970398, 0.3986915349960327, 0.5317610502243042, 0.9951012134552002, 0.9697308540344238, 0.5643588900566101, 0.32431262731552124, 0.17235815525054932, 1.348290205001831, 0.523390531539917, 0.3892132043838501, 1.1727690696716309, 0.6678797006607056, 1.1948444843292236, 0.6024059057235718, 0.33754897117614746, 0.10641748458147049, 0.9210935235023499, 0.9367809295654297, 0.9028373956680298, 0.4500749707221985, 0.39329344034194946, 0.058638185262680054, 0.5806314945220947, 0.7544160485267639, 0.2644827365875244, 0.6085178256034851, 1.1767840385437012, 0.4040752351284027, 1.0806174278259277, 1.1116161346435547, 0.6373498439788818, 0.43850260972976685, 0.7863606214523315, 0.8074753284454346, 0.5480985641479492, 0.5356390476226807, 1.5246405601501465, 1.0609222650527954, 0.5732229948043823, 0.40044543147087097, 0.7473578453063965, 0.889253556728363, 0.6674407720565796, 0.8599420785903931, 1.3653370141983032, 0.22852060198783875, 0.58419269323349, 0.42085790634155273, 0.17950454354286194, 0.9759999513626099, 0.06708931922912598, 1.0255045890808105, 0.9197808504104614, 1.0185329914093018, 0.38213667273521423, 0.5116512775421143, 0.07847671955823898, 0.5737918019294739]"
vowel,"[28, 12, 26, 4, 14]",34,"[1.3066741228103638, -0.006898418068885803, 0.6111897230148315, 0.2309201955795288, 0.8196128010749817, -0.004240795969963074, 0.35679516196250916, 0.1685132086277008, 0.6947205662727356, 0.8833951354026794, 0.35581812262535095, 1.157629132270813, 0.6501982808113098, 1.7400143146514893, 0.6179174184799194, 0.6835693717002869, 1.7159676551818848, 0.2569248080253601, 1.6572284698486328, 0.1422039270401001, 0.08558604121208191, -0.04928913339972496, 1.721044898033142, 0.7526585459709167, 0.46607905626296997, 0.4372884929180145, 0.8429908752441406, 0.08234404027462006, 1.1287518739700317, 0.25765377283096313, 1.005253791809082, 0.3905879855155945, 1.1476980447769165, 0.3555589020252228, 1.6790586709976196, 1.7093703746795654, 0.3204152584075928, 0.42112934589385986, 0.46420571208000183, 0.8989627361297607, 0.3603048324584961, 1.4034740924835205, 2.125308036804199, 1.8380930423736572, 1.1388956308364868, 0.16265040636062622, 1.2864181995391846, 1.3624192476272583, 0.7800114154815674, 0.8679286241531372, 1.7698291540145874, 0.09384378790855408, 1.2444730997085571, 1.2134891748428345, 0.3515714108943939, 0.8490632772445679, -0.03269554674625397, 0.6742319464683533, 0.6629273891448975, 1.409505009651184, 0.23724207282066345, 1.161429524421692, 0.01069333404302597, 1.2247573137283325]"
accurate,"[2, 18, 18, 13, 11, 2, 8, 4]",34,"[0.6267236471176147, 0.0072181373834609985, 0.651549756526947, 0.512227475643158, 1.269334077835083, 0.14589299261569977, 0.1721133142709732, 0.6231833100318909, 1.209503173828125, 1.2593594789505005, 0.9765864610671997, 0.39177268743515015, 0.20183256268501282, 1.929973840713501, 0.3791789412498474, 0.6463210582733154, 1.052175521850586, 0.6639349460601807, 0.9738917946815491, 0.24704909324645996, 0.23891134560108185, 0.03849036991596222, 0.975498378276825, 1.018137812614441, 0.6238774061203003, 0.3719107210636139, 0.7856793403625488, 0.01700456440448761, 1.0015490055084229, 0.5594863295555115, 0.3861454725265503, 0.6149916648864746, 0.7585881352424622, 0.24378231167793274, 0.941233217716217, 0.9273192882537842, 0.6921336054801941, 0.5091434717178345, 0.7640441060066223, 0.7001029253005981, 0.44175586104393005, 0.6400302648544312, 1.0995800495147705, 0.8678553700447083, 1.0865037441253662, 0.39859214425086975, 1.2207098007202148, 1.3495982885360718, 0.5126296281814575, 1.1646223068237305, 1.0816750526428223, 0.06236007809638977, 0.502409040927887, 0.5796818733215332, 0.42248451709747314, 1.20608389377594, 0.021898023784160614, 0.786335289478302, 1.073999047279358, 1.4883873462677002, 0.5316879749298096, 0.44618967175483704, 0.005879763513803482, 0.5261422395706177]"
analyze,"[2, 5, 2, 14, 21, 15, 4]",34,"[1.3282935619354248, 0.10732921957969666, 0.23226192593574524, 0.26602834463119507, 0.6187252402305603, 0.40241292119026184, 0.803199052810669, 0.46345919370651245, 0.8255980610847473, 0.4791804552078247, 0.6101776361465454, 0.5214368104934692, 0.2919985055923462, 1.2454955577850342, 0.3837360739707947, 0.43654707074165344, 1.5806993246078491, 0.7033838033676147, 1.9825339317321777, 0.3651529550552368, 0.31214848160743713, 0.01957094669342041, 0.9269245266914368, 0.4379814565181732, 0.6725589036941528, 0.1487949937582016, 0.7088323831558228, 0.14984765648841858, 0.8593997359275818, 0.058210551738739014, 0.32712435722351074, 0.4104393720626831, 1.5104656219482422, 0.5636958479881287, 1.3406929969787598, 1.9440152645111084, 0.2263810932636261, 0.7924115657806396, 0.13284455239772797, 0.5011177659034729, 0.3765331208705902, 0.5016930103302002, 2.14861798286438, 1.8559774160385132, 0.9083317518234253, 0.021648576483130455, 0.8206043839454651, 1.1544430255889893, 0.7383978366851807, 0.7897859811782837, 1.9320446252822876, 0.2665165662765503, 0.33400318026542664, 0.5406659245491028, 0.2579999268054962, 0.5066870450973511, 0.09772749245166779, 0.6227969527244568, 0.4784739911556244, 0.7967550158500671, 0.18361596763134003, 0.4930865168571472, 0.06587196886539459, 1.3286337852478027]"
apply,"[2, 3, 3, 14, 21]",34,"[0.8114786148071289, 0.13959792256355286, 0.3783353567123413, 0.2593337595462799, 0.8773729801177979, 0.6129077076911926, 0.4443551301956177, 0.7628617286682129, 0.9997779726982117, 0.7121763229370117, 0.7791739702224731, 0.3210233449935913, 0.0981840267777443, 1.323453664779663, 0.3197282552719116, 0.3763637840747833, 1.0346876382827759, 0.9623146057128906, 1.3039541244506836, 0.322386771440506, 0.21478182077407837, -0.005684390664100647, 0.6306828260421753, 0.6291462182998657, 0.5440157651901245, 0.26495489478111267, 0.642168402671814, 0.23924635350704193, 0.7861475348472595, 0.333391398191452, 0.16579389572143555, 0.5004411935806274, 1.0405032634735107, 0.3774700462818146, 0.8919004201889038, 1.2286577224731445, 0.515711784362793, 0.7031381726264954, 0.4103626310825348, 0.5779640078544617, 0.46994370222091675, 0.35802730917930603, 1.43717622756958, 1.1265493631362915, 0.8509321212768555, 0.245461568236351, 0.8379639387130737, 1.0601491928100586, 0.5157210826873779, 1.0255745649337769, 1.215459942817688, 0.4417437016963959, 0.2514263987541199, 0.3386297821998596, 0.2201729714870453, 0.7188063263893127, 0.19328701496124268, 0.7135583162307739, 0.7936732172966003, 0.790376603603363, 0.3537290692329407, 0.3196360468864441, 0.07974420487880707, 0.7308459281921387]"
arrange,"[2, 11, 11, 2, 5, 17, 4]",34,"[0.64496248960495, 0.011058241128921509, 0.8765729665756226, 0.3360506296157837, 1.3898459672927856, 0.02735176682472229, 0.11581297218799591, 0.5448532700538635, 1.177356481552124, 1.3796226978302002, 0.8361677527427673, 0.8495738506317139, 0.4607940912246704, 2.203303575515747, 0.35551637411117554, 0.7490843534469604, 1.0575566291809082, 0.602426290512085, 0.8467392921447754, 0.09954223781824112, 0.053958237171173096, -0.002116439864039421, 1.220516324043274, 1.0329771041870117, 0.4269360303878784, 0.5395068526268005, 1.0286933183670044, 0.07298848032951355, 1.304582953453064, 0.4626013934612274, 0.7631289958953857, 0.44060125946998596, 0.5835232138633728, 0.15144622325897217, 0.9518137574195862, 0.8464348316192627, 0.6100077629089355, 0.49577486515045166, 0.7663994431495667, 0.8484674692153931, 0.1825706660747528, 1.1226601600646973, 1.130467176437378, 0.8432385921478271, 1.4118444919586182, 0.39451315999031067, 1.5804400444030762, 1.5772559642791748, 0.3790997862815857, 1.3740339279174805, 0.9825833439826965, 0.09600946307182312, 0.9682685136795044, 1.0944314002990723, 0.4511217474937439, 1.28548002243042, 0.010750330984592438, 0.7435094118118286, 1.1960524320602417, 1.7978007793426514, 0.5385726690292358, 0.6929915547370911, 0.003453180193901062, 0.5166378021240234]"
audience,"[2, 13, 20, 6, 4, 5, 18, 4]",34,"[1.7283387184143066, -0.027620837092399597, -0.035488858819007874, 0.5055034160614014, 0.4028569161891937, 0.4017292559146881, 0.9516966342926025, 0.31566208600997925, 0.7106729745864868, 0.3526512384414673, 0.46985718607902527, 0.28337472677230835, 0.17756852507591248, 1.079092025756836, 0.6087570786476135, 0.1586870402097702, 2.0811996459960938, 0.5391132831573486, 2.6283416748046875, 0.5580295324325562, 0.6274083852767944, 0.11173387616872787, 1.0974317789077759, 0.5556994080543518, 1.0856149196624756, -0.1925836205482483, 0.39203375577926636, 0.036567047238349915, 0.5687234401702881, -0.013898015022277832, 0.1266913264989853, 0.47533196210861206, 2.0792980194091797, 0.7199642062187195, 1.8745733499526978, 2.65008282661438, 0.10104460269212723, 0.6428693532943726, 0.055308058857917786, 0.524718165397644, 0.5388719439506531, 0.36060091853141785, 2.955470085144043, 2.518110990524292, 0.5052192211151123, -0.17788393795490265, 0.45927101373672485, 0.8111510872840881, 0.9803503751754761, 0.3721371591091156, 2.5176289081573486, 0.1545819640159607, 0.11641409248113632, 0.20307570695877075, 0.12811237573623657, 0.40679627656936646, 0.037383295595645905, 0.8643825650215149, 0.3443484604358673, 0.5173907279968262, -0.05981249362230301, 0.5320711135864258, 0.13548868894577026, 1.6957485675811768]"
category,"[18, 2, 8, 4, 17, 12, 11, 21]",34,"[1.4958771467208862, -0.07164333760738373, 0.2506409287452698, 0.5859694480895996, 0.8219451904296875, 0.007432490587234497, 0.6824881434440613, 0.29532670974731445, 1.0046372413635254, 0.9253853559494019, 0.40420040488243103, 0.4275280237197876, 0.3027579188346863, 1.4366328716278076, 0.8848614692687988, 0.3575393855571747, 2.2360711097717285, 0.3195303678512573, 2.3142077922821045, 0.5629086494445801, 0.3180364966392517, -0.004903046414256096, 1.731581449508667, 1.0340986251831055, 1.07778000831604, 0.26072150468826294, 0.3020527958869934, -0.06794324517250061, 0.5724097490310669, 0.6262516379356384, 0.33898308873176575, 0.8429573178291321, 1.8943240642547607, 0.7402659058570862, 2.0322227478027344, 2.2091877460479736, 0.6539924144744873, 0.24642571806907654, 0.7030812501907349, 0.9943389892578125, 0.8601899147033691, 0.7460193037986755, 2.8822169303894043, 2.4093451499938965, 0.4481234550476074, 0.21251817047595978, 0.7529367804527283, 0.9118425846099854, 1.2469483613967896, 0.6135228872299194, 2.483823776245117, -0.04169929027557373, 0.7392784357070923, 0.4629833400249481, 0.17838257551193237, 0.9746244549751282, -0.05356064438819885, 1.1581642627716064, 0.7114481925964355, 1.0499745607376099, 0.17503322660923004, 1.017441749572754, 0.05154934525489807, 1.4909751415252686]"
classify,"[18, 14, 2, 7, 7, 6, 22, 21]",34,"[0.20300224423408508, 0.3753655254840851, 1.0896427631378174, 0.08056219667196274, 1.42429518699646, 1.1474751234054565, 0.0825948417186737, 1.0542559623718262, 1.1614450216293335, 0.8841468691825867, 1.4268473386764526, 0.6407720446586609, 0.15131403505802155, 2.3007187843322754, -0.052807435393333435, 0.7643885016441345, 0.21413077414035797, 1.7534356117248535, 0.42175912857055664, 0.15309280157089233, 0.11188622564077377, 0.018309645354747772, 0.11631400138139725, 0.4685141444206238, 0.2622724771499634, 0.48924052715301514, 1.516893982887268, 0.5771222710609436, 1.6696900129318237, 0.30458924174308777, 0.6784613728523254, 0.19352003931999207, 0.3594474792480469, 0.10142147541046143, 0.17378556728363037, 0.3242007791996002, 0.4144798219203949, 1.3437849283218384, 0.3512660264968872, 0.37692952156066895, 0.1707322597503662, 0.5432009696960449, 0.3958934545516968, 0.19758863747119904, 2.0195157527923584, 0.4527636766433716, 1.6175178289413452, 1.907033085823059, 0.05418247729539871, 2.0441019535064697, 0.28306514024734497, 1.0213239192962646, 0.3589304983615875, 0.8940749168395996, 0.5637834072113037, 0.78985995054245, 0.4971925616264343, 0.42735838890075684, 1.2269036769866943, 1.4154582023620605, 0.6746277809143066, 0.0397736057639122, 0.057371802628040314, 0.02354082465171814]"
combine,"[18, 12, 19, 10, 6, 5, 4]",34,"[0.4129543900489807, 0.018759697675704956, 0.8443918228149414, 0.3500593900680542, 1.4081816673278809, 0.3533879518508911, 0.20955364406108856, 0.8612733483314514, 1.3589574098587036, 1.1839855909347534, 1.2444360256195068, 0.399832546710968, 0.20771373808383942, 2.0407559871673584, 0.15045510232448578, 0.7331628203392029, 0.6636582612991333, 1.0350481271743774, 0.6861637234687805, 0.23619596660137177, 0.23962581157684326, 0.01105305552482605, 0.6052631139755249, 0.8424841165542603, 0.48037901520729065, 0.4895138740539551, 1.0667973756790161, 0.03268933296203613, 1.2534185647964478, 0.5067316889762878, 0.4152584373950958, 0.4616950750350952, 0.5798887014389038, 0.19323807954788208, 0.47068241238594055, 0.6792076826095581, 0.664040207862854, 0.7077903151512146, 0.6761478781700134, 0.4858056306838989, 0.25752928853034973, 0.5822069048881531, 0.7401363849639893, 0.5648044347763062, 1.4252132177352905, 0.4574441611766815, 1.4733021259307861, 1.5449186563491821, 0.27398109436035156, 1.5789357423782349, 0.7006952166557312, 0.20978030562400818, 0.4123527705669403, 0.7495344281196594, 0.5340006351470947, 1.0764236450195312, 0.059505071491003036, 0.6803005933761597, 1.2396129369735718, 1.5304368734359741, 0.6654769778251648, 0.19236232340335846, 0.040782567113637924, 0.2952210009098053]"
conclusion,"[18, 12, 5, 18, 14, 13, 7, 6, 12, 5]",34,"[0.5015308856964111, 0.012126937508583069, 0.7127162218093872, 0.40211382508277893, 0.99791020154953, 0.5077139139175415, 0.24513711035251617, 0.8001772165298462, 1.0374583005905151, 0.9061691761016846, 0.9137694239616394, 0.11353310942649841, 0.09897759556770325, 1.2633588314056396, 0.22658367455005646, 0.5727102756500244, 0.6445695161819458, 0.9834890961647034, 0.8176769018173218, 0.3631470501422882, 0.32493340969085693, 0.14788424968719482, 0.5249090194702148, 0.807750940322876, 0.5597426891326904, 0.6513474583625793, 0.6268569231033325, 0.028856977820396423, 0.7107176780700684, 0.6873737573623657, 0.16085417568683624, 0.4886988401412964, 0.7963840365409851, 0.17118073999881744, 0.4990893304347992, 0.8151443004608154, 0.7562392950057983, 0.5599189400672913, 0.7798832058906555, 0.3289048373699188, 0.4685559868812561, 0.20872950553894043, 0.9318491220474243, 0.7335006594657898, 0.7795391082763672, 0.5444180369377136, 0.8579785227775574, 0.9675527811050415, 0.4156928062438965, 1.1349903345108032, 0.8425062298774719, 0.2752703130245209, 0.45135024189949036, 0.4095294177532196, 0.44583892822265625, 0.8620561361312866, 0.08798961341381073, 0.7364091277122498, 1.0332125425338745, 0.9170565009117126, 0.5949758291244507, 0.21110820770263672, 0.1298881322145462, 0.3860563337802887]"
contrast,"[18, 12, 5, 8, 11, 2, 7, 8]",34,"[1.2813266515731812, 0.04871618002653122, 0.2547270655632019, 0.21053224802017212, 0.45255985856056213, 0.32744982838630676, 0.672571063041687, 0.25852134823799133, 0.44693848490715027, 0.4421183466911316, 0.25346019864082336, 0.7793973684310913, 0.3470805883407593, 1.0293046236038208, 0.5413196682929993, 0.23698726296424866, 1.5789867639541626, 0.42719945311546326, 1.809863805770874, 0.4203263521194458, 0.29925382137298584, -0.007746998220682144, 1.1274441480636597, 0.485042929649353, 0.6144586801528931, 0.10183572769165039, 0.4926566183567047, 0.13310442864894867, 0.5793095231056213, 0.1649550199508667, 0.48624688386917114, 0.3128962516784668, 1.3825323581695557, 0.41422614455223083, 1.4293547868728638, 1.772170066833496, 0.027075476944446564, 0.5542314052581787, 0.19938191771507263, 0.769713282585144, 0.2371344119310379, 0.849125862121582, 2.1203715801239014, 1.8097906112670898, 0.5045033097267151, -0.009099962189793587, 0.5482059121131897, 0.8120731115341187, 0.7140340805053711, 0.4526302218437195, 1.8035953044891357, 0.2298271507024765, 0.6596399545669556, 0.6028420925140381, 0.018396824598312378, 0.4664296507835388, 0.062266454100608826, 0.6460019946098328, 0.4225033223628998, 0.6759443283081055, 0.038734130561351776, 0.7749536633491516, 0.10942922532558441, 1.1411243677139282]"
contribute,"[18, 12, 5, 8, 11, 6, 10, 13, 8, 4]",34,"[0.3118216395378113, -0.01262935996055603, 0.7383695244789124, 0.6393454074859619, 1.4775222539901733, 0.2730797231197357, 0.10220879316329956, 1.023650050163269, 1.474359154701233, 1.4121158123016357, 1.4431025981903076, -0.1600620150566101, -0.0769500881433487, 1.779322624206543, 0.22129525244235992, 0.7056450843811035, 0.5672836899757385, 1.0382493734359741, 0.5597286820411682, 0.24177958071231842, 0.2971978187561035, 0.10281745344400406, 0.5390624403953552, 1.0832273960113525, 0.5615854263305664, 0.6196091175079346, 0.762620210647583, -0.02347657084465027, 0.8393504619598389, 0.816897988319397, -0.0003837496042251587, 0.7127124667167664, 0.5316639542579651, 0.14621450006961823, 0.38046324253082275, 0.4950849711894989, 1.109877586364746, 0.5080844163894653, 1.0923632383346558, 0.3336130976676941, 0.5233190059661865, 0.07069304585456848, 0.639369010925293, 0.5064759850502014, 0.9600168466567993, 0.7182922959327698, 1.1769708395004272, 1.1609290838241577, 0.3449397385120392, 1.4734925031661987, 0.5913009643554688, 0.07580617070198059, 0.28444886207580566, 0.26346471905708313, 0.6025580167770386, 1.3041149377822876, 0.04186999797821045, 0.8062281608581543, 1.407433032989502, 1.3450407981872559, 0.808670163154602, 0.004591409582644701, 0.055793337523937225, 0.2406845986843109]"
demonstrate,"[20, 4, 19, 12, 5, 7, 8, 11, 2, 8, 4]",34,"[0.6333327293395996, -0.01927824318408966, 0.6610844135284424, 0.667352557182312, 1.1790785789489746, -0.03729236125946045, 0.19367802143096924, 0.4652579426765442, 1.184097409248352, 1.409066081047058, 0.5710763335227966, 0.1610054075717926, 0.20206476747989655, 1.3635504245758057, 0.7499133944511414, 0.630897045135498, 1.3651833534240723, 0.33612844347953796, 1.1484992504119873, 0.4716551899909973, 0.19098973274230957, 0.04448021948337555, 1.3910772800445557, 1.3017027378082275, 0.8859723806381226, 0.7578214406967163, 0.2693482041358948, -0.05020880699157715, 0.45611369609832764, 1.1478767395019531, 0.12308651953935623, 0.9856502413749695, 1.0932016372680664, 0.42633962631225586, 1.1924264430999756, 1.026045322418213, 1.1207823753356934, 0.07420174777507782, 1.3141684532165527, 0.9205776453018188, 0.9479575753211975, 0.49199509620666504, 1.496293067932129, 1.1115467548370361, 0.4561970829963684, 0.7011498212814331, 0.8052636384963989, 0.7322989702224731, 0.9767270088195801, 0.818830132484436, 1.3783628940582275, -0.03508904576301575, 0.8950885534286499, 0.46368899941444397, 0.42315441370010376, 1.3782535791397095, -0.0044540539383888245, 1.1174111366271973, 1.14039146900177, 1.2641178369522095, 0.5533884167671204, 0.7632531523704529, 0.01370181143283844, 0.5363411903381348]"
determine,"[20, 4, 8, 4, 11, 19, 6, 5, 4]",34,"[1.2127313613891602, -0.0014247298240661621, 0.5340344905853271, 0.547744870185852, 1.1433217525482178, -0.03516282141208649, 0.5092568397521973, 0.3545607328414917, 1.1165512800216675, 1.278281569480896, 0.5174474716186523, 0.6934217214584351, 0.4072583317756653, 1.9016821384429932, 0.8395518660545349, 0.45057106018066406, 1.96803617477417, 0.370735764503479, 1.7956416606903076, 0.42963021993637085, 0.1707288920879364, -0.025230757892131805, 1.7972683906555176, 1.2234585285186768, 0.916405200958252, 0.3925609886646271, 0.48179537057876587, 0.0076750218868255615, 0.8000423312187195, 0.7837995290756226, 0.5755582451820374, 0.76609867811203, 1.4063303470611572, 0.5465659499168396, 1.7558438777923584, 1.648944616317749, 0.6970934867858887, 0.22722861170768738, 0.8919603824615479, 1.2322674989700317, 0.6147755980491638, 1.0969427824020386, 2.297367572784424, 1.8850429058074951, 0.753093957901001, 0.3263898491859436, 1.0632588863372803, 1.1646031141281128, 0.9733911752700806, 0.9153320789337158, 2.038501262664795, -0.003601968288421631, 1.0400315523147583, 0.7975606322288513, 0.1866447925567627, 1.2746264934539795, -0.024876534938812256, 1.1144747734069824, 1.0194787979125977, 1.5136061906814575, 0.3306903541088104, 1.0604233741760254, 0.027255933731794357, 1.116722583770752]"
distinguish,"[20, 6, 7, 8, 6, 5, 17, 13, 6, 7, 9]",34,"[0.13628624379634857, 0.012245431542396545, 1.1185672283172607, 0.23484113812446594, 1.357164740562439, 0.3032653331756592, 0.13938772678375244, 0.8632623553276062, 1.065416693687439, 1.2039308547973633, 1.08794105052948, 0.27002573013305664, 0.24014022946357727, 1.5519623756408691, 0.17219802737236023, 0.9086437225341797, 0.255053848028183, 0.9473447799682617, 0.3076748251914978, 0.1593260020017624, 0.05652793496847153, 0.01868336647748947, 0.5736385583877563, 0.8546727299690247, 0.1827043741941452, 0.9670767784118652, 0.885962724685669, 0.045253753662109375, 0.9014151692390442, 0.8516284227371216, 0.3742392063140869, 0.5165441036224365, 0.34266266226768494, 0.09077098220586777, 0.17980125546455383, 0.2879650294780731, 0.8904997110366821, 0.4327540993690491, 1.0654983520507812, 0.3640558123588562, 0.3522448241710663, 0.44741135835647583, 0.3234114348888397, 0.29635366797447205, 1.1359670162200928, 0.8351134657859802, 1.1767765283584595, 1.0621933937072754, 0.264690637588501, 1.466524600982666, 0.32235294580459595, 0.260926753282547, 0.7456334233283997, 0.8079631328582764, 0.7152085304260254, 1.0304086208343506, 0.10712128132581711, 0.42608293890953064, 1.2327221632003784, 1.2644866704940796, 0.8757885098457336, 0.33757421374320984, 0.08688604831695557, 0.1139131411910057]"
edit,"[4, 20, 6, 8]",34,"[1.5037909746170044, 0.1013273149728775, 0.10600270330905914, 0.1636209785938263, 0.43065059185028076, 0.18122845888137817, 0.9681104421615601, 0.13747172057628632, 0.37209129333496094, 0.4143102765083313, 0.04540819302201271, 0.6698304414749146, 0.2661299407482147, 0.8745303153991699, 0.66597980260849, 0.07737316191196442, 1.896682858467102, 0.24032700061798096, 2.133208990097046, 0.37260735034942627, 0.23429222404956818, -0.03147239610552788, 1.24177885055542, 0.5267805457115173, 0.6443619132041931, -0.007118772715330124, 0.2801557183265686, 0.24038676917552948, 0.33293959498405457, 0.14859358966350555, 0.37994474172592163, 0.4017468988895416, 1.653327226638794, 0.6584721803665161, 1.6613737344741821, 2.1127114295959473, 0.06116484850645065, 0.3251628875732422, 0.17972619831562042, 0.8843621015548706, 0.26339372992515564, 0.7665998935699463, 2.5404117107391357, 2.128004550933838, 0.304668664932251, -0.021815167739987373, 0.38888823986053467, 0.6396393179893494, 0.8198440074920654, 0.3337799906730652, 2.1742002964019775, 0.2640473544597626, 0.48264819383621216, 0.4205745756626129, -0.08153997361660004, 0.4233516454696655, 0.08965859562158585, 0.6375990509986877, 0.3124573230743408, 0.567846953868866, 0.009964657947421074, 0.7136971950531006, 0.09106449037790298, 1.5089824199676514]"
entertain,"[4, 5, 8, 4, 11, 8, 2, 6, 5]",34,"[1.3926547765731812, 0.03184562921524048, 0.4123794138431549, 0.2964601516723633, 0.7662303447723389, -0.026544839143753052, 0.6067691445350647, 0.14155340194702148, 0.6162179708480835, 0.8400444984436035, 0.15700975060462952, 0.9394103288650513, 0.5021529793739319, 1.3882298469543457, 0.7671836614608765, 0.3943397104740143, 1.9424275159835815, 0.12249913066625595, 1.9407529830932617, 0.3335378170013428, 0.16032089293003082, -0.04684341698884964, 1.7763707637786865, 0.8709197044372559, 0.6669235825538635, 0.35441386699676514, 0.4183141589164734, 0.09147623181343079, 0.6403982043266296, 0.5253679156303406, 0.6844065189361572, 0.5504112839698792, 1.4221131801605225, 0.4914768934249878, 1.7880665063858032, 1.863377332687378, 0.3751623034477234, 0.19134488701820374, 0.6484161019325256, 1.0546798706054688, 0.4481917917728424, 1.194514274597168, 2.412121534347534, 2.0350852012634277, 0.5835627317428589, 0.1962585747241974, 0.82600998878479, 0.9385320544242859, 0.9556691646575928, 0.5810190439224243, 2.0983800888061523, 0.055736243724823, 1.1016961336135864, 0.8824373483657837, 0.12877300381660461, 0.8661218881607056, -0.01938837766647339, 0.8210582137107849, 0.6412973403930664, 1.132254719734192, 0.1776013821363449, 1.1409242153167725, 0.04037133976817131, 1.3418203592300415]"
evidence,"[4, 28, 6, 20, 4, 5, 18, 4]",34,"[1.4885889291763306, 0.001189887523651123, 0.014887973666191101, 0.6366637349128723, 0.5458022952079773, 0.5241698026657104, 0.9051306247711182, 0.4480660557746887, 0.9159765839576721, 0.49523061513900757, 0.6373534798622131, 0.12912341952323914, 0.08077752590179443, 1.2378661632537842, 0.5594298839569092, 0.08888541162014008, 1.8775904178619385, 0.7133091688156128, 2.3532602787017822, 0.6885113716125488, 0.6885712742805481, 0.14884352684020996, 0.891377329826355, 0.6736599802970886, 1.214186429977417, -0.17964249849319458, 0.37035471200942993, 0.007150322198867798, 0.5628360509872437, 0.1894100308418274, 0.09746669232845306, 0.4869363009929657, 1.9538273811340332, 0.7091451287269592, 1.6625198125839233, 2.32682204246521, 0.2162872552871704, 0.660727322101593, 0.171767458319664, 0.5473463535308838, 0.5551429390907288, 0.27345114946365356, 2.6057636737823486, 2.1458656787872314, 0.49393782019615173, -0.0787753239274025, 0.5339298844337463, 0.9041361808776855, 0.8938641548156738, 0.5370298624038696, 2.2711102962493896, 0.19204190373420715, 0.0014278553426265717, 0.057950958609580994, 0.0720914974808693, 0.5691694617271423, 0.044488221406936646, 0.9854210615158081, 0.5069372057914734, 0.6178126335144043, 0.03339187055826187, 0.36262860894203186, 0.14311055839061737, 1.433298110961914]"
examine,"[4, 27, 2, 19, 6, 5, 4]",34,"[2.053262233734131, 0.033868394792079926, 0.05379244312644005, 0.5639082193374634, 0.6193383932113647, -0.0751151591539383, 1.1274112462997437, 0.08907686918973923, 0.7455189228057861, 0.8474334478378296, 0.07635001093149185, 0.6070857048034668, 0.32623738050460815, 1.206331729888916, 1.118398666381836, 0.22181695699691772, 2.8517842292785645, 0.029209420084953308, 3.0551609992980957, 0.5636265277862549, 0.2986132502555847, -0.004330698400735855, 2.091104507446289, 1.0632985830307007, 1.1773135662078857, 0.16311156749725342, 0.010843724012374878, 0.11975690722465515, 0.3121892511844635, 0.5645548701286316, 0.3165976107120514, 0.8671877384185791, 2.38513445854187, 0.9776332378387451, 2.566100597381592, 2.9278814792633057, 0.5764485597610474, 0.083659827709198, 0.6737258434295654, 1.2473260164260864, 0.8551563620567322, 0.8382711410522461, 3.6556010246276855, 3.115220546722412, 0.160858154296875, 0.15596076846122742, 0.47295719385147095, 0.633491039276123, 1.4432154893875122, 0.35791072249412537, 3.211557149887085, -0.012737780809402466, 0.8408808708190918, 0.45596277713775635, 0.04285372793674469, 0.9305711388587952, -0.0229521244764328, 1.1548041105270386, 0.5592048764228821, 0.8555435538291931, 0.04770766943693161, 1.2136832475662231, 0.034569863229990005, 2.0834157466888428]"
experiment,"[4, 27, 3, 4, 11, 6, 19, 4, 5, 8]",34,"[1.4513150453567505, 0.023782193660736084, 0.16617083549499512, 0.7090242505073547, 0.8911190629005432, 0.14783039689064026, 0.7547289133071899, 0.3927520513534546, 1.0916798114776611, 1.055509328842163, 0.5040490627288818, 0.3232136070728302, 0.17674380540847778, 1.5407981872558594, 0.8308718800544739, 0.19295701384544373, 2.0666825771331787, 0.43732157349586487, 2.19940447807312, 0.5986926555633545, 0.37026363611221313, 0.06218264251947403, 1.5411839485168457, 1.1383724212646484, 1.1658680438995361, 0.15004238486289978, 0.2627941071987152, 0.05423791706562042, 0.5547576546669006, 0.6161220073699951, 0.19270184636116028, 0.7692473530769348, 1.79254150390625, 0.7086105942726135, 1.8680351972579956, 2.024501323699951, 0.647285521030426, 0.2757077217102051, 0.7511307597160339, 1.0322210788726807, 0.7124468684196472, 0.6376940011978149, 2.6833102703094482, 2.1186418533325195, 0.42195311188697815, 0.2192017287015915, 0.6577156186103821, 0.8841103911399841, 1.067510724067688, 0.6912299394607544, 2.348325490951538, 0.05049312114715576, 0.5691830515861511, 0.309431254863739, 0.09242208302021027, 1.057114839553833, 0.006814643740653992, 1.1729888916015625, 0.8411957621574402, 1.068623661994934, 0.18423964083194733, 0.7947385311126709, 0.05024731159210205, 1.3263318538665771]"
generate,"[17, 4, 5, 4, 11, 2, 8, 4]",34,"[1.0492420196533203, 0.0013431161642074585, 0.49709272384643555, 0.3935093879699707, 1.052520990371704, 0.009916767477989197, 0.36409255862236023, 0.3160444498062134, 1.0084569454193115, 1.0451397895812988, 0.5493112206459045, 0.729334831237793, 0.4121805429458618, 1.8314874172210693, 0.5611593723297119, 0.548093318939209, 1.6392109394073486, 0.3863988220691681, 1.5421714782714844, 0.2493850290775299, 0.17069709300994873, -0.01217338815331459, 1.4007248878479004, 0.9195763468742371, 0.6919378042221069, 0.28755345940589905, 0.7524467706680298, 0.05462288856506348, 1.0339347124099731, 0.3503643870353699, 0.561401903629303, 0.5420356392860413, 1.1562613248825073, 0.4146082103252411, 1.4982656240463257, 1.5541322231292725, 0.4868767559528351, 0.4774967432022095, 0.5457345843315125, 0.852806568145752, 0.4496118724346161, 0.9156854152679443, 1.9064722061157227, 1.543542504310608, 1.0716112852096558, 0.20049533247947693, 1.2323977947235107, 1.3223901987075806, 0.7556229829788208, 0.9565366506576538, 1.6890534162521362, 0.07279142737388611, 0.7414081692695618, 0.8344317078590393, 0.3173116147518158, 1.045546531677246, 0.0008373633027076721, 0.824478030204773, 0.8397694826126099, 1.4254752397537231, 0.2810307443141937, 0.7708099484443665, -0.008224930614233017, 0.9887481927871704]"
identify,"[6, 20, 4, 5, 8, 6, 22, 21]",34,"[0.5520171523094177, 0.17549942433834076, 0.6646478176116943, 0.19480496644973755, 0.9705581068992615, 0.7617369294166565, 0.39358454942703247, 0.7737694978713989, 1.0204538106918335, 0.6459290385246277, 1.113248348236084, 0.43204590678215027, 0.17333382368087769, 1.7684085369110107, 0.11073380708694458, 0.533700168132782, 0.6171127557754517, 1.2514548301696777, 0.8675997853279114, 0.32357311248779297, 0.2641076147556305, 0.012119680643081665, 0.3287390470504761, 0.4282972514629364, 0.4582080841064453, 0.31015199422836304, 1.1413545608520508, 0.25634464621543884, 1.2242027521133423, 0.21550355851650238, 0.5106739401817322, 0.23500601947307587, 0.7283347845077515, 0.2727758586406708, 0.4893878698348999, 0.7926841378211975, 0.3207513689994812, 1.050453782081604, 0.18523266911506653, 0.3638487160205841, 0.1923476606607437, 0.4494723677635193, 0.8914523124694824, 0.7246163487434387, 1.4107294082641602, 0.2232787013053894, 1.1891131401062012, 1.5104260444641113, 0.19482918083667755, 1.4462534189224243, 0.807115912437439, 0.5448732376098633, 0.29835793375968933, 0.6272064447402954, 0.3591134548187256, 0.6073046922683716, 0.21639381349086761, 0.4908480644226074, 0.8762636184692383, 1.1177749633789062, 0.4658563435077667, 0.1433541476726532, 0.08840523660182953, 0.4006330072879791]"
infer,"[6, 5, 22, 4, 11]",34,"[1.4124044179916382, 0.14375217258930206, 0.2553136944770813, 0.21469810605049133, 0.6319801807403564, 0.20838505029678345, 0.6422324180603027, 0.18128976225852966, 0.5108465552330017, 0.6624783277511597, 0.19445878267288208, 0.9235103130340576, 0.43435418605804443, 1.3253412246704102, 0.6524208188056946, 0.2038423717021942, 1.738264799118042, 0.2917103171348572, 1.8640804290771484, 0.26364076137542725, 0.11576741933822632, -0.045063331723213196, 1.502026081085205, 0.7001277208328247, 0.5596504211425781, 0.07559792697429657, 0.4842167794704437, 0.2608814835548401, 0.6724469661712646, 0.2032029926776886, 0.6166217923164368, 0.36459603905677795, 1.2921679019927979, 0.49125608801841736, 1.64444100856781, 1.7692461013793945, 0.1710786521434784, 0.3261871337890625, 0.30387991666793823, 1.0414419174194336, 0.23317061364650726, 1.1567723751068115, 2.275996446609497, 1.9524604082107544, 0.589759349822998, 0.02451987937092781, 0.7011237740516663, 0.937833845615387, 0.7366350889205933, 0.5323926210403442, 1.9765279293060303, 0.2472461462020874, 0.8622236847877502, 0.7337924838066101, 0.005740057677030563, 0.6580218076705933, 0.09463973343372345, 0.6709691882133484, 0.48605218529701233, 0.9102684855461121, 0.03654230386018753, 0.9940747022628784, 0.059246815741062164, 1.31910240650177]"
inform,"[6, 5, 22, 12, 11, 19]",34,"[1.0214446783065796, 0.10487747937440872, 0.38397830724716187, 0.3764176666736603, 0.8181445598602295, 0.14417065680027008, 0.5285248756408691, 0.32677388191223145, 0.7296602129936218, 0.9258490204811096, 0.21396103501319885, 0.5536565184593201, 0.25939130783081055, 1.226020336151123, 0.7211039066314697, 0.19490918517112732, 1.5380268096923828, 0.34503597021102905, 1.5418586730957031, 0.47946256399154663, 0.1298508644104004, 0.011501692235469818, 1.3888827562332153, 1.0167014598846436, 0.7823255658149719, 0.33386003971099854, 0.22539137303829193, 0.20026516914367676, 0.3988727927207947, 0.6760040521621704, 0.32550886273384094, 0.6252942085266113, 1.274308681488037, 0.5095241665840149, 1.4470075368881226, 1.3827083110809326, 0.5673531889915466, 0.14348319172859192, 0.738342821598053, 1.1255097389221191, 0.4969441890716553, 0.8231464624404907, 1.9979841709136963, 1.5986003875732422, 0.2669229507446289, 0.3141769766807556, 0.563981294631958, 0.650867223739624, 0.7959517240524292, 0.6028870344161987, 1.7744617462158203, 0.20562908053398132, 0.8006026744842529, 0.4802180528640747, 0.015446461737155914, 0.9431685209274292, 0.08895985782146454, 0.9381943941116333, 0.7459399700164795, 0.9164612293243408, 0.2172831892967224, 0.9004570245742798, 0.06505323946475983, 0.9458500146865845]"
interpret,"[6, 5, 8, 4, 11, 3, 11, 4, 8]",34,"[0.8423545956611633, 0.01059858500957489, 0.6777693629264832, 0.3501013517379761, 1.167191743850708, 0.044878944754600525, 0.17882207036018372, 0.4175320863723755, 1.024566650390625, 1.1666715145111084, 0.6082770228385925, 0.8174221515655518, 0.4407809376716614, 1.9938757419586182, 0.48536747694015503, 0.5803864598274231, 1.3076144456863403, 0.5245156288146973, 1.1512994766235352, 0.19427132606506348, 0.08753566443920135, -0.008780891075730324, 1.3852269649505615, 0.9753482937812805, 0.5435000658035278, 0.3903045654296875, 0.7912651300430298, 0.059166982769966125, 1.0887540578842163, 0.46839651465415955, 0.6601229310035706, 0.48629534244537354, 0.8446314334869385, 0.2091156542301178, 1.2666574716567993, 1.1382269859313965, 0.5259363651275635, 0.4648585319519043, 0.6603896021842957, 0.9069396257400513, 0.3101452589035034, 1.0995103120803833, 1.4909275770187378, 1.244598150253296, 1.0817080736160278, 0.31182223558425903, 1.2977490425109863, 1.3958332538604736, 0.5916786193847656, 1.0317187309265137, 1.3024029731750488, 0.10373565554618835, 0.8976441621780396, 0.9555969834327698, 0.3065411448478699, 1.1182966232299805, 0.023208551108837128, 0.7941930294036865, 0.9621720314025879, 1.5382192134857178, 0.38501042127609253, 0.8257880806922913, 0.0215613953769207, 0.7447839975357056]"
introduce,"[6, 5, 8, 11, 12, 20, 13, 18, 4]",34,"[1.2320897579193115, -0.024110645055770874, 0.19897404313087463, 0.653458297252655, 0.7297484278678894, 0.3855862021446228, 0.729503333568573, 0.5466261506080627, 1.0557968616485596, 0.7055323719978333, 0.7763258218765259, 0.024508759379386902, 0.026198752224445343, 1.301405906677246, 0.539892315864563, 0.294217973947525, 1.6251630783081055, 0.7708097696304321, 1.9090135097503662, 0.5806214809417725, 0.5375648736953735, 0.11782201379537582, 0.8736915588378906, 0.783252477645874, 1.0696113109588623, 0.07543758302927017, 0.39659467339515686, -0.057379454374313354, 0.5544797778129578, 0.4296035170555115, 0.0610310360789299, 0.5924949645996094, 1.6657545566558838, 0.5965615510940552, 1.3552039861679077, 1.8401856422424316, 0.4697682559490204, 0.5615115165710449, 0.42173027992248535, 0.5072704553604126, 0.6103251576423645, 0.24104274809360504, 2.194063425064087, 1.8823049068450928, 0.493987113237381, 0.16871170699596405, 0.6314484477043152, 0.9241201877593994, 0.8598353862762451, 0.7188904285430908, 1.903364896774292, 0.12231843173503876, 0.12612470984458923, 0.0670323297381401, 0.20791488885879517, 0.7254894375801086, 0.019737012684345245, 0.9612999558448792, 0.6951026320457458, 0.7837274074554443, 0.21694938838481903, 0.3484593331813812, 0.13353435695171356, 1.1472798585891724]"
investigate,"[6, 5, 28, 4, 7, 8, 6, 17, 2, 8, 4]",34,"[0.42721855640411377, -0.02090047299861908, 0.7998391389846802, 0.5370712280273438, 1.2618237733840942, -0.0013793259859085083, 0.08941730111837387, 0.5987792611122131, 1.1620784997940063, 1.3685756921768188, 0.7533099055290222, 0.21895742416381836, 0.2097853422164917, 1.5432953834533691, 0.4850471615791321, 0.7232337594032288, 0.9258201122283936, 0.5172773599624634, 0.7685484886169434, 0.3041578531265259, 0.22163528203964233, 0.062178418040275574, 1.0864224433898926, 1.1503088474273682, 0.649370551109314, 0.7704687118530273, 0.5065785646438599, 0.018969237804412842, 0.6547377705574036, 1.002119779586792, 0.25780367851257324, 0.8135926723480225, 0.7087761163711548, 0.26030200719833374, 0.7958707213401794, 0.6829781532287598, 0.9935246706008911, 0.17131589353084564, 1.1907416582107544, 0.7300983667373657, 0.6928410530090332, 0.5105979442596436, 0.9870281219482422, 0.6827663779258728, 0.7027409076690674, 0.6803967952728271, 0.9795272946357727, 0.9146711826324463, 0.592017650604248, 0.9788838624954224, 0.8494061231613159, 0.004126131534576416, 0.758233368396759, 0.5691894888877869, 0.5036510825157166, 1.3036586046218872, 0.013278551399707794, 0.8768736124038696, 1.1498026847839355, 1.3495137691497803, 0.6692085862159729, 0.5499969124794006, 0.026304371654987335, 0.33277642726898193]"
judge,"[23, 13, 20, 17, 4]",34,"[0.5579346418380737, -0.006761446595191956, 0.8557301759719849, 0.202467143535614, 1.2031409740447998, 0.4038136601448059, 0.311019629240036, 0.7480947375297546, 1.1402825117111206, 0.8764150738716125, 1.1710381507873535, 0.5257520079612732, 0.3399578332901001, 1.9245576858520508, 0.04047103971242905, 0.8238023519515991, 0.6202235817909241, 1.060401201248169, 0.7900701761245728, 0.16727933287620544, 0.21233710646629333, -0.001229654997587204, 0.49605831503868103, 0.5384754538536072, 0.32775014638900757, 0.5133103728294373, 1.3225269317626953, 0.010839715600013733, 1.4613347053527832, 0.18159885704517365, 0.6228454113006592, 0.253916472196579, 0.6706185340881348, 0.2007053941488266, 0.4882655441761017, 0.8793540596961975, 0.4185771942138672, 0.9219445586204529, 0.339070588350296, 0.25537750124931335, 0.1479371190071106, 0.5863933563232422, 0.8978111743927002, 0.7271826863288879, 1.6786491870880127, 0.30148154497146606, 1.532466173171997, 1.6853423118591309, 0.24852363765239716, 1.5820907354354858, 0.8047664761543274, 0.2701459527015686, 0.47985705733299255, 0.907087504863739, 0.6104352474212646, 0.768133819103241, 0.06450711190700531, 0.4418622553348541, 1.0086517333984375, 1.4173129796981812, 0.5903826951980591, 0.2356184870004654, 0.07161418348550797, 0.46300962567329407]"
locate,"[14, 12, 18, 2, 8, 4]",34,"[0.6292353272438049, -0.006172314286231995, 0.6410224437713623, 0.4054165482521057, 1.131070852279663, 0.21126553416252136, 0.14829698204994202, 0.5486024022102356, 1.1391271352767944, 1.0855183601379395, 0.8306352496147156, 0.5792042016983032, 0.2889319062232971, 1.8836376667022705, 0.3409286141395569, 0.6107603311538696, 1.0407586097717285, 0.6781375408172607, 0.9531020522117615, 0.25342488288879395, 0.22860193252563477, 0.01959501951932907, 0.9375713467597961, 0.8554959893226624, 0.5993872284889221, 0.3201243281364441, 0.8704667091369629, 0.024442896246910095, 1.083696722984314, 0.3753669559955597, 0.4853890538215637, 0.4774533212184906, 0.7664431929588318, 0.22063852846622467, 0.9354917407035828, 0.9204525947570801, 0.495881050825119, 0.5840166807174683, 0.5535938739776611, 0.6796567440032959, 0.3395838439464569, 0.7615405917167664, 1.1216340065002441, 0.8947185277938843, 1.1857603788375854, 0.26924240589141846, 1.2657079696655273, 1.3985934257507324, 0.4540683329105377, 1.1194837093353271, 1.0129623413085938, 0.13028886914253235, 0.5437729954719543, 0.7176060676574707, 0.36267250776290894, 1.045210361480713, 0.02874230593442917, 0.7632015347480774, 0.9713574051856995, 1.4454052448272705, 0.42545264959335327, 0.48786666989326477, 0.020576775074005127, 0.4703340232372284]"
meaningful,"[19, 4, 2, 5, 6, 5, 17, 22, 13, 14]",34,"[0.6657418608665466, -0.014312520623207092, 1.2528259754180908, -0.03786057233810425, 0.869188666343689, 0.07454730570316315, 0.22001075744628906, 0.3168463706970215, 0.4477134943008423, 0.7901475429534912, 0.48259642720222473, 1.059958577156067, 0.7763426303863525, 1.318986177444458, 0.2717328667640686, 1.1974153518676758, 0.7532604932785034, 0.42785847187042236, 0.846306324005127, 0.044290073215961456, 0.009692579507827759, 0.010125722736120224, 1.2221554517745972, 0.5184617638587952, 0.039439089596271515, 1.1377753019332886, 0.965900182723999, 0.020211905241012573, 1.0848544836044312, 0.7092235684394836, 1.0616377592086792, 0.3305526375770569, 0.5381172895431519, 0.0979527086019516, 0.6409172415733337, 0.861298143863678, 0.4893849194049835, 0.3810756802558899, 0.8191595077514648, 0.3889541029930115, 0.30410879850387573, 1.156296730041504, 0.99986732006073, 0.9614524245262146, 1.321378469467163, 0.6365680694580078, 1.1988199949264526, 1.2304164171218872, 0.4668055474758148, 1.0973986387252808, 0.8521910905838013, 0.13430286943912506, 1.596136450767517, 1.4817259311676025, 0.7650784850120544, 0.7191444039344788, 0.0005500689148902893, 0.2781648635864258, 0.7232115864753723, 1.2869181632995605, 0.6304630041122437, 1.0763808488845825, 0.07528860121965408, 0.6092334985733032]"
paraphrase,"[3, 2, 11, 2, 3, 9, 11, 2, 7, 4]",34,"[0.9640808701515198, -0.026469305157661438, 0.6074461936950684, 0.6215511560440063, 1.1626890897750854, -0.08210034668445587, 0.30290067195892334, 0.432175874710083, 1.0784953832626343, 1.295758605003357, 0.6664920449256897, 0.4700755774974823, 0.2945954203605652, 1.6897785663604736, 0.7149088382720947, 0.6182435154914856, 1.5605913400650024, 0.40665045380592346, 1.4644808769226074, 0.3571094274520874, 0.23751530051231384, 0.01854821667075157, 1.5765630006790161, 1.1809026002883911, 0.7918164134025574, 0.5628312230110168, 0.4585747718811035, -0.026023775339126587, 0.718079686164856, 0.8668532967567444, 0.3751518726348877, 0.7760352492332458, 1.1482813358306885, 0.37912771105766296, 1.4386770725250244, 1.3456556797027588, 0.8393478393554688, 0.18361124396324158, 1.0435354709625244, 0.942080020904541, 0.7258889675140381, 0.803126335144043, 1.8408727645874023, 1.6040008068084717, 0.6380927562713623, 0.5214344263076782, 0.98716139793396, 0.9617747664451599, 0.8911834955215454, 0.8623374700546265, 1.612897515296936, -0.06581178307533264, 0.9432751536369324, 0.6626157164573669, 0.3953263759613037, 1.2820312976837158, -0.032518208026885986, 0.9719178676605225, 1.0363011360168457, 1.3674544095993042, 0.44660595059394836, 0.8859380483627319, 0.02683587744832039, 0.8911809921264648]"
persuade,"[3, 4, 11, 7, 13, 2, 20, 4]",34,"[0.9821503162384033, 0.004878491163253784, 0.6276261806488037, 0.5102127194404602, 1.2296043634414673, 0.07834379374980927, 0.27424442768096924, 0.43700408935546875, 1.167423129081726, 1.2605665922164917, 0.6899127960205078, 0.7883673906326294, 0.42477720975875854, 2.112177610397339, 0.6941750645637512, 0.508791983127594, 1.623762845993042, 0.5468064546585083, 1.408980369567871, 0.3912729024887085, 0.16098645329475403, -0.0253976471722126, 1.6124687194824219, 1.1238598823547363, 0.795855700969696, 0.3776486814022064, 0.7318949699401855, 0.007684797048568726, 1.0655196905136108, 0.6836037039756775, 0.6616498231887817, 0.6349785327911377, 1.0918169021606445, 0.36971795558929443, 1.5041477680206299, 1.315610408782959, 0.6389654278755188, 0.42464375495910645, 0.8068479299545288, 1.1066597700119019, 0.5278063416481018, 1.133736252784729, 1.8381421566009521, 1.543981909751892, 1.0229517221450806, 0.31498754024505615, 1.27299165725708, 1.3901578187942505, 0.8128949403762817, 1.08291494846344, 1.6857273578643799, 0.05206054449081421, 1.0212323665618896, 0.9282136559486389, 0.2389797568321228, 1.2400625944137573, -0.004167892038822174, 1.0401136875152588, 1.0919722318649292, 1.6332998275756836, 0.3597192168235779, 0.9573025107383728, 0.016412895172834396, 0.8363059759140015]"
prediction,"[3, 11, 4, 20, 6, 18, 8, 6, 12, 5]",34,"[0.456765353679657, 0.002970963716506958, 0.8685385584831238, 0.43296512961387634, 1.3809651136398315, 0.2830984592437744, 0.27214598655700684, 0.8189465999603271, 1.2986968755722046, 1.3051049709320068, 0.9901382327079773, 0.20455536246299744, 0.12504395842552185, 1.7049806118011475, 0.3470836579799652, 0.6698248386383057, 0.7824884653091431, 0.9329443573951721, 0.8047271966934204, 0.3837081789970398, 0.24909929931163788, 0.05773380398750305, 0.778799295425415, 1.0734323263168335, 0.6176756620407104, 0.683096170425415, 0.6780623197555542, 0.023235246539115906, 0.7853341102600098, 0.8807156682014465, 0.2104727327823639, 0.6773136258125305, 0.7878205180168152, 0.2321508526802063, 0.6126661896705627, 0.7018468379974365, 0.8922266364097595, 0.48793089389801025, 1.0111634731292725, 0.6979312896728516, 0.49374324083328247, 0.44938552379608154, 0.9178636074066162, 0.669209361076355, 0.936927080154419, 0.6717127561569214, 1.0607414245605469, 1.1242787837982178, 0.4597975015640259, 1.3004019260406494, 0.8585714101791382, 0.18769286572933197, 0.578086793422699, 0.538233757019043, 0.4407033324241638, 1.2089118957519531, 0.08181766420602798, 0.8477781414985657, 1.2776496410369873, 1.3411719799041748, 0.7254735231399536, 0.3500896990299225, 0.088108129799366, 0.2895950973033905]"
publish,"[3, 13, 10, 14, 6, 7, 9]",34,"[1.6050561666488647, 0.04227040708065033, 0.14511361718177795, 0.2781407833099365, 0.3709389269351959, 0.39214083552360535, 0.9771973490715027, 0.3426937460899353, 0.42777857184410095, 0.2773568630218506, 0.28835299611091614, 0.3241547644138336, 0.2164110243320465, 0.6183619499206543, 0.6609245538711548, 0.29277360439300537, 1.8196016550064087, 0.4797903895378113, 2.4661567211151123, 0.5080451965332031, 0.4344221353530884, 0.015385288745164871, 1.162779450416565, 0.46495959162712097, 0.7603272199630737, 0.18239369988441467, 0.33623820543289185, 0.15431594848632812, 0.3071630001068115, 0.2617681622505188, 0.095075324177742, 0.5739414691925049, 1.9641327857971191, 0.7015019059181213, 1.663726568222046, 2.40307879447937, 0.27584564685821533, 0.4540088176727295, 0.3205548822879791, 0.5268229246139526, 0.6603848934173584, 0.37556374073028564, 2.7877986431121826, 2.490654706954956, 0.24135452508926392, 0.08398477733135223, 0.22958379983901978, 0.4312700033187866, 1.0806677341461182, 0.3077113628387451, 2.3388752937316895, 0.2620585560798645, 0.4457942247390747, 0.27604758739471436, 0.23691874742507935, 0.3229955732822418, 0.11170769482851028, 0.6218022704124451, 0.319637656211853, 0.2573777735233307, 0.08894524723291397, 0.7805135250091553, 0.1673998087644577, 1.6287729740142822]"
purpose,"[3, 13, 11, 3, 12, 7, 4]",34,"[1.4867011308670044, -0.007094591856002808, 0.2870081067085266, 0.6804432272911072, 1.021764874458313, -0.08885373175144196, 0.5347358584403992, 0.25781768560409546, 1.0775564908981323, 1.3157390356063843, 0.32722368836402893, 0.6979866027832031, 0.34751957654953003, 1.8612940311431885, 1.0845086574554443, 0.20456117391586304, 2.3957228660583496, 0.2565147578716278, 2.167900323867798, 0.5402344465255737, 0.18301953375339508, 0.0013689380139112473, 2.096633195877075, 1.3833072185516357, 1.1375164985656738, 0.1884082555770874, 0.2341616302728653, 0.07251307368278503, 0.628654420375824, 0.7316513061523438, 0.4911448359489441, 0.8541305065155029, 1.7337863445281982, 0.6884832382202148, 2.242846965789795, 2.0367228984832764, 0.7154840230941772, 0.12522438168525696, 0.8522350788116455, 1.5221097469329834, 0.7578012943267822, 1.1618460416793823, 2.889127492904663, 2.3781344890594482, 0.41605013608932495, 0.21996372938156128, 0.84605473279953, 0.9474233388900757, 1.184390664100647, 0.6703231334686279, 2.483637571334839, -0.010974854230880737, 1.0258804559707642, 0.6209481358528137, -0.016178052872419357, 1.3008829355239868, -0.020053818821907043, 1.3582327365875244, 0.9283053874969482, 1.3941352367401123, 0.14551220834255219, 1.2179033756256104, 0.017725083976984024, 1.3954468965530396]"
reference,"[11, 4, 22, 4, 11, 4, 5, 18, 4]",34,"[1.7070295810699463, -0.013968750834465027, 0.0014415085315704346, 0.5703332424163818, 0.5122600197792053, 0.383868008852005, 0.8998373746871948, 0.3229491710662842, 0.8040623664855957, 0.5043017864227295, 0.558079183101654, 0.27661365270614624, 0.21781958639621735, 1.1811182498931885, 0.6289339065551758, 0.24675306677818298, 2.092031478881836, 0.5183091163635254, 2.545563220977783, 0.5440455079078674, 0.6012095808982849, 0.09821977466344833, 1.2184451818466187, 0.6491993069648743, 1.1022214889526367, -0.13644754886627197, 0.43806886672973633, -0.010789096355438232, 0.6750909686088562, 0.11617222428321838, 0.14610813558101654, 0.5556401014328003, 2.003804922103882, 0.7143732905387878, 1.8562926054000854, 2.613050937652588, 0.2189909815788269, 0.6372442841529846, 0.19720041751861572, 0.5446605086326599, 0.5998478531837463, 0.44899898767471313, 2.9190144538879395, 2.4573657512664795, 0.5862643718719482, -0.10466758906841278, 0.5965163111686707, 0.9313240051269531, 1.0636193752288818, 0.47841712832450867, 2.514056444168091, 0.11713628470897675, 0.21316444873809814, 0.25817161798477173, 0.19900858402252197, 0.5252133011817932, 0.0212537944316864, 0.9134308099746704, 0.44075438380241394, 0.6803506016731262, -0.020716900005936623, 0.6003159880638123, 0.11249075829982758, 1.6562288999557495]"
relevant,"[11, 4, 14, 4, 28, 2, 5, 8]",34,"[0.9390012621879578, -0.009000808000564575, 0.9242328405380249, 0.312666654586792, 1.1866532564163208, -0.13855864107608795, 0.10327152162790298, 0.2466290295124054, 0.9395692944526672, 1.2783292531967163, 0.46290096640586853, 1.2689069509506226, 0.7258620858192444, 2.2017717361450195, 0.5574851036071777, 0.8765032887458801, 1.5109906196594238, 0.2638356685638428, 1.2175995111465454, 0.11401862651109695, 0.06285391002893448, -0.005095016211271286, 1.7781645059585571, 1.0259838104248047, 0.5262052416801453, 0.6302040815353394, 0.8938244581222534, 0.055158182978630066, 1.319583773612976, 0.5819664001464844, 1.0982563495635986, 0.4798934757709503, 0.807868480682373, 0.17974480986595154, 1.4403003454208374, 1.1847243309020996, 0.5174397230148315, 0.35190391540527344, 0.7826333045959473, 1.0544942617416382, 0.32083195447921753, 1.5590968132019043, 1.5789158344268799, 1.3048527240753174, 1.3701047897338867, 0.32697874307632446, 1.6010808944702148, 1.608241081237793, 0.6160982847213745, 1.1071871519088745, 1.3857407569885254, 0.006628632545471191, 1.444225549697876, 1.4380782842636108, 0.42891982197761536, 1.2991390228271484, -0.05232289433479309, 0.8104034662246704, 0.9997746348381042, 1.8819897174835205, 0.4235285222530365, 1.1991358995437622, -0.02229587361216545, 0.8081480264663696]"
reliable,"[11, 4, 14, 6, 2, 10, 14, 4]",34,"[1.3711901903152466, -0.11118608713150024, 0.1015913262963295, 0.7383291125297546, 0.8489267230033875, 0.04973690211772919, 0.5451503396034241, 0.40360623598098755, 1.1583929061889648, 0.9546311497688293, 0.6561256051063538, 0.11058938503265381, 0.109583280980587, 1.3807258605957031, 0.7367590665817261, 0.42109236121177673, 2.091386318206787, 0.3768715262413025, 2.2193102836608887, 0.5037566423416138, 0.4910081624984741, 0.06273342669010162, 1.3838119506835938, 1.047126293182373, 1.1348114013671875, 0.15209293365478516, 0.3453764319419861, -0.10982745885848999, 0.5750029683113098, 0.4585505425930023, 0.00636647641658783, 0.8616334199905396, 1.8427023887634277, 0.6735681295394897, 1.851354956626892, 2.21134614944458, 0.715160071849823, 0.3608115315437317, 0.6595564484596252, 0.6668534278869629, 0.9597474336624146, 0.3218652606010437, 2.6375365257263184, 2.1802515983581543, 0.4972836673259735, 0.19779042899608612, 0.7808755040168762, 0.8968521952629089, 1.1922193765640259, 0.6402875185012817, 2.233712911605835, -0.09472596645355225, 0.2918891906738281, 0.1769535392522812, 0.3402740955352783, 1.000238060951233, -0.071648970246315, 1.1628755331039429, 0.7512401938438416, 0.983152449131012, 0.19391337037086487, 0.5936039090156555, 0.03284509479999542, 1.344528079032898]"
represent,"[11, 4, 3, 11, 4, 7, 4, 5, 8]",34,"[0.6256992816925049, 0.0012548714876174927, 0.8319724202156067, 0.3890599310398102, 1.360819697380066, 0.010911568999290466, 0.14644888043403625, 0.5528165698051453, 1.1399848461151123, 1.3597979545593262, 0.7116888761520386, 0.6898694038391113, 0.3757481575012207, 1.9952669143676758, 0.4415436387062073, 0.635298490524292, 1.0668398141860962, 0.572259783744812, 0.8892249464988708, 0.22871387004852295, 0.10780132561922073, 0.011006839573383331, 1.2732865810394287, 1.1221200227737427, 0.5445238947868347, 0.5824219584465027, 0.754738450050354, 0.06642380356788635, 1.024409294128418, 0.6985270977020264, 0.601693332195282, 0.5666833519935608, 0.7138419151306152, 0.19627636671066284, 1.0139210224151611, 0.8337238430976868, 0.7207397818565369, 0.3337605595588684, 0.9152611494064331, 0.9473000764846802, 0.3416856825351715, 1.0018017292022705, 1.1964757442474365, 0.9098976254463196, 1.0396764278411865, 0.49293848872184753, 1.3228871822357178, 1.307171106338501, 0.49239450693130493, 1.1805593967437744, 1.0558996200561523, 0.08847060799598694, 0.9195513725280762, 0.9135797023773193, 0.36118030548095703, 1.2992645502090454, 0.027233511209487915, 0.8313304781913757, 1.173513412475586, 1.606296420097351, 0.5515921115875244, 0.7370290756225586, 0.025167107582092285, 0.5182842016220093]"
result,"[11, 4, 7, 13, 14, 8]",34,"[1.7664178609848022, -0.005923733115196228, 0.301242470741272, 0.20108801126480103, 0.3966086804866791, 0.0174933522939682, 0.8725911974906921, 0.01140587031841278, 0.22812920808792114, 0.5018038153648376, 0.01920112408697605, 0.8861720561981201, 0.5577954053878784, 0.8173216581344604, 0.858447790145874, 0.49189385771751404, 2.2628250122070312, 0.036391615867614746, 2.485307216644287, 0.36801421642303467, 0.20246364176273346, -0.04359328746795654, 1.8215399980545044, 0.5652726888656616, 0.6365717053413391, 0.3146340548992157, 0.29218992590904236, 0.04749535024166107, 0.44646739959716797, 0.41073140501976013, 0.5948463678359985, 0.6177570223808289, 1.8288557529449463, 0.6609269380569458, 2.0016870498657227, 2.522556781768799, 0.23681959509849548, 0.2828734815120697, 0.4626568853855133, 0.888412356376648, 0.5743059515953064, 1.0259344577789307, 3.005774736404419, 2.7131621837615967, 0.3711131811141968, 0.10012295842170715, 0.4253373146057129, 0.6289339065551758, 1.2343307733535767, 0.2234855741262436, 2.620375394821167, 0.04104727506637573, 1.101986050605774, 0.8001089096069336, 0.1605011224746704, 0.4998975396156311, -0.0009531304240226746, 0.6454229950904846, 0.2716958522796631, 0.6659166812896729, 0.04332315921783447, 1.3338656425476074, 0.09381045401096344, 1.8101766109466553]"
retell,"[11, 4, 8, 4, 14, 14]",34,"[0.6243806481361389, 0.07195409387350082, 0.6439803242683411, 0.19026702642440796, 1.1756151914596558, 0.3113951086997986, 0.18718673288822174, 0.6095349788665771, 1.0716890096664429, 0.989984929561615, 0.8487869501113892, 0.7065594792366028, 0.33386677503585815, 1.9303500652313232, 0.1635482907295227, 0.6276926398277283, 0.8474617004394531, 0.7885429859161377, 0.8603496551513672, 0.08386355638504028, 0.05962624028325081, -0.03488457202911377, 0.7614943981170654, 0.6979643702507019, 0.3128455877304077, 0.2966708838939667, 1.0876349210739136, 0.13539408147335052, 1.3217699527740479, 0.12243956327438354, 0.5755267143249512, 0.29871129989624023, 0.5867313146591187, 0.1607648730278015, 0.7805233597755432, 0.923160970211029, 0.4014168381690979, 0.7447977662086487, 0.38268333673477173, 0.5506607890129089, 0.11544924974441528, 0.8451571464538574, 1.007315754890442, 0.7251611948013306, 1.4352242946624756, 0.22040396928787231, 1.4505654573440552, 1.5851759910583496, 0.3085812032222748, 1.332102656364441, 0.8866227865219116, 0.29688310623168945, 0.48162755370140076, 0.8418285846710205, 0.3965921103954315, 0.8948582410812378, 0.08746493607759476, 0.5547898411750793, 0.9349313974380493, 1.4351470470428467, 0.4370357394218445, 0.3814244568347931, 0.012276247143745422, 0.549628734588623]"
revise,"[11, 4, 28, 6, 7, 4]",34,"[1.1525001525878906, 0.01098872721195221, 0.5773430466651917, 0.18619179725646973, 0.6975558996200562, 0.16763004660606384, 0.48707830905914307, 0.20367324352264404, 0.6650022268295288, 0.6347405314445496, 0.4107128083705902, 1.0150104761123657, 0.6011747717857361, 1.661130428314209, 0.49146461486816406, 0.6253206729888916, 1.588965654373169, 0.4112972319126129, 1.6354820728302002, 0.26683419942855835, 0.2056286334991455, -0.025883570313453674, 1.3836631774902344, 0.5563610196113586, 0.5728671550750732, 0.31590041518211365, 0.878682017326355, 0.057763442397117615, 1.16085946559906, 0.2318074107170105, 0.895057201385498, 0.31798607110977173, 1.1736059188842773, 0.3753305971622467, 1.4245080947875977, 1.6383156776428223, 0.1519833505153656, 0.6166768074035645, 0.2484259009361267, 0.7094587087631226, 0.28753232955932617, 1.1546268463134766, 1.90452241897583, 1.6936473846435547, 1.201781153678894, 0.04252442717552185, 1.2109025716781616, 1.4090644121170044, 0.6862970590591431, 0.9082303047180176, 1.6961442232131958, 0.16595017910003662, 0.962292492389679, 1.070582628250122, 0.31833070516586304, 0.7049394845962524, -0.004762612283229828, 0.5908374786376953, 0.5622608065605164, 1.3002897500991821, 0.1977490335702896, 0.9556566476821899, 0.03811342269182205, 1.097398042678833]"
sequence,"[7, 4, 24, 13, 4, 5, 18, 4]",34,"[1.2051745653152466, -0.024783208966255188, 0.13213768601417542, 0.54397052526474, 0.6189296245574951, 0.5559509992599487, 0.5747804045677185, 0.5388039350509644, 1.0290952920913696, 0.5171588063240051, 0.8673179149627686, 0.22750011086463928, 0.17656676471233368, 1.4315245151519775, 0.3018202781677246, 0.3117538094520569, 1.4334956407546997, 0.8498654365539551, 1.900515079498291, 0.510721743106842, 0.652721107006073, 0.1295279860496521, 0.7163740992546082, 0.49675503373146057, 0.9930585622787476, -0.09926175326108932, 0.7589044570922852, -0.010982155799865723, 0.9949809908866882, -0.051388826221227646, 0.19111871719360352, 0.3957008123397827, 1.5301408767700195, 0.47387343645095825, 1.292838454246521, 1.9054477214813232, 0.15756824612617493, 0.897632896900177, 0.05570996180176735, 0.34564346075057983, 0.41389763355255127, 0.28653064370155334, 2.046100378036499, 1.6737842559814453, 0.9783117771148682, -0.13306790590286255, 0.8580760955810547, 1.203749179840088, 0.652096152305603, 0.7543513774871826, 1.7380973100662231, 0.18105895817279816, -0.028718378394842148, 0.2844162583351135, 0.2976788282394409, 0.581356942653656, 0.05000614374876022, 0.8069966435432434, 0.5710077881813049, 0.8308908939361572, 0.07429514825344086, 0.2692810297012329, 0.09377668052911758, 1.0642298460006714]"
source,"[7, 12, 13, 11, 18, 4]",34,"[0.967616081237793, 0.019539549946784973, 0.5489800572395325, 0.3414838910102844, 0.8199326992034912, 0.40858402848243713, 0.4494195878505707, 0.4959539771080017, 0.8678308129310608, 0.7121496200561523, 0.8295760154724121, 0.594561755657196, 0.369174599647522, 1.6417601108551025, 0.327823281288147, 0.5733488202095032, 1.1812043190002441, 0.7490025758743286, 1.3718922138214111, 0.32696259021759033, 0.3640921413898468, 0.03723832964897156, 0.9582717418670654, 0.581574022769928, 0.6210958957672119, 0.23160287737846375, 0.9252705574035645, 0.020483747124671936, 1.1237651109695435, 0.26220938563346863, 0.5729802250862122, 0.37448906898498535, 1.0262246131896973, 0.30813682079315186, 1.0349645614624023, 1.3846514225006104, 0.25568294525146484, 0.7685235142707825, 0.3105487525463104, 0.5171070098876953, 0.29033538699150085, 0.7444366216659546, 1.516472339630127, 1.3391879796981812, 1.1743788719177246, 0.10855403542518616, 1.0807217359542847, 1.393134355545044, 0.5366625785827637, 1.017066240310669, 1.40410578250885, 0.1836913377046585, 0.5700873136520386, 0.7334173321723938, 0.37149327993392944, 0.7074959874153137, 0.04553370922803879, 0.6089721322059631, 0.7277110815048218, 1.197173833847046, 0.30706456303596497, 0.5766127109527588, 0.07001464813947678, 0.823501706123352]"
summarize,"[7, 13, 19, 19, 2, 11, 6, 15, 4]",34,"[0.42100512981414795, -0.0033650249242782593, 1.0118550062179565, 0.8386455774307251, 1.9073774814605713, 0.04926842451095581, 0.1520060896873474, 0.9301928281784058, 1.766480803489685, 2.0355920791625977, 1.2444952726364136, 0.08510181307792664, 0.07721523195505142, 2.2663826942443848, 0.5654836297035217, 0.7708426117897034, 0.9769525527954102, 0.8688593506813049, 0.6889766454696655, 0.4244875907897949, 0.221867635846138, 0.09857786446809769, 1.1765813827514648, 1.7016183137893677, 0.9011021256446838, 0.8481925129890442, 0.5883944034576416, -0.028408825397491455, 0.8676703572273254, 1.3410508632659912, 0.20821593701839447, 0.982665479183197, 0.7449995875358582, 0.32048892974853516, 0.8427332043647766, 0.5985715389251709, 1.4106661081314087, 0.19332335889339447, 1.6355012655258179, 1.0640695095062256, 0.7117844820022583, 0.6134037971496582, 1.02300226688385, 0.592861533164978, 0.9375804662704468, 0.9667037129402161, 1.3848631381988525, 1.2159143686294556, 0.5848442316055298, 1.5958740711212158, 0.9353005290031433, 0.019274652004241943, 0.7854334712028503, 0.5731027722358704, 0.5475515127182007, 1.8514171838760376, 0.017987176775932312, 1.2617696523666382, 1.796636700630188, 1.904221773147583, 0.934640645980835, 0.4336621165275574, 0.015974566340446472, 0.23703092336654663]"
support,"[7, 13, 3, 3, 12, 11, 8]",34,"[0.5514727830886841, 0.0009194463491439819, 0.8068857789039612, 0.6617037653923035, 1.538619041442871, 0.02645815908908844, 0.12409619241952896, 0.6631969809532166, 1.3973902463912964, 1.7139718532562256, 0.6947333216667175, 0.4165133833885193, 0.20747800171375275, 1.9980814456939697, 0.7263331413269043, 0.4493899345397949, 1.2328534126281738, 0.6205438375473022, 0.8950685262680054, 0.5187551975250244, 0.11244620382785797, 0.05689966678619385, 1.4540424346923828, 1.5506887435913086, 0.8891587853431702, 0.6632131338119507, 0.3529495596885681, 0.07368884980678558, 0.6518228054046631, 1.2138029336929321, 0.34625154733657837, 0.8905590176582336, 0.8796862363815308, 0.37508654594421387, 1.1729655265808105, 0.7088708877563477, 1.1207503080368042, 0.057472750544548035, 1.3952471017837524, 1.3252828121185303, 0.6836639046669006, 0.8894658088684082, 1.3700487613677979, 0.8948242664337158, 0.5749845504760742, 0.7604951858520508, 1.014244794845581, 1.001628041267395, 0.7024158239364624, 1.1388580799102783, 1.2012385129928589, 0.08113649487495422, 0.9710249900817871, 0.6439390182495117, 0.19182121753692627, 1.5898569822311401, 0.05002591758966446, 1.2711526155471802, 1.4197139739990234, 1.5880228281021118, 0.625665009021759, 0.8121777772903442, 0.016635380685329437, 0.3634369969367981]"
symbol,"[7, 21, 19, 10, 12, 14]",34,"[1.3777292966842651, -0.015947282314300537, 0.2517004907131195, 0.35178741812705994, 0.5802234411239624, 0.37725400924682617, 0.7559987902641296, 0.47936248779296875, 0.8143532872200012, 0.5158674120903015, 0.5943692326545715, 0.348104327917099, 0.20413757860660553, 1.0751702785491943, 0.5290477871894836, 0.47255828976631165, 1.6972373723983765, 0.675972580909729, 2.085895299911499, 0.40368038415908813, 0.34443992376327515, 0.01648164913058281, 1.042271375656128, 0.5410422682762146, 0.7149982452392578, 0.2305527925491333, 0.5355260372161865, 0.011586636304855347, 0.6508532762527466, 0.25207972526550293, 0.1996936947107315, 0.5365085005760193, 1.6255123615264893, 0.557837963104248, 1.459865689277649, 2.082148790359497, 0.39027583599090576, 0.619369626045227, 0.34020042419433594, 0.4515148401260376, 0.5933734774589539, 0.39427727460861206, 2.322774887084961, 2.1083178520202637, 0.6409122943878174, 0.18404725193977356, 0.6716032028198242, 0.8867502808570862, 0.9222191572189331, 0.7126795053482056, 1.9996864795684814, 0.18895284831523895, 0.34699028730392456, 0.3750091791152954, 0.33070263266563416, 0.5445775389671326, 0.03561309725046158, 0.6694550514221191, 0.5333929657936096, 0.6551111936569214, 0.20817135274410248, 0.6048407554626465, 0.09645827114582062, 1.3470532894134521]"
topic,"[8, 12, 3, 6, 18]",34,"[1.2078559398651123, 0.010666221380233765, 0.2766260802745819, 0.5499820709228516, 0.7058895826339722, 0.6265900135040283, 0.621029794216156, 0.5527922511100769, 0.900503933429718, 0.6406201720237732, 0.6742931008338928, 0.36346718668937683, 0.14520803093910217, 1.366537094116211, 0.5541883707046509, 0.1994360387325287, 1.4896162748336792, 0.8842297792434692, 1.7726614475250244, 0.6885993480682373, 0.5399904847145081, 0.11884524673223495, 0.9094827175140381, 0.7168498635292053, 1.0136182308197021, 0.08501781523227692, 0.45015525817871094, 0.049984678626060486, 0.6498918533325195, 0.41554751992225647, 0.30241405963897705, 0.44057539105415344, 1.5336742401123047, 0.5057518482208252, 1.4027283191680908, 1.7180280685424805, 0.3364832401275635, 0.6475168466567993, 0.3746570348739624, 0.7081888914108276, 0.49874842166900635, 0.5295670032501221, 2.111220359802246, 1.7115341424942017, 0.5887861251831055, 0.11298923194408417, 0.6414819359779358, 0.9375492334365845, 0.7276912927627563, 0.7634211778640747, 1.8207154273986816, 0.32552847266197205, 0.36414116621017456, 0.3340996503829956, 0.02452332153916359, 0.6331968307495117, 0.0874963104724884, 0.9403993487358093, 0.7086147665977478, 0.7626876831054688, 0.19800052046775818, 0.5143396258354187, 0.14774984121322632, 1.0316749811172485]"
adjective,"[2, 20, 23, 4, 18, 8, 6, 28, 4]",34,"[0.34151673316955566, -0.016577214002609253, 0.9165319800376892, 0.5873148441314697, 1.7969907522201538, 0.331461638212204, 0.132881760597229, 1.0446650981903076, 1.8666194677352905, 1.5965708494186401, 1.5153982639312744, 0.26402685046195984, 0.1065475270152092, 2.722179889678955, 0.2138119339942932, 0.7368268370628357, 0.7962827682495117, 1.3124504089355469, 0.6167031526565552, 0.37792691588401794, 0.26084744930267334, 0.045924387872219086, 0.6664749979972839, 1.1937819719314575, 0.7743180394172668, 0.448210746049881, 1.173397183418274, -0.025233060121536255, 1.478258728981018, 0.6665641069412231, 0.4227626323699951, 0.6312257051467896, 0.6636117696762085, 0.2209954857826233, 0.6338201761245728, 0.5907732248306274, 0.9208643436431885, 0.8949259519577026, 0.8105865120887756, 0.7423036098480225, 0.35743606090545654, 0.5737496614456177, 0.7591625452041626, 0.4661442041397095, 1.6288282871246338, 0.5282983183860779, 1.7964046001434326, 1.944481611251831, 0.29117119312286377, 1.9406393766403198, 0.7535484433174133, 0.17955760657787323, 0.3060465455055237, 0.6445232629776001, 0.48033973574638367, 1.5016071796417236, 0.049225568771362305, 1.0343835353851318, 1.5900466442108154, 2.0109078884124756, 0.8136596083641052, 0.11799562722444534, 0.019937023520469666, 0.16605547070503235]"
adverb,"[2, 20, 28, 4, 11, 10]",34,"[0.4350254535675049, 0.005344212055206299, 0.5549899339675903, 0.4641493260860443, 1.1759374141693115, 0.32119694352149963, 0.1806279420852661, 0.8131828904151917, 1.2604198455810547, 1.092027187347412, 1.1620556116104126, 0.1237093061208725, 0.04763977974653244, 1.6542084217071533, 0.15082240104675293, 0.5823621153831482, 0.6585491895675659, 0.9157299995422363, 0.6999032497406006, 0.20290204882621765, 0.2678133249282837, 0.0572480708360672, 0.4452289044857025, 0.7771009802818298, 0.5019738674163818, 0.33850109577178955, 0.8536839485168457, 0.03023146092891693, 0.9664489030838013, 0.3724576234817505, 0.15220198035240173, 0.48460233211517334, 0.5823237895965576, 0.20291823148727417, 0.4528349041938782, 0.6603401303291321, 0.6519253849983215, 0.6043347716331482, 0.611872136592865, 0.35566139221191406, 0.2865913510322571, 0.2780977785587311, 0.7637277841567993, 0.5704684853553772, 1.0625709295272827, 0.3763980269432068, 1.1319371461868286, 1.2251967191696167, 0.2703400254249573, 1.2452270984649658, 0.6649276614189148, 0.14996565878391266, 0.1368124783039093, 0.3676060140132904, 0.46012458205223083, 0.9955534934997559, 0.0527103915810585, 0.641204297542572, 1.0627467632293701, 1.206727147102356, 0.5317646265029907, 0.04013092815876007, 0.04002440348267555, 0.31793150305747986]"
affix,"[2, 22, 22, 6, 27]",34,"[1.0400091409683228, 0.04901910573244095, 0.21837887167930603, 0.6026685237884521, 0.8563856482505798, 0.3489378094673157, 0.6101976633071899, 0.6156449913978577, 1.0969233512878418, 0.8625220656394958, 0.7507891058921814, 0.10971024632453918, -0.02105226367712021, 1.3423807621002197, 0.5296977758407593, 0.2529239356517792, 1.4347047805786133, 0.7535533905029297, 1.6184358596801758, 0.5512095093727112, 0.4263558089733124, 0.10320385545492172, 0.8102101683616638, 0.878801703453064, 0.9971638321876526, 0.12473566830158234, 0.3342301547527313, 0.1120443344116211, 0.4861663579940796, 0.443540096282959, 0.011059626936912537, 0.602449893951416, 1.4346566200256348, 0.5603142380714417, 1.222534418106079, 1.4865195751190186, 0.5501376390457153, 0.4675360321998596, 0.5360882878303528, 0.7323074340820312, 0.5075905919075012, 0.29626554250717163, 1.8868756294250488, 1.5400458574295044, 0.47064208984375, 0.24540047347545624, 0.6194929480552673, 0.7928304672241211, 0.6612701416015625, 0.8028141260147095, 1.6130188703536987, 0.202993243932724, 0.13163092732429504, 0.09763486683368683, 0.15923413634300232, 0.8661215901374817, 0.07323813438415527, 1.0045901536941528, 0.8215882182121277, 0.8477665185928345, 0.2735590934753418, 0.2654751241207123, 0.08239670842885971, 0.8984712362289429]"
alliteration,"[2, 14, 14, 6, 8, 4, 11, 2, 8, 6, 12, 5]",34,"[0.4746614694595337, -0.04127313196659088, 1.0135952234268188, 0.5193438529968262, 1.6863322257995605, 0.06556713581085205, 0.1391383409500122, 0.9314576983451843, 1.5689364671707153, 1.6988223791122437, 1.085598111152649, 0.16723233461380005, 0.15110698342323303, 1.8669490814208984, 0.4433799386024475, 0.8773306012153625, 0.8308706283569336, 0.8763599991798401, 0.7901999950408936, 0.29171210527420044, 0.11464803665876389, 0.037573352456092834, 1.1037836074829102, 1.383921504020691, 0.5640273094177246, 0.9959680438041687, 0.6539978981018066, -0.023775964975357056, 0.8149348497390747, 1.1750365495681763, 0.1953030526638031, 0.9262929558753967, 0.7151833176612854, 0.23943571746349335, 0.72384113073349, 0.6836810111999512, 1.3493106365203857, 0.24892973899841309, 1.4919064044952393, 0.7841335535049438, 0.7298697233200073, 0.5108523964881897, 1.0457018613815308, 0.71247398853302, 0.9266234636306763, 0.9947596788406372, 1.2753978967666626, 1.0877784490585327, 0.6229903697967529, 1.4851319789886475, 0.8618863821029663, 0.0498146116733551, 0.797478437423706, 0.6396698951721191, 0.6543551683425903, 1.5384066104888916, 0.01853429526090622, 0.9615360498428345, 1.541074275970459, 1.5680761337280273, 0.9125925898551941, 0.5334247350692749, 0.03177076578140259, 0.3442750871181488]"
ancient,"[2, 5, 18, 6, 4, 5, 8]",34,"[1.2132012844085693, 0.04314570873975754, 0.2973088324069977, 0.4398277997970581, 0.708796501159668, 0.24571458995342255, 0.559949517250061, 0.29464536905288696, 0.6953696012496948, 0.7646231055259705, 0.31064295768737793, 0.5679592490196228, 0.2768065333366394, 1.2855827808380127, 0.6568620800971985, 0.22313809394836426, 1.674663782119751, 0.39176061749458313, 1.7282910346984863, 0.4695565104484558, 0.32233208417892456, 0.06160696595907211, 1.337316632270813, 0.8627773523330688, 0.844251811504364, 0.14731773734092712, 0.37039679288864136, 0.10465671122074127, 0.5520194172859192, 0.4287032186985016, 0.37607845664024353, 0.5162729620933533, 1.4323086738586426, 0.466804176568985, 1.5614172220230103, 1.7329959869384766, 0.349531888961792, 0.37279582023620605, 0.5102234482765198, 0.8920480012893677, 0.43453022837638855, 0.8238111734390259, 2.1832497119903564, 1.7621482610702515, 0.44713151454925537, 0.13693249225616455, 0.6531529426574707, 0.8666630387306213, 0.8223578929901123, 0.569385826587677, 1.894779920578003, 0.1742849498987198, 0.667523205280304, 0.49082598090171814, 0.05027034133672714, 0.7685884833335876, 0.050220876932144165, 0.944607675075531, 0.6566467881202698, 0.9179627299308777, 0.1336827576160431, 0.7777281999588013, 0.08941525220870972, 1.1101435422897339]"
conjunction,"[18, 12, 5, 23, 13, 5, 18, 8, 6, 12, 5]",34,"[0.150793194770813, -0.026783853769302368, 1.537169098854065, 0.36379921436309814, 1.746988296508789, 0.04559284448623657, 0.011943802237510681, 0.8806002140045166, 1.254578948020935, 1.6876018047332764, 1.1315251588821411, 0.438740611076355, 0.39729440212249756, 2.030614137649536, 0.31538212299346924, 1.192662000656128, 0.37850654125213623, 0.8485333919525146, 0.2605103552341461, 0.11797769367694855, 0.032169409096241, 0.04260328412055969, 1.1697087287902832, 1.2951444387435913, 0.24555206298828125, 1.3560938835144043, 0.880160927772522, -0.03052002191543579, 1.0333925485610962, 1.356529712677002, 0.6161569356918335, 0.7416497468948364, 0.3270353078842163, 0.002221517264842987, 0.39742425084114075, 0.29810044169425964, 1.2609649896621704, 0.22770462930202484, 1.6119298934936523, 0.6232163906097412, 0.5622478723526001, 0.790385365486145, 0.318112850189209, 0.38376644253730774, 1.2253649234771729, 1.1920149326324463, 1.4923958778381348, 1.2921032905578613, 0.4456123411655426, 1.6451598405838013, 0.38670092821121216, 0.071860671043396, 1.292385220527649, 1.1444017887115479, 0.9174918532371521, 1.4984267950057983, 0.05008871108293533, 0.6346097588539124, 1.5880070924758911, 1.7901629209518433, 1.1755180358886719, 0.716552197933197, 0.0693853497505188, 0.14304745197296143]"
curious,"[18, 13, 11, 6, 12, 13, 7]",34,"[0.9976924657821655, -0.027367979288101196, 0.7690286040306091, 0.41327157616615295, 0.8387109637260437, -0.0505397766828537, 0.3323451578617096, 0.2364768385887146, 0.6201196312904358, 1.0648014545440674, 0.29863762855529785, 0.4864554703235626, 0.4312937259674072, 1.0224354267120361, 0.8719128966331482, 0.7434638142585754, 1.5560357570648193, 0.16094627976417542, 1.4989452362060547, 0.39540809392929077, 0.10452621430158615, 0.04126870632171631, 1.784645438194275, 1.0902135372161865, 0.6499797105789185, 0.8965637683868408, 0.2517032325267792, -0.020701318979263306, 0.41890907287597656, 1.201344609260559, 0.48275965452194214, 0.939752459526062, 1.2290940284729004, 0.4841132164001465, 1.4243900775909424, 1.399613380432129, 1.0079394578933716, -0.02617788314819336, 1.221930980682373, 0.8976010084152222, 0.9899170994758606, 0.8090065717697144, 1.9586172103881836, 1.743761658668518, 0.348263144493103, 0.6906934976577759, 0.6033548712730408, 0.5943943858146667, 1.178730845451355, 0.6481051445007324, 1.840702772140503, -0.003151625394821167, 1.3667179346084595, 0.7480002045631409, 0.4655478000640869, 1.0150314569473267, -0.01572035253047943, 0.8309563994407654, 0.7977087497711182, 1.0338077545166016, 0.46402591466903687, 1.2674819231033325, 0.03627803549170494, 0.9964195489883423]"
eager,"[4, 2, 17, 4, 11]",34,"[1.3560070991516113, 0.012842610478401184, 0.44773006439208984, 0.26287761330604553, 0.8161800503730774, 0.021345362067222595, 0.4795297384262085, 0.12360525131225586, 0.6969155073165894, 0.8309359550476074, 0.3114221692085266, 1.0689384937286377, 0.6131173968315125, 1.7458999156951904, 0.6506609916687012, 0.4809548258781433, 1.898057222366333, 0.23557861149311066, 1.8136012554168701, 0.2179875373840332, 0.11904041469097137, -0.05845283716917038, 1.7350519895553589, 0.7730723023414612, 0.6088651418685913, 0.1960648000240326, 0.7565112113952637, 0.057888686656951904, 1.0711013078689575, 0.2537817358970642, 0.8665639162063599, 0.42776986956596375, 1.263005018234253, 0.4328894019126892, 1.7586101293563843, 1.818756103515625, 0.22973352670669556, 0.43736350536346436, 0.36368632316589355, 0.981643795967102, 0.3125552237033844, 1.340447187423706, 2.310368776321411, 1.9767320156097412, 1.0240951776504517, 0.015988068655133247, 1.1778573989868164, 1.3645635843276978, 0.8405888080596924, 0.7732895612716675, 2.0250165462493896, 0.08521027863025665, 1.0666314363479614, 1.0580629110336304, 0.18087908625602722, 0.8525551557540894, -0.011281251907348633, 0.7331743240356445, 0.6165375709533691, 1.3648606538772583, 0.10050080716609955, 1.155418872833252, 0.022875554859638214, 1.2980306148529053]"
enormous,"[4, 5, 12, 11, 19, 12, 13, 7]",34,"[1.3821167945861816, -0.055687859654426575, 0.5440991520881653, 0.5848301649093628, 0.8059634566307068, -0.21736590564250946, 0.47916144132614136, 0.020261302590370178, 0.5926082730293274, 1.2030972242355347, 0.12376275658607483, 0.5775063633918762, 0.5191190838813782, 1.019230604171753, 1.1900111436843872, 0.6202960014343262, 2.2821969985961914, -0.1655808985233307, 2.0432705879211426, 0.5119385123252869, 0.08682027459144592, 0.00797460600733757, 2.3262879848480225, 1.2712152004241943, 0.9321236610412598, 0.7554031610488892, 0.04162190854549408, -0.09265914559364319, 0.29731130599975586, 1.2088167667388916, 0.46361732482910156, 1.1135976314544678, 1.6984148025512695, 0.6888686418533325, 2.0663015842437744, 1.9831418991088867, 0.995386004447937, -0.1525973528623581, 1.3065232038497925, 1.231469750404358, 1.1025267839431763, 0.9772747755050659, 2.7683656215667725, 2.3996083736419678, 0.17101749777793884, 0.5641204118728638, 0.4800446033477783, 0.4675891399383545, 1.5742510557174683, 0.4229166805744171, 2.593409776687622, -0.14806661009788513, 1.532719373703003, 0.7617605924606323, 0.3234546184539795, 1.1481183767318726, -0.05687327682971954, 1.0768287181854248, 0.7622922658920288, 1.1000487804412842, 0.28508493304252625, 1.6093255281448364, 0.01410694420337677, 1.3910133838653564]"
hyperbole,"[9, 21, 3, 4, 11, 10, 12, 14, 4]",34,"[0.9345201253890991, -0.06415633857250214, 0.631628155708313, 0.5365282297134399, 1.1392266750335693, 0.1851024031639099, 0.19000236690044403, 0.5499743223190308, 1.315109133720398, 1.138680100440979, 0.983177125453949, 0.6468199491500854, 0.4118608832359314, 2.1553471088409424, 0.43068957328796387, 0.7259787321090698, 1.3566479682922363, 0.7735076546669006, 1.3313968181610107, 0.28269702196121216, 0.2718937397003174, 0.03290204703807831, 1.2285642623901367, 0.8738623857498169, 0.7318985462188721, 0.399105966091156, 1.0196969509124756, -0.07435745000839233, 1.380069375038147, 0.3508417308330536, 0.6418527364730835, 0.49453556537628174, 1.0105392932891846, 0.2973853349685669, 1.2334109544754028, 1.308013916015625, 0.5602526664733887, 0.6880680322647095, 0.5494117140769958, 0.641247034072876, 0.4860796332359314, 0.8449026346206665, 1.6026712656021118, 1.3922102451324463, 1.4039593935012817, 0.24344447255134583, 1.4701967239379883, 1.6195805072784424, 0.6593602895736694, 1.2412313222885132, 1.3913674354553223, 0.039767295122146606, 0.7189968824386597, 0.9054926037788391, 0.4963754117488861, 1.091503620147705, -0.03409723937511444, 0.8291009068489075, 1.0088214874267578, 1.6037534475326538, 0.4054717719554901, 0.6777247190475464, 0.017023026943206787, 0.7660682201385498]"
idiom,"[6, 20, 6, 12, 19]",34,"[0.8600028157234192, 0.02359466254711151, 0.4573022723197937, 0.4174766540527344, 0.9199526309967041, 0.3480195999145508, 0.5467911958694458, 0.5781916379928589, 1.0154576301574707, 0.9079880714416504, 0.5379775762557983, 0.29241180419921875, 0.10729502886533737, 1.3121337890625, 0.516559898853302, 0.30301621556282043, 1.2694180011749268, 0.6974912285804749, 1.3903803825378418, 0.5672826766967773, 0.3178519606590271, 0.05503483861684799, 0.882348358631134, 0.8926618695259094, 0.848308265209198, 0.3122808039188385, 0.4126278758049011, 0.09283694624900818, 0.5256916880607605, 0.6290220022201538, 0.17258599400520325, 0.6039558053016663, 1.2764885425567627, 0.47205185890197754, 1.0837920904159546, 1.2749435901641846, 0.5968096852302551, 0.43032562732696533, 0.6805353760719299, 0.7688853740692139, 0.501431405544281, 0.5193105340003967, 1.705706000328064, 1.2576326131820679, 0.5265756845474243, 0.3475396931171417, 0.7193047404289246, 0.8700061440467834, 0.6634521484375, 0.857284426689148, 1.436780333518982, 0.2656272053718567, 0.4549608528614044, 0.34179025888442993, 0.09909709542989731, 0.8741765022277832, 0.08041469752788544, 0.9650796055793762, 0.8930706977844238, 0.9279646277427673, 0.3569497764110565, 0.48283272981643677, 0.10866071283817291, 0.7159595489501953]"
literal,"[14, 6, 8, 4, 11, 2, 14]",34,"[1.4763553142547607, 0.018395215272903442, 0.23325297236442566, 0.4542945623397827, 0.8170707821846008, 0.0777120441198349, 0.6734468340873718, 0.294886976480484, 0.7945209741592407, 0.893739640712738, 0.3348633050918579, 0.5028688311576843, 0.27975013852119446, 1.199415922164917, 0.8121711015701294, 0.34485602378845215, 2.0127978324890137, 0.20975030958652496, 2.1347439289093018, 0.42767733335494995, 0.214822918176651, -0.023872526362538338, 1.5899672508239746, 0.9871521592140198, 0.8148915767669678, 0.2622050344944, 0.2800402045249939, 0.04476378858089447, 0.4254199266433716, 0.5555809140205383, 0.3038117587566376, 0.7708049416542053, 1.6666076183319092, 0.6432420015335083, 1.8567736148834229, 2.071192502975464, 0.6153980493545532, 0.2183254361152649, 0.7322015762329102, 0.9565881490707397, 0.7251629829406738, 0.7446355819702148, 2.6400375366210938, 2.144916534423828, 0.3904217779636383, 0.25600165128707886, 0.6266252398490906, 0.7842138409614563, 1.155463695526123, 0.5405025482177734, 2.327608346939087, 0.04763641953468323, 0.7708196043968201, 0.4452379643917084, 0.13421112298965454, 0.8876935839653015, 0.010464593768119812, 0.9571736454963684, 0.6735936999320984, 0.8943880200386047, 0.19591008126735687, 0.9742221832275391, 0.05421338230371475, 1.4443180561065674]"
metaphor,"[19, 4, 8, 2, 3, 9, 12, 11]",34,"[0.8381801247596741, -0.013265281915664673, 0.86202472448349, 0.4458245038986206, 1.3451367616653442, -0.10245029628276825, 0.2171943634748459, 0.461076021194458, 1.0672380924224854, 1.5188030004501343, 0.5141860842704773, 0.8075110912322998, 0.4339727759361267, 1.982038974761963, 0.7194699645042419, 0.6108894944190979, 1.4495693445205688, 0.444210410118103, 1.2098474502563477, 0.2937893569469452, 0.05486764386296272, 0.0033605918288230896, 1.771297574043274, 1.344427466392517, 0.6515017747879028, 0.6944752335548401, 0.504173755645752, 0.07543745636940002, 0.8323908448219299, 1.0010194778442383, 0.6243646740913391, 0.7336128354072571, 0.9024559259414673, 0.28148579597473145, 1.367806077003479, 1.0565874576568604, 0.8664560317993164, 0.06557296961545944, 1.1954480409622192, 1.241371512413025, 0.5418400764465332, 1.2117424011230469, 1.6368166208267212, 1.3877387046813965, 0.7636662721633911, 0.6095967292785645, 1.1356942653656006, 1.0860462188720703, 0.7164018154144287, 1.037575602531433, 1.4166114330291748, 0.03414219617843628, 1.2640180587768555, 0.9789664149284363, 0.2795787751674652, 1.4328100681304932, 0.00895421952009201, 0.9686338901519775, 1.198263168334961, 1.6354771852493286, 0.5588480234146118, 1.1352864503860474, 0.037378907203674316, 0.7218132019042969]"
multiple-meaning word,"[19, 13, 14, 8, 6, 3, 14, 4, 30, 19, 4, 2, 5, 6, 5, 17, 31, 26, 12, 11, 20]",34,"[0.09966349601745605, -0.08488136529922485, 2.1646862030029297, 0.09481627494096756, 1.602492094039917, -0.17736266553401947, 0.014030635356903076, 0.651833713054657, 0.9920808672904968, 1.4478065967559814, 1.2229430675506592, 0.836932897567749, 0.9185031652450562, 2.0361030101776123, 0.18281838297843933, 2.0680298805236816, 0.20208483934402466, 0.6901634931564331, 0.1200287938117981, -0.1132705807685852, 0.026950307190418243, -0.019944243133068085, 1.3782209157943726, 0.8404614329338074, -0.08759567141532898, 2.0111026763916016, 1.446670651435852, -0.15127664804458618, 1.601020097732544, 1.4782342910766602, 1.3775252103805542, 0.6592272520065308, 0.0915202796459198, 0.020779095590114594, 0.1414259821176529, 0.288825660943985, 1.1612404584884644, 0.32427194714546204, 1.5958000421524048, 0.19514450430870056, 0.6595727205276489, 1.1997241973876953, 0.09063392877578735, 0.3595658540725708, 2.037764549255371, 1.3422034978866577, 2.070688247680664, 1.7214990854263306, 0.3963637948036194, 1.9421460628509521, 0.11608874797821045, -0.050205379724502563, 2.0534050464630127, 1.9972845315933228, 1.6054972410202026, 1.295121431350708, -0.07033959031105042, 0.20235329866409302, 1.3760156631469727, 2.144291639328003, 1.3840712308883667, 1.0854328870773315, 0.025349706411361694, 0.18434298038482666]"
nonliteral,"[5, 12, 5, 14, 6, 8, 4, 11, 2, 14]",34,"[1.495192527770996, -0.028211459517478943, 0.4049718677997589, 0.44558680057525635, 0.8387457728385925, -0.0030362457036972046, 0.6612340807914734, 0.28640490770339966, 0.8074647188186646, 0.9586682915687561, 0.3419811725616455, 0.5146832466125488, 0.3669937252998352, 1.1792213916778564, 0.8209362626075745, 0.5199688673019409, 2.0009219646453857, 0.21941699087619781, 2.1614835262298584, 0.42661386728286743, 0.189469113945961, -0.011700691655278206, 1.7351384162902832, 1.0093321800231934, 0.7848601341247559, 0.5271194577217102, 0.32152456045150757, -0.020319968461990356, 0.4625687003135681, 0.6858959197998047, 0.3860054910182953, 0.8282411098480225, 1.7073702812194824, 0.6182770729064941, 1.8632569313049316, 2.0917627811431885, 0.7473495006561279, 0.1889876127243042, 0.8892439603805542, 0.9156122207641602, 0.8002787828445435, 0.7516666650772095, 2.67946720123291, 2.2392354011535645, 0.42100560665130615, 0.40853142738342285, 0.6611681580543518, 0.7740569114685059, 1.2304227352142334, 0.5919129848480225, 2.358307123184204, -0.03073221445083618, 0.9847758412361145, 0.5942165851593018, 0.2934566140174866, 0.9421966671943665, -0.023779481649398804, 0.9322008490562439, 0.728672206401825, 0.9561277031898499, 0.3064144551753998, 1.1261959075927734, 0.05997655913233757, 1.463821291923523]"
onomatopoeia,"[12, 5, 12, 19, 2, 8, 12, 3, 12, 4, 6, 2]",34,"[0.5833622217178345, -0.07136502861976624, 0.9673228859901428, 0.841286838054657, 1.6795337200164795, -0.1476648896932602, 0.021245181560516357, 0.6822793483734131, 1.610626220703125, 1.9791265726089478, 0.827073335647583, 0.19547872245311737, 0.20029889047145844, 2.0449516773223877, 0.8559845685958862, 0.7988720536231995, 1.4407401084899902, 0.5327293872833252, 1.0852980613708496, 0.47512394189834595, 0.15864762663841248, 0.09926220029592514, 1.70774507522583, 1.8151249885559082, 1.0092525482177734, 1.0185184478759766, 0.3422713875770569, -0.044308751821517944, 0.6875203847885132, 1.565306544303894, 0.2288205623626709, 1.1910898685455322, 1.025918960571289, 0.40838825702667236, 1.3048787117004395, 0.893809974193573, 1.594291090965271, -0.05592904984951019, 1.7892671823501587, 1.1857197284698486, 1.1738252639770508, 0.6919906735420227, 1.5201421976089478, 1.0968073606491089, 0.6347920894622803, 1.005013346672058, 1.176941156387329, 0.9942620396614075, 0.9940146207809448, 1.2546377182006836, 1.3605449199676514, -0.07890814542770386, 1.1598162651062012, 0.6593010425567627, 0.5374842882156372, 1.892317295074463, -0.03721757233142853, 1.396206259727478, 1.6127476692199707, 1.7741222381591797, 0.8295542001724243, 0.9096789956092834, -0.006747249513864517, 0.4570053517818451]"
personification,"[3, 4, 11, 7, 12, 5, 6, 22, 6, 18, 2, 8, 6, 12, 5]",34,"[0.643721342086792, -0.04639714956283569, 1.076534390449524, 0.7167274951934814, 1.627350091934204, 0.032985761761665344, 0.14032967388629913, 0.7017949819564819, 1.4688266515731812, 1.7758508920669556, 0.8797070384025574, 0.27529048919677734, 0.2628015875816345, 1.9765243530273438, 0.7361752986907959, 0.8375232219696045, 1.2958821058273315, 0.691888153553009, 1.1124112606048584, 0.47807735204696655, 0.2435605674982071, 0.11678259819746017, 1.550787091255188, 1.6027032136917114, 0.9374939203262329, 0.9837953448295593, 0.4298526346683502, -0.03809618949890137, 0.72050940990448, 1.4839622974395752, 0.2867005467414856, 1.0650122165679932, 1.0325233936309814, 0.3438318967819214, 1.12082839012146, 0.9104523062705994, 1.3752988576889038, 0.10083688795566559, 1.613037347793579, 1.087313175201416, 0.9684515595436096, 0.6951650381088257, 1.4304813146591187, 1.0842921733856201, 0.7504268884658813, 0.9412832260131836, 1.0773059129714966, 1.0319782495498657, 0.8851592540740967, 1.2364346981048584, 1.343224048614502, -0.017909497022628784, 1.136897087097168, 0.7448083758354187, 0.5389203429222107, 1.676231861114502, 0.012770578265190125, 1.2240140438079834, 1.5365715026855469, 1.6694247722625732, 0.835196852684021, 0.8829964399337769, 0.05403152108192444, 0.4573171138763428]"
preposition,"[3, 11, 4, 3, 12, 7, 6, 8, 6, 12, 5]",34,"[0.3686165511608124, -0.03347314894199371, 0.9838722348213196, 0.7037392258644104, 1.7112149000167847, 0.03325369954109192, 0.09987737983465195, 0.8652268052101135, 1.6391373872756958, 1.8407973051071167, 1.0028502941131592, 0.09475886821746826, 0.1338481605052948, 2.0314595699310303, 0.5833712220191956, 0.7213175296783447, 0.9915701150894165, 0.8252933025360107, 0.7529388070106506, 0.47831815481185913, 0.18412542343139648, 0.10099849849939346, 1.2125816345214844, 1.5834029912948608, 0.8712531328201294, 0.9396986961364746, 0.4848969876766205, -0.005702614784240723, 0.7300617694854736, 1.3821862936019897, 0.18338468670845032, 1.0173206329345703, 0.8151771426200867, 0.3266642689704895, 0.8690083622932434, 0.5917406678199768, 1.388728141784668, 0.18090686202049255, 1.5963914394378662, 1.0168957710266113, 0.834399938583374, 0.5344074368476868, 1.08512544631958, 0.6583754420280457, 0.7704312801361084, 0.9650923609733582, 1.1733649969100952, 1.0895519256591797, 0.6587018966674805, 1.3851951360702515, 0.9591677188873291, 0.04322850704193115, 0.8474440574645996, 0.5970906615257263, 0.49340692162513733, 1.716180443763733, 0.03554863482713699, 1.2280205488204956, 1.606322169303894, 1.6672146320343018, 0.8669285178184509, 0.5801472067832947, 0.032585375010967255, 0.2101132869720459]"
pronoun,"[3, 11, 12, 5, 12, 13, 5]",34,"[0.5932267308235168, 0.0011251270771026611, 1.2138407230377197, 0.28186270594596863, 1.3966038227081299, -0.2094527930021286, 0.12513966858386993, 0.4031023383140564, 0.9075677990913391, 1.5655720233917236, 0.394848108291626, 0.871766209602356, 0.5525846481323242, 1.7311816215515137, 0.6520493030548096, 0.9036035537719727, 1.1088100671768188, 0.270923376083374, 0.7912944555282593, 0.1788264811038971, -0.05891349911689758, -0.014913412742316723, 1.7652697563171387, 1.3289718627929688, 0.3851243853569031, 1.119460105895996, 0.5051753520965576, 0.0678911805152893, 0.724378228187561, 1.2948966026306152, 0.8120162487030029, 0.7682216167449951, 0.6150975823402405, 0.18194016814231873, 1.045287847518921, 0.7098373770713806, 1.0364353656768799, -0.09712782502174377, 1.4700076580047607, 1.1532543897628784, 0.5624071359634399, 1.3064285516738892, 1.138567328453064, 0.9131708741188049, 0.7845529317855835, 0.919700026512146, 1.1989667415618896, 1.0155752897262573, 0.6791743040084839, 1.0926467180252075, 1.0046383142471313, 0.015859931707382202, 1.6140971183776855, 1.184696078300476, 0.4900072515010834, 1.4550814628601074, -0.005151629447937012, 0.8102150559425354, 1.2334729433059692, 1.6865893602371216, 0.7898015379905701, 1.2082858085632324, 0.02418551594018936, 0.5174378156661987]"
simile,"[7, 6, 19, 6, 14, 4]",34,"[1.8688116073608398, -0.021007120609283447, 0.3270461857318878, 0.23292186856269836, 0.399859756231308, 0.039958298206329346, 0.9713927507400513, 0.011579886078834534, 0.39705556631088257, 0.4376871585845947, 0.023109760135412216, 0.9177513122558594, 0.605335533618927, 1.0268830060958862, 0.8133954405784607, 0.5324846506118774, 2.3559377193450928, 0.12026052922010422, 2.565645456314087, 0.3826451897621155, 0.2999262809753418, -0.027001243084669113, 1.8641072511672974, 0.5514541268348694, 0.791088879108429, 0.34303221106529236, 0.3585992455482483, 0.007704943418502808, 0.5907525420188904, 0.41857099533081055, 0.720488429069519, 0.5758353471755981, 1.959136962890625, 0.6926807165145874, 2.0613512992858887, 2.5683248043060303, 0.19255772233009338, 0.3232288360595703, 0.38843902945518494, 0.8369747400283813, 0.5607845783233643, 1.0998470783233643, 3.0962002277374268, 2.7524683475494385, 0.5760815143585205, 0.04904542118310928, 0.6463668346405029, 0.9075890779495239, 1.1875672340393066, 0.368721604347229, 2.6452879905700684, 0.05245557427406311, 1.0971012115478516, 0.8936049938201904, 0.1938435137271881, 0.4966549277305603, -0.033424705266952515, 0.7384722232818604, 0.3091583251953125, 0.8493287563323975, 0.07764723896980286, 1.2776741981506348, 0.100226029753685, 1.8415915966033936]"
adaptation,"[2, 20, 2, 3, 8, 2, 8, 6, 12, 5]",34,"[0.4328148365020752, 0.017260700464248657, 1.0192166566848755, 0.47150975465774536, 1.7590056657791138, 0.11875606328248978, 0.14303724467754364, 0.9118334054946899, 1.569254994392395, 1.7504645586013794, 1.036596417427063, 0.45834416151046753, 0.16393758356571198, 2.1727004051208496, 0.420920729637146, 0.7020618915557861, 0.884008526802063, 0.9114132523536682, 0.7328578233718872, 0.3012407422065735, 0.1320750117301941, 0.004221789538860321, 1.074149250984192, 1.3892370462417603, 0.5767883062362671, 0.75777667760849, 0.7732647657394409, 0.09332042932510376, 0.9314972162246704, 0.9905682802200317, 0.3374742269515991, 0.7637543678283691, 0.6672996282577515, 0.1883849799633026, 0.7780417799949646, 0.5994400978088379, 1.1047221422195435, 0.37344855070114136, 1.2742470502853394, 1.0475472211837769, 0.5033490657806396, 0.7903460264205933, 0.9334471225738525, 0.5963634848594666, 1.0882786512374878, 0.8162322044372559, 1.4159685373306274, 1.3416292667388916, 0.4377255439758301, 1.5382121801376343, 0.7788978815078735, 0.1481141597032547, 0.8260352611541748, 0.7464393973350525, 0.42178481817245483, 1.6272176504135132, 0.07033621519804001, 1.0576850175857544, 1.606722354888916, 1.746997356414795, 0.8421871066093445, 0.490580677986145, 0.03256305679678917, 0.2189800888299942]"
area,"[2, 11, 4, 2]",34,"[1.0499709844589233, 0.09856782853603363, 0.6679869294166565, -0.01601751521229744, 0.8834937214851379, 0.19118031859397888, 0.2888854146003723, 0.20728029310703278, 0.6101513504981995, 0.7268767356872559, 0.3613351285457611, 1.3886103630065918, 0.6605932712554932, 1.8665454387664795, 0.28341013193130493, 0.62637859582901, 1.2961399555206299, 0.44023844599723816, 1.2507014274597168, -0.006129607558250427, -0.0051205456256866455, -0.06913845241069794, 1.2700371742248535, 0.469981849193573, 0.17726480960845947, 0.2698107063770294, 1.158485770225525, 0.20763994753360748, 1.40115487575531, -0.010856032371520996, 1.1055456399917603, 0.11560927331447601, 0.7267052531242371, 0.15904586017131805, 1.197339415550232, 1.341571569442749, 0.06711981445550919, 0.7337835431098938, 0.13906671106815338, 0.7521061897277832, -0.028996087610721588, 1.4589529037475586, 1.5086556673049927, 1.2881399393081665, 1.497550129890442, 0.016956020146608353, 1.511264443397522, 1.6708457469940186, 0.4093535542488098, 1.0494354963302612, 1.3025665283203125, 0.3075524568557739, 1.0303300619125366, 1.2984519004821777, 0.235576331615448, 0.7327075600624084, 0.049182675778865814, 0.39932072162628174, 0.5917965769767761, 1.4788167476654053, 0.20838811993598938, 0.8950613737106323, 0.0019507631659507751, 0.9459371566772461]"
climate,"[18, 14, 6, 19, 2, 8, 4]",34,"[0.45742762088775635, -0.017553776502609253, 0.4591704308986664, 0.7321566343307495, 1.374530553817749, 0.1457793414592743, 0.12489836663007736, 0.8023744225502014, 1.5730435848236084, 1.4437843561172485, 1.0295268297195435, 0.014724493026733398, -0.09799820184707642, 1.862682819366455, 0.49670255184173584, 0.39640963077545166, 1.0838148593902588, 0.7732877135276794, 0.8511987924575806, 0.4455045461654663, 0.3029734492301941, 0.05339519679546356, 0.8200307488441467, 1.263984203338623, 0.9158063530921936, 0.282277911901474, 0.4700358510017395, -0.002693861722946167, 0.6447626948356628, 0.7689958810806274, -0.004143312573432922, 0.8069544434547424, 0.8362579941749573, 0.3375154733657837, 0.9009769558906555, 0.6822658777236938, 0.9473893642425537, 0.3484809994697571, 0.9637614488601685, 0.8678309917449951, 0.615639865398407, 0.3519258499145508, 1.0748568773269653, 0.7368642091751099, 0.6817089319229126, 0.49655085802078247, 1.0628448724746704, 1.0690699815750122, 0.5247595310211182, 1.1425960063934326, 0.9305969476699829, 0.056420475244522095, 0.18741926550865173, 0.13105270266532898, 0.23893752694129944, 1.4164204597473145, 0.013437330722808838, 1.1691529750823975, 1.285664439201355, 1.4105288982391357, 0.5334824919700623, 0.16914306581020355, 0.003845963627099991, 0.287272572517395]"
demand,"[20, 4, 19, 2, 5, 20]",34,"[1.30702805519104, 0.05319559574127197, 0.38416051864624023, 0.35965126752853394, 0.8463165760040283, -0.028653249144554138, 0.6029535531997681, 0.18346169590950012, 0.7476155161857605, 0.9918735027313232, 0.15147051215171814, 0.8802903890609741, 0.3810523748397827, 1.5039162635803223, 0.7984503507614136, 0.2724001109600067, 1.9372130632400513, 0.17709016799926758, 1.827723503112793, 0.35654839873313904, 0.14758837223052979, -0.03190172091126442, 1.6460193395614624, 0.9904730319976807, 0.7708330750465393, 0.20749467611312866, 0.3293496072292328, 0.14683020114898682, 0.5695682764053345, 0.5137521624565125, 0.5947923064231873, 0.5628820657730103, 1.3858952522277832, 0.5169998407363892, 1.733027458190918, 1.6948199272155762, 0.38446035981178284, 0.15004277229309082, 0.6072394847869873, 1.2412829399108887, 0.385358065366745, 1.1701054573059082, 2.289196491241455, 1.8787671327590942, 0.5286862850189209, 0.15478657186031342, 0.8107888698577881, 0.909209132194519, 0.8442219495773315, 0.583405077457428, 1.9811453819274902, 0.10436341166496277, 0.9358526468276978, 0.7088015079498291, -0.02700454741716385, 0.9988136291503906, 0.011725537478923798, 0.9310237169265747, 0.7269145250320435, 1.2017606496810913, 0.17122626304626465, 1.0024493932724, 0.04333075135946274, 1.2065573930740356]"
denominator,"[20, 4, 5, 12, 19, 6, 5, 2, 8, 12, 11]",34,"[1.7631345987319946, -0.05466458201408386, 0.3331470489501953, 0.6216100454330444, 0.7915219664573669, -0.22710414230823517, 0.7784379124641418, -0.005371302366256714, 0.6744359135627747, 1.1033400297164917, 0.004013800993561745, 0.693229079246521, 0.48869484663009644, 1.2253828048706055, 1.2830712795257568, 0.38428929448127747, 2.7614779472351074, -0.20046696066856384, 2.6723439693450928, 0.6343843936920166, 0.23990581929683685, -0.030084429308772087, 2.5267677307128906, 1.3163169622421265, 1.2030019760131836, 0.46775689721107483, -0.03777432441711426, -0.05736514925956726, 0.28889304399490356, 1.0577610731124878, 0.4382293224334717, 1.1188006401062012, 2.206157922744751, 0.8512011766433716, 2.563150405883789, 2.541033983230591, 0.8300051689147949, -0.1644725352525711, 1.133955955505371, 1.3920458555221558, 1.0945481061935425, 1.0907649993896484, 3.467576265335083, 2.9687302112579346, 0.10047076642513275, 0.3314429521560669, 0.5320466160774231, 0.5686264634132385, 1.6900070905685425, 0.3406762480735779, 3.154907703399658, -0.15881848335266113, 1.3742218017578125, 0.7162267565727234, 0.11095020920038223, 1.1361676454544067, -0.07179425656795502, 1.2791194915771484, 0.7397504448890686, 1.0997943878173828, 0.15356379747390747, 1.6780540943145752, 0.035890452563762665, 1.7864972352981567]"
ecosystem,"[4, 18, 12, 7, 21, 7, 8, 4, 19]",34,"[1.0305495262145996, -0.005086228251457214, 0.6674874424934387, 0.31039687991142273, 1.0562074184417725, 0.234290212392807, 0.37072253227233887, 0.4736696481704712, 0.977013885974884, 0.9499746561050415, 0.6546598672866821, 0.7840166091918945, 0.4321075677871704, 1.760432243347168, 0.503490149974823, 0.6427279114723206, 1.4417885541915894, 0.6577311754226685, 1.4501733779907227, 0.3342103660106659, 0.19158397614955902, 0.004568837583065033, 1.2747766971588135, 0.8252040147781372, 0.5898301005363464, 0.4730354845523834, 0.8432787656784058, 0.008284404873847961, 1.0389628410339355, 0.4903236925601959, 0.6602631211280823, 0.5088860988616943, 1.1300410032272339, 0.3223349153995514, 1.2813725471496582, 1.438293695449829, 0.4941938817501068, 0.6267096996307373, 0.6097206473350525, 0.7866916656494141, 0.4261840581893921, 0.9623684883117676, 1.7875816822052002, 1.489571452140808, 1.1135518550872803, 0.28842973709106445, 1.1650643348693848, 1.364955186843872, 0.7376968860626221, 1.0857993364334106, 1.5881410837173462, 0.15550588071346283, 0.8976503014564514, 0.8987804651260376, 0.3396308124065399, 0.9353899359703064, 0.010034583508968353, 0.8174036145210266, 0.9107994437217712, 1.3734567165374756, 0.4033311605453491, 0.8008550405502319, 0.06399206072092056, 0.8969558477401733]"
environment,"[4, 5, 28, 6, 11, 12, 5, 19, 4, 5, 8]",34,"[0.529715895652771, -0.01812131702899933, 1.7723218202590942, -0.020174138247966766, 1.2747095823287964, -0.25304722785949707, 0.05727940797805786, 0.25342097878456116, 0.5639169216156006, 1.369038701057434, 0.4626624584197998, 1.4700332880020142, 1.064771056175232, 1.9090700149536133, 0.4036310911178589, 1.5150331258773804, 0.7789939641952515, 0.20777256786823273, 0.5372555255889893, -0.09989769756793976, -0.09806351363658905, -0.021227749064564705, 1.9148924350738525, 0.9286230802536011, -0.009222552180290222, 1.5875581502914429, 1.0815922021865845, 0.05091974139213562, 1.3582314252853394, 1.1680881977081299, 1.540888786315918, 0.46849721670150757, 0.26547378301620483, -0.030962400138378143, 0.7447910308837891, 0.5473916530609131, 0.7617810368537903, 0.07555096596479416, 1.3386542797088623, 0.8136258125305176, 0.28619691729545593, 1.77311372756958, 0.7423356175422668, 0.7601785063743591, 1.603919506072998, 0.9248635768890381, 1.7181577682495117, 1.4950034618377686, 0.4154984951019287, 1.406486988067627, 0.6888025999069214, -0.01125258207321167, 2.337702989578247, 2.1023406982421875, 0.9482197761535645, 1.2785805463790894, -0.04222582280635834, 0.3176265060901642, 1.1423372030258179, 2.0137856006622314, 0.9248282313346863, 1.5760442018508911, 0.018794722855091095, 0.4458464980125427]"
factor,"[22, 2, 18, 8, 12, 11]",34,"[1.2233043909072876, -0.004140481352806091, 0.4916273057460785, 0.33718085289001465, 0.8462790250778198, 0.04787065088748932, 0.4424615800380707, 0.25557374954223633, 0.7315253019332886, 0.97593754529953, 0.32544732093811035, 0.8065054416656494, 0.4375895857810974, 1.4708220958709717, 0.7613494992256165, 0.44701337814331055, 1.8301446437835693, 0.3055320680141449, 1.769134759902954, 0.3466155230998993, 0.13573530316352844, -0.03490043058991432, 1.7099000215530396, 0.9414075016975403, 0.6777345538139343, 0.3474229574203491, 0.450356662273407, 0.05898633599281311, 0.7235792875289917, 0.5954574942588806, 0.5631265640258789, 0.6440964341163635, 1.2989940643310547, 0.4308556318283081, 1.6393245458602905, 1.6927235126495361, 0.5229600071907043, 0.2677038908004761, 0.6687585711479187, 1.0902334451675415, 0.5288812518119812, 1.0721900463104248, 2.1799473762512207, 1.9196864366531372, 0.6016000509262085, 0.2400527447462082, 0.8231853246688843, 0.9537919163703918, 0.942685604095459, 0.682292103767395, 1.9697697162628174, 0.05933651328086853, 1.0196889638900757, 0.7866180539131165, 0.14866432547569275, 0.968677282333374, 0.005653016269207001, 0.8447656035423279, 0.7488908767700195, 1.1757811307907104, 0.24070852994918823, 1.126784086227417, 0.04143238067626953, 1.1643368005752563]"
fraction,"[22, 11, 2, 18, 8, 6, 12, 5]",34,"[0.4287235736846924, -0.003787785768508911, 0.9941242337226868, 0.39170241355895996, 1.3163286447525024, 0.17014816403388977, 0.16952656209468842, 0.6894676089286804, 1.0567704439163208, 1.3008219003677368, 0.7459583282470703, 0.34747114777565, 0.23133274912834167, 1.579927682876587, 0.3950035572052002, 0.7300188541412354, 0.7323702573776245, 0.7197694182395935, 0.6791177988052368, 0.31175124645233154, 0.17961885035037994, 0.08729446679353714, 0.9656134247779846, 1.1243292093276978, 0.5231114029884338, 0.8221088647842407, 0.5129693746566772, 0.05978541076183319, 0.6440287828445435, 1.055680274963379, 0.3656008839607239, 0.6667226552963257, 0.6404298543930054, 0.16424770653247833, 0.6458978652954102, 0.5737055540084839, 0.9245980381965637, 0.21851181983947754, 1.176740050315857, 0.7624622583389282, 0.4760702848434448, 0.660453200340271, 0.8231269121170044, 0.6166954636573792, 0.7112859487533569, 0.7769639492034912, 0.9604147672653198, 0.9425775408744812, 0.43948864936828613, 1.1022313833236694, 0.751347005367279, 0.16640961170196533, 0.8424254655838013, 0.7012066841125488, 0.4488627314567566, 1.2154321670532227, 0.07401233911514282, 0.7668939828872681, 1.208102822303772, 1.2922606468200684, 0.7495684027671814, 0.5676591992378235, 0.08955944329500198, 0.317166805267334]"
goods,"[17, 12, 12, 20, 7]",34,"[0.41382718086242676, 0.03105328232049942, 0.9786784052848816, 0.13520030677318573, 1.3310987949371338, 0.22669823467731476, 0.12177672982215881, 0.6288989782333374, 1.094321846961975, 1.1480233669281006, 0.8815212845802307, 0.8116793632507324, 0.44302576780319214, 2.0228230953216553, 0.1737017184495926, 0.7692732810974121, 0.6261682510375977, 0.8410277366638184, 0.5448325872421265, 0.14378319680690765, 0.01914316415786743, -0.03554530069231987, 0.784429669380188, 0.7474702000617981, 0.2372940182685852, 0.6034631729125977, 1.175247311592102, 0.1282331943511963, 1.31821608543396, 0.41298311948776245, 0.7814793586730957, 0.28222543001174927, 0.4000016450881958, 0.14991475641727448, 0.5461429953575134, 0.5568479299545288, 0.5148879289627075, 0.633348286151886, 0.5961241722106934, 0.6302420496940613, 0.1068168431520462, 1.0082042217254639, 0.7330734729766846, 0.49374109506607056, 1.516770839691162, 0.4526118040084839, 1.5662150382995605, 1.5562305450439453, 0.2180129885673523, 1.4990909099578857, 0.5521138906478882, 0.3024100661277771, 0.8219808340072632, 1.0941935777664185, 0.4835810959339142, 0.9889814853668213, 0.07629713416099548, 0.5149745345115662, 1.080836296081543, 1.6002883911132812, 0.6030789017677307, 0.48496606945991516, 0.041930388659238815, 0.2954094707965851]"
government,"[17, 12, 28, 4, 11, 5, 19, 4, 5, 8]",34,"[0.6054152250289917, 0.000296175479888916, 1.5159392356872559, 0.08336301892995834, 1.4446630477905273, -0.08195208013057709, 0.04469946026802063, 0.4050827622413635, 0.9234748482704163, 1.4208403825759888, 0.7148112654685974, 1.461441993713379, 0.9379763007164001, 2.4154093265533447, 0.34781575202941895, 1.2265582084655762, 0.8745481967926025, 0.5211687088012695, 0.5976419448852539, -0.01393871009349823, -0.07039053738117218, -0.0352126806974411, 1.7090829610824585, 0.9409031271934509, 0.15375719964504242, 1.1428314447402954, 1.3067636489868164, 0.07241448760032654, 1.65383780002594, 0.8091277480125427, 1.491094708442688, 0.36860865354537964, 0.3291414678096771, 0.0198676735162735, 0.8514259457588196, 0.6090998649597168, 0.6303232908248901, 0.3971977233886719, 1.0061872005462646, 0.9257620573043823, 0.11128264665603638, 1.7698636054992676, 0.9094735383987427, 0.7696080207824707, 1.8434593677520752, 0.6521241664886475, 1.9348090887069702, 1.8582680225372314, 0.3275722563266754, 1.6258007287979126, 0.7946531176567078, 0.06749480962753296, 1.9003361463546753, 1.947930932044983, 0.7235439419746399, 1.2956501245498657, -0.023045271635055542, 0.50690758228302, 1.2471168041229248, 2.1893274784088135, 0.7856683731079102, 1.2999286651611328, -0.0011908002197742462, 0.44357332587242126]"
inherit,"[6, 5, 9, 4, 11, 6, 8]",34,"[1.0474408864974976, 0.04612444341182709, 0.45763450860977173, 0.345109224319458, 0.7527222633361816, 0.09532352536916733, 0.45609691739082336, 0.27408406138420105, 0.6102227568626404, 0.8398903012275696, 0.26735177636146545, 0.6597929000854492, 0.3473621606826782, 1.2236418724060059, 0.679142415523529, 0.3402058482170105, 1.4625110626220703, 0.30017226934432983, 1.473818302154541, 0.37755662202835083, 0.16772040724754333, 0.0003426000475883484, 1.419082760810852, 0.8551010489463806, 0.6286913156509399, 0.41319942474365234, 0.36570048332214355, 0.11597052216529846, 0.5153000354766846, 0.6448088884353638, 0.5061074495315552, 0.5586734414100647, 1.1584378480911255, 0.4087735116481781, 1.3852567672729492, 1.3635649681091309, 0.4764602482318878, 0.179096519947052, 0.7122384905815125, 0.9299041032791138, 0.48572784662246704, 0.9128777980804443, 1.9082423448562622, 1.5923115015029907, 0.4169912338256836, 0.29089805483818054, 0.6313999891281128, 0.7474033236503601, 0.7917094230651855, 0.5587267279624939, 1.6631780862808228, 0.13120020925998688, 0.9339674711227417, 0.6670886278152466, 0.1166757270693779, 0.8090683221817017, 0.03334139287471771, 0.7600927948951721, 0.6711940169334412, 0.9536600708961487, 0.25378283858299255, 0.9381410479545593, 0.06963416934013367, 0.9738340377807617]"
law,"[14, 2, 26]",34,"[1.2994637489318848, 0.2659936547279358, 0.4660055637359619, -0.14355620741844177, 0.3526338040828705, 0.42454421520233154, 0.5667363405227661, 0.08000402897596359, 0.027422863990068436, 0.29716014862060547, 0.014865890145301819, 1.3838422298431396, 0.5827884674072266, 1.1108887195587158, 0.5407379865646362, 0.3623085916042328, 1.4762814044952393, 0.4036594033241272, 1.668142318725586, 0.17200221121311188, 0.03880400210618973, -0.06041041016578674, 1.3185997009277344, 0.24827051162719727, 0.21267420053482056, 0.25876742601394653, 0.6800033450126648, 0.4979654550552368, 0.7953060865402222, 0.10937519371509552, 1.0521016120910645, 0.0653846263885498, 1.0149824619293213, 0.31426945328712463, 1.3639665842056274, 1.5191230773925781, -0.1385008692741394, 0.5732401013374329, 0.06314320117235184, 0.8585922718048096, 0.08050043880939484, 1.3911651372909546, 1.9911118745803833, 1.781952977180481, 0.8028160333633423, -0.017742162570357323, 0.7195789813995361, 0.9971835017204285, 0.5577062368392944, 0.5403803586959839, 1.6476510763168335, 0.5620973110198975, 1.2263317108154297, 1.0543279647827148, -0.03354591131210327, 0.3316326141357422, 0.20906829833984375, 0.3577686846256256, 0.2624797523021698, 0.7654562592506409, 0.03192370384931564, 1.1011838912963867, 0.09824882447719574, 1.2316782474517822]"
leader,"[14, 4, 2, 20, 4, 11]",34,"[1.102152943611145, 0.04608018696308136, 0.4305182993412018, 0.21640515327453613, 0.8336412310600281, 0.15247902274131775, 0.37370598316192627, 0.2461828887462616, 0.7790592312812805, 0.7642756700515747, 0.4521627128124237, 1.0402129888534546, 0.5018340945243835, 1.8623042106628418, 0.4743187427520752, 0.396952360868454, 1.560024619102478, 0.4550017714500427, 1.476069688796997, 0.20316874980926514, 0.1243847906589508, -0.046933628618717194, 1.3476945161819458, 0.6490379571914673, 0.5370604991912842, 0.06306113302707672, 0.8871153593063354, 0.10774075984954834, 1.174986481666565, 0.0379076823592186, 0.8181521892547607, 0.26341259479522705, 1.0518935918807983, 0.3133015036582947, 1.4793987274169922, 1.506852388381958, 0.09642503410577774, 0.6401644349098206, 0.1524488925933838, 0.8754193782806396, 0.11095476150512695, 1.2416646480560303, 1.8606064319610596, 1.6019490957260132, 1.16984224319458, -0.05376860499382019, 1.2721691131591797, 1.4824104309082031, 0.5808957815170288, 0.9102965593338013, 1.6306260824203491, 0.19352413713932037, 0.7702316641807556, 0.9705631732940674, 0.14177852869033813, 0.7769126296043396, 0.02357238531112671, 0.6909692287445068, 0.636921226978302, 1.367384433746338, 0.1033153161406517, 0.8314195871353149, 0.01844586431980133, 1.0242520570755005]"
multiple,"[19, 13, 14, 8, 6, 3, 14, 4]",34,"[0.9936619400978088, -0.06811632215976715, 0.6804682612419128, 0.4682626724243164, 1.0325956344604492, 0.048808127641677856, 0.2612248659133911, 0.47080689668655396, 0.9821556806564331, 1.0568922758102417, 0.682404637336731, 0.4936983287334442, 0.38118207454681396, 1.5362436771392822, 0.580654501914978, 0.8028776049613953, 1.4126861095428467, 0.5296155214309692, 1.4436421394348145, 0.291040301322937, 0.21326029300689697, 0.049817584455013275, 1.3678514957427979, 0.9654816389083862, 0.6274029612541199, 0.6493345499038696, 0.6424927711486816, -0.05803874135017395, 0.873498260974884, 0.7004733085632324, 0.4636039733886719, 0.6771590709686279, 1.0918712615966797, 0.3514699339866638, 1.294999122619629, 1.4742026329040527, 0.7524020671844482, 0.38728785514831543, 0.8887835144996643, 0.634955644607544, 0.7442002296447754, 0.7505733966827393, 1.8001761436462402, 1.5901952981948853, 0.8395452499389648, 0.4957723915576935, 1.033508539199829, 1.06803560256958, 0.8745671510696411, 0.9107195138931274, 1.5381988286972046, 0.03185281157493591, 0.9271644353866577, 0.8060048222541809, 0.5550325512886047, 0.9962587952613831, -0.024375736713409424, 0.8093519806861877, 0.8831514716148376, 1.2264429330825806, 0.45123106241226196, 0.8348753452301025, 0.05438552051782608, 0.9577722549438477]"
numerator,"[5, 13, 19, 4, 11, 2, 8, 12, 11]",34,"[1.4673584699630737, -0.0469667911529541, 0.4238702952861786, 0.5609102249145508, 0.9351108074188232, -0.14511828124523163, 0.5871772766113281, 0.17716988921165466, 0.8010775446891785, 1.168031096458435, 0.23985353112220764, 0.6151716709136963, 0.42496562004089355, 1.3541138172149658, 1.0275368690490723, 0.4701582193374634, 2.2455058097839355, 0.0016156882047653198, 2.2294468879699707, 0.4870395064353943, 0.175065815448761, -0.032041918486356735, 2.1903727054595947, 1.2877095937728882, 0.9383667707443237, 0.5252630710601807, 0.2361622005701065, -0.032526642084121704, 0.5001618266105652, 0.9052786827087402, 0.3930514454841614, 0.9750654697418213, 1.7589540481567383, 0.6487414240837097, 2.1463375091552734, 2.1185762882232666, 0.8596798777580261, -0.023812130093574524, 1.1264058351516724, 1.1911731958389282, 0.947741687297821, 0.9800918102264404, 2.8488030433654785, 2.4150497913360596, 0.33620303869247437, 0.4271232485771179, 0.7209232449531555, 0.7309163808822632, 1.394913911819458, 0.6059179306030273, 2.5917019844055176, -0.09861832857131958, 1.2227314710617065, 0.7115197777748108, 0.2761772871017456, 1.186911940574646, -0.05058395862579346, 1.0963423252105713, 0.8634645938873291, 1.1829854249954224, 0.2634987235069275, 1.415252923965454, 0.011618979275226593, 1.4602092504501343]"
perimeter,"[3, 4, 11, 6, 19, 4, 8, 4, 11]",34,"[1.4536172151565552, 0.020960763096809387, 0.12692368030548096, 0.7103586792945862, 0.8924974203109741, 0.08963041752576828, 0.6435834169387817, 0.2622066140174866, 1.011304497718811, 1.0931729078292847, 0.3493729531764984, 0.5279351472854614, 0.241167813539505, 1.639298677444458, 0.991508960723877, 0.05558367818593979, 2.281707763671875, 0.2996891140937805, 2.162508010864258, 0.6411498188972473, 0.30823442339897156, 0.02599252387881279, 1.8030314445495605, 1.2207612991333008, 1.2104403972625732, 0.009632434695959091, 0.2045324295759201, 0.03782734274864197, 0.5127689838409424, 0.6498771905899048, 0.32275888323783875, 0.7847264409065247, 1.7753205299377441, 0.6884353160858154, 2.0697402954101562, 1.9810469150543213, 0.557991087436676, 0.22611360251903534, 0.7106899619102478, 1.3243584632873535, 0.6745423674583435, 0.923953652381897, 2.790691375732422, 2.2547519207000732, 0.31950047612190247, 0.10090014338493347, 0.6516757607460022, 0.8903629183769226, 1.1569511890411377, 0.5693317651748657, 2.4866485595703125, 0.02825215458869934, 0.7520957589149475, 0.37626567482948303, -0.11290031671524048, 1.1266024112701416, -0.00042153894901275635, 1.2963536977767944, 0.832892894744873, 1.1821459531784058, 0.05701137334108353, 1.0180565118789673, 0.04919898882508278, 1.322590708732605]"
product,"[3, 11, 12, 20, 13, 18, 8]",34,"[0.9622714519500732, 0.0030964165925979614, 0.37260445952415466, 0.6598896980285645, 1.1838957071304321, 0.23055720329284668, 0.41857704520225525, 0.611662745475769, 1.2659599781036377, 1.2299034595489502, 0.7752329111099243, 0.2599031925201416, 0.04676175117492676, 1.663450002670288, 0.693131148815155, 0.3178713619709015, 1.587419033050537, 0.7230110764503479, 1.4529805183410645, 0.5263146758079529, 0.2563222050666809, 0.04191654175519943, 1.1319111585617065, 1.1577504873275757, 0.93367999792099, 0.2181054949760437, 0.4048841893672943, -0.003964364528656006, 0.5856679081916809, 0.6830799579620361, 0.13908252120018005, 0.7336922883987427, 1.3001811504364014, 0.483079195022583, 1.344861626625061, 1.3627686500549316, 0.7506259679794312, 0.4212239384651184, 0.8013443350791931, 1.010474681854248, 0.591795802116394, 0.5752527713775635, 1.8798878192901611, 1.4950441122055054, 0.5461380481719971, 0.38077130913734436, 0.8297158479690552, 0.9521142244338989, 0.8485879898071289, 0.9572620391845703, 1.653290867805481, 0.12105712294578552, 0.4310137927532196, 0.23751387000083923, 0.1153854951262474, 1.1687142848968506, 0.031984902918338776, 1.1469212770462036, 1.0774108171463013, 1.2103477716445923, 0.3602823317050934, 0.500877857208252, 0.06502212584018707, 0.8160768747329712]"
quotient,"[24, 13, 12, 8, 6, 4, 5, 8]",34,"[1.066245675086975, -0.018658876419067383, 0.4404955208301544, 0.39137327671051025, 0.7782005071640015, 0.10449395328760147, 0.36808329820632935, 0.2928386926651001, 0.7499366998672485, 0.8388004302978516, 0.36366280913352966, 0.6449731588363647, 0.3850848078727722, 1.3634679317474365, 0.6875962018966675, 0.42227450013160706, 1.553576946258545, 0.3589736223220825, 1.527435064315796, 0.3994671702384949, 0.1908353716135025, 0.0011053048074245453, 1.4691373109817505, 0.8699164986610413, 0.6849321126937866, 0.4126428961753845, 0.48348569869995117, 0.039196863770484924, 0.6748757362365723, 0.5798060297966003, 0.5301082134246826, 0.5670995712280273, 1.208329677581787, 0.42064762115478516, 1.4650416374206543, 1.44687819480896, 0.49705806374549866, 0.28821444511413574, 0.6735848188400269, 0.885452151298523, 0.5742904543876648, 0.92008376121521, 1.9677534103393555, 1.6646689176559448, 0.6037524938583374, 0.27424192428588867, 0.7814348340034485, 0.8972375392913818, 0.8558958768844604, 0.6875442266464233, 1.6658201217651367, 0.11562860012054443, 0.9390546083450317, 0.7089006304740906, 0.22841867804527283, 0.8415564298629761, 0.0023380592465400696, 0.844478964805603, 0.6972823739051819, 1.0752896070480347, 0.23650889098644257, 0.9217600226402283, 0.05049265921115875, 0.9777623414993286]"
region,"[11, 4, 17, 6, 12, 5]",34,"[1.0799251794815063, -0.013193190097808838, 0.7336178421974182, 0.339717298746109, 1.0336259603500366, -0.031477659940719604, 0.4918612241744995, 0.3199552893638611, 0.8668470978736877, 1.1333799362182617, 0.3191220462322235, 0.7285845279693604, 0.45220065116882324, 1.480114459991455, 0.7325280904769897, 0.577413022518158, 1.6646465063095093, 0.2891766428947449, 1.610374927520752, 0.3911812901496887, 0.17400139570236206, -0.025294719263911247, 1.690938115119934, 1.089379906654358, 0.7077488303184509, 0.6562520861625671, 0.41334497928619385, 0.05058570206165314, 0.6108081936836243, 0.9012220501899719, 0.5895413756370544, 0.7186241149902344, 1.28515625, 0.45338502526283264, 1.4809691905975342, 1.5054223537445068, 0.7385104298591614, 0.11349517107009888, 0.9843614101409912, 1.0542303323745728, 0.6229101419448853, 1.0546479225158691, 2.0271120071411133, 1.635184407234192, 0.6120438575744629, 0.5186339616775513, 0.9418330788612366, 0.9464555978775024, 0.9052574634552002, 0.8312394618988037, 1.7233636379241943, 0.04224514961242676, 1.2167203426361084, 0.87328040599823, 0.26397237181663513, 1.1155434846878052, -0.006265357136726379, 0.946386456489563, 0.9388999342918396, 1.281013011932373, 0.44472411274909973, 1.0927292108535767, 0.06151740625500679, 1.000369906425476]"
resource,"[11, 4, 7, 12, 13, 11, 18, 4]",34,"[0.8772699236869812, -0.006824269890785217, 0.6056029796600342, 0.439069926738739, 0.9286433458328247, 0.3145466148853302, 0.36773067712783813, 0.5504369735717773, 1.00947904586792, 0.900978684425354, 0.870757520198822, 0.42965537309646606, 0.3011121153831482, 1.6548588275909424, 0.4018915295600891, 0.6458563208580017, 1.1937066316604614, 0.7514975070953369, 1.2948331832885742, 0.338708758354187, 0.33857542276382446, 0.05610085278749466, 1.02177894115448, 0.7463679313659668, 0.685858964920044, 0.3769344687461853, 0.8034476041793823, -0.013296127319335938, 1.0166189670562744, 0.4982002377510071, 0.45518267154693604, 0.5422970652580261, 1.0146673917770386, 0.31900081038475037, 1.0157618522644043, 1.2722787857055664, 0.5090880393981934, 0.6435018181800842, 0.5554896593093872, 0.5453208684921265, 0.46991056203842163, 0.6325712203979492, 1.4572826623916626, 1.297376275062561, 1.0492610931396484, 0.27427998185157776, 1.0529452562332153, 1.2935311794281006, 0.6163610219955444, 1.0303258895874023, 1.343492031097412, 0.1231154054403305, 0.5861029028892517, 0.6461892127990723, 0.4332194924354553, 0.87656170129776, 0.02634727954864502, 0.7095272541046143, 0.8492267727851868, 1.250992774963379, 0.41969913244247437, 0.5766906142234802, 0.0627407357096672, 0.7486907243728638]"
responsible,"[11, 4, 7, 3, 12, 5, 7, 6, 10, 14, 4]",34,"[0.9366199374198914, -0.0859665721654892, 0.34470778703689575, 0.887295126914978, 1.0202162265777588, 0.0019035935401916504, 0.3217865824699402, 0.4788306951522827, 1.2921133041381836, 1.2368524074554443, 0.6869390606880188, -0.1184084415435791, 0.06897906959056854, 1.404355764389038, 0.7858896255493164, 0.4601741433143616, 1.7264448404312134, 0.4251724183559418, 1.6598882675170898, 0.5755246877670288, 0.42089125514030457, 0.13451382517814636, 1.37598717212677, 1.3085601329803467, 1.2116644382476807, 0.461272656917572, 0.1941061019897461, -0.12513744831085205, 0.452404260635376, 0.958167552947998, -0.043663389980793, 1.0245739221572876, 1.5282363891601562, 0.6073606014251709, 1.539786458015442, 1.568498134613037, 1.044779896736145, 0.13578248023986816, 1.0822830200195312, 0.7733420133590698, 1.1081408262252808, 0.21428216993808746, 2.0999598503112793, 1.684643268585205, 0.2921096086502075, 0.48909449577331543, 0.7058583498001099, 0.7312825322151184, 1.1407910585403442, 0.6771467924118042, 1.8677116632461548, -0.12063008546829224, 0.4398012161254883, 0.12666381895542145, 0.40735775232315063, 1.2733067274093628, -0.05335503816604614, 1.254292368888855, 0.9693735241889954, 1.0904557704925537, 0.36737504601478577, 0.6367550492286682, 0.029542170464992523, 0.9067517518997192]"
rights,"[11, 6, 17, 9, 8, 7]",34,"[0.6459997296333313, 0.04446284472942352, 1.2359793186187744, 0.017298975959420204, 1.2190468311309814, 0.01770538091659546, 0.15898045897483826, 0.3796631097793579, 0.6757037043571472, 1.154582142829895, 0.5230804681777954, 1.1651381254196167, 0.7500120997428894, 1.851245403289795, 0.41428476572036743, 0.9609994292259216, 0.9353216886520386, 0.49061739444732666, 0.7467319965362549, 0.08056437969207764, -0.07818475365638733, -0.03301874175667763, 1.4561845064163208, 0.8272747993469238, 0.14870810508728027, 0.9455920457839966, 0.9474712610244751, 0.1485193520784378, 1.1821647882461548, 0.8379485011100769, 1.1555001735687256, 0.4132644832134247, 0.43595772981643677, 0.14326265454292297, 0.8223852515220642, 0.7568244934082031, 0.5880329012870789, 0.3282579481601715, 0.9013379216194153, 0.8925197124481201, 0.2035338431596756, 1.4492402076721191, 1.0530976057052612, 0.8812761306762695, 1.286047339439392, 0.597976803779602, 1.3869149684906006, 1.390529990196228, 0.4311254024505615, 1.2366842031478882, 0.9417137503623962, 0.19151359796524048, 1.5780401229858398, 1.5261192321777344, 0.4946013391017914, 1.0327653884887695, 0.05516231060028076, 0.44712650775909424, 0.9763759970664978, 1.6199723482131958, 0.64900141954422, 1.1470057964324951, 0.04703911766409874, 0.5977486371994019]"
services,"[7, 4, 11, 28, 6, 18, 4, 7]",34,"[1.013447880744934, 0.004918485879898071, 0.5355719327926636, 0.5748031735420227, 1.0344635248184204, 0.4375630021095276, 0.46931493282318115, 0.6099166870117188, 1.1053926944732666, 1.0168660879135132, 0.8991426825523376, 0.42468172311782837, 0.22971497476100922, 1.7708008289337158, 0.45324552059173584, 0.4065121114253998, 1.3284072875976562, 0.8895459771156311, 1.4532654285430908, 0.4805040955543518, 0.4646339416503906, 0.11959574371576309, 1.0722095966339111, 0.9113242626190186, 0.9030576944351196, 0.25234732031822205, 0.6359239816665649, -0.0011345744132995605, 0.858698308467865, 0.5598993897438049, 0.38763758540153503, 0.5251451730728149, 1.2175443172454834, 0.3434840142726898, 1.2409855127334595, 1.3815233707427979, 0.46747639775276184, 0.6000670194625854, 0.6316750645637512, 0.7714359760284424, 0.36508288979530334, 0.6845076680183411, 1.6823662519454956, 1.4263348579406738, 0.8360819816589355, 0.2878600060939789, 0.9534301161766052, 1.1827139854431152, 0.5988067388534546, 0.9681366682052612, 1.5075359344482422, 0.16419804096221924, 0.45480382442474365, 0.5503301024436951, 0.2679111361503601, 0.9691877961158752, 0.05407010391354561, 0.8905404806137085, 0.9613022208213806, 1.2108906507492065, 0.38525068759918213, 0.5495867133140564, 0.1028035432100296, 0.7878643274307251]"
supply,"[7, 13, 3, 3, 14, 21]",34,"[0.5257205367088318, 0.028760425746440887, 0.6480574607849121, 0.4350135624408722, 1.2432368993759155, 0.43843215703964233, 0.1492835283279419, 0.8731840252876282, 1.2671408653259277, 1.1694952249526978, 0.9859298467636108, 0.23889794945716858, 0.11219958961009979, 1.6482267379760742, 0.37188640236854553, 0.570939302444458, 0.8699921369552612, 0.9676820039749146, 0.8728858828544617, 0.30882346630096436, 0.15583597123622894, 0.04211271554231644, 0.7668454051017761, 0.9873023629188538, 0.5552053451538086, 0.533499002456665, 0.6906386017799377, 0.08888767659664154, 0.8567873239517212, 0.7128353714942932, 0.18728840351104736, 0.694750964641571, 0.7815494537353516, 0.27594247460365295, 0.7414265871047974, 0.8069133758544922, 0.8803097009658813, 0.5436146855354309, 0.8759446144104004, 0.6663663387298584, 0.6131201982498169, 0.40844523906707764, 1.071276307106018, 0.7855727076530457, 0.9383798837661743, 0.5320683717727661, 1.0120244026184082, 1.147627830505371, 0.5458600521087646, 1.2458558082580566, 0.9296140074729919, 0.27769598364830017, 0.45781010389328003, 0.463313490152359, 0.3894132971763611, 1.0899205207824707, 0.11899872869253159, 0.8619551062583923, 1.144608736038208, 1.1763116121292114, 0.5857477784156799, 0.36746475100517273, 0.04937348887324333, 0.3950361907482147]"
trade,"[8, 11, 2, 20, 4]",34,"[1.1136902570724487, 0.1052679717540741, 0.4631360173225403, 0.09682559967041016, 0.7528941035270691, 0.24997533857822418, 0.6136188507080078, 0.2844448983669281, 0.6545476317405701, 0.6007460951805115, 0.4352041482925415, 0.8902353048324585, 0.41377830505371094, 1.5573439598083496, 0.3473019003868103, 0.44235730171203613, 1.3941080570220947, 0.5092837810516357, 1.4935798645019531, 0.14588016271591187, 0.15432965755462646, -0.03618694841861725, 1.0107898712158203, 0.48468533158302307, 0.4301168620586395, 0.09810969233512878, 0.8747936487197876, 0.1920320987701416, 1.055782437324524, 0.0013533532619476318, 0.6882713437080383, 0.20676207542419434, 1.0513989925384521, 0.3659849166870117, 1.215562105178833, 1.5837764739990234, 0.052103571593761444, 0.684281051158905, 0.07682281732559204, 0.6573333144187927, 0.041647184640169144, 0.9789165258407593, 1.729213833808899, 1.4655481576919556, 1.13108229637146, -0.005661433562636375, 1.140768051147461, 1.3466689586639404, 0.4681335687637329, 0.9037128686904907, 1.5501638650894165, 0.2991648316383362, 0.5531570315361023, 0.8537940382957458, 0.19417479634284973, 0.5870223045349121, 0.07646147906780243, 0.46443045139312744, 0.5574536323547363, 1.1357331275939941, 0.17838795483112335, 0.5887832045555115, 0.04226686805486679, 1.0652061700820923]"
autobiography,"[2, 13, 8, 12, 10, 6, 12, 17, 11, 2, 3, 9, 21]",34,"[1.6705114841461182, -0.16797670722007751, 0.4073668122291565, 0.7592257857322693, 0.6317240595817566, -0.14759670197963715, 0.8240858316421509, 0.20596802234649658, 0.7378138899803162, 0.8327156901359558, 0.4405391216278076, -0.11666914820671082, 0.2855808734893799, 0.6624157428741455, 1.1392486095428467, 0.8426847457885742, 2.397235631942749, 0.06836014986038208, 2.808509111404419, 0.6484562158584595, 0.4935762286186218, 0.07974471151828766, 2.056276321411133, 1.0997090339660645, 1.1693215370178223, 0.8919050693511963, -0.016227930784225464, -0.24617063999176025, 0.11891843378543854, 1.3006947040557861, 0.0033744946122169495, 1.3282734155654907, 2.381484270095825, 0.9515179991722107, 2.1900978088378906, 2.6657915115356445, 1.2496514320373535, -0.08741872012615204, 1.3334157466888428, 0.49333375692367554, 1.7039493322372437, 0.14625799655914307, 3.342102289199829, 3.079150676727295, 0.007872063666582108, 0.6997687220573425, 0.31668341159820557, 0.27672919631004333, 1.9055005311965942, 0.38179099559783936, 2.975001335144043, -0.23860213160514832, 1.0734261274337769, 0.3468465209007263, 0.7552353739738464, 0.8897563219070435, -0.10995307564735413, 1.019993543624878, 0.6235990524291992, 0.5942069888114929, 0.3765777349472046, 1.3109720945358276, 0.07792802155017853, 1.8497101068496704]"
biography,"[10, 6, 12, 17, 11, 2, 3, 9, 21]",34,"[1.292854905128479, -0.0993330180644989, 0.4133547246456146, 0.6764848828315735, 0.7685863375663757, 0.034040361642837524, 0.5924992561340332, 0.4218659996986389, 0.9511098265647888, 0.8812559247016907, 0.6207047700881958, -0.0567169189453125, 0.20509988069534302, 0.9443498253822327, 0.8380342721939087, 0.6837847232818604, 1.8428853750228882, 0.33251750469207764, 2.1104979515075684, 0.5190736055374146, 0.3981757164001465, 0.04519224166870117, 1.5761648416519165, 1.0083398818969727, 0.9880791306495667, 0.7083259224891663, 0.19497264921665192, -0.16435551643371582, 0.35352224111557007, 1.0362679958343506, 0.030667714774608612, 1.0642938613891602, 1.7867207527160645, 0.6839737892150879, 1.6712876558303833, 2.022080898284912, 1.063167929649353, 0.1132311075925827, 1.1101338863372803, 0.4901154637336731, 1.2879254817962646, 0.20225319266319275, 2.537269353866577, 2.2622954845428467, 0.26099276542663574, 0.5871895551681519, 0.5596336126327515, 0.5682724118232727, 1.398646593093872, 0.5746477246284485, 2.235182523727417, -0.10673955082893372, 0.7722263932228088, 0.33756133913993835, 0.5901835560798645, 0.910338282585144, -0.0571163147687912, 0.9561489820480347, 0.7437527179718018, 0.7417354583740234, 0.4147683382034302, 0.9366903901100159, 0.07178275287151337, 1.3631528615951538]"
caption,"[18, 2, 3, 8, 6, 12, 5]",34,"[0.29804471135139465, 0.035386137664318085, 1.0756767988204956, 0.22753170132637024, 1.444734811782837, 0.3125612437725067, 0.14067217707633972, 0.8899184465408325, 1.2301307916641235, 1.2959301471710205, 1.0532680749893188, 0.5342434644699097, 0.2672186493873596, 1.9342224597930908, 0.2008470892906189, 0.7743611931800842, 0.4479183256626129, 1.0056719779968262, 0.4732621908187866, 0.1718728244304657, 0.07704684883356094, -0.02092583104968071, 0.7763828039169312, 0.9216271638870239, 0.2559835910797119, 0.7492554187774658, 0.9590232372283936, 0.10710835456848145, 1.089897632598877, 0.7484962940216064, 0.5151830315589905, 0.48455744981765747, 0.397433340549469, 0.06398377567529678, 0.40775880217552185, 0.3890244960784912, 0.8075001835823059, 0.5278071761131287, 0.9241557121276855, 0.659459114074707, 0.271526962518692, 0.770989179611206, 0.48285841941833496, 0.41703933477401733, 1.261417031288147, 0.7088682651519775, 1.3856048583984375, 1.3786494731903076, 0.2279171198606491, 1.522553563117981, 0.44014620780944824, 0.27322813868522644, 0.7885515093803406, 0.8728024959564209, 0.5183829069137573, 1.1811702251434326, 0.10926580429077148, 0.588162362575531, 1.299740195274353, 1.485671877861023, 0.8015305399894714, 0.45433327555656433, 0.06177455186843872, 0.1818762868642807]"
conflict,"[18, 12, 5, 22, 14, 6, 18, 8]",34,"[0.5213494300842285, 0.0920366495847702, 0.6586204171180725, 0.22434452176094055, 1.054155945777893, 0.7485640048980713, 0.33481884002685547, 0.9542158246040344, 1.1106548309326172, 0.7474766373634338, 1.0956966876983643, 0.2956721782684326, 0.057827774435281754, 1.5680410861968994, 0.08936615288257599, 0.4916587471961975, 0.5238680839538574, 1.2912023067474365, 0.7810987830162048, 0.30547523498535156, 0.26928144693374634, 0.04152075946331024, 0.32558414340019226, 0.5492509603500366, 0.4088519215583801, 0.37143245339393616, 0.8937397003173828, 0.12830594182014465, 0.9482687711715698, 0.37858688831329346, 0.23614612221717834, 0.3758736848831177, 0.7360043525695801, 0.11809124797582626, 0.3907300531864166, 0.6986163258552551, 0.461914986371994, 0.9074267148971558, 0.44148722290992737, 0.38589227199554443, 0.18277336657047272, 0.3344247043132782, 0.759614109992981, 0.6569851040840149, 1.1284198760986328, 0.3537016212940216, 0.9608554244041443, 1.3209303617477417, 0.23968657851219177, 1.32347571849823, 0.7191575169563293, 0.4423542022705078, 0.1938784420490265, 0.433505117893219, 0.3265436887741089, 0.692797064781189, 0.18315152823925018, 0.6090960502624512, 1.0183466672897339, 1.0109132528305054, 0.5733598470687866, 0.07779905945062637, 0.12077343463897705, 0.3143768012523651]"
dialogue,"[20, 6, 2, 14, 12, 17, 13, 4]",34,"[0.7486100196838379, -0.08854568004608154, 0.6703152060508728, 0.7368787527084351, 1.3389496803283691, -0.001508265733718872, 0.20129425823688507, 0.6738657355308533, 1.459433674812317, 1.447656273841858, 0.9599667191505432, 0.05580095946788788, 0.17337732017040253, 1.6976220607757568, 0.6228173971176147, 0.7319424748420715, 1.3767855167388916, 0.6122381687164307, 1.3246612548828125, 0.4550336003303528, 0.3167988061904907, 0.0725339725613594, 1.34355890750885, 1.3151534795761108, 0.9314063191413879, 0.7460256218910217, 0.478512704372406, -0.13396158814430237, 0.7148686647415161, 1.0405582189559937, 0.10830047726631165, 1.0035173892974854, 1.1952409744262695, 0.4280736446380615, 1.2175066471099854, 1.235597848892212, 1.1759471893310547, 0.26403337717056274, 1.2721697092056274, 0.7563191652297974, 0.9822513461112976, 0.36364462971687317, 1.6336669921875, 1.2788866758346558, 0.7398295402526855, 0.7162543535232544, 1.022876262664795, 1.0319254398345947, 0.9575515985488892, 1.0965689420700073, 1.4467393159866333, -0.1225060224533081, 0.7008150219917297, 0.46528685092926025, 0.606669008731842, 1.4087038040161133, -0.046740829944610596, 1.1823201179504395, 1.241632342338562, 1.4084011316299438, 0.636757493019104, 0.606184184551239, 0.005648776888847351, 0.6487840414047241]"
drama,"[20, 11, 2, 19, 2]",34,"[0.7808371186256409, 0.042777277529239655, 0.5741111040115356, 0.2868730425834656, 0.8661516904830933, 0.0480070561170578, 0.27010348439216614, 0.3380449414253235, 0.7244572639465332, 0.9439108371734619, 0.41427966952323914, 0.7500497102737427, 0.34727901220321655, 1.359252691268921, 0.46604567766189575, 0.5360296368598938, 1.1761616468429565, 0.3251839876174927, 1.08553946018219, 0.20233190059661865, 0.14523476362228394, -0.0029195789247751236, 1.1436766386032104, 0.7887718081474304, 0.45878866314888, 0.44382190704345703, 0.55412358045578, 0.10713303089141846, 0.7214630842208862, 0.49048909544944763, 0.5482355356216431, 0.4306500554084778, 0.7873308658599854, 0.23240497708320618, 1.016822338104248, 1.025524616241455, 0.435057133436203, 0.2661074995994568, 0.6459239721298218, 0.7804141044616699, 0.29948675632476807, 0.9343154430389404, 1.3316071033477783, 1.1029205322265625, 0.7371723651885986, 0.3011181056499481, 0.9492303133010864, 0.9542226195335388, 0.519322395324707, 0.7627604007720947, 1.1367871761322021, 0.11145545542240143, 0.8502264022827148, 0.7530928254127502, 0.24450483918190002, 0.9271290898323059, 0.005952872335910797, 0.6663957238197327, 0.7752764821052551, 1.1594005823135376, 0.3337725102901459, 0.6960736513137817, 0.035603806376457214, 0.6814864873886108]"
first person,"[22, 6, 11, 7, 8, 31, 3, 4, 11, 7, 12, 5]",34,"[0.7482956051826477, -0.015049874782562256, 1.7988502979278564, 0.09069627523422241, 1.4075530767440796, -0.24176178872585297, 0.06604122370481491, 0.24933308362960815, 0.740134060382843, 1.5638484954833984, 0.4359314739704132, 1.5275542736053467, 1.1109203100204468, 2.177107572555542, 0.6607138514518738, 1.4878668785095215, 1.1571687459945679, 0.30054235458374023, 0.8264731764793396, -0.0021738260984420776, -0.14406731724739075, -0.01804383099079132, 2.2753515243530273, 1.1597121953964233, 0.15327654778957367, 1.66221022605896, 1.0446619987487793, 0.07327672839164734, 1.3936922550201416, 1.4336566925048828, 1.6363070011138916, 0.6275492310523987, 0.45858898758888245, 0.08576008677482605, 1.1003203392028809, 0.7285932302474976, 0.9832472801208496, 0.03805040568113327, 1.5185763835906982, 1.1251966953277588, 0.5174856185913086, 1.9702638387680054, 1.1982332468032837, 1.0981329679489136, 1.5541322231292725, 0.9860741496086121, 1.7411603927612305, 1.5280613899230957, 0.6284527778625488, 1.4548556804656982, 1.058629035949707, 0.02606639266014099, 2.56731915473938, 2.2145073413848877, 0.8839517831802368, 1.462120771408081, -0.04827806353569031, 0.5104185938835144, 1.2805284261703491, 2.171597480773926, 0.9380581974983215, 1.8224494457244873, 0.018927771598100662, 0.6177917718887329]"
folktale,"[22, 12, 14, 16, 8, 2, 14, 4]",34,"[0.46838855743408203, -0.013516172766685486, 1.2307146787643433, 0.07802999764680862, 1.4004883766174316, 0.25313395261764526, 0.023413479328155518, 0.7201513051986694, 1.2245821952819824, 1.120475172996521, 1.1073600053787231, 1.0350069999694824, 0.6923885941505432, 2.4125566482543945, 0.07295162975788116, 1.1515980958938599, 0.5715228319168091, 0.9923379421234131, 0.5630242824554443, -0.012395679950714111, 0.009877540171146393, -0.0430726520717144, 0.9380968809127808, 0.6083564162254333, 0.10712122172117233, 0.7965440154075623, 1.5221121311187744, 0.011528149247169495, 1.7844730615615845, 0.40492573380470276, 1.1296883821487427, 0.2865068316459656, 0.28243333101272583, 0.021112829446792603, 0.5361306071281433, 0.5776848196983337, 0.5085030794143677, 0.8673380613327026, 0.5840262770652771, 0.4612063467502594, 0.12459991872310638, 1.2105109691619873, 0.624308168888092, 0.5443821549415588, 2.0875332355499268, 0.46381911635398865, 1.9595897197723389, 2.041111707687378, 0.1881450116634369, 1.7148646116256714, 0.48349231481552124, 0.21678940951824188, 1.0912785530090332, 1.496986985206604, 0.768646776676178, 1.0472824573516846, 0.027700915932655334, 0.38853180408477783, 1.0971944332122803, 1.902588129043579, 0.7211232781410217, 0.7092225551605225, 0.021455883979797363, 0.3569626212120056]"
illustration,"[6, 14, 14, 13, 7, 8, 11, 2, 8, 6, 12, 5]",34,"[0.2981807589530945, -0.05710060894489288, 1.2342256307601929, 0.5038284659385681, 1.7267475128173828, 0.010830461978912354, 0.0967366173863411, 0.9700729250907898, 1.5120242834091187, 1.7621639966964722, 1.1309300661087036, 0.08583588898181915, 0.17532019317150116, 1.7601206302642822, 0.40887975692749023, 1.0831151008605957, 0.580460786819458, 0.8881871104240417, 0.5353841781616211, 0.23569196462631226, 0.07221262902021408, 0.04783770442008972, 1.0819982290267944, 1.3950152397155762, 0.44162777066230774, 1.306403398513794, 0.6513657569885254, -0.04559573531150818, 0.7772769331932068, 1.3907462358474731, 0.20131325721740723, 0.950290322303772, 0.5698157548904419, 0.16964107751846313, 0.48991328477859497, 0.4401584267616272, 1.5034772157669067, 0.14959608018398285, 1.7244359254837036, 0.6479463577270508, 0.7855328917503357, 0.4574451446533203, 0.728681206703186, 0.5349565148353577, 0.923790693283081, 1.2245392799377441, 1.2738620042800903, 1.0004935264587402, 0.5779818296432495, 1.570530891418457, 0.5774190425872803, 0.04696586728096008, 1.0069537162780762, 0.7552622556686401, 0.854280412197113, 1.5649875402450562, 0.023552775382995605, 0.8622944951057434, 1.6370849609375, 1.5771448612213135, 1.0944592952728271, 0.5377029776573181, 0.048840902745723724, 0.19627611339092255]"
legend,"[14, 4, 17, 4, 5, 20]",34,"[0.9882611632347107, 0.04659595340490341, 0.45665493607521057, 0.30142003297805786, 1.052392840385437, 0.13193204998970032, 0.46292024850845337, 0.39602357149124146, 0.9918354749679565, 0.9904361963272095, 0.5332540273666382, 0.7463831901550293, 0.33511555194854736, 1.777026891708374, 0.4924885034561157, 0.3625907003879547, 1.5357041358947754, 0.5291293263435364, 1.4590928554534912, 0.2989254891872406, 0.16215141117572784, -0.025538219138979912, 1.1653170585632324, 0.8603357076644897, 0.6703743934631348, 0.16990405321121216, 0.7392524480819702, 0.13408727943897247, 0.9611743092536926, 0.27181491255760193, 0.5192946195602417, 0.44242754578590393, 1.1269690990447998, 0.42904284596443176, 1.3276004791259766, 1.444593906402588, 0.36185121536254883, 0.524883508682251, 0.4106706976890564, 0.936072587966919, 0.25558412075042725, 0.8994097709655762, 1.8194606304168701, 1.3935805559158325, 0.9995954036712646, 0.1269906759262085, 1.1464977264404297, 1.2747864723205566, 0.6081907749176025, 0.9998286962509155, 1.5792644023895264, 0.18390555679798126, 0.5792204737663269, 0.7214890122413635, 0.14004310965538025, 0.9656850695610046, 0.04858148843050003, 0.8347883224487305, 0.8486975431442261, 1.3311914205551147, 0.2569520175457001, 0.6113883852958679, 0.02396441623568535, 0.887839674949646]"
lesson,"[14, 4, 7, 7, 12, 5]",34,"[0.5909286737442017, 0.08979269862174988, 0.881236732006073, 0.07867191731929779, 1.1618403196334839, 0.1552594155073166, 0.23372025787830353, 0.500176727771759, 0.8780907988548279, 1.0307419300079346, 0.5329434275627136, 0.8866950273513794, 0.41715914011001587, 1.7495436668395996, 0.25376617908477783, 0.5759633779525757, 0.8291614055633545, 0.670488715171814, 0.7957513928413391, 0.15780487656593323, 0.049123819917440414, -0.016514189541339874, 0.9449048042297363, 0.7799481153488159, 0.30175361037254333, 0.5301184058189392, 0.9015505313873291, 0.2298198640346527, 1.036582112312317, 0.3989292085170746, 0.7413815259933472, 0.24262280762195587, 0.5643184185028076, 0.13371208310127258, 0.7554187178611755, 0.7380080819129944, 0.37978264689445496, 0.4704519510269165, 0.5508530735969543, 0.8281102180480957, 0.019064083695411682, 1.088225245475769, 0.9946039915084839, 0.7349939346313477, 1.1310514211654663, 0.38492465019226074, 1.3154646158218384, 1.3125965595245361, 0.2582583427429199, 1.1934422254562378, 0.820927619934082, 0.3399854004383087, 0.865105390548706, 0.9915976524353027, 0.31064900755882263, 0.9987977743148804, 0.11578577756881714, 0.5545887351036072, 0.9569512605667114, 1.3841296434402466, 0.47625967860221863, 0.606067419052124, 0.057925473898649216, 0.47641721367836]"
main idea,"[19, 2, 6, 5, 31, 6, 20, 4, 2]",34,"[0.6935499310493469, 0.05326449126005173, 1.1801011562347412, 0.13346773386001587, 1.3681455850601196, 0.1751357614994049, 0.1318036913871765, 0.5218831896781921, 1.0925832986831665, 1.2431727647781372, 0.9516010284423828, 1.2870146036148071, 0.7254675626754761, 2.5169501304626465, 0.2222663015127182, 1.0090749263763428, 0.9442951679229736, 0.7832263112068176, 0.8319733142852783, 0.004063308238983154, 0.056849222630262375, -0.023365991190075874, 1.2221356630325317, 0.7650866508483887, 0.23741507530212402, 0.6795159578323364, 1.4926815032958984, 0.12475217878818512, 1.7994157075881958, 0.36501383781433105, 1.2676681280136108, 0.21389780938625336, 0.43212515115737915, 0.07973538339138031, 0.8129525780677795, 0.8109192848205566, 0.4075466990470886, 0.7715964317321777, 0.5360312461853027, 0.7475013732910156, 0.04478725418448448, 1.4916434288024902, 0.9685481786727905, 0.8099163174629211, 2.0381786823272705, 0.3233899474143982, 1.9787918329238892, 2.066556215286255, 0.23208650946617126, 1.6833922863006592, 0.8740931749343872, 0.22143137454986572, 1.3047081232070923, 1.6092023849487305, 0.6046726703643799, 1.1730475425720215, 0.018984206020832062, 0.49319660663604736, 1.1502876281738281, 2.050400495529175, 0.603350818157196, 0.8438525199890137, 0.006339177489280701, 0.5096600651741028]"
motivation,"[19, 12, 8, 6, 28, 2, 8, 6, 12, 5]",34,"[0.8078862428665161, -0.019411712884902954, 0.6602667570114136, 0.6060190200805664, 1.163827657699585, 0.008551210165023804, 0.2937869727611542, 0.4439915418624878, 1.0553171634674072, 1.333161473274231, 0.5176441669464111, 0.3112071454524994, 0.21433664858341217, 1.3376133441925049, 0.7683891654014587, 0.5810754895210266, 1.4828091859817505, 0.3266094923019409, 1.3845715522766113, 0.4999081492424011, 0.2428997904062271, 0.04848656803369522, 1.439245343208313, 1.3026111125946045, 0.8646798133850098, 0.7004906535148621, 0.2758236825466156, 0.000889509916305542, 0.43899035453796387, 1.1096304655075073, 0.1836819350719452, 0.9453631639480591, 1.2366900444030762, 0.45959341526031494, 1.3239527940750122, 1.278782844543457, 1.0599324703216553, 0.07036177814006805, 1.2506898641586304, 0.9420037269592285, 0.9460066556930542, 0.5858985781669617, 1.7518283128738403, 1.3419468402862549, 0.4198009967803955, 0.6831950545310974, 0.7914263010025024, 0.70799320936203, 1.0291181802749634, 0.8302338123321533, 1.6001131534576416, -0.002962440252304077, 0.9200918674468994, 0.5047078132629395, 0.36873921751976013, 1.2818440198898315, -0.00673338770866394, 1.1207693815231323, 1.1068814992904663, 1.1843626499176025, 0.5212456583976746, 0.8284835815429688, 0.026832569390535355, 0.724421501159668]"
myth,"[19, 21, 8, 9]",34,"[0.650743305683136, 0.04668286442756653, 0.8468078970909119, 0.1703876554965973, 1.1904082298278809, 0.13173264265060425, 0.21936674416065216, 0.5277597904205322, 0.8760620951652527, 1.0906000137329102, 0.6062296628952026, 0.8574756383895874, 0.43749135732650757, 1.7342815399169922, 0.37566280364990234, 0.6063883304595947, 0.9460382461547852, 0.6005078554153442, 0.8727738261222839, 0.1581742912530899, 0.0318734347820282, -0.030265681445598602, 1.1372390985488892, 0.8568822741508484, 0.30191680788993835, 0.5750222206115723, 0.8057000637054443, 0.14862942695617676, 0.9487164616584778, 0.5523335933685303, 0.7027495503425598, 0.4072501063346863, 0.6346229910850525, 0.1806570291519165, 0.8763753771781921, 0.8081393241882324, 0.5113118290901184, 0.3645040988922119, 0.7336852550506592, 0.8765696287155151, 0.1795085370540619, 1.0805546045303345, 1.1322579383850098, 0.9091079831123352, 1.0449520349502563, 0.4419853985309601, 1.1768929958343506, 1.207576036453247, 0.40033307671546936, 1.114993929862976, 0.9491361975669861, 0.20830824971199036, 0.9736588001251221, 0.99527907371521, 0.33226215839385986, 1.0179870128631592, 0.07225632667541504, 0.6262023448944092, 0.9853312373161316, 1.376295804977417, 0.5013970732688904, 0.738802969455719, 0.04849880561232567, 0.5527685880661011]"
paragraph,"[3, 2, 11, 2, 17, 11, 2, 3, 9]",34,"[0.9939200282096863, -0.022455215454101562, 0.6556609869003296, 0.7165318727493286, 1.2737044095993042, -0.14462588727474213, 0.22896708548069, 0.42381614446640015, 1.0723485946655273, 1.5594000816345215, 0.5478836297988892, 0.5199441909790039, 0.2986587882041931, 1.697002649307251, 0.9414571523666382, 0.55401611328125, 1.7596230506896973, 0.2810690402984619, 1.4491469860076904, 0.37913668155670166, 0.14682644605636597, 0.04685312509536743, 1.883888840675354, 1.4779003858566284, 0.8642763495445251, 0.6565935015678406, 0.2460857480764389, 0.012503832578659058, 0.5296530723571777, 1.1689107418060303, 0.37817543745040894, 0.9690737128257751, 1.1867210865020752, 0.44180944561958313, 1.6140482425689697, 1.3261878490447998, 1.0673813819885254, -0.07579359412193298, 1.3638606071472168, 1.2477790117263794, 0.8868353366851807, 0.9424892663955688, 2.0230393409729004, 1.7151556015014648, 0.3956928849220276, 0.6381825804710388, 0.8531304001808167, 0.77671217918396, 1.0530691146850586, 0.7862311601638794, 1.781673550605774, -0.08660578727722168, 1.1893279552459717, 0.6771339774131775, 0.2892584800720215, 1.4785438776016235, -0.02350042760372162, 1.1646093130111694, 1.1800428628921509, 1.4296529293060303, 0.4831557869911194, 1.1168851852416992, 0.02516680210828781, 0.9041683673858643]"
passage,"[3, 2, 7, 7, 2, 17, 4]",34,"[0.4754081964492798, 0.05663491040468216, 1.2476813793182373, 0.07767089456319809, 1.497546672821045, 0.08699752390384674, 0.07575546205043793, 0.6188167333602905, 1.0807222127914429, 1.2359068393707275, 0.9913516044616699, 0.940449595451355, 0.5848326086997986, 2.215878963470459, 0.11514917016029358, 1.0671812295913696, 0.6612659692764282, 0.8520486950874329, 0.6229380369186401, -0.012143999338150024, 0.02756902575492859, -0.03187674656510353, 0.9522921442985535, 0.7388782501220703, 0.1360354870557785, 0.8261885643005371, 1.4129502773284912, 0.14810022711753845, 1.5546904802322388, 0.4211025536060333, 0.9703654050827026, 0.274967759847641, 0.3634489178657532, 0.059744250029325485, 0.584494948387146, 0.6803973913192749, 0.5289766192436218, 0.719671905040741, 0.6655471324920654, 0.5552340745925903, 0.10165408253669739, 1.092319369316101, 0.7491297721862793, 0.6190728545188904, 1.823230504989624, 0.5375663042068481, 1.8433566093444824, 1.8035341501235962, 0.2593920826911926, 1.6468855142593384, 0.6372503638267517, 0.2714692950248718, 1.0693788528442383, 1.3793277740478516, 0.7628825306892395, 1.1467924118041992, 0.10338962823152542, 0.3947608172893524, 1.1542655229568481, 1.8074655532836914, 0.7396472692489624, 0.6140769124031067, 0.031222032383084297, 0.41528216004371643]"
point of view,"[3, 12, 6, 5, 8, 31, 12, 22, 31, 28, 6, 4, 26]",34,"[0.44694948196411133, 0.02161179482936859, 1.8636654615402222, -0.10363738983869553, 1.2280970811843872, 0.10868312418460846, 0.16468894481658936, 0.4619419574737549, 0.7350667715072632, 1.0869901180267334, 0.8731443285942078, 1.4839624166488647, 1.0710773468017578, 2.2593274116516113, 0.24743494391441345, 1.6304278373718262, 0.603084921836853, 0.7609533667564392, 0.5500283241271973, -0.0060446858406066895, 0.00022742897272109985, -0.06800790876150131, 1.572106957435608, 0.5930544137954712, -0.01857389509677887, 1.5623475313186646, 1.5771758556365967, 0.051928818225860596, 1.8980528116226196, 1.0096218585968018, 1.7522200345993042, 0.3252824544906616, 0.3022117614746094, 0.06619518995285034, 0.5970478057861328, 0.6177879571914673, 0.6066188216209412, 0.589588463306427, 0.9493622183799744, 0.5607137680053711, 0.3793891668319702, 1.7180395126342773, 0.6279234290122986, 0.7777088284492493, 2.216296672821045, 0.7905473113059998, 2.0885744094848633, 2.0454952716827393, 0.2993447780609131, 1.8982791900634766, 0.6375913023948669, 0.20736412703990936, 2.130962610244751, 2.213277816772461, 1.0902824401855469, 1.0228312015533447, -0.02020852267742157, 0.2329818308353424, 1.0793522596359253, 2.1152379512786865, 0.995021641254425, 1.3688207864761353, 0.016080711036920547, 0.39734262228012085]"
prose,"[3, 11, 12, 7, 4]",34,"[1.115291714668274, 0.010205283761024475, 0.4312259554862976, 0.2783787250518799, 0.9145620465278625, 0.13041390478610992, 0.45968887209892273, 0.36094582080841064, 0.9129952192306519, 0.8694769144058228, 0.46311691403388977, 0.7930421829223633, 0.3897632360458374, 1.7004470825195312, 0.536899209022522, 0.40464499592781067, 1.5745867490768433, 0.5283486843109131, 1.5602128505706787, 0.2828993797302246, 0.12442836165428162, -0.060573019087314606, 1.297217607498169, 0.7624564170837402, 0.5832629203796387, 0.20169347524642944, 0.689673900604248, 0.06205214560031891, 0.9371281266212463, 0.2756609618663788, 0.6137551665306091, 0.4114568829536438, 1.1597042083740234, 0.37540119886398315, 1.428052544593811, 1.5224430561065674, 0.32466110587120056, 0.5169017314910889, 0.3745569586753845, 0.9182136058807373, 0.2781037390232086, 1.0296365022659302, 1.8849878311157227, 1.602647304534912, 0.907512903213501, 0.13434408605098724, 1.0805951356887817, 1.245440125465393, 0.6888294219970703, 0.8627239465713501, 1.6041417121887207, 0.16125965118408203, 0.7034164667129517, 0.7595469355583191, 0.14895033836364746, 0.8705188632011414, 0.0203959122300148, 0.7523599863052368, 0.7331092953681946, 1.2478381395339966, 0.23615168035030365, 0.7624223828315735, 0.04681890830397606, 1.0471359491348267]"
resolution,"[11, 4, 7, 12, 14, 13, 8, 6, 12, 5]",34,"[0.43553829193115234, -0.014324963092803955, 0.9723382592201233, 0.5306390523910522, 1.5367233753204346, 0.08362503349781036, 0.18127258121967316, 0.7891987562179565, 1.412573218345642, 1.62538480758667, 0.8640624284744263, 0.21283653378486633, 0.17448124289512634, 1.7572746276855469, 0.5483274459838867, 0.7169192433357239, 0.9377380609512329, 0.7631447315216064, 0.7742024064064026, 0.4270474910736084, 0.10971317440271378, 0.04364236444234848, 1.1882996559143066, 1.3832528591156006, 0.6866385340690613, 0.9464112520217896, 0.516655683517456, 0.02163626253604889, 0.6888874173164368, 1.2489138841629028, 0.25138816237449646, 0.9097771644592285, 0.8068662285804749, 0.3180426061153412, 0.8251044750213623, 0.6617127060890198, 1.2659153938293457, 0.18502098321914673, 1.4593560695648193, 0.9370406866073608, 0.7344062328338623, 0.6089084148406982, 1.1036015748977661, 0.7185015082359314, 0.736004114151001, 0.9369623064994812, 1.0997146368026733, 1.0100712776184082, 0.6614453792572021, 1.3425806760787964, 0.9598461389541626, 0.10530586540699005, 0.9104332327842712, 0.6418701410293579, 0.483064740896225, 1.4784746170043945, 0.042253799736499786, 1.0713868141174316, 1.458113431930542, 1.5018056631088257, 0.830916166305542, 0.6226996183395386, 0.03566804528236389, 0.3000710904598236]"
rhythm,"[11, 9, 21, 8, 9, 19]",34,"[0.8298987746238708, 0.02290339767932892, 0.9135484099388123, 0.3289341926574707, 1.1665903329849243, -0.003960415720939636, 0.3394753336906433, 0.45570045709609985, 0.8428259491920471, 1.2291359901428223, 0.45925042033195496, 0.6280186176300049, 0.43461668491363525, 1.4417197704315186, 0.6441894769668579, 0.7149990797042847, 1.259964942932129, 0.4250020384788513, 1.1950020790100098, 0.31353849172592163, 0.035068511962890625, 0.016083087772130966, 1.5377638339996338, 1.1295632123947144, 0.5066975355148315, 0.9012859463691711, 0.44304847717285156, 0.07724298536777496, 0.5951685309410095, 1.0507214069366455, 0.5605679154396057, 0.7250275611877441, 0.9692198038101196, 0.3296823799610138, 1.170754313468933, 1.093625545501709, 0.8904873132705688, 0.09940600395202637, 1.203647255897522, 0.9940866231918335, 0.5782572627067566, 0.9575207233428955, 1.5753947496414185, 1.3157155513763428, 0.5952301025390625, 0.7408434748649597, 0.873479425907135, 0.85240238904953, 0.7770780324935913, 0.9391096830368042, 1.4059622287750244, 0.08822517096996307, 1.2887687683105469, 0.9091379642486572, 0.4286723732948303, 1.1759318113327026, 0.042506784200668335, 0.8238759636878967, 1.047930121421814, 1.2570581436157227, 0.5972374677658081, 1.0472681522369385, 0.06507539749145508, 0.7771533727645874]"
scene,"[7, 18, 4, 5, 4]",34,"[0.8343145251274109, 0.1288101226091385, 0.3529805541038513, 0.2433079183101654, 0.7912460565567017, 0.6190019845962524, 0.4745936393737793, 0.541399359703064, 0.8498569130897522, 0.5212813019752502, 0.7712951898574829, 0.5553306341171265, 0.18243254721164703, 1.5868675708770752, 0.1469278186559677, 0.33605244755744934, 0.9501965045928955, 0.9112210273742676, 1.1480398178100586, 0.2968405485153198, 0.31467628479003906, 0.026526276022195816, 0.4887223243713379, 0.3957549035549164, 0.5294404625892639, -0.0210968479514122, 0.9605374336242676, 0.1887878030538559, 1.1006217002868652, -0.04655924811959267, 0.4470502734184265, 0.1584102213382721, 0.9089992046356201, 0.26559773087501526, 0.8268839120864868, 1.2153699398040771, 0.05604439228773117, 0.9751372933387756, 0.01547372154891491, 0.42286381125450134, 0.039743680506944656, 0.5895845890045166, 1.2337514162063599, 0.998894989490509, 1.1824736595153809, -0.011395962908864021, 1.0870733261108398, 1.3994853496551514, 0.29786574840545654, 1.0624971389770508, 1.1177467107772827, 0.4620975852012634, 0.11839187145233154, 0.5206061005592346, 0.17842739820480347, 0.528724730014801, 0.15602698922157288, 0.49844446778297424, 0.6431503295898438, 1.026000738143921, 0.20723584294319153, 0.16231970489025116, 0.06444239616394043, 0.6883985996246338]"
stage directions,"[7, 8, 2, 17, 4, 31, 20, 6, 11, 4, 18, 8, 6, 12, 5, 7]",34,"[0.15086603164672852, -0.06555955111980438, 1.7229056358337402, 0.19059807062149048, 1.585458517074585, -0.023144587874412537, 0.03901837766170502, 0.7477893233299255, 1.1297671794891357, 1.4144659042358398, 1.2399338483810425, 0.6525806188583374, 0.6811690330505371, 2.083313226699829, 0.15962174534797668, 1.603974461555481, 0.29687994718551636, 0.8448047637939453, 0.23506523668766022, 0.027988120913505554, 0.04948073998093605, 0.008866168558597565, 1.0985256433486938, 0.8878763914108276, 0.09811565279960632, 1.543784260749817, 1.2795910835266113, -0.10201066732406616, 1.4766165018081665, 1.1738789081573486, 1.0282732248306274, 0.580173671245575, 0.20500335097312927, 0.051125094294548035, 0.21682938933372498, 0.3586301803588867, 1.0205962657928467, 0.44829899072647095, 1.3496862649917603, 0.2824289798736572, 0.4926692247390747, 0.9352912902832031, 0.2666665315628052, 0.3649365305900574, 1.8020716905593872, 1.0938866138458252, 1.8205862045288086, 1.6275877952575684, 0.3429785668849945, 1.8405539989471436, 0.27264878153800964, 0.03052961826324463, 1.5023490190505981, 1.5709651708602905, 1.229877233505249, 1.2330206632614136, -0.01715533435344696, 0.35931360721588135, 1.3476074934005737, 1.9386610984802246, 1.1723357439041138, 0.7866548299789429, 0.04164762422442436, 0.18624915182590485]"
stanza,"[7, 8, 2, 5, 15, 2]",34,"[0.7052235007286072, 0.07200989127159119, 0.7092239856719971, 0.20618793368339539, 1.0535417795181274, 0.1356569528579712, 0.23775248229503632, 0.4755322337150574, 0.8607616424560547, 1.0007388591766357, 0.5731187462806702, 0.8481192588806152, 0.3809361457824707, 1.669285535812378, 0.31366777420043945, 0.5828510522842407, 1.006587266921997, 0.5752025246620178, 0.9589270353317261, 0.1764346957206726, 0.14144381880760193, 0.0049063824117183685, 0.9956576824188232, 0.7382599115371704, 0.4127176105976105, 0.4503656327724457, 0.7998201847076416, 0.16532248258590698, 0.9788944125175476, 0.35136619210243225, 0.6428629159927368, 0.3301939368247986, 0.7237635850906372, 0.1626654863357544, 0.9031934142112732, 0.9415304660797119, 0.3432002663612366, 0.48232102394104004, 0.5529983043670654, 0.7613015174865723, 0.12201371788978577, 0.9822770357131958, 1.1608997583389282, 0.9399146437644958, 1.0779609680175781, 0.27991363406181335, 1.1958563327789307, 1.2563892602920532, 0.3890644907951355, 1.0177001953125, 1.00257408618927, 0.22967743873596191, 0.7587599158287048, 0.8935508131980896, 0.30660679936408997, 0.9600136280059814, 0.07321852445602417, 0.6296008229255676, 0.8869450688362122, 1.3347617387771606, 0.42896246910095215, 0.5818589329719543, 0.045766714960336685, 0.5797784328460693]"
text feature,"[8, 4, 27, 8, 31, 22, 4, 2, 8, 13, 11, 4]",34,"[0.014266133308410645, -0.06958611309528351, 1.725007176399231, 0.2639658451080322, 1.946443796157837, 0.03275561332702637, -0.04381898045539856, 0.9535829424858093, 1.60600745677948, 1.6323647499084473, 1.7080634832382202, 0.6311359405517578, 0.6141921281814575, 2.838266372680664, 0.014824964106082916, 1.580098032951355, 0.22826838493347168, 1.1874074935913086, 0.11194665729999542, 0.0039314329624176025, 0.034983955323696136, -0.03130893036723137, 0.8588853478431702, 0.9205809831619263, 0.14631806313991547, 1.2689639329910278, 1.7118679285049438, -0.11380824446678162, 1.9809938669204712, 0.8914042115211487, 1.1035523414611816, 0.5156621932983398, 0.08999015390872955, 0.05934491008520126, 0.1612989902496338, 0.2044227421283722, 1.0217257738113403, 0.797990620136261, 1.0983195304870605, 0.3180364966392517, 0.32782575488090515, 0.9476454257965088, 0.08041451871395111, 0.1456732451915741, 2.3622710704803467, 0.9544305205345154, 2.3534293174743652, 2.203655242919922, 0.1493951976299286, 2.321434497833252, 0.1358823925256729, 0.05153864622116089, 1.1536316871643066, 1.5798852443695068, 1.2378970384597778, 1.4486403465270996, -0.017651334404945374, 0.42221638560295105, 1.5736743211746216, 2.36228346824646, 1.2013342380523682, 0.5058541297912598, -0.011489268392324448, 0.06357166171073914]"
theme,"[8, 9, 4, 19, 4]",34,"[0.984271764755249, 0.09203250706195831, 0.637384295463562, 0.08150942623615265, 0.9254627227783203, 0.1769988089799881, 0.4814428985118866, 0.3334609568119049, 0.6961953639984131, 0.8010901808738708, 0.40015870332717896, 1.0256731510162354, 0.5057087540626526, 1.6490800380706787, 0.38670098781585693, 0.49004653096199036, 1.2866257429122925, 0.517710268497467, 1.323882818222046, 0.18452078104019165, 0.06303630769252777, -0.03313903138041496, 1.168890118598938, 0.6306894421577454, 0.3669614791870117, 0.3324177861213684, 0.8185662031173706, 0.2117886245250702, 1.0260628461837769, 0.24954955279827118, 0.808195948600769, 0.262406587600708, 0.9226773381233215, 0.3203692138195038, 1.1486045122146606, 1.290081262588501, 0.23129528760910034, 0.5081877112388611, 0.34400415420532227, 0.8769862651824951, 0.05505606159567833, 1.1656495332717896, 1.6027876138687134, 1.3084105253219604, 1.068711280822754, 0.1805342733860016, 1.1397243738174438, 1.2816507816314697, 0.4382966458797455, 0.9748836755752563, 1.3807973861694336, 0.2654091715812683, 0.8639245629310608, 0.9963458180427551, 0.18987244367599487, 0.7988365292549133, 0.07015834748744965, 0.5541219711303711, 0.7049970030784607, 1.2429373264312744, 0.28229820728302, 0.7874609231948853, 0.04608872905373573, 0.92507004737854]"
third person,"[8, 9, 6, 11, 20, 31, 3, 4, 11, 7, 12, 5]",34,"[0.6014348864555359, 0.010753273963928223, 1.7671351432800293, 0.03751373291015625, 1.391592025756836, -0.08748362958431244, 0.189083531498909, 0.3875769376754761, 0.7773244380950928, 1.4322192668914795, 0.62481290102005, 1.3489898443222046, 0.9688292145729065, 2.0771210193634033, 0.4995647072792053, 1.3989686965942383, 0.9185754060745239, 0.5313214063644409, 0.6931936144828796, 0.022341318428516388, -0.06923949718475342, -0.01954794116318226, 1.8537635803222656, 1.0015567541122437, 0.10416515171527863, 1.5436508655548096, 1.1316922903060913, 0.08490234613418579, 1.3562469482421875, 1.2774189710617065, 1.4909577369689941, 0.5003226399421692, 0.39646634459495544, 0.09369448572397232, 0.7957391142845154, 0.6281282305717468, 0.8393190503120422, 0.18844620883464813, 1.3330280780792236, 0.9394304752349854, 0.35326388478279114, 1.7368972301483154, 0.971892237663269, 0.9464664459228516, 1.5721203088760376, 0.9524978995323181, 1.722181797027588, 1.5069608688354492, 0.4322938323020935, 1.5624797344207764, 0.8542883396148682, 0.1128886491060257, 2.2257587909698486, 2.032322883605957, 0.8693360090255737, 1.3163294792175293, -0.00927811861038208, 0.40968412160873413, 1.2751556634902954, 2.0085601806640625, 0.9280864596366882, 1.500630497932434, 0.057048410177230835, 0.48739492893218994]"
trait,"[8, 11, 2, 6, 8]",34,"[1.1772483587265015, 0.055007971823215485, 0.35619300603866577, 0.3012546896934509, 0.7503421902656555, 0.13764268159866333, 0.586161732673645, 0.28357112407684326, 0.6121411323547363, 0.7936767935752869, 0.2284257709980011, 0.7564666271209717, 0.32465606927871704, 1.2739336490631104, 0.666253924369812, 0.250039666891098, 1.6340357065200806, 0.30907559394836426, 1.669863224029541, 0.41512811183929443, 0.18512150645256042, -0.027488553896546364, 1.3996027708053589, 0.8299285173416138, 0.6638540029525757, 0.23008722066879272, 0.3695439100265503, 0.14038924872875214, 0.5169615149497986, 0.475801944732666, 0.49202024936676025, 0.5172064304351807, 1.3168330192565918, 0.4576471745967865, 1.5370851755142212, 1.6007063388824463, 0.3408454656600952, 0.2764816880226135, 0.5711430311203003, 1.0149723291397095, 0.3761504888534546, 0.9799914360046387, 2.119036912918091, 1.7201533317565918, 0.43866485357284546, 0.18675178289413452, 0.656282365322113, 0.8392884135246277, 0.791051983833313, 0.5822595357894897, 1.833675742149353, 0.1647203266620636, 0.8180481195449829, 0.6218755841255188, -0.0045282430946826935, 0.7814859747886658, 0.04559597373008728, 0.8368247151374817, 0.6489090919494629, 0.9471187591552734, 0.18285739421844482, 0.9036611318588257, 0.06740497052669525, 1.0930155515670776]"
verse,"[28, 4, 11, 7, 4]",34,"[0.9720972776412964, 0.021155953407287598, 0.6553524732589722, 0.19090676307678223, 0.9111977815628052, 0.07396258413791656, 0.27773037552833557, 0.2380739003419876, 0.7485221028327942, 0.820950448513031, 0.5196387767791748, 1.0111713409423828, 0.5890039801597595, 1.8432834148406982, 0.4095115065574646, 0.659336507320404, 1.3522286415100098, 0.4255906045436859, 1.2853703498840332, 0.11654302477836609, 0.09735873341560364, -0.026928195729851723, 1.3271820545196533, 0.6718347668647766, 0.4295872151851654, 0.3340812921524048, 0.9684563875198364, 0.06952385604381561, 1.2529054880142212, 0.20011122524738312, 0.8856217861175537, 0.2839617133140564, 0.8560690879821777, 0.23953410983085632, 1.2615811824798584, 1.3036730289459229, 0.23016351461410522, 0.5809094905853271, 0.307763010263443, 0.7354321479797363, 0.17472189664840698, 1.1893571615219116, 1.608788013458252, 1.3907288312911987, 1.2965205907821655, 0.10528280586004257, 1.3557929992675781, 1.4792675971984863, 0.5342464447021484, 1.0068113803863525, 1.4310657978057861, 0.14173568785190582, 0.9648747444152832, 1.1381831169128418, 0.36103928089141846, 0.832014262676239, 0.007256843149662018, 0.5477474927902222, 0.6905144453048706, 1.440449833869934, 0.23304814100265503, 0.8810783624649048, 0.01744677498936653, 0.9051834344863892]"
argument,"[2, 11, 17, 13, 19, 4, 5, 8]",34,"[0.2660370469093323, -0.01632833480834961, 1.263657808303833, 0.3518010079860687, 1.677063226699829, -0.024943426251411438, 0.16576270759105682, 0.8449817299842834, 1.2455500364303589, 1.674519658088684, 0.9679819941520691, 0.3756360411643982, 0.30010586977005005, 1.7680675983428955, 0.3777211904525757, 0.9784833192825317, 0.6205083131790161, 0.7103710174560547, 0.526832103729248, 0.21281707286834717, 0.030289441347122192, 0.023371197283267975, 1.0843007564544678, 1.3104901313781738, 0.343026727437973, 1.1636321544647217, 0.7122880220413208, 0.054147765040397644, 0.8031384944915771, 1.23009192943573, 0.4107484817504883, 0.8201971650123596, 0.5096443891525269, 0.22040775418281555, 0.5131219625473022, 0.4876212775707245, 1.21588134765625, 0.12341473996639252, 1.564048171043396, 0.795636773109436, 0.5581343770027161, 0.7177656888961792, 0.7458289861679077, 0.47087353467941284, 0.97935950756073, 1.0602658987045288, 1.2415142059326172, 1.0511919260025024, 0.44896432757377625, 1.4853894710540771, 0.6268079876899719, 0.0717666745185852, 1.1067982912063599, 0.9396898746490479, 0.7132139205932617, 1.4740262031555176, 0.04910655319690704, 0.814035952091217, 1.5074156522750854, 1.5808740854263306, 0.9839484095573425, 0.6275358200073242, 0.04072938859462738, 0.21751223504543304]"
assess,"[2, 7, 7, 4, 7, 7]",34,"[0.45008599758148193, 0.2760937213897705, 0.8396657109260559, 0.052613742649555206, 1.2818905115127563, 0.41960108280181885, 0.20728044211864471, 0.6469995379447937, 0.8715856075286865, 1.0248286724090576, 0.7429251670837402, 0.7951629161834717, 0.21360936760902405, 1.8041996955871582, 0.12481626868247986, 0.4490656852722168, 0.5858754515647888, 0.9899194836616516, 0.6356773376464844, 0.13728094100952148, 0.03654833137989044, -0.012281330302357674, 0.5172772407531738, 0.6780513525009155, 0.25195661187171936, 0.3666529655456543, 1.0057708024978638, 0.5006240010261536, 1.0517258644104004, 0.23528610169887543, 0.5869292616844177, 0.1479024738073349, 0.41962701082229614, 0.11186282336711884, 0.5657092332839966, 0.5688673257827759, 0.24982985854148865, 0.7133626937866211, 0.42782285809516907, 0.7560999393463135, -0.09146340191364288, 0.837909460067749, 0.7741435766220093, 0.4928571581840515, 1.1923295259475708, 0.4072720408439636, 1.3048629760742188, 1.3107963800430298, 0.13206839561462402, 1.3265126943588257, 0.5848325490951538, 0.6608591079711914, 0.46395623683929443, 0.7774812579154968, 0.2881593108177185, 0.9246514439582825, 0.3280855417251587, 0.46544700860977173, 0.989929735660553, 1.2299193143844604, 0.47549402713775635, 0.2759712338447571, 0.05312492698431015, 0.3087546229362488]"
bias,"[10, 6, 2, 7]",34,"[0.9733694791793823, 0.16046079993247986, 0.5055660009384155, 0.05953240394592285, 0.8229709267616272, 0.2337540090084076, 0.44693851470947266, 0.3709818124771118, 0.6056696772575378, 0.7257968783378601, 0.3550143837928772, 0.8847957849502563, 0.35888588428497314, 1.3518421649932861, 0.3740272521972656, 0.3567456901073456, 1.1799767017364502, 0.5829488039016724, 1.2889964580535889, 0.22183944284915924, 0.09736534208059311, -0.04129759222269058, 0.9387851357460022, 0.5626674890518188, 0.3297613859176636, 0.2571238875389099, 0.7095786333084106, 0.322993665933609, 0.7542126774787903, 0.17898017168045044, 0.6255093812942505, 0.2146623432636261, 0.8448573350906372, 0.2606067657470703, 1.0707149505615234, 1.2515969276428223, 0.1320953369140625, 0.5596824884414673, 0.27473101019859314, 0.8405274152755737, 0.043138016015291214, 0.9766408205032349, 1.4909453392028809, 1.2373030185699463, 0.8004056215286255, 0.18549686670303345, 0.9288296699523926, 1.0381447076797485, 0.4394075572490692, 0.7900183200836182, 1.2606754302978516, 0.3943895995616913, 0.6653279662132263, 0.7533853650093079, 0.1287333369255066, 0.7029971480369568, 0.15965431928634644, 0.4922945499420166, 0.6186143755912781, 0.9588961005210876, 0.25264284014701843, 0.6090564727783203, 0.07013926655054092, 0.8758862018585205]"
chronological,"[18, 9, 11, 12, 5, 12, 14, 12, 17, 6, 18, 2, 14]",34,"[0.5030702352523804, -0.07560282945632935, 1.4049029350280762, 0.5996437668800354, 1.6922321319580078, -0.11250476539134979, 0.11844569444656372, 0.7632582187652588, 1.3742294311523438, 1.844531536102295, 0.9855524301528931, 0.18066361546516418, 0.38238370418548584, 1.7682533264160156, 0.668360710144043, 1.2812217473983765, 1.0320513248443604, 0.6601605415344238, 0.8985380530357361, 0.3253738582134247, 0.12487953156232834, 0.10212158411741257, 1.619600772857666, 1.5485491752624512, 0.6399948000907898, 1.5426983833312988, 0.5185552835464478, -0.10421529412269592, 0.7422412037849426, 1.8135203123092651, 0.41752228140830994, 1.2010648250579834, 0.8374472856521606, 0.3141102194786072, 0.878224790096283, 0.8038350939750671, 1.6765493154525757, -0.00027160346508026123, 1.9892627000808716, 0.7958492040634155, 1.159349799156189, 0.6226639747619629, 1.1941815614700317, 0.959847092628479, 0.8644304275512695, 1.3196414709091187, 1.195417046546936, 0.9880027174949646, 0.9427036046981812, 1.4163799285888672, 1.117296576499939, -0.08375111222267151, 1.4563804864883423, 0.9483669400215149, 0.9470100402832031, 1.691902995109558, -0.023759707808494568, 0.9772428274154663, 1.5529783964157104, 1.6909148693084717, 1.1332679986953735, 1.0237815380096436, 0.04539767652750015, 0.4675855338573456]"
cite,"[18, 6, 8, 4]",34,"[0.8292381763458252, 0.11041021347045898, 0.45534080266952515, 0.12481535971164703, 0.8430535793304443, 0.33659616112709045, 0.4376905560493469, 0.3956693410873413, 0.7485471367835999, 0.6627926230430603, 0.5546082258224487, 0.7951453924179077, 0.3270096778869629, 1.6136155128479004, 0.2645295262336731, 0.3730067312717438, 1.1038143634796143, 0.6338083744049072, 1.162304401397705, 0.1977156102657318, 0.15301144123077393, -0.03740151599049568, 0.7946358323097229, 0.5086253881454468, 0.41575324535369873, 0.09729659557342529, 0.8861745595932007, 0.21377497911453247, 1.0550343990325928, 0.015153881162405014, 0.6083590388298035, 0.2097783237695694, 0.8703047037124634, 0.29950958490371704, 1.003159761428833, 1.199257493019104, 0.09836339205503464, 0.7133790850639343, 0.11014948040246964, 0.6645575761795044, 0.0434897281229496, 0.8428761959075928, 1.3737491369247437, 1.0597721338272095, 1.1386443376541138, 0.032674603164196014, 1.1179826259613037, 1.3546464443206787, 0.34725722670555115, 0.9864038228988647, 1.2139064073562622, 0.34156182408332825, 0.423290878534317, 0.7502513527870178, 0.14312973618507385, 0.6371282339096069, 0.11635760217905045, 0.5189713835716248, 0.6453453898429871, 1.1251959800720215, 0.21709883213043213, 0.4388344883918762, 0.0321904793381691, 0.746399998664856]"
claim,"[18, 14, 2, 6, 19]",34,"[0.9945989847183228, 0.11381728202104568, 0.22366908192634583, 0.24284234642982483, 0.5186083912849426, 0.49175775051116943, 0.5862454175949097, 0.40564507246017456, 0.5590829253196716, 0.4696774482727051, 0.36000847816467285, 0.5766772031784058, 0.18144720792770386, 1.018747329711914, 0.49212658405303955, 0.15938979387283325, 1.2993425130844116, 0.6039049625396729, 1.4860565662384033, 0.47402286529541016, 0.2845109701156616, 0.0018499642610549927, 0.8456408977508545, 0.5083166360855103, 0.642780065536499, 0.0768938735127449, 0.47208917140960693, 0.20641040802001953, 0.5690687298774719, 0.2598864436149597, 0.3114223778247833, 0.3605857789516449, 1.22088623046875, 0.42946162819862366, 1.1391456127166748, 1.4366438388824463, 0.15554547309875488, 0.5774080753326416, 0.24763944745063782, 0.7124878168106079, 0.3213184177875519, 0.6579691171646118, 1.7923767566680908, 1.4559612274169922, 0.525384783744812, 0.03352835774421692, 0.5322017669677734, 0.7941719889640808, 0.6169207096099854, 0.6247231960296631, 1.517375111579895, 0.3837898373603821, 0.43955355882644653, 0.3869692385196686, -0.025924883782863617, 0.4691612720489502, 0.12207264453172684, 0.7199283242225647, 0.5097456574440002, 0.655448853969574, 0.09562187641859055, 0.5286495685577393, 0.09729458391666412, 0.8690214157104492]"
clarify,"[18, 14, 2, 11, 6, 22, 21]",34,"[0.757879912853241, 0.24422471225261688, 0.4370012581348419, 0.212288498878479, 0.7354652285575867, 0.8288309574127197, 0.43737906217575073, 0.6806593537330627, 0.8548451066017151, 0.5055526494979858, 0.9183357954025269, 0.4551301598548889, 0.15787513554096222, 1.442960262298584, 0.2193625420331955, 0.41083279252052307, 0.8415042161941528, 1.116213083267212, 1.2227888107299805, 0.3422914147377014, 0.2827073931694031, 0.02531173825263977, 0.40610313415527344, 0.359574556350708, 0.5330275297164917, 0.18532657623291016, 0.9104137420654297, 0.37105074524879456, 1.03077232837677, 0.11190882325172424, 0.3565514385700226, 0.2843657433986664, 0.9261317849159241, 0.35863712430000305, 0.706445574760437, 1.068124532699585, 0.2427094578742981, 0.97618567943573, 0.10370154678821564, 0.4691418707370758, 0.2882256805896759, 0.36936601996421814, 1.231462001800537, 1.0033509731292725, 1.1571542024612427, 0.09057947993278503, 0.8511152863502502, 1.184906005859375, 0.3208674490451813, 1.0944591760635376, 1.091978669166565, 0.5789158940315247, 0.2299133837223053, 0.4963395893573761, 0.2693956792354584, 0.5138663053512573, 0.26553088426589966, 0.5082522034645081, 0.6796085238456726, 0.7992385029792786, 0.271200567483902, 0.240193173289299, 0.07551652193069458, 0.5890074968338013]"
conclude,"[18, 12, 5, 18, 14, 13, 20, 4]",34,"[1.1154000759124756, -0.02716018259525299, 0.22479712963104248, 0.45578739047050476, 0.7459226250648499, 0.6220493912696838, 0.6207885146141052, 0.7426169514656067, 1.0926990509033203, 0.5967286229133606, 0.9504584074020386, 0.1989406943321228, 0.03303813189268112, 1.42380690574646, 0.24317854642868042, 0.30430421233177185, 1.253972053527832, 1.0435774326324463, 1.6715729236602783, 0.44033199548721313, 0.5755638480186462, 0.10845761746168137, 0.5135955214500427, 0.5296986103057861, 0.8330555558204651, -0.026918135583400726, 0.7295457124710083, 0.028665199875831604, 0.8290064334869385, -0.007857371121644974, 0.12720996141433716, 0.3902839720249176, 1.4272387027740479, 0.4044664204120636, 1.065604329109192, 1.658613681793213, 0.21479949355125427, 0.8593838214874268, 0.14043965935707092, 0.3756059408187866, 0.2764965295791626, 0.2404891550540924, 1.8092396259307861, 1.5137437582015991, 0.9041708707809448, -0.013273283839225769, 0.8115907311439514, 1.1496047973632812, 0.4839682877063751, 0.89866042137146, 1.478595495223999, 0.2554752230644226, -0.12288536876440048, 0.19568966329097748, 0.22335371375083923, 0.5855796337127686, 0.08135983347892761, 0.7794647812843323, 0.7394242882728577, 0.8101154565811157, 0.2466406524181366, 0.10803700238466263, 0.13850928843021393, 0.9204797744750977]"
context,"[18, 12, 5, 8, 4, 27, 8]",34,"[1.273551344871521, 0.036738328635692596, 0.02128160372376442, 0.5106138586997986, 0.6499990820884705, 0.48840945959091187, 0.8211937546730042, 0.5349162817001343, 0.9695113897323608, 0.5155186653137207, 0.7121347784996033, 0.17639538645744324, -0.006217367947101593, 1.273397445678711, 0.420785129070282, 0.0725458562374115, 1.5648729801177979, 0.7783669233322144, 1.9569437503814697, 0.5775968432426453, 0.5384880304336548, 0.07208563387393951, 0.6765008568763733, 0.5884991884231567, 0.9827434420585632, -0.19725537300109863, 0.4456733465194702, 0.058942556381225586, 0.5793930292129517, 0.06997093558311462, 0.04553547874093056, 0.38569751381874084, 1.6265850067138672, 0.5701525211334229, 1.3421189785003662, 1.8790080547332764, 0.1859092116355896, 0.6931893229484558, 0.11989416182041168, 0.5375596284866333, 0.3095433712005615, 0.26646649837493896, 2.1430230140686035, 1.7580451965332031, 0.5533188581466675, -0.023075120523571968, 0.6004464626312256, 0.9572476148605347, 0.6689702272415161, 0.700100302696228, 1.8791921138763428, 0.22532343864440918, -0.10528459399938583, 0.05256184935569763, 0.02737465873360634, 0.5557193756103516, 0.06536316871643066, 0.8668202757835388, 0.5971874594688416, 0.6631163358688354, 0.08899395912885666, 0.16622667014598846, 0.10559140145778656, 1.1630370616912842]"
convert,"[18, 12, 5, 28, 4, 11, 8]",34,"[0.7073617577552795, 0.0559360608458519, 0.6776995062828064, 0.2724514901638031, 1.0120350122451782, 0.3177942633628845, 0.2559193968772888, 0.49797409772872925, 0.9486669898033142, 0.9233342409133911, 0.7237215638160706, 0.8986454010009766, 0.4322156310081482, 1.9183320999145508, 0.29596346616744995, 0.5118792057037354, 1.018926978111267, 0.7275761365890503, 0.9274688363075256, 0.27568143606185913, 0.2156302034854889, 0.01920100674033165, 0.9817125797271729, 0.6764201521873474, 0.5289778113365173, 0.32067254185676575, 0.9643665552139282, 0.12066401541233063, 1.2103698253631592, 0.2859887182712555, 0.8022668361663818, 0.2760230004787445, 0.7425728440284729, 0.20571716129779816, 0.9074234366416931, 0.8903388977050781, 0.250039279460907, 0.6569804549217224, 0.37806737422943115, 0.7829346656799316, 0.06385239958763123, 1.054455280303955, 1.1729792356491089, 0.8940229415893555, 1.2841473817825317, 0.13981427252292633, 1.2903785705566406, 1.5212947130203247, 0.3089682459831238, 1.1803969144821167, 1.0582399368286133, 0.22557473182678223, 0.7437410354614258, 0.9564381241798401, 0.22639858722686768, 0.8936249613761902, 0.05013779550790787, 0.6933135390281677, 0.9005878567695618, 1.4591206312179565, 0.3571920096874237, 0.5970657467842102, 0.035411469638347626, 0.49969470500946045]"
counterclaim,"[18, 12, 13, 5, 8, 4, 11, 18, 14, 2, 6, 19]",34,"[1.1579904556274414, -0.02112385630607605, 0.5678269267082214, 0.49000081419944763, 0.6934832334518433, 0.22310389578342438, 0.5587080717086792, 0.3557886481285095, 0.6940573453903198, 0.7538716197013855, 0.5373641848564148, 0.2601514756679535, 0.3200211524963379, 0.9572115540504456, 0.7091295123100281, 0.7117106914520264, 1.5980443954467773, 0.43863001465797424, 1.8329613208770752, 0.4854366183280945, 0.3291429579257965, 0.072555311024189, 1.3984472751617432, 0.8400189876556396, 0.7770146727561951, 0.6946881413459778, 0.42046883702278137, -0.09103170037269592, 0.5273338556289673, 0.8791689276695251, 0.2550484538078308, 0.7966718673706055, 1.5054872035980225, 0.505764901638031, 1.396498680114746, 1.796163558959961, 0.7461614012718201, 0.3761178255081177, 0.903298556804657, 0.5178015828132629, 0.963432252407074, 0.4327947497367859, 2.1449546813964844, 1.9554557800292969, 0.5108696222305298, 0.4894489049911499, 0.5515352487564087, 0.7375198006629944, 1.1645573377609253, 0.6696977615356445, 2.0187652111053467, 0.05390512943267822, 0.9452844858169556, 0.5246008634567261, 0.5328968167304993, 0.7818894386291504, 0.0004808157682418823, 0.798765242099762, 0.6864027976989746, 0.8242138624191284, 0.38314226269721985, 0.9423744678497314, 0.1000019907951355, 1.1303752660751343]"
credible,"[18, 11, 4, 20, 6, 10, 14, 4]",34,"[1.8017994165420532, -0.05144354701042175, -0.13659223914146423, 0.6743271946907043, 0.3879534602165222, 0.1285625398159027, 1.0143485069274902, 0.20059360563755035, 0.765721321105957, 0.5007291436195374, 0.41946715116500854, 0.057966187596321106, 0.059957072138786316, 0.8892310261726379, 0.8424811363220215, 0.21039065718650818, 2.444852828979492, 0.21717819571495056, 2.857790470123291, 0.5842331051826477, 0.6332485675811768, 0.09350590407848358, 1.398465871810913, 0.7551514506340027, 1.2631750106811523, -0.11085470765829086, 0.09605492651462555, -0.0007396340370178223, 0.30235612392425537, 0.2709362208843231, -0.09329318255186081, 0.7759271860122681, 2.296105146408081, 0.9096371531486511, 2.11653995513916, 2.833522081375122, 0.425794780254364, 0.3070589303970337, 0.34557315707206726, 0.5624130964279175, 0.9019023180007935, 0.1706245243549347, 3.2467963695526123, 2.8471319675445557, 0.15143004059791565, -0.00874263234436512, 0.3635947108268738, 0.537693202495575, 1.285169243812561, 0.2575576901435852, 2.848705530166626, -0.023570984601974487, 0.10205306857824326, 0.02295171283185482, 0.19903135299682617, 0.5892854332923889, -0.03512345254421234, 0.9766556024551392, 0.3807299733161926, 0.47868722677230835, -0.045430004596710205, 0.622890293598175, 0.06526432931423187, 1.8727240562438965]"
criteria,"[18, 11, 6, 8, 4, 11, 6, 2]",34,"[1.0226725339889526, 0.04481617361307144, 0.2771068513393402, 0.47245651483535767, 0.6987568140029907, 0.3434252142906189, 0.5195218324661255, 0.4092066287994385, 0.8290121555328369, 0.732496976852417, 0.5424389243125916, 0.3616238236427307, 0.17739424109458923, 1.2184290885925293, 0.5680994391441345, 0.2728838622570038, 1.437385082244873, 0.5525575876235962, 1.6026551723480225, 0.5312634706497192, 0.3900251090526581, 0.047708190977573395, 1.0008037090301514, 0.7505806088447571, 0.857069730758667, 0.1646934449672699, 0.41720879077911377, 0.06388767063617706, 0.5692138075828552, 0.4724239408969879, 0.232704758644104, 0.5466301441192627, 1.2963311672210693, 0.47077322006225586, 1.268187165260315, 1.4956588745117188, 0.40796253085136414, 0.4788830876350403, 0.48003771901130676, 0.7258827686309814, 0.5417190194129944, 0.5180290937423706, 1.8631136417388916, 1.4951646327972412, 0.5319474935531616, 0.15301218628883362, 0.6103260517120361, 0.8394877910614014, 0.7537181377410889, 0.627547025680542, 1.6701048612594604, 0.17824368178844452, 0.45030516386032104, 0.35743066668510437, 0.10562809556722641, 0.7399142384529114, 0.05092645063996315, 0.8474786281585693, 0.6560533046722412, 0.8304765224456787, 0.186127707362175, 0.5608145594596863, 0.07734496146440506, 0.8902615308761597]"
debate,"[20, 4, 10, 2, 8, 4]",34,"[0.5407626032829285, -0.02132275700569153, 0.650964617729187, 0.3617250919342041, 1.3567087650299072, 0.26970210671424866, 0.15229393541812897, 0.7434320449829102, 1.3822743892669678, 1.1335387229919434, 1.2200627326965332, 0.4757770895957947, 0.21423491835594177, 2.1228034496307373, 0.14296084642410278, 0.7184664607048035, 0.8612215518951416, 0.8774888515472412, 0.8529585003852844, 0.18088190257549286, 0.2326376885175705, -0.03772031515836716, 0.6139699816703796, 0.7611704468727112, 0.4728027582168579, 0.24594002962112427, 1.1844309568405151, -0.00011858344078063965, 1.3755007982254028, 0.15901406109333038, 0.4355093538761139, 0.4003668427467346, 0.6321398615837097, 0.19337335228919983, 0.6904264688491821, 0.8877039551734924, 0.5309134125709534, 0.8405517935752869, 0.42816323041915894, 0.4587053060531616, 0.21409527957439423, 0.5916545391082764, 0.8615932464599609, 0.6343646049499512, 1.5572755336761475, 0.27245014905929565, 1.6025006771087646, 1.6775662899017334, 0.33339351415634155, 1.509046196937561, 0.7990544438362122, 0.14178867638111115, 0.26345330476760864, 0.6939078569412231, 0.5069202184677124, 1.069549322128296, 0.022130250930786133, 0.6409429311752319, 1.1253710985183716, 1.5855668783187866, 0.5370766520500183, 0.15046890079975128, -0.011580314487218857, 0.43301695585250854]"
deduce,"[20, 4, 20, 13, 18, 4]",34,"[1.3041210174560547, 0.022889629006385803, 0.23357203602790833, 0.32498788833618164, 0.6201435327529907, 0.5175392031669617, 0.8880910873413086, 0.5218526124954224, 0.8034188151359558, 0.45086950063705444, 0.7443262338638306, 0.317178338766098, 0.16574496030807495, 1.2787680625915527, 0.303528368473053, 0.3233492970466614, 1.387683629989624, 0.784807562828064, 1.8905112743377686, 0.37886083126068115, 0.45507732033729553, 0.05289419740438461, 0.6745943427085876, 0.42370888590812683, 0.7110046744346619, -0.04450205713510513, 0.7522578239440918, 0.0591384619474411, 0.8662160634994507, -0.028101366013288498, 0.26716747879981995, 0.3426768183708191, 1.5328233242034912, 0.5371197462081909, 1.1677147150039673, 1.9131722450256348, 0.11985040456056595, 0.7820740938186646, 0.04468460753560066, 0.3649657964706421, 0.23277361690998077, 0.38951918482780457, 2.0261669158935547, 1.737156629562378, 0.9169682264328003, -0.0543171763420105, 0.7616553902626038, 1.1535784006118774, 0.6105601787567139, 0.8153049945831299, 1.7967300415039062, 0.2628035247325897, 0.0582803376019001, 0.3147980868816376, 0.23326537013053894, 0.4286502003669739, 0.07945672422647476, 0.5555300116539001, 0.5351711511611938, 0.7586817741394043, 0.18953794240951538, 0.3023856580257416, 0.12966932356357574, 1.2355817556381226]"
elaborate,"[4, 14, 2, 10, 12, 11, 2, 8, 4]",34,"[1.0415565967559814, -0.053273215889930725, 0.2946332097053528, 0.6025615334510803, 0.928339958190918, 0.08832896500825882, 0.4321037828922272, 0.4803224205970764, 1.1447067260742188, 0.9737390279769897, 0.7329603433609009, 0.2010367512702942, 0.12117237597703934, 1.4389197826385498, 0.5719782710075378, 0.5294021368026733, 1.6197196245193481, 0.5174671411514282, 1.700232982635498, 0.4139697551727295, 0.34755316376686096, 0.0339341014623642, 1.1283249855041504, 0.909853994846344, 0.8794300556182861, 0.2945207357406616, 0.4788651168346405, -0.06894099712371826, 0.6638303399085999, 0.485288143157959, 0.0995529517531395, 0.730046808719635, 1.3725707530975342, 0.49080362915992737, 1.419356107711792, 1.6483399868011475, 0.6778990030288696, 0.4302446246147156, 0.6902375221252441, 0.5854198932647705, 0.7343006134033203, 0.3465176820755005, 1.9613137245178223, 1.6679633855819702, 0.6497974395751953, 0.3247794508934021, 0.873310923576355, 0.9607511162757874, 0.9074958562850952, 0.7955799102783203, 1.7185412645339966, -0.018132537603378296, 0.3137566149234772, 0.3113601803779602, 0.3836037516593933, 0.9918016195297241, -0.036835938692092896, 0.9192458391189575, 0.8119632005691528, 1.0597463846206665, 0.3300522267818451, 0.5018629431724548, 0.018451295793056488, 0.9940029382705688]"
essential,"[4, 7, 7, 4, 5, 8, 6, 2, 14]",34,"[0.716254472732544, 0.020881518721580505, 0.6543694734573364, 0.37758585810661316, 1.3529549837112427, 0.28162550926208496, 0.3092113435268402, 0.8528153300285339, 1.329033374786377, 1.2211848497390747, 0.9631159901618958, 0.31659576296806335, 0.08934475481510162, 1.7488837242126465, 0.31316474080085754, 0.5595864057540894, 1.0126005411148071, 0.9680142402648926, 1.1102548837661743, 0.2916080951690674, 0.19804257154464722, 0.020571347326040268, 0.7525764107704163, 1.0053337812423706, 0.5424965620040894, 0.4329579472541809, 0.8003209829330444, 0.10586996376514435, 0.8587450981140137, 0.49024564027786255, 0.19592833518981934, 0.5694292187690735, 0.8798640966415405, 0.2658715546131134, 0.8677442073822021, 1.0411407947540283, 0.7208558917045593, 0.6142116189002991, 0.7597759962081909, 0.738803505897522, 0.39228394627571106, 0.5087669491767883, 1.3058075904846191, 0.9735797047615051, 0.9791660308837891, 0.4958542585372925, 1.1612341403961182, 1.233618974685669, 0.47029775381088257, 1.2890410423278809, 1.0700926780700684, 0.26630109548568726, 0.39563822746276855, 0.4642466902732849, 0.3840865194797516, 1.1859138011932373, 0.11215856671333313, 0.8512383699417114, 1.1836713552474976, 1.2597699165344238, 0.5572702288627625, 0.3000636398792267, 0.0673464834690094, 0.5556379556655884]"
evaluate,"[4, 28, 2, 14, 13, 2, 8, 4]",34,"[0.3741902709007263, -0.04464428126811981, 1.2780721187591553, 0.437339723110199, 1.8036422729492188, -0.11974771320819855, -0.04912970960140228, 0.7771013379096985, 1.5244131088256836, 1.7586686611175537, 1.1890246868133545, 0.7536705136299133, 0.47835028171539307, 2.573307752609253, 0.27783921360969543, 1.1789013147354126, 0.7612614631652832, 0.7626610994338989, 0.48764294385910034, 0.09475423395633698, 0.07824867963790894, 0.02160719409584999, 1.1877717971801758, 1.196358561515808, 0.4187050759792328, 0.9615986943244934, 1.1614214181900024, -0.007878899574279785, 1.4945024251937866, 0.8844702243804932, 0.8848519921302795, 0.6483712792396545, 0.358365535736084, 0.10755662620067596, 0.6854119896888733, 0.4945313036441803, 1.0197553634643555, 0.4563477635383606, 1.2267730236053467, 0.7639811038970947, 0.3693543076515198, 1.1102478504180908, 0.7023032307624817, 0.43971312046051025, 1.6870707273483276, 0.7787865400314331, 1.9515541791915894, 1.7933107614517212, 0.3216080069541931, 1.7476502656936646, 0.566440224647522, -0.01978898048400879, 1.1117134094238281, 1.2647160291671753, 0.7691265344619751, 1.6195651292800903, -0.04652850329875946, 0.8069033622741699, 1.5220258235931396, 2.186908721923828, 0.9347041845321655, 0.6487373113632202, -0.030263658612966537, 0.28163254261016846]"
expository,"[4, 27, 3, 12, 7, 6, 8, 12, 11, 21]",34,"[1.2474632263183594, -0.1066407561302185, 0.38226816058158875, 0.9029785394668579, 1.3224456310272217, 0.005435571074485779, 0.4935527741909027, 0.634706974029541, 1.603568434715271, 1.5160068273544312, 0.8337706923484802, 0.11806955933570862, 0.12753820419311523, 1.944986343383789, 0.9154958724975586, 0.4279994070529938, 2.0660645961761475, 0.6307260990142822, 2.052398920059204, 0.7031168341636658, 0.33100125193595886, 0.06856532394886017, 1.719788908958435, 1.4962773323059082, 1.3259661197662354, 0.4643203616142273, 0.3125838339328766, -0.11464080214500427, 0.6827691197395325, 0.9814505577087402, 0.08429507166147232, 1.1114925146102905, 1.8357927799224854, 0.7222533822059631, 1.9357116222381592, 1.8482840061187744, 1.180064082145691, 0.23711787164211273, 1.2275145053863525, 1.1111327409744263, 1.074859619140625, 0.5347267389297485, 2.675513982772827, 2.0952720642089844, 0.5641926527023315, 0.5403478741645813, 0.9478191137313843, 1.0258022546768188, 1.2480324506759644, 1.0512739419937134, 2.2924773693084717, -0.08415722846984863, 0.6632884740829468, 0.3676542043685913, 0.3090721368789673, 1.4667562246322632, -0.055680081248283386, 1.5147380828857422, 1.249642014503479, 1.4201254844665527, 0.4431649148464203, 0.8562213778495789, 0.014977369457483292, 1.1314421892166138]"
formulate,"[22, 12, 11, 19, 13, 14, 2, 8, 4]",34,"[1.4981523752212524, -0.037988871335983276, 0.5399723649024963, 0.387637197971344, 0.745607852935791, -0.14568205177783966, 0.58420330286026, 0.11810892075300217, 0.6113649010658264, 0.905178964138031, 0.19045081734657288, 0.7519521713256836, 0.5572366714477539, 1.178835153579712, 0.8938079476356506, 0.718783974647522, 2.1026434898376465, 0.03290283679962158, 2.1746113300323486, 0.36127376556396484, 0.15738719701766968, -0.007837571203708649, 2.019151210784912, 0.9515096545219421, 0.7339136600494385, 0.6757184267044067, 0.34331977367401123, -0.024603068828582764, 0.5560185313224792, 0.7735634446144104, 0.5950565338134766, 0.8156477808952332, 1.6279957294464111, 0.5686550140380859, 1.9508851766586304, 2.097813367843628, 0.6791177988052368, 0.11924272775650024, 0.9455240964889526, 0.933752179145813, 0.828167736530304, 1.0044841766357422, 2.683574914932251, 2.395556926727295, 0.5233879089355469, 0.4068581461906433, 0.7368209958076477, 0.7685146927833557, 1.2538384199142456, 0.5240775942802429, 2.3747897148132324, -0.0697203278541565, 1.3397153615951538, 0.8749281764030457, 0.42112284898757935, 0.9650082588195801, -0.05457879602909088, 0.8533787131309509, 0.6336080431938171, 1.0804927349090576, 0.28577959537506104, 1.4046573638916016, 0.04529475420713425, 1.515590786933899]"
hypothesis,"[9, 21, 3, 12, 8, 9, 4, 7, 6, 7]",34,"[0.6484836935997009, -0.02768416702747345, 0.7398362159729004, 0.5604758262634277, 1.0984677076339722, 0.11749432981014252, 0.16192060708999634, 0.5420577526092529, 1.071181058883667, 1.207425594329834, 0.7475183606147766, 0.3418229818344116, 0.28731769323349, 1.6213324069976807, 0.5596702098846436, 0.6659987568855286, 1.1154406070709229, 0.5986562967300415, 1.0345094203948975, 0.40790873765945435, 0.2408217191696167, 0.0924227237701416, 1.216679573059082, 1.0999107360839844, 0.749763011932373, 0.6800629496574402, 0.5242904424667358, -0.007204890251159668, 0.7606945633888245, 0.955165445804596, 0.4062216579914093, 0.742796778678894, 0.8753547072410583, 0.3294159173965454, 1.0436656475067139, 0.9254251718521118, 0.8557168841362, 0.280905544757843, 1.0386189222335815, 0.7731883525848389, 0.7327785491943359, 0.631223201751709, 1.3371962308883667, 1.090402364730835, 0.716956377029419, 0.5849177241325378, 0.9317137598991394, 1.0086631774902344, 0.6971887350082397, 0.9457447528839111, 1.235600471496582, 0.06206211447715759, 0.8440446257591248, 0.6883391737937927, 0.4324861168861389, 1.160465955734253, 0.020272940397262573, 0.8618999719619751, 1.0067731142044067, 1.2639248371124268, 0.514949381351471, 0.7649673223495483, 0.03829186409711838, 0.5264765024185181]"
illustrate,"[6, 14, 14, 13, 7, 8, 11, 2, 8, 4]",34,"[0.34923017024993896, -0.06013105809688568, 1.0841481685638428, 0.44943830370903015, 1.5389991998672485, 0.08970001339912415, 0.08536481112241745, 0.896126925945282, 1.4141769409179688, 1.4628978967666626, 1.1995652914047241, 0.20313915610313416, 0.2344779223203659, 1.8807361125946045, 0.2485513687133789, 1.070578932762146, 0.5750307440757751, 0.918481707572937, 0.5459211468696594, 0.18297845125198364, 0.14468978345394135, 0.05389098823070526, 0.837415874004364, 1.0681111812591553, 0.43200814723968506, 0.9731836318969727, 0.8853832483291626, -0.07038027048110962, 1.0337589979171753, 0.9563323855400085, 0.35340920090675354, 0.7516624331474304, 0.5013257265090942, 0.14474615454673767, 0.4494969844818115, 0.5467506051063538, 1.1048696041107178, 0.44435399770736694, 1.2449122667312622, 0.4250134825706482, 0.5578518509864807, 0.4747265577316284, 0.6869364380836487, 0.5317530632019043, 1.2075096368789673, 0.8705180883407593, 1.3814877271652222, 1.2829575538635254, 0.4385773241519928, 1.5032155513763428, 0.5497600436210632, 0.0395602285861969, 0.7221136093139648, 0.7667924165725708, 0.8067294955253601, 1.2948790788650513, 0.005408197641372681, 0.7139061093330383, 1.35991632938385, 1.5920571088790894, 0.929754376411438, 0.39471930265426636, 0.04382586479187012, 0.2704917788505554]"
inference,"[6, 5, 22, 4, 11, 4, 5, 18, 4]",34,"[1.4372832775115967, -0.0096358060836792, 0.05541296675801277, 0.5854187607765198, 0.588430643081665, 0.4526301920413971, 0.7220649123191833, 0.43518930673599243, 0.9061325192451477, 0.5539134740829468, 0.6804018020629883, 0.19541582465171814, 0.15962862968444824, 1.2637028694152832, 0.5103774070739746, 0.2598862648010254, 1.7268216609954834, 0.6415318250656128, 2.143327474594116, 0.5131188035011292, 0.5828099250793457, 0.11225802451372147, 1.002978801727295, 0.6605725288391113, 1.0290859937667847, -0.08412829786539078, 0.5307294130325317, -0.006217658519744873, 0.7507069706916809, 0.12631095945835114, 0.1021236926317215, 0.5119453072547913, 1.730710744857788, 0.5867560505867004, 1.5463075637817383, 2.1795849800109863, 0.2607599198818207, 0.679549515247345, 0.23344001173973083, 0.45746198296546936, 0.5592934489250183, 0.3640329837799072, 2.434988498687744, 2.017832040786743, 0.6879664659500122, -0.05514483153820038, 0.6489928960800171, 1.00783109664917, 0.8984750509262085, 0.603114128112793, 2.093414068222046, 0.1565891057252884, 0.13940811157226562, 0.21976414322853088, 0.24636629223823547, 0.5583521723747253, 0.03869418054819107, 0.8870062232017517, 0.5380905270576477, 0.7491563558578491, 0.05933026969432831, 0.43052396178245544, 0.10703891515731812, 1.3215473890304565]"
integrate,"[6, 5, 8, 4, 17, 11, 2, 8, 4]",34,"[1.4965497255325317, -0.05009898543357849, 0.1548542082309723, 0.7379223108291626, 0.8028430938720703, -0.0789676159620285, 0.6281879544258118, 0.20062732696533203, 0.9526708722114563, 1.005721092224121, 0.3932674825191498, 0.2375335991382599, 0.22814731299877167, 1.2477271556854248, 0.9355856776237488, 0.3629026412963867, 2.23329758644104, 0.11718658357858658, 2.2926185131073, 0.5279545783996582, 0.3942605257034302, 0.035256460309028625, 1.744706392288208, 1.1153367757797241, 1.1427149772644043, 0.2281571328639984, 0.13699044287204742, -0.07202687859535217, 0.36804044246673584, 0.689549446105957, 0.13038261234760284, 0.9234194159507751, 1.846346139907837, 0.7152079939842224, 2.0724635124206543, 2.226382255554199, 0.7425519824028015, 0.1342039853334427, 0.8465767502784729, 0.9167149066925049, 0.9600831270217896, 0.5575359463691711, 2.8249120712280273, 2.346224784851074, 0.2466496080160141, 0.28028440475463867, 0.6096159815788269, 0.6670016050338745, 1.3098217248916626, 0.376187264919281, 2.458214044570923, -0.11923855543136597, 0.6549767255783081, 0.33347088098526, 0.23959213495254517, 1.0328583717346191, -0.051472216844558716, 1.1232850551605225, 0.6961178779602051, 0.9499847292900085, 0.15190467238426208, 0.9322069883346558, 0.028072506189346313, 1.4864110946655273]"
justify,"[23, 13, 7, 8, 6, 22, 21]",34,"[0.5546590089797974, 0.10007496178150177, 1.0135865211486816, 0.21522244811058044, 1.1072759628295898, 0.421604722738266, 0.28027188777923584, 0.6554223299026489, 0.8319185972213745, 0.946744441986084, 0.8857991695404053, 0.5300595760345459, 0.3410937786102295, 1.5650434494018555, 0.31777018308639526, 0.8650501370429993, 0.6813780069351196, 0.9025449752807617, 0.8199607133865356, 0.2722257971763611, 0.14534929394721985, 0.055706292390823364, 0.7987412810325623, 0.7126363515853882, 0.3562518358230591, 0.8096336126327515, 0.8625344038009644, 0.17445670068264008, 0.9358932375907898, 0.8002429604530334, 0.6175971627235413, 0.5100358724594116, 0.658500075340271, 0.24162425100803375, 0.5833988189697266, 0.7303352355957031, 0.681545078754425, 0.5937394499778748, 0.8347512483596802, 0.5202218294143677, 0.44397053122520447, 0.674790620803833, 0.9403668642044067, 0.8058928847312927, 1.116265892982483, 0.6276276111602783, 1.0105371475219727, 1.1557096242904663, 0.4233001470565796, 1.2364287376403809, 0.869890034198761, 0.352998822927475, 0.9000434875488281, 0.8994202017784119, 0.5510424375534058, 0.8381837606430054, 0.14591048657894135, 0.4915827214717865, 0.9601365923881531, 1.1839468479156494, 0.675616443157196, 0.6053259968757629, 0.08993495255708694, 0.4578642249107361]"
plagiarism,"[3, 14, 2, 17, 6, 2, 11, 6, 7, 19]",34,"[0.8249450922012329, 0.016974598169326782, 0.7434700727462769, 0.5049315094947815, 1.266335368156433, 0.27245160937309265, 0.3948456048965454, 0.6990401744842529, 1.1160290241241455, 1.281739354133606, 0.7792260050773621, 0.35605403780937195, 0.16822250187397003, 1.5738098621368408, 0.6261536478996277, 0.5697301626205444, 1.3201348781585693, 0.7585618495941162, 1.2599668502807617, 0.45712214708328247, 0.2285127490758896, 0.0707785114645958, 1.179673671722412, 1.180152416229248, 0.7296820282936096, 0.6319666504859924, 0.4806767702102661, 0.06174454092979431, 0.5805044770240784, 0.98625248670578, 0.27318331599235535, 0.7960859537124634, 1.138915777206421, 0.3844873905181885, 1.111051082611084, 1.170793056488037, 0.9143422245979309, 0.366296648979187, 1.0991535186767578, 0.9500799179077148, 0.645072340965271, 0.6350823640823364, 1.6049578189849854, 1.2841989994049072, 0.6232175827026367, 0.625796914100647, 0.8376952409744263, 0.9438768625259399, 0.7627323865890503, 1.082732915878296, 1.469692587852478, 0.1757369339466095, 0.8068205714225769, 0.55343097448349, 0.2984175384044647, 1.211585521697998, 0.07485103607177734, 1.0061895847320557, 1.2133896350860596, 1.2214171886444092, 0.5957987308502197, 0.672074019908905, 0.09498953819274902, 0.6732349395751953]"
precise,"[3, 11, 4, 18, 6, 7, 4]",34,"[1.4338021278381348, -0.00585918128490448, 0.2929043769836426, 0.2644345462322235, 0.6112523674964905, 0.3738507628440857, 0.7948517799377441, 0.36001718044281006, 0.7516582608222961, 0.4551084637641907, 0.557315468788147, 0.6090620756149292, 0.3705670237541199, 1.3936161994934082, 0.44989073276519775, 0.4417346119880676, 1.716336727142334, 0.6238337755203247, 2.0722808837890625, 0.39260542392730713, 0.39896541833877563, -0.002486592158675194, 1.0969988107681274, 0.4694598317146301, 0.724682629108429, 0.08294336497783661, 0.7872494459152222, 0.009869500994682312, 0.9539827704429626, 0.07469572126865387, 0.5109531879425049, 0.3718584477901459, 1.5717718601226807, 0.516456663608551, 1.5018055438995361, 2.108914852142334, 0.11321558803319931, 0.7860159873962402, 0.10570169985294342, 0.5129456520080566, 0.3548089563846588, 0.7126928567886353, 2.331697940826416, 2.028204917907715, 0.9930781126022339, -0.05920863896608353, 0.9389989376068115, 1.26395845413208, 0.7912125587463379, 0.7890938520431519, 2.0353119373321533, 0.2106863111257553, 0.4715745449066162, 0.6291496753692627, 0.23970279097557068, 0.5082704424858093, 0.0305950790643692, 0.6268846392631531, 0.4980017840862274, 0.9325734972953796, 0.1396867334842682, 0.6727107763290405, 0.11146137118339539, 1.3713622093200684]"
primary source,"[3, 11, 6, 19, 2, 11, 21, 31, 7, 12, 13, 11, 18, 4]",34,"[0.2885233759880066, -0.03782565891742706, 1.6299976110458374, 0.31794023513793945, 1.2665505409240723, 0.03545951843261719, 0.16577808558940887, 0.6666181087493896, 1.0188746452331543, 1.289178490638733, 1.1005682945251465, 0.438479483127594, 0.582360565662384, 1.6416382789611816, 0.3051817715167999, 1.6000146865844727, 0.47730332612991333, 0.7898685932159424, 0.4326654076576233, 0.10431237518787384, 0.13888433575630188, 0.05151565372943878, 1.1678440570831299, 0.8109015226364136, 0.24773068726062775, 1.6091971397399902, 1.025258183479309, -0.10387232899665833, 1.1356991529464722, 1.3718414306640625, 0.9090724587440491, 0.7556341886520386, 0.4470387101173401, 0.14942102134227753, 0.34573134779930115, 0.45717930793762207, 1.1318882703781128, 0.352044939994812, 1.408164143562317, 0.2801586985588074, 0.7154629826545715, 0.7672286033630371, 0.4626457691192627, 0.5929158329963684, 1.400884985923767, 1.1335804462432861, 1.4691274166107178, 1.3402293920516968, 0.4937954545021057, 1.5422871112823486, 0.46173185110092163, 0.003997892141342163, 1.480063796043396, 1.3201054334640503, 1.224463939666748, 1.178602933883667, -0.033289358019828796, 0.41512516140937805, 1.2131085395812988, 1.6681759357452393, 1.1395227909088135, 0.8417167663574219, 0.041350170969963074, 0.26309752464294434]"
refine,"[11, 4, 22, 6, 5, 4]",34,"[1.9305137395858765, 0.06311292946338654, 0.2637796103954315, 0.04394899681210518, 0.36675402522087097, 0.12441536039113998, 1.1032350063323975, 0.020389094948768616, 0.34188112616539, 0.3211017847061157, 0.005071781575679779, 1.044921875, 0.5963516235351562, 1.0971262454986572, 0.7255799174308777, 0.3925473392009735, 2.321326732635498, 0.17185433208942413, 2.6829123497009277, 0.30400246381759644, 0.201211079955101, -0.07981309294700623, 1.7403669357299805, 0.43653324246406555, 0.6244548559188843, 0.17447394132614136, 0.4988464117050171, 0.16000312566757202, 0.7026882171630859, 0.14367833733558655, 0.7781060934066772, 0.40650632977485657, 1.9034569263458252, 0.72696852684021, 2.042330265045166, 2.6568081378936768, 0.050945132970809937, 0.4164271950721741, 0.13190704584121704, 0.8634092807769775, 0.357074111700058, 1.1586318016052246, 3.100224733352661, 2.7630763053894043, 0.6922428607940674, -0.05667814612388611, 0.7219665050506592, 1.0013667345046997, 1.0330196619033813, 0.4727471172809601, 2.6878573894500732, 0.18164478242397308, 0.9649656414985657, 0.9025899171829224, 0.11072700470685959, 0.40438973903656006, 0.014892444014549255, 0.5758298635482788, 0.23055946826934814, 0.788970410823822, 0.01198093593120575, 1.2092782258987427, 0.08327053487300873, 1.967584490776062]"
research,"[11, 4, 7, 4, 2, 11, 18, 9]",34,"[1.1692553758621216, 0.02357618510723114, 0.7032613158226013, 0.15246173739433289, 0.8120408058166504, 0.2122301161289215, 0.43701353669166565, 0.2696146070957184, 0.5951600670814514, 0.7352913022041321, 0.43463796377182007, 1.132996678352356, 0.598132848739624, 1.7075510025024414, 0.5092901587486267, 0.6161364316940308, 1.489755392074585, 0.5164527893066406, 1.4977452754974365, 0.21451689302921295, 0.15625523030757904, -0.011939728632569313, 1.4402028322219849, 0.6222959756851196, 0.4319906234741211, 0.3674868941307068, 0.8852877616882324, 0.0779685527086258, 1.0996711254119873, 0.3228190541267395, 0.9762760400772095, 0.2964652180671692, 1.039013147354126, 0.2595560848712921, 1.3557350635528564, 1.4937186241149902, 0.15238890051841736, 0.5865102410316467, 0.34934523701667786, 0.849274754524231, 0.17818213999271393, 1.3209599256515503, 1.8254492282867432, 1.7059416770935059, 1.1164507865905762, 0.11248866468667984, 1.1359732151031494, 1.3614091873168945, 0.6249681711196899, 0.8913822174072266, 1.6411526203155518, 0.19142475724220276, 1.1058231592178345, 1.123868703842163, 0.2449304461479187, 0.740830659866333, 0.022081546485424042, 0.5455671548843384, 0.6607271432876587, 1.3248562812805176, 0.26251843571662903, 1.0624192953109741, 0.08737899363040924, 1.0587788820266724]"
secondary source,"[7, 4, 18, 12, 5, 20, 2, 11, 21, 31, 7, 12, 13, 11, 18, 4]",34,"[0.1998172402381897, -0.06295605003833771, 2.135786771774292, -0.001565452665090561, 1.588136911392212, 0.05353192985057831, 0.0490252822637558, 0.7008643746376038, 1.0141912698745728, 1.347171425819397, 1.3137882947921753, 1.150056004524231, 1.0050170421600342, 2.3878843784332275, 0.022836245596408844, 1.989230751991272, 0.20923422276973724, 0.9316309690475464, 0.2028108835220337, -0.12940429151058197, -0.015319690108299255, -0.01707875356078148, 1.198561191558838, 0.6267154216766357, -0.14502599835395813, 1.7323349714279175, 1.7513577938079834, -0.07862776517868042, 1.9778013229370117, 1.022584319114685, 1.590024471282959, 0.40676385164260864, 0.11583203077316284, -0.028306014835834503, 0.16799691319465637, 0.33810022473335266, 0.8554615378379822, 0.6698415279388428, 1.1677206754684448, 0.24162012338638306, 0.27888596057891846, 1.3887546062469482, 0.1089477390050888, 0.32112568616867065, 2.4292960166931152, 1.0748807191848755, 2.2404799461364746, 2.123600721359253, 0.19449205696582794, 2.1356592178344727, 0.17729827761650085, 0.0711236298084259, 1.9287004470825195, 2.1664628982543945, 1.466293454170227, 1.1959446668624878, -0.021698758006095886, 0.1249745786190033, 1.3485876321792603, 2.232646942138672, 1.2670705318450928, 1.0529861450195312, 0.019027747213840485, 0.19934619963169098]"
significant,"[7, 6, 17, 5, 6, 22, 6, 18, 2, 5, 8]",34,"[0.6837165951728821, 0.0340489000082016, 0.9363545179367065, 0.3992118239402771, 1.2014248371124268, 0.28173020482063293, 0.3353336453437805, 0.6835012435913086, 0.9873826503753662, 1.237958312034607, 0.7701565027236938, 0.5492976307868958, 0.3234017491340637, 1.639378547668457, 0.5105701088905334, 0.7097401022911072, 1.050026297569275, 0.8314401507377625, 1.0593266487121582, 0.38594210147857666, 0.21687638759613037, 0.07685265690088272, 1.1779403686523438, 1.031408667564392, 0.6012818813323975, 0.7879328727722168, 0.5942966938018799, 0.11954732239246368, 0.7891756296157837, 0.9908285140991211, 0.5052927136421204, 0.6690636277198792, 0.9415904879570007, 0.2919739782810211, 0.9189990758895874, 0.9478846788406372, 0.8030872941017151, 0.3737657070159912, 1.0455724000930786, 0.8702492713928223, 0.5681861042976379, 0.787375807762146, 1.3110929727554321, 1.0713202953338623, 0.8429266214370728, 0.654522716999054, 0.932525634765625, 1.089573621749878, 0.6046323776245117, 1.1441515684127808, 1.1899781227111816, 0.21769797801971436, 1.0128673315048218, 0.7853323221206665, 0.39336690306663513, 1.142197847366333, 0.10149181634187698, 0.8658709526062012, 1.131648063659668, 1.2895363569259644, 0.6677882671356201, 0.7684093117713928, 0.09496838599443436, 0.5359328985214233]"
specify,"[7, 3, 4, 18, 6, 22, 21]",34,"[0.7540883421897888, 0.23087099194526672, 0.6587629914283752, 0.18332087993621826, 0.8489025831222534, 0.8583601713180542, 0.3676808476448059, 0.5955191850662231, 0.856958270072937, 0.5561425685882568, 0.9369534254074097, 0.7538378238677979, 0.3020365834236145, 1.8471112251281738, 0.21420183777809143, 0.5910910964012146, 0.9058655500411987, 1.1732022762298584, 1.1448547840118408, 0.3155505657196045, 0.2741115093231201, 0.008782990276813507, 0.5963941812515259, 0.3714207708835602, 0.5186928510665894, 0.3009214401245117, 1.167943000793457, 0.3347387909889221, 1.3926388025283813, 0.16626806557178497, 0.7365074157714844, 0.19240380823612213, 0.870908260345459, 0.27473506331443787, 0.7963218688964844, 1.0397686958312988, 0.16118308901786804, 1.126262903213501, 0.11323127895593643, 0.4675409495830536, 0.2740243375301361, 0.6918296813964844, 1.2373682260513306, 0.9898271560668945, 1.5556674003601074, 0.10938013345003128, 1.236332654953003, 1.608780860900879, 0.3353203535079956, 1.372469425201416, 1.0818182229995728, 0.6466186046600342, 0.5371981859207153, 0.8491783738136292, 0.31666916608810425, 0.559787929058075, 0.2615613043308258, 0.5025143623352051, 0.7839269638061523, 1.1703099012374878, 0.326076477766037, 0.4186250567436218, 0.06985609233379364, 0.5503860712051392]"
structure,"[7, 8, 11, 13, 18, 8, 13, 11, 4]",34,"[0.25135499238967896, -0.05229869484901428, 1.366197943687439, 0.4052155315876007, 1.7027721405029297, 0.048094362020492554, 0.023792535066604614, 0.8683466911315918, 1.3766840696334839, 1.583804726600647, 1.2572314739227295, 0.4419090151786804, 0.3913612961769104, 2.2446346282958984, 0.19985997676849365, 1.240864872932434, 0.4772402048110962, 0.9337106943130493, 0.3518524467945099, 0.10640426725149155, 0.10941959917545319, 0.056411705911159515, 0.9626358151435852, 1.1069868803024292, 0.36233168840408325, 1.0898388624191284, 1.1039596796035767, -0.040931880474090576, 1.3410197496414185, 1.0264291763305664, 0.6613961458206177, 0.6998421549797058, 0.37011224031448364, 0.0875168964266777, 0.411848783493042, 0.4020281136035919, 1.0863853693008423, 0.4714816212654114, 1.2709412574768066, 0.5105644464492798, 0.45513400435447693, 0.7639009952545166, 0.49000704288482666, 0.3962092697620392, 1.5155130624771118, 0.8974415063858032, 1.6738649606704712, 1.5874303579330444, 0.3337114155292511, 1.711829423904419, 0.45711392164230347, 0.05240944027900696, 0.9685062170028687, 1.1080116033554077, 0.8987426161766052, 1.4099000692367554, 0.016688905656337738, 0.6419123411178589, 1.4737147092819214, 1.904924988746643, 1.043405294418335, 0.5476121306419373, 0.03290862590074539, 0.1916399449110031]"
synthesize,"[7, 21, 5, 8, 9, 4, 7, 6, 15, 4]",34,"[1.0224491357803345, 0.006762102246284485, 0.44246721267700195, 0.40299081802368164, 0.8114175200462341, 0.33418071269989014, 0.5334217548370361, 0.5082099437713623, 0.8993678689002991, 0.7112246751785278, 0.7086206674575806, 0.41892966628074646, 0.26648157835006714, 1.4203736782073975, 0.4327523708343506, 0.49847930669784546, 1.348148226737976, 0.731338381767273, 1.5131163597106934, 0.41776520013809204, 0.346957802772522, 0.05794987082481384, 0.9535073637962341, 0.6527224183082581, 0.7353702187538147, 0.3001115620136261, 0.6706382036209106, 0.02664826810359955, 0.8521190881729126, 0.38189858198165894, 0.3546149730682373, 0.4897198975086212, 1.2540318965911865, 0.4310615062713623, 1.181803822517395, 1.5494499206542969, 0.38341718912124634, 0.6603620052337646, 0.44374027848243713, 0.5606798529624939, 0.4375424385070801, 0.5373709201812744, 1.8025283813476562, 1.5431528091430664, 0.8432612419128418, 0.21183186769485474, 0.8675247430801392, 1.1033799648284912, 0.6783580780029297, 0.8769584894180298, 1.5949997901916504, 0.19097791612148285, 0.4499145746231079, 0.5907273292541504, 0.32795870304107666, 0.7024330496788025, 0.05518455430865288, 0.7372559309005737, 0.7275662422180176, 0.9797452688217163, 0.2918602526187897, 0.516178548336029, 0.07656196504831314, 0.9244542121887207]"
transition,"[8, 11, 2, 5, 7, 6, 8, 6, 12, 5]",34,"[0.37276989221572876, 0.053553782403469086, 1.0218819379806519, 0.4861364960670471, 1.6779096126556396, 0.08520989120006561, 0.1522805392742157, 0.8477867841720581, 1.4241812229156494, 1.7152098417282104, 0.9204850196838379, 0.3529146611690521, 0.16754788160324097, 1.951564073562622, 0.4432511329650879, 0.6401343941688538, 0.8014349937438965, 0.8603091835975647, 0.6400600075721741, 0.3399641513824463, 0.10420652478933334, 0.04198143631219864, 1.073830485343933, 1.397028923034668, 0.5949905514717102, 0.8682963252067566, 0.6208218932151794, 0.13053610920906067, 0.7617678642272949, 1.0920335054397583, 0.30583345890045166, 0.7496300935745239, 0.6504123210906982, 0.20793208479881287, 0.7515688538551331, 0.5336564779281616, 1.102163314819336, 0.24983790516853333, 1.359349250793457, 1.0482361316680908, 0.49364173412323, 0.6984219551086426, 0.9155303239822388, 0.5608569979667664, 0.8499627113342285, 0.8889945149421692, 1.2221300601959229, 1.1130108833312988, 0.46251463890075684, 1.4031332731246948, 0.7937009930610657, 0.18415467441082, 0.8495754599571228, 0.7136009931564331, 0.43306872248649597, 1.572914958000183, 0.11175712198019028, 1.0014336109161377, 1.5315674543380737, 1.5792255401611328, 0.8319886922836304, 0.5141419172286987, 0.04567406326532364, 0.2034928798675537]"
valid,"[28, 2, 14, 6, 20]",34,"[0.8101667165756226, 0.15428249537944794, 0.38522693514823914, 0.22184529900550842, 0.827686071395874, 0.4523894786834717, 0.5472968816757202, 0.6143215298652649, 0.8473066687583923, 0.6767905354499817, 0.7042394876480103, 0.44207173585891724, 0.07800102978944778, 1.2995636463165283, 0.24137116968631744, 0.3222242295742035, 0.9968240261077881, 0.8759845495223999, 1.1879327297210693, 0.29047727584838867, 0.29875779151916504, 0.008375134319067001, 0.4717731475830078, 0.48193439841270447, 0.48894166946411133, 0.1291486918926239, 0.7333959341049194, 0.27350011467933655, 0.7431317567825317, 0.1423860490322113, 0.28126251697540283, 0.26865583658218384, 0.9328076839447021, 0.3278263211250305, 0.7704801559448242, 1.192144751548767, 0.19401434063911438, 0.7385360598564148, 0.21528053283691406, 0.5326039791107178, 0.15060219168663025, 0.4803445041179657, 1.2910189628601074, 1.0287004709243774, 0.8471205234527588, 0.14712466299533844, 0.8787310719490051, 1.0981377363204956, 0.3427141010761261, 0.9275170564651489, 1.0849533081054688, 0.43933337926864624, 0.16258522868156433, 0.354183554649353, 0.15329813957214355, 0.6446712613105774, 0.17362098395824432, 0.5806795954704285, 0.699813187122345, 0.8597912192344666, 0.31977394223213196, 0.10688187181949615, 0.0894431322813034, 0.6915844678878784]"
variable,"[28, 2, 11, 6, 2, 10, 14, 4]",34,"[0.9539574980735779, -0.08389092981815338, 0.3301039934158325, 0.8040420413017273, 1.1191397905349731, 0.0009103864431381226, 0.2765169143676758, 0.5421174764633179, 1.3372536897659302, 1.2513233423233032, 0.8453530669212341, 0.019708603620529175, 0.06618769466876984, 1.5664417743682861, 0.644204318523407, 0.5508971214294434, 1.6268185377120972, 0.5159129500389099, 1.5761475563049316, 0.41671282052993774, 0.40546196699142456, 0.08634229749441147, 1.2151758670806885, 1.2016823291778564, 1.0261907577514648, 0.37253594398498535, 0.3878996670246124, -0.10866245627403259, 0.6369203329086304, 0.7087887525558472, -0.013174735009670258, 0.8888936042785645, 1.3420159816741943, 0.4878803491592407, 1.409494400024414, 1.5232868194580078, 0.9164897203445435, 0.28844553232192993, 0.9164109230041504, 0.7072429656982422, 0.9142024517059326, 0.2791297137737274, 1.936173439025879, 1.5610984563827515, 0.5628001689910889, 0.40813252329826355, 0.9000871777534485, 0.912503719329834, 0.9542068243026733, 0.8095759153366089, 1.6593843698501587, -0.10971799492835999, 0.3417043685913086, 0.22802694141864777, 0.4321455657482147, 1.2484729290008545, -0.05480417609214783, 1.1243159770965576, 1.0066943168640137, 1.1944659948349, 0.3844846189022064, 0.4683714210987091, 0.020084459334611893, 0.8690165281295776]"
viewpoint,"[28, 6, 4, 26, 3, 12, 6, 5, 8]",34,"[0.7966309189796448, 0.03036416321992874, 0.992497980594635, 0.2614269554615021, 0.9851011037826538, 0.04413263499736786, 0.20220479369163513, 0.31849533319473267, 0.7920994162559509, 1.1123334169387817, 0.422084242105484, 1.0072388648986816, 0.6323156356811523, 1.7648277282714844, 0.6163175702095032, 0.7643148303031921, 1.225532054901123, 0.47532811760902405, 1.083646535873413, 0.26040273904800415, 0.0715228021144867, 0.012973275035619736, 1.6417427062988281, 0.9599917531013489, 0.49919915199279785, 0.8829712867736816, 0.7202222347259521, 0.10452194511890411, 1.047650694847107, 0.9240553975105286, 0.9919416308403015, 0.5044885873794556, 0.7576136589050293, 0.249002605676651, 1.1467186212539673, 0.939019501209259, 0.6477175354957581, 0.22929169237613678, 0.9033705592155457, 0.9970085620880127, 0.5268370509147644, 1.3211132287979126, 1.4438772201538086, 1.252974033355713, 1.0421489477157593, 0.5089386105537415, 1.2009434700012207, 1.224960446357727, 0.6005265712738037, 1.0635390281677246, 1.2583329677581787, 0.15016160905361176, 1.5319322347640991, 1.2629406452178955, 0.4002833366394043, 1.0837197303771973, -0.0025724023580551147, 0.7279260754585266, 0.9140691757202148, 1.5236051082611084, 0.4994363784790039, 1.1965097188949585, 0.04026252403855324, 0.656082034111023]"
abundant,"[2, 10, 13, 5, 20, 2, 5, 8]",34,"[0.5086594223976135, -0.01162661612033844, 0.8647336959838867, 0.6335963010787964, 1.6555991172790527, 0.007010176777839661, 0.09371586889028549, 0.7699304819107056, 1.5382671356201172, 1.7498698234558105, 1.0300652980804443, 0.3868288993835449, 0.15117469429969788, 2.0845229625701904, 0.4664178490638733, 0.7252727150917053, 1.0800433158874512, 0.714361310005188, 0.8651382327079773, 0.29601922631263733, 0.1944746971130371, 0.05668003857135773, 1.0684945583343506, 1.3733371496200562, 0.7074344158172607, 0.626489520072937, 0.6783036589622498, 0.02802477777004242, 0.8966179490089417, 0.8592390418052673, 0.28447332978248596, 0.7685853242874146, 0.7668136954307556, 0.2566758096218109, 0.8995628952980042, 0.7792758345603943, 1.0494844913482666, 0.30966731905937195, 1.1989670991897583, 0.9482085704803467, 0.545142412185669, 0.676878035068512, 1.0801482200622559, 0.7205585837364197, 1.0001341104507446, 0.7153229117393494, 1.3479233980178833, 1.247877836227417, 0.5624382495880127, 1.3379801511764526, 0.9427943825721741, 0.008169412612915039, 0.6847419738769531, 0.6226392984390259, 0.45653846859931946, 1.6248199939727783, 0.016177266836166382, 1.079367756843567, 1.4833284616470337, 1.6892496347427368, 0.7146545648574829, 0.4423145651817322, 0.004185900092124939, 0.344814658164978]"
adage,"[2, 20, 2, 17, 4]",34,"[1.0626227855682373, 0.06525888293981552, 0.4786977171897888, 0.17314133048057556, 0.8786103129386902, 0.2011484056711197, 0.5196871757507324, 0.3319505751132965, 0.7881224155426025, 0.7139257192611694, 0.5242956876754761, 0.7905694246292114, 0.40436452627182007, 1.6059787273406982, 0.3646717071533203, 0.50591641664505, 1.4570282697677612, 0.5276143550872803, 1.5286545753479004, 0.1667565107345581, 0.16514542698860168, -0.03953741490840912, 1.0673210620880127, 0.5717339515686035, 0.4734116792678833, 0.19671818614006042, 0.8928908109664917, 0.1448339968919754, 1.0595718622207642, 0.10226546227931976, 0.605822741985321, 0.33525899052619934, 1.1053882837295532, 0.3913228511810303, 1.2468206882476807, 1.5968048572540283, 0.22604086995124817, 0.6747172474861145, 0.21451905369758606, 0.6517653465270996, 0.2247740477323532, 0.8531069755554199, 1.7675350904464722, 1.484434962272644, 1.165271520614624, 0.06983483582735062, 1.184541940689087, 1.3601317405700684, 0.5694085359573364, 0.9590855836868286, 1.56303870677948, 0.2443939447402954, 0.5809124112129211, 0.8253602385520935, 0.272575706243515, 0.7341579794883728, 0.06848952919244766, 0.5632232427597046, 0.6346862316131592, 1.1884636878967285, 0.22820794582366943, 0.592372715473175, 0.029261726886034012, 1.0308095216751099]"
analogy,"[2, 5, 2, 14, 12, 17, 21]",34,"[1.99960196018219, -0.03823477029800415, 0.07979188859462738, 0.4042290151119232, 0.3280591666698456, 0.05355474352836609, 1.181070327758789, 0.11541713774204254, 0.4656546711921692, 0.4000294804573059, 0.19463950395584106, 0.2700260281562805, 0.3609931468963623, 0.5200389623641968, 0.9327203035354614, 0.44109585881233215, 2.490614414215088, 0.0525420680642128, 3.0658538341522217, 0.5938962697982788, 0.4253236651420593, -0.0024939458817243576, 1.7288827896118164, 0.6138923764228821, 1.011521816253662, 0.34834277629852295, 0.04859963059425354, -0.030196040868759155, 0.1589701771736145, 0.5422807335853577, 0.15489016473293304, 0.9147323369979858, 2.4661717414855957, 0.9970247149467468, 2.169649124145508, 3.0001096725463867, 0.5540297031402588, 0.18314926326274872, 0.591042697429657, 0.612377941608429, 1.0002130270004272, 0.38352370262145996, 3.58048415184021, 3.1305413246154785, 0.11873316764831543, 0.16948702931404114, 0.17920303344726562, 0.3832551836967468, 1.5541280508041382, 0.14347359538078308, 3.0948588848114014, -0.05703583359718323, 0.758987545967102, 0.3491375148296356, 0.28574156761169434, 0.4441525936126709, -0.0231764018535614, 0.8576305508613586, 0.24775344133377075, 0.3352983593940735, 0.08843207359313965, 1.1468698978424072, 0.13010118901729584, 2.1511645317077637]"
clause,"[18, 14, 2, 13, 7, 4]",34,"[0.6980096697807312, 0.0911882147192955, 0.7692306637763977, 0.07597364485263824, 0.9053869843482971, 0.4871520400047302, 0.18682269752025604, 0.474120557308197, 0.7704547047615051, 0.6406676769256592, 0.8251792192459106, 0.9694885015487671, 0.4978037476539612, 1.808051347732544, 0.11606645584106445, 0.799193263053894, 0.8371471166610718, 0.8461999297142029, 0.9031453728675842, 0.11727775633335114, 0.12779560685157776, -0.00298355333507061, 0.6929100751876831, 0.34888216853141785, 0.2567369341850281, 0.4121134877204895, 1.2390743494033813, 0.135335773229599, 1.4774645566940308, 0.07380346208810806, 0.9023281931877136, 0.12151342630386353, 0.604171872138977, 0.1156073808670044, 0.6818093061447144, 0.9457142353057861, 0.1543567180633545, 0.9711412191390991, 0.1493682563304901, 0.36609697341918945, 0.06775960326194763, 0.9233089685440063, 1.0179862976074219, 0.8394332528114319, 1.6534719467163086, 0.1184026226401329, 1.4219213724136353, 1.6972421407699585, 0.3046838939189911, 1.3157509565353394, 0.9352807402610779, 0.37458938360214233, 0.749538242816925, 1.109906792640686, 0.42965444922447205, 0.6086069941520691, 0.10215271264314651, 0.3796955645084381, 0.7405070662498474, 1.3396941423416138, 0.36892983317375183, 0.5139824748039246, 0.0433683916926384, 0.567201554775238]"
complex sentence,"[18, 12, 19, 3, 14, 4, 27, 31, 7, 4, 5, 8, 4, 5, 18, 4]",34,"[0.2988259792327881, -0.0027253031730651855, 1.192845106124878, 0.37998268008232117, 1.3420532941818237, 0.28701451420783997, 0.2194996178150177, 0.8903183341026306, 1.3133172988891602, 1.2121306657791138, 1.3124964237213135, 0.23980508744716644, 0.3224017024040222, 1.8706731796264648, 0.10240208357572556, 1.1366891860961914, 0.4497290849685669, 1.163313865661621, 0.4921559989452362, 0.16304707527160645, 0.23277564346790314, 0.0825585126876831, 0.6542105674743652, 0.7638435363769531, 0.3940460681915283, 1.0657554864883423, 1.1269387006759644, -0.04812237620353699, 1.2834421396255493, 0.8246742486953735, 0.5672974586486816, 0.5545448064804077, 0.5446920990943909, 0.15473048388957977, 0.2550005316734314, 0.5693946480751038, 0.863366961479187, 0.7069739699363708, 0.9475685954093933, 0.23355689644813538, 0.430086612701416, 0.4395498037338257, 0.5622117519378662, 0.5119960904121399, 1.5053422451019287, 0.758654773235321, 1.4729763269424438, 1.5310949087142944, 0.2866404056549072, 1.6592767238616943, 0.47259020805358887, 0.136285662651062, 0.7332797050476074, 0.8819551467895508, 0.926270604133606, 1.0855680704116821, 0.036644019186496735, 0.5976071357727051, 1.251529574394226, 1.57719886302948, 0.9291505813598633, 0.28025463223457336, 0.07527132332324982, 0.21526524424552917]"
compound sentence,"[18, 12, 19, 3, 12, 13, 5, 20, 31, 7, 4, 5, 8, 4, 5, 18, 4]",34,"[0.1769143044948578, -0.06233307719230652, 1.4125300645828247, 0.4344133138656616, 1.5024125576019287, -0.03330931067466736, 0.10262839496135712, 0.8458906412124634, 1.2803070545196533, 1.525272011756897, 1.108412265777588, 0.10845805704593658, 0.3271681070327759, 1.6423561573028564, 0.3021889328956604, 1.3065299987792969, 0.42387041449546814, 0.8501307368278503, 0.3751201927661896, 0.13274258375167847, 0.12011031806468964, 0.08050581067800522, 1.0034148693084717, 1.1293563842773438, 0.32697880268096924, 1.505140781402588, 0.8274034261703491, -0.08011460304260254, 0.9286949038505554, 1.358596682548523, 0.47494879364967346, 0.8180847764015198, 0.4645419418811798, 0.15308848023414612, 0.3123256266117096, 0.4342382848262787, 1.3255423307418823, 0.20629000663757324, 1.584007978439331, 0.3391346335411072, 0.7713662981987, 0.46609675884246826, 0.4999639093875885, 0.47530192136764526, 1.093550205230713, 1.193145990371704, 1.35929536819458, 1.0954487323760986, 0.48892536759376526, 1.5274816751480103, 0.36854439973831177, 0.012598782777786255, 1.1151084899902344, 0.9236527681350708, 1.1017537117004395, 1.3622715473175049, -0.01409505307674408, 0.6390358805656433, 1.4105662107467651, 1.5789296627044678, 1.1493598222732544, 0.5351799726486206, 0.06835046410560608, 0.20307406783103943]"
connotation,"[18, 12, 5, 5, 12, 8, 2, 8, 6, 12, 5]",34,"[0.5156305432319641, 0.05180300772190094, 0.7210664749145508, 0.5468848943710327, 1.3448446989059448, 0.23412512242794037, 0.2740216851234436, 0.7341054677963257, 1.3062894344329834, 1.3670940399169922, 0.8240926861763, 0.233340784907341, 0.07610762864351273, 1.656510591506958, 0.4754578471183777, 0.45639708638191223, 0.9945448637008667, 0.7968348264694214, 0.920282244682312, 0.5183940529823303, 0.29301849007606506, 0.07866740971803665, 0.901279091835022, 1.2116785049438477, 0.8296427130699158, 0.5871958136558533, 0.4736199676990509, 0.08904862403869629, 0.6136581897735596, 0.922028124332428, 0.1617279052734375, 0.6941715478897095, 0.9223889708518982, 0.3132755160331726, 0.8613389134407043, 0.8228653073310852, 0.8977619409561157, 0.36247730255126953, 1.0670050382614136, 0.89858078956604, 0.54015052318573, 0.49656298756599426, 1.1815613508224487, 0.761447012424469, 0.6774194240570068, 0.6395525932312012, 0.9897542595863342, 0.9774917364120483, 0.5509079694747925, 1.17181396484375, 1.0465850830078125, 0.19861069321632385, 0.5757217407226562, 0.45029890537261963, 0.2755122184753418, 1.2975516319274902, 0.08264578878879547, 1.0902291536331177, 1.2865204811096191, 1.299159288406372, 0.6124261021614075, 0.3578999936580658, 0.0618855319917202, 0.33581194281578064]"
denotation,"[20, 4, 5, 12, 8, 2, 8, 6, 12, 5]",34,"[0.7026821374893188, -0.0030634403228759766, 0.7088755965232849, 0.5939257740974426, 1.367854356765747, 0.04995185136795044, 0.2753015458583832, 0.6280122399330139, 1.3281066417694092, 1.484525442123413, 0.6756712198257446, 0.30547431111335754, 0.15121887624263763, 1.7049577236175537, 0.6429154276847839, 0.5190836787223816, 1.2976927757263184, 0.5724502205848694, 1.2026299238204956, 0.48910290002822876, 0.2318754643201828, 0.048428937792778015, 1.2677586078643799, 1.3679330348968506, 0.8803687691688538, 0.6396691203117371, 0.39495131373405457, 0.05562587082386017, 0.591167151927948, 1.0140701532363892, 0.1892092227935791, 0.8487989902496338, 1.1001996994018555, 0.4017404317855835, 1.1773076057434082, 1.0496082305908203, 1.037246823310852, 0.16877645254135132, 1.2204692363739014, 1.0250715017318726, 0.7441907525062561, 0.6320161819458008, 1.5454214811325073, 1.0768848657608032, 0.6032971143722534, 0.6797369718551636, 0.9883430004119873, 0.927278459072113, 0.7813899517059326, 1.0544517040252686, 1.324573040008545, 0.08322802186012268, 0.7719338536262512, 0.5303362011909485, 0.31032076478004456, 1.4127297401428223, 0.03341584652662277, 1.1570361852645874, 1.2791476249694824, 1.3745167255401611, 0.5924758315086365, 0.6407553553581238, 0.03666128218173981, 0.5432804822921753]"
descriptive,"[20, 4, 7, 18, 11, 6, 3, 8, 6, 28, 4]",34,"[0.583768904209137, -0.02719363570213318, 0.5614698529243469, 0.7294998168945312, 1.4406169652938843, 0.43484732508659363, 0.279837042093277, 0.9519857168197632, 1.6699825525283813, 1.3617913722991943, 1.2970905303955078, 0.017318621277809143, -0.03404116630554199, 2.1218717098236084, 0.3676902651786804, 0.4855597913265228, 1.0740901231765747, 1.1889262199401855, 0.959258496761322, 0.558396577835083, 0.46295368671417236, 0.11421691626310349, 0.6804817318916321, 1.142171859741211, 1.0244406461715698, 0.30167239904403687, 0.7380388975143433, -0.037044376134872437, 0.9651356339454651, 0.7124342322349548, 0.12629151344299316, 0.7342599034309387, 1.0095843076705933, 0.35144999623298645, 0.863936722278595, 0.8753165006637573, 0.8375783562660217, 0.7514572143554688, 0.8005185127258301, 0.7834033966064453, 0.515352189540863, 0.32131054997444153, 1.1994976997375488, 0.8053123354911804, 1.0647581815719604, 0.40733829140663147, 1.2158067226409912, 1.451172947883606, 0.4376567602157593, 1.4520163536071777, 1.095136046409607, 0.18074677884578705, 0.13575516641139984, 0.2657231390476227, 0.2778688669204712, 1.3239754438400269, 0.062064602971076965, 1.1788161993026733, 1.373062014579773, 1.5258865356445312, 0.6112433075904846, 0.09444855898618698, 0.06291643530130386, 0.3189935088157654]"
etymology,"[4, 8, 21, 19, 12, 14, 12, 17, 21]",34,"[1.5156238079071045, -0.12118977308273315, 0.2586415410041809, 0.788262665271759, 0.7992562651634216, 0.0398353636264801, 0.6486482620239258, 0.3461385667324066, 1.0852746963500977, 0.9484618902206421, 0.5351973176002502, 0.05629849433898926, 0.23465397953987122, 1.1938345432281494, 0.9717403650283813, 0.5453222393989563, 2.3242194652557373, 0.31340184807777405, 2.5172789096832275, 0.6710608601570129, 0.43510258197784424, 0.07025061547756195, 1.7295022010803223, 1.126846432685852, 1.2510244846343994, 0.48083439469337463, 0.1390877366065979, -0.18571850657463074, 0.3844912648200989, 0.9353023171424866, 0.04911927506327629, 1.0860978364944458, 2.1313741207122803, 0.8022698163986206, 2.0635457038879395, 2.3782548904418945, 0.9977984428405762, 0.23288750648498535, 0.9896060824394226, 0.7251862287521362, 1.320695400238037, 0.30421093106269836, 3.008378505706787, 2.542147636413574, 0.3100835680961609, 0.43358808755874634, 0.5524346232414246, 0.7359601855278015, 1.5639164447784424, 0.5455487966537476, 2.6310067176818848, -0.13291773200035095, 0.7788524627685547, 0.27786052227020264, 0.40261805057525635, 1.0350693464279175, -0.07258397340774536, 1.2737067937850952, 0.7386625409126282, 0.8637250065803528, 0.2708839476108551, 0.9969987273216248, 0.0667741447687149, 1.537254810333252]"
figurative,"[22, 6, 17, 13, 11, 2, 8, 6, 28, 4]",34,"[0.37372490763664246, -0.04303485155105591, 1.022862434387207, 0.6575368642807007, 1.8104311227798462, 0.027773305773735046, 0.029011622071266174, 0.8758317828178406, 1.75009286403656, 1.8177886009216309, 1.2607314586639404, 0.273986279964447, 0.21838609874248505, 2.460960626602173, 0.4261009693145752, 0.8661699295043945, 0.9095878601074219, 0.9418535828590393, 0.6341234445571899, 0.3028518259525299, 0.17588502168655396, 0.030306655913591385, 1.167614221572876, 1.4148714542388916, 0.73298180103302, 0.8081324696540833, 0.9050033092498779, -0.04859820008277893, 1.2148246765136719, 1.0606902837753296, 0.42730289697647095, 0.8549047112464905, 0.6469991207122803, 0.23193976283073425, 0.8080111145973206, 0.5443824529647827, 1.2251797914505005, 0.4410173296928406, 1.2776589393615723, 0.9044873714447021, 0.6521133184432983, 0.6981685757637024, 0.8885105848312378, 0.5797973275184631, 1.3298476934432983, 0.7963395118713379, 1.6358642578125, 1.5921130180358887, 0.5131250619888306, 1.686395525932312, 0.7855242490768433, 0.013404935598373413, 0.7881560325622559, 0.7553068399429321, 0.6108868718147278, 1.7011909484863281, 0.002568840980529785, 1.0807808637619019, 1.6084849834442139, 2.012360095977783, 0.8916639685630798, 0.482456237077713, -0.007069293409585953, 0.21309755742549896]"
formal language,"[22, 12, 11, 19, 2, 14, 31, 14, 2, 5, 17, 13, 2, 17, 4]",34,"[0.7326698899269104, -0.12816545367240906, 1.2201532125473022, 0.48948943614959717, 1.3893314599990845, -0.20629329979419708, 0.18457293510437012, 0.60486900806427, 1.2343207597732544, 1.5340380668640137, 0.9384564757347107, 0.24762782454490662, 0.45347481966018677, 1.4786674976348877, 0.5764694213867188, 1.3773133754730225, 1.1682512760162354, 0.5231300592422485, 1.1393458843231201, 0.16147884726524353, 0.06456230580806732, 0.04112355411052704, 1.556968331336975, 1.1982618570327759, 0.4410359263420105, 1.4802665710449219, 0.7228224277496338, -0.19331374764442444, 0.8476456999778748, 1.3156825304031372, 0.47707706689834595, 1.0072224140167236, 0.8978917598724365, 0.29680198431015015, 0.9566015601158142, 1.0735039710998535, 1.435788869857788, 0.14555104076862335, 1.6310924291610718, 0.5050530433654785, 1.0020184516906738, 0.5774661898612976, 1.4481589794158936, 1.2802551984786987, 1.0020674467086792, 1.1139225959777832, 1.261468768119812, 1.007201910018921, 0.9383081197738647, 1.3205530643463135, 1.2560069561004639, -0.1617392897605896, 1.4355214834213257, 1.0202847719192505, 1.0775344371795654, 1.4429221153259277, -0.09612584114074707, 0.754485011100769, 1.3180168867111206, 1.5244958400726318, 0.9391299486160278, 0.9903308153152466, 0.02692793682217598, 0.7164602279663086]"
hesitate,"[9, 4, 7, 6, 8, 2, 8, 4]",34,"[0.9208081364631653, 0.04440988600254059, 0.49824103713035583, 0.5104920268058777, 1.2478737831115723, -0.015031799674034119, 0.3831569254398346, 0.4705089330673218, 1.1297920942306519, 1.3078391551971436, 0.6176593899726868, 0.5797080993652344, 0.22856470942497253, 1.8215553760528564, 0.6358055472373962, 0.42528948187828064, 1.5961809158325195, 0.456121563911438, 1.4316120147705078, 0.3465093970298767, 0.20343345403671265, 0.0006508305668830872, 1.3470429182052612, 1.1411120891571045, 0.7851641774177551, 0.330362468957901, 0.5445556640625, 0.13709352910518646, 0.7691816687583923, 0.5994771122932434, 0.35949471592903137, 0.700079619884491, 1.1573268175125122, 0.4533523917198181, 1.4491983652114868, 1.3725330829620361, 0.6723379492759705, 0.3235940933227539, 0.8217401504516602, 1.0989458560943604, 0.5188419818878174, 0.793664813041687, 1.814447283744812, 1.3877860307693481, 0.786884069442749, 0.35040023922920227, 1.0641436576843262, 1.1042288541793823, 0.7238172292709351, 0.9603407382965088, 1.616597056388855, 0.08160540461540222, 0.6340075731277466, 0.6212817430496216, 0.20305874943733215, 1.2811986207962036, 0.04099635034799576, 1.0003505945205688, 1.052617073059082, 1.408913254737854, 0.39722898602485657, 0.6511661410331726, -0.010523151606321335, 0.8247581720352173]"
homograph,"[9, 12, 19, 12, 17, 11, 2, 3, 9]",34,"[1.1939330101013184, -0.0728757232427597, 0.6610472798347473, 0.6927958130836487, 1.024745225906372, -0.15136532485485077, 0.42057785391807556, 0.2832399010658264, 0.8841177225112915, 1.2544944286346436, 0.39577558636665344, 0.2668286859989166, 0.36437273025512695, 1.1823468208312988, 1.045330286026001, 0.7264430522918701, 1.9286043643951416, 0.12817074358463287, 1.861884355545044, 0.522127091884613, 0.21695078909397125, 0.03126228228211403, 2.06731915473938, 1.3543938398361206, 0.9553662538528442, 0.9387158751487732, 0.1296306550502777, -0.11063113808631897, 0.3538784980773926, 1.3968361616134644, 0.27063024044036865, 1.1543840169906616, 1.6166434288024902, 0.6208866834640503, 1.8225873708724976, 1.7750062942504883, 1.2401607036590576, -0.1278390735387802, 1.500648021697998, 0.9534523487091064, 1.3055588006973267, 0.6828795671463013, 2.475888252258301, 2.1441853046417236, 0.20630383491516113, 0.7864421010017395, 0.630789577960968, 0.5587341785430908, 1.4773838520050049, 0.6356133222579956, 2.221970796585083, -0.12146693468093872, 1.345382571220398, 0.6575021743774414, 0.5308023691177368, 1.22432279586792, -0.05375641584396362, 1.1205767393112183, 0.9727933406829834, 1.112763524055481, 0.51601243019104, 1.3112761974334717, 0.04153108224272728, 1.2156398296356201]"
informal language,"[6, 5, 22, 12, 11, 19, 2, 14, 31, 14, 2, 5, 17, 13, 2, 17, 4]",34,"[0.42611825466156006, -0.10405996441841125, 1.3161760568618774, 0.5092759728431702, 1.4114478826522827, -0.13677136600017548, 0.14700838923454285, 0.7094594240188599, 1.2113291025161743, 1.513523817062378, 0.9405219554901123, -0.01907283067703247, 0.3461296558380127, 1.327104091644287, 0.4595738649368286, 1.3665642738342285, 0.7459970712661743, 0.6388152837753296, 0.7565382122993469, 0.21956780552864075, 0.10104992240667343, 0.10242942720651627, 1.2766910791397095, 1.2223345041275024, 0.4533841013908386, 1.6079143285751343, 0.584883451461792, -0.15941205620765686, 0.6814364194869995, 1.5540353059768677, 0.32159343361854553, 1.0321767330169678, 0.7164394855499268, 0.24317187070846558, 0.6062045097351074, 0.678938627243042, 1.5478407144546509, 0.059450797736644745, 1.7884503602981567, 0.36417120695114136, 1.022865653038025, 0.34257835149765015, 1.0057246685028076, 0.840124249458313, 0.7922651767730713, 1.2913941144943237, 1.106209397315979, 0.8507280349731445, 0.7883024215698242, 1.3121196031570435, 0.8629528284072876, -0.08938795328140259, 1.2889909744262695, 0.8479700684547424, 1.1053674221038818, 1.419425129890442, -0.04503969848155975, 0.7138673067092896, 1.3399510383605957, 1.3793631792068481, 1.0642145872116089, 0.8183821439743042, 0.05772075429558754, 0.4334634840488434]"
maxim,"[19, 2, 27, 6, 19]",34,"[1.5337454080581665, 0.007436081767082214, 0.08717133849859238, 0.5839487910270691, 0.5413634181022644, 0.15406270325183868, 0.8557531833648682, 0.17834092676639557, 0.6408156156539917, 0.6939553022384644, 0.15317167341709137, 0.2908596694469452, 0.1938701570034027, 0.8362419009208679, 0.9688017964363098, 0.1846068799495697, 2.1762073040008545, 0.14908857643604279, 2.3825316429138184, 0.7065262198448181, 0.36711373925209045, 0.032223641872406006, 1.5677099227905273, 0.9232293963432312, 1.1231858730316162, 0.21033334732055664, 0.057419076561927795, 0.02640269696712494, 0.20001068711280823, 0.677285373210907, 0.10969194769859314, 0.8131481409072876, 2.055345058441162, 0.80857253074646, 1.9629102945327759, 2.2791731357574463, 0.5999264717102051, 0.18031096458435059, 0.7243415713310242, 0.870339035987854, 0.8981651067733765, 0.5595007538795471, 2.9759535789489746, 2.423720121383667, 0.0594390369951725, 0.1999536007642746, 0.2994319200515747, 0.43536168336868286, 1.3644803762435913, 0.3392011523246765, 2.5795555114746094, 0.1048002690076828, 0.7230038642883301, 0.2257845252752304, 0.05840713530778885, 0.7096667289733887, 0.004958979785442352, 1.0933218002319336, 0.5456473231315613, 0.6206504106521606, 0.06995570659637451, 0.9536008834838867, 0.09693321585655212, 1.5281543731689453]"
morphology,"[19, 12, 11, 3, 9, 12, 14, 12, 17, 21]",34,"[1.3209209442138672, -0.09016941487789154, 0.444411039352417, 0.6451694369316101, 0.7344111800193787, 0.10916183143854141, 0.6485536098480225, 0.34471413493156433, 0.8467260003089905, 0.8041282892227173, 0.5049310326576233, -0.024373650550842285, 0.2749578058719635, 0.9283445477485657, 0.8697685599327087, 0.6049228310585022, 1.9457805156707764, 0.3612692952156067, 2.2162811756134033, 0.6468387246131897, 0.4157838821411133, 0.09089668840169907, 1.6069598197937012, 1.005264401435852, 1.0831542015075684, 0.6686065793037415, 0.14010167121887207, -0.14471855759620667, 0.3082123398780823, 1.0873152017593384, 0.05736123397946358, 1.0328094959259033, 1.9132788181304932, 0.7313713431358337, 1.7216870784759521, 2.1164817810058594, 0.9848512411117554, 0.18318158388137817, 1.0585590600967407, 0.5707515478134155, 1.245293378829956, 0.24069344997406006, 2.6576669216156006, 2.3290903568267822, 0.19501830637454987, 0.5642642974853516, 0.40067780017852783, 0.5675025582313538, 1.447603702545166, 0.5111314058303833, 2.3965423107147217, -0.04998886585235596, 0.8592392802238464, 0.3742377758026123, 0.5000808238983154, 0.8538787364959717, -0.012435659766197205, 1.027389645576477, 0.6856189370155334, 0.681746244430542, 0.35171276330947876, 1.0156217813491821, 0.10796308517456055, 1.3910077810287476]"
nuance,"[5, 13, 2, 5, 18, 4]",34,"[1.1621496677398682, 0.03784649819135666, 0.06531791388988495, 0.638716995716095, 0.7191566824913025, 0.6178937554359436, 0.6132992506027222, 0.5851461291313171, 1.0159845352172852, 0.6528412103652954, 0.821239709854126, 0.2331945300102234, 0.01695353537797928, 1.4111957550048828, 0.390866756439209, 0.07924608886241913, 1.4597687721252441, 0.8502522706985474, 1.7959487438201904, 0.6052218675613403, 0.6542181372642517, 0.15690037608146667, 0.6290406584739685, 0.68120938539505, 1.0751516819000244, -0.22942247986793518, 0.5107814073562622, 0.06154778599739075, 0.700144350528717, 0.035082995891571045, 0.0841188058257103, 0.3612830340862274, 1.538097620010376, 0.47679853439331055, 1.3286147117614746, 1.8177895545959473, 0.1723550260066986, 0.7617803812026978, 0.15984927117824554, 0.5712872743606567, 0.29856348037719727, 0.32276463508605957, 2.016321897506714, 1.5613505840301514, 0.6781705617904663, -0.083243228495121, 0.702819287776947, 0.9913973808288574, 0.5939950942993164, 0.7273914813995361, 1.7197065353393555, 0.2462024688720703, -0.1111852303147316, 0.09299390017986298, 0.053677789866924286, 0.6635404229164124, 0.07450902462005615, 0.9992166757583618, 0.7013867497444153, 0.7756140828132629, 0.07917778193950653, 0.12006745487451553, 0.11208652704954147, 1.000442385673523]"
persevere,"[3, 4, 11, 7, 4, 28, 4, 11, 4]",34,"[1.0566468238830566, -0.016738831996917725, 0.7838761210441589, 0.3569960296154022, 1.108354926109314, -0.027272522449493408, 0.19393841922283173, 0.22226502001285553, 0.9613555073738098, 1.1302517652511597, 0.5652536153793335, 1.1239537000656128, 0.7087306976318359, 2.1852099895477295, 0.6079731583595276, 0.761116623878479, 1.6395708322525024, 0.37050551176071167, 1.4240126609802246, 0.21871747076511383, 0.09733658283948898, -0.022381164133548737, 1.7693568468093872, 0.9368582367897034, 0.6281575560569763, 0.4715858995914459, 0.9667985439300537, -0.0005650520324707031, 1.3792805671691895, 0.48709940910339355, 1.0392262935638428, 0.480143278837204, 0.9821220636367798, 0.30161726474761963, 1.5501407384872437, 1.3848862648010254, 0.4601533114910126, 0.4959948658943176, 0.6000022292137146, 0.9924888610839844, 0.3948637545108795, 1.4250041246414185, 1.8517241477966309, 1.5775718688964844, 1.3902424573898315, 0.21416312456130981, 1.5320639610290527, 1.6336073875427246, 0.7613002061843872, 1.109400749206543, 1.6721221208572388, 0.029502838850021362, 1.31266450881958, 1.3212312459945679, 0.40079107880592346, 1.1459996700286865, -0.038906097412109375, 0.793947160243988, 0.8926581144332886, 1.7761867046356201, 0.3038302958011627, 1.2037214040756226, -0.010790418833494186, 0.9545849561691284]"
proverb,"[3, 11, 12, 28, 4, 11, 10]",34,"[0.4902486205101013, -0.06112822890281677, 0.7857022881507874, 0.6485965847969055, 1.4499183893203735, 0.04622840881347656, 0.08535260707139969, 0.7577834129333496, 1.4735844135284424, 1.5093127489089966, 1.0755022764205933, 0.08615297079086304, 0.10612241923809052, 1.8630352020263672, 0.41810309886932373, 0.7702741026878357, 0.9720398187637329, 0.7870903015136719, 0.8282871842384338, 0.27924856543540955, 0.23480159044265747, 0.0807209238409996, 0.9679823517799377, 1.2113505601882935, 0.7110859155654907, 0.6609652638435364, 0.6144376993179321, -0.05923143029212952, 0.8388656973838806, 0.908899188041687, 0.18334642052650452, 0.8016785979270935, 0.7392523288726807, 0.25861087441444397, 0.7808758616447449, 0.7227567434310913, 1.0823692083358765, 0.30079740285873413, 1.1244722604751587, 0.6751782894134521, 0.6368421316146851, 0.42282214760780334, 1.0076292753219604, 0.7854198813438416, 0.8574202060699463, 0.7058354616165161, 1.1871135234832764, 1.12636399269104, 0.5618054866790771, 1.2241510152816772, 0.8893312811851501, -0.014634311199188232, 0.4961220622062683, 0.4735132157802582, 0.5601789951324463, 1.4183447360992432, -0.005061782896518707, 0.904941201210022, 1.300833821296692, 1.4786503314971924, 0.7085604667663574, 0.3814780116081238, 0.024838607758283615, 0.3916865587234497]"
reluctant,"[11, 4, 14, 13, 18, 8, 2, 5, 8]",34,"[0.5228726863861084, -0.030675873160362244, 1.11934494972229, 0.5562309622764587, 1.860960841178894, -0.017292216420173645, 0.1147158294916153, 0.8628497123718262, 1.6050910949707031, 1.8624283075332642, 1.1171969175338745, 0.483894407749176, 0.28813594579696655, 2.3998425006866455, 0.4256308674812317, 0.9493613839149475, 1.0109179019927979, 0.8264564871788025, 0.7530417442321777, 0.18391570448875427, 0.092200867831707, 0.03234920650720596, 1.2724131345748901, 1.4540681838989258, 0.5810003280639648, 0.8507226705551147, 0.8798890113830566, -0.014881938695907593, 1.1452510356903076, 1.0410106182098389, 0.5013169050216675, 0.8563574552536011, 0.6757643222808838, 0.19660121202468872, 0.8780607581138611, 0.7270256280899048, 1.1745538711547852, 0.3547581434249878, 1.3749802112579346, 0.9875476360321045, 0.5147320032119751, 0.8952375650405884, 1.0155631303787231, 0.6950045228004456, 1.2786701917648315, 0.8241138458251953, 1.5905286073684692, 1.5472468137741089, 0.5278787016868591, 1.609713077545166, 0.8990800380706787, -0.004851669073104858, 0.9130783677101135, 0.8772700428962708, 0.6217636466026306, 1.7226344347000122, 0.0040147677063941956, 1.0373790264129639, 1.6353647708892822, 2.0265605449676514, 0.9334443211555481, 0.6102355718612671, 0.010574355721473694, 0.3770628571510315]"
sensory language,"[7, 4, 5, 7, 12, 11, 21, 31, 14, 2, 5, 17, 13, 2, 17, 4]",34,"[0.5001322031021118, -0.11011600494384766, 1.1386131048202515, 0.5475689768791199, 1.3265018463134766, -0.004712462425231934, 0.12973237037658691, 0.7190250158309937, 1.2585922479629517, 1.3891316652297974, 1.000246286392212, 0.031419411301612854, 0.32953137159347534, 1.4289700984954834, 0.4081624150276184, 1.231353998184204, 0.8434160947799683, 0.6983697414398193, 0.857814610004425, 0.26867449283599854, 0.20560389757156372, 0.13060012459754944, 1.1531400680541992, 1.1119725704193115, 0.5756314992904663, 1.325527548789978, 0.6412391662597656, -0.16992712020874023, 0.8042308688163757, 1.2834511995315552, 0.3025226891040802, 0.9439696073532104, 0.8194940090179443, 0.2636122405529022, 0.6612002849578857, 0.8404688239097595, 1.3295648097991943, 0.2298557013273239, 1.519041657447815, 0.31830886006355286, 0.9272257685661316, 0.31450703740119934, 1.085912823677063, 0.8989888429641724, 0.911876916885376, 1.045522689819336, 1.1164263486862183, 1.005568027496338, 0.7784968614578247, 1.2657148838043213, 0.9606351256370544, -0.07577258348464966, 1.0385140180587769, 0.7829535007476807, 0.9965530037879944, 1.2964915037155151, -0.04050344228744507, 0.7875730991363525, 1.2588870525360107, 1.360831379890442, 0.9262562990188599, 0.6836423873901367, 0.056646090000867844, 0.465969979763031]"
vivid,"[28, 6, 28, 6, 20]",34,"[0.6967046856880188, 0.08622059226036072, 0.3481994867324829, 0.1980617344379425, 0.6688147187232971, 0.5710315108299255, 0.467970073223114, 0.5923788547515869, 0.839959442615509, 0.5112113356590271, 0.7435224056243896, 0.43830060958862305, 0.13915902376174927, 1.337799072265625, 0.1951473504304886, 0.3125496208667755, 0.856013298034668, 0.8832482695579529, 1.0410794019699097, 0.3116055130958557, 0.2891857326030731, -0.0062616486102342606, 0.3913520872592926, 0.3715037405490875, 0.46896377205848694, 0.05535651370882988, 0.8549866676330566, 0.1428164690732956, 0.8844373822212219, 0.06291917711496353, 0.35704609751701355, 0.21403340995311737, 0.8354418873786926, 0.2829224169254303, 0.6562320590019226, 1.0139331817626953, 0.1366618275642395, 0.8330106139183044, 0.059614069759845734, 0.3862082362174988, 0.13314059376716614, 0.49794748425483704, 1.0955535173416138, 0.8969281911849976, 1.0079786777496338, 0.03486238420009613, 0.9205907583236694, 1.2100430727005005, 0.2861557602882385, 0.9783855676651001, 0.907389223575592, 0.3925236165523529, 0.16189512610435486, 0.3882487714290619, 0.15146219730377197, 0.4966340661048889, 0.10801348835229874, 0.5134454369544983, 0.613106906414032, 0.8819347620010376, 0.2506924867630005, 0.14615121483802795, 0.09150955080986023, 0.55222487449646]"
angle,"[2, 5, 17, 14, 4]",34,"[1.0028921365737915, 0.055833712220191956, 0.73845374584198, 0.048788636922836304, 0.9754191637039185, 0.0908512994647026, 0.36761826276779175, 0.30683618783950806, 0.7560988068580627, 0.8196858167648315, 0.49689027667045593, 1.1016696691513062, 0.6150555610656738, 1.8151354789733887, 0.30987465381622314, 0.7328425049781799, 1.2702019214630127, 0.4828253984451294, 1.2663652896881104, 0.03879933059215546, 0.028957396745681763, -0.045724134892225266, 1.2403730154037476, 0.6000386476516724, 0.28490886092185974, 0.4136108458042145, 1.07756507396698, 0.1541215479373932, 1.3117543458938599, 0.10700653493404388, 0.9440547227859497, 0.2305249720811844, 0.8158378005027771, 0.24715769290924072, 1.1753404140472412, 1.36244535446167, 0.24978160858154297, 0.6469654440879822, 0.2985019087791443, 0.6698395013809204, 0.08094537258148193, 1.2420698404312134, 1.5780214071273804, 1.3264356851577759, 1.417525053024292, 0.16821816563606262, 1.495644450187683, 1.5615496635437012, 0.4416505992412567, 1.1507762670516968, 1.3503787517547607, 0.2329304814338684, 0.9850448966026306, 1.2546931505203247, 0.4037662148475647, 0.7844772338867188, 0.036923058331012726, 0.4719746708869934, 0.7208580374717712, 1.4447414875030518, 0.3111879229545593, 0.8216509222984314, 0.017880089581012726, 0.9678958654403687]"
citizenship,"[18, 6, 8, 6, 15, 4, 5, 7, 9, 6, 3]",34,"[0.9693145155906677, 0.008440166711807251, 0.3759819567203522, 0.5981780886650085, 0.945003867149353, 0.5204773545265198, 0.5109364986419678, 0.7322863340377808, 1.1947953701019287, 0.8932592272758484, 0.8129242658615112, 0.08048878610134125, 0.0516706258058548, 1.4587268829345703, 0.5234484672546387, 0.310249000787735, 1.3031808137893677, 0.9993260502815247, 1.4701387882232666, 0.614491879940033, 0.4423440396785736, 0.12756484746932983, 0.8361781239509583, 0.8991725444793701, 0.9822426438331604, 0.28032386302948, 0.4789033532142639, 0.047967568039894104, 0.6198306083679199, 0.647918164730072, 0.0904911532998085, 0.6467494368553162, 1.3738062381744385, 0.4714905917644501, 1.1283657550811768, 1.385375738143921, 0.6313501000404358, 0.6278534531593323, 0.6581072211265564, 0.6772017478942871, 0.6101129055023193, 0.32977384328842163, 1.8113200664520264, 1.414298415184021, 0.5722808837890625, 0.336007684469223, 0.687207818031311, 0.9537900686264038, 0.7372832298278809, 0.9099432229995728, 1.5111583471298218, 0.290402889251709, 0.26659998297691345, 0.22730575501918793, 0.20464369654655457, 0.8611517548561096, 0.10588275641202927, 1.0009946823120117, 0.930604100227356, 0.9111467599868774, 0.3617827892303467, 0.36749112606048584, 0.1325465589761734, 0.7621586322784424]"
colony,"[18, 12, 14, 12, 5, 21]",34,"[1.604804277420044, -0.015481159090995789, 0.031370844691991806, 0.3240019679069519, 0.36318138241767883, 0.27216556668281555, 0.9181960225105286, 0.29782283306121826, 0.6454648375511169, 0.30997949838638306, 0.34271103143692017, 0.4269024729728699, 0.23560990393161774, 0.8878263235092163, 0.5960913896560669, 0.277197003364563, 1.9294034242630005, 0.40407794713974, 2.385746717453003, 0.5043684244155884, 0.4125014841556549, -0.022371089085936546, 1.1373661756515503, 0.44136109948158264, 0.8459731340408325, 0.05307580530643463, 0.36631083488464355, 0.008946850895881653, 0.5015464425086975, 0.0932646095752716, 0.2657305598258972, 0.49330276250839233, 1.9121696949005127, 0.6836495995521545, 1.7135365009307861, 2.3644731044769287, 0.18135276436805725, 0.5236727595329285, 0.14800068736076355, 0.5298796892166138, 0.5422378778457642, 0.48321670293807983, 2.729102849960327, 2.3408219814300537, 0.4732072651386261, -0.0465981587767601, 0.51878422498703, 0.8000692129135132, 1.0200198888778687, 0.4294084310531616, 2.309628963470459, 0.12279343605041504, 0.36386582255363464, 0.3037464916706085, 0.12011263519525528, 0.3668707609176636, 0.00042578577995300293, 0.7707625031471252, 0.3082808554172516, 0.5126412510871887, 0.04071682691574097, 0.6696897745132446, 0.10796178877353668, 1.599892020225525]"
constitution,"[18, 12, 5, 7, 8, 6, 8, 13, 8, 6, 12, 5]",34,"[0.17872501909732819, -0.033763036131858826, 1.0992993116378784, 0.5260649919509888, 1.7944157123565674, 0.23434585332870483, 0.1243823915719986, 1.1721912622451782, 1.6832512617111206, 1.733581304550171, 1.3774641752243042, 0.004577547311782837, 0.021347928792238235, 2.0356478691101074, 0.274006724357605, 0.8083214163780212, 0.5109935998916626, 1.1883172988891602, 0.4614981710910797, 0.27040034532546997, 0.12651383876800537, 0.0686645582318306, 0.7071380019187927, 1.3584907054901123, 0.4902830421924591, 0.9446635842323303, 0.7702406644821167, -0.002262890338897705, 0.8421918749809265, 1.0941174030303955, 0.0902155190706253, 0.7966791391372681, 0.5316698551177979, 0.12625908851623535, 0.3742468059062958, 0.34926167130470276, 1.2975910902023315, 0.41465455293655396, 1.4288709163665771, 0.6616865992546082, 0.5121941566467285, 0.3146318197250366, 0.5397993326187134, 0.39271920919418335, 1.034686803817749, 1.0180310010910034, 1.3158243894577026, 1.1953154802322388, 0.32283884286880493, 1.7098147869110107, 0.45961993932724, 0.14521613717079163, 0.5864222049713135, 0.5641871690750122, 0.6581910848617554, 1.5767762660980225, 0.08259595930576324, 0.9262194037437439, 1.7217320203781128, 1.5720258951187134, 1.0178889036178589, 0.20060965418815613, 0.07894837111234665, 0.06771324574947357]"
consumer,"[18, 12, 5, 7, 13, 19, 4, 11]",34,"[1.1583198308944702, 0.00805644690990448, 0.27958786487579346, 0.5194342732429504, 0.7408847212791443, 0.2908933758735657, 0.6355596780776978, 0.4395619034767151, 0.8472692370414734, 0.7631409168243408, 0.5687568783760071, 0.2641344964504242, 0.18618662655353546, 1.1330087184906006, 0.6314135789871216, 0.31157222390174866, 1.5814204216003418, 0.5438517332077026, 1.7668886184692383, 0.5527596473693848, 0.3564484417438507, 0.03802657127380371, 1.2030696868896484, 0.8194718956947327, 0.886411190032959, 0.25235867500305176, 0.39892810583114624, -0.0008854568004608154, 0.5281347036361694, 0.5384671688079834, 0.14050453901290894, 0.6600831747055054, 1.507134199142456, 0.5457990169525146, 1.4063438177108765, 1.6980791091918945, 0.511223554611206, 0.43200618028640747, 0.6279107332229614, 0.7308661937713623, 0.5995205640792847, 0.4859497547149658, 2.183109760284424, 1.8253811597824097, 0.42957404255867004, 0.25044238567352295, 0.5555998682975769, 0.7797688841819763, 0.9289681911468506, 0.674512505531311, 1.9401063919067383, 0.11843544244766235, 0.5374367833137512, 0.34694793820381165, 0.21258533000946045, 0.7629451751708984, 0.04621683061122894, 0.9212217330932617, 0.7317984700202942, 0.8066208362579346, 0.1925911158323288, 0.6877160668373108, 0.08410334587097168, 1.0429035425186157]"
decimal,"[20, 4, 18, 6, 19, 2, 14]",34,"[1.6071006059646606, -0.022775962948799133, 0.37823736667633057, 0.4661931097507477, 0.6656114459037781, -0.020264089107513428, 0.7847995162010193, 0.11075529456138611, 0.6383724212646484, 0.8134189248085022, 0.18987882137298584, 0.4916533827781677, 0.4111456871032715, 0.981071949005127, 0.9624220132827759, 0.5671381950378418, 2.2764759063720703, 0.03532365709543228, 2.3801333904266357, 0.4762011766433716, 0.28257185220718384, 0.0022637471556663513, 1.8325252532958984, 0.9380179047584534, 0.9111874103546143, 0.4989269971847534, 0.19461259245872498, -0.04605907201766968, 0.4235084056854248, 0.7794915437698364, 0.3587718904018402, 0.8715978264808655, 1.9171600341796875, 0.6974302530288696, 1.9486032724380493, 2.374236583709717, 0.7079601287841797, 0.15299873054027557, 0.8031805157661438, 0.8376193046569824, 0.944244921207428, 0.7431095838546753, 2.908209800720215, 2.5086114406585693, 0.3728049099445343, 0.31145164370536804, 0.6187909841537476, 0.707752525806427, 1.4080297946929932, 0.44168734550476074, 2.564077615737915, -0.0066651105880737305, 1.0261799097061157, 0.5269577503204346, 0.2770579159259796, 0.8633273839950562, -0.04969422519207001, 0.9575803279876709, 0.6080822944641113, 0.8861846327781677, 0.24679604172706604, 1.1942068338394165, 0.09795194119215012, 1.6113022565841675]"
democracy,"[20, 4, 19, 12, 18, 11, 2, 18, 21]",34,"[1.133596658706665, -0.07024388015270233, 0.37693482637405396, 0.8396281599998474, 0.9074455499649048, 0.5144702792167664, 0.5057995319366455, 0.666508138179779, 1.2632956504821777, 0.9214963316917419, 1.043520212173462, -0.013562530279159546, 0.08858775347471237, 1.5035576820373535, 0.616998553276062, 0.48353996872901917, 1.6412369012832642, 0.9192010760307312, 1.8416879177093506, 0.69673752784729, 0.6947745680809021, 0.17421847581863403, 1.0521646738052368, 0.9312247037887573, 1.243037223815918, 0.2707173824310303, 0.438905268907547, -0.1421079933643341, 0.6633049249649048, 0.7196804285049438, 0.0687081441283226, 0.7800158858299255, 1.668252944946289, 0.5420770645141602, 1.4365109205245972, 1.8113133907318115, 0.7196341156959534, 0.6360889673233032, 0.7136130332946777, 0.5567829608917236, 0.875952959060669, 0.20819881558418274, 2.0847270488739014, 1.8180655241012573, 0.665055513381958, 0.32595905661582947, 0.7728245854377747, 1.00548255443573, 0.9658317565917969, 0.8725380897521973, 1.8606617450714111, 0.0826103687286377, 0.29403531551361084, 0.22523795068264008, 0.38503366708755493, 0.9563944339752197, 0.015965677797794342, 1.1477887630462646, 0.9409703016281128, 0.9778439402580261, 0.37098821997642517, 0.4341879189014435, 0.11360347270965576, 0.9839296340942383]"
density,"[20, 4, 5, 7, 6, 8, 21]",34,"[1.1409469842910767, 0.013241410255432129, 0.3974250257015228, 0.31449511647224426, 0.7345981001853943, 0.33812153339385986, 0.6853255033493042, 0.45433521270751953, 0.8138839602470398, 0.5970382690429688, 0.5930813550949097, 0.3771021366119385, 0.28195327520370483, 1.1817779541015625, 0.4636700749397278, 0.4456510841846466, 1.4074605703353882, 0.6249181032180786, 1.769576072692871, 0.46085840463638306, 0.33154094219207764, 0.010141108185052872, 0.961288332939148, 0.5903279781341553, 0.694359302520752, 0.33292725682258606, 0.5846927165985107, 0.03538580238819122, 0.6888285279273987, 0.3683798313140869, 0.3162662982940674, 0.5274002552032471, 1.4785051345825195, 0.5413913726806641, 1.2479655742645264, 1.72402024269104, 0.4128246009349823, 0.5417397022247314, 0.4244128465652466, 0.5365152359008789, 0.5186688303947449, 0.4562245309352875, 2.03798770904541, 1.6662793159484863, 0.7347171306610107, 0.20901188254356384, 0.726850688457489, 0.9648227095603943, 0.8025054931640625, 0.7614176273345947, 1.750169277191162, 0.19276098906993866, 0.48987728357315063, 0.4971989691257477, 0.2918570935726166, 0.6099658012390137, 0.060382746160030365, 0.7193669080734253, 0.6166486740112305, 0.7803161144256592, 0.28807398676872253, 0.5807819962501526, 0.11243115365505219, 1.1242173910140991]"
earthquake,"[4, 2, 11, 8, 9, 24, 13, 2, 16, 4]",34,"[0.5494418144226074, -0.01974557340145111, 1.4143540859222412, 0.07941918820142746, 1.2483948469161987, 0.19820883870124817, 0.06541834771633148, 0.6444775462150574, 0.9336899518966675, 1.0403119325637817, 1.0673797130584717, 1.010777473449707, 0.7221513986587524, 2.004852771759033, 0.1402728408575058, 1.424065113067627, 0.5777738094329834, 0.8251977562904358, 0.6239641904830933, -0.031903013586997986, 0.07368572056293488, -0.0020198971033096313, 1.0771013498306274, 0.5469582676887512, 0.040947869420051575, 1.118050456047058, 1.377684473991394, -0.016791492700576782, 1.5653669834136963, 0.6972026824951172, 1.1366872787475586, 0.38918113708496094, 0.3233088254928589, -0.01710984855890274, 0.4651711881160736, 0.661324143409729, 0.6587727069854736, 0.7139717936515808, 0.8480307459831238, 0.2640283703804016, 0.290027916431427, 1.129219651222229, 0.6474840641021729, 0.7175562977790833, 1.8626435995101929, 0.6693645715713501, 1.7423746585845947, 1.7778400182724, 0.328244149684906, 1.588632583618164, 0.5853193998336792, 0.12330742180347443, 1.4186015129089355, 1.588863730430603, 0.9501896500587463, 0.9577777981758118, -0.007251270115375519, 0.28239840269088745, 1.0777968168258667, 1.7340059280395508, 0.8585706353187561, 0.8693403601646423, 0.04310259222984314, 0.45799288153648376]"
economy,"[4, 18, 12, 5, 12, 19, 21]",34,"[1.1747063398361206, -0.03527331352233887, 0.38779324293136597, 0.44648072123527527, 0.6886610984802246, 0.37882643938064575, 0.6303237676620483, 0.4287300705909729, 0.8888133764266968, 0.6291216611862183, 0.6172776818275452, 0.3799580931663513, 0.27560892701148987, 1.2665839195251465, 0.523467481136322, 0.46381327509880066, 1.583541750907898, 0.6171499490737915, 1.861387014389038, 0.5783334970474243, 0.4588416516780853, 0.05837626755237579, 1.0704011917114258, 0.6819079518318176, 0.9288384914398193, 0.2901145815849304, 0.5450941324234009, -0.05645859241485596, 0.725559413433075, 0.4193936586380005, 0.33062851428985596, 0.5590251684188843, 1.6047074794769287, 0.5335825085639954, 1.4155614376068115, 1.82710599899292, 0.41723307967185974, 0.6067169308662415, 0.43710944056510925, 0.565414309501648, 0.6072996854782104, 0.49291133880615234, 2.1264686584472656, 1.7701470851898193, 0.775923490524292, 0.17630980908870697, 0.7916647791862488, 1.0481760501861572, 0.887910008430481, 0.8075885772705078, 1.9111359119415283, 0.1482500284910202, 0.5253800749778748, 0.4923434257507324, 0.28681835532188416, 0.6830838918685913, 0.016115576028823853, 0.8960072994232178, 0.6648291945457458, 0.8874291181564331, 0.2467683106660843, 0.6303316354751587, 0.09375107288360596, 1.076770544052124]"
equivalent,"[4, 24, 13, 6, 28, 2, 14, 4, 5, 8]",34,"[1.0975024700164795, -0.03669951856136322, 0.598784863948822, 0.5092947483062744, 1.0111000537872314, -0.06055699288845062, 0.31590235233306885, 0.3169769048690796, 0.9884641170501709, 1.1519415378570557, 0.4815298318862915, 0.7142121195793152, 0.4429194927215576, 1.6239511966705322, 0.7557752132415771, 0.6602070331573486, 1.7923214435577393, 0.2887275218963623, 1.6535677909851074, 0.3982923626899719, 0.24042198061943054, 0.01161140576004982, 1.6905035972595215, 1.050582766532898, 0.8192736506462097, 0.5562530159950256, 0.4859864115715027, -0.015389502048492432, 0.7891743779182434, 0.7832159399986267, 0.5783535242080688, 0.7528014779090881, 1.2799527645111084, 0.4411395788192749, 1.5832300186157227, 1.5665404796600342, 0.7210667133331299, 0.2571905255317688, 0.9112374186515808, 0.9960362911224365, 0.7260000705718994, 0.9992504119873047, 2.063187837600708, 1.700926661491394, 0.771774172782898, 0.38866162300109863, 1.0324279069900513, 1.0770633220672607, 0.9650677442550659, 0.8204413652420044, 1.785154104232788, -0.047368645668029785, 1.1206426620483398, 0.826655924320221, 0.34137973189353943, 1.1884756088256836, -0.05913560092449188, 1.0542489290237427, 0.9107269048690796, 1.3900429010391235, 0.3632250726222992, 1.021647572517395, 0.01042887568473816, 1.0071814060211182]"
erosion,"[4, 11, 12, 7, 6, 12, 5]",34,"[1.2234097719192505, 0.014908581972122192, 0.629825234413147, 0.2344868779182434, 0.8017442226409912, -0.006530150771141052, 0.5536997318267822, 0.17514283955097198, 0.6146984100341797, 0.9174548983573914, 0.09546449780464172, 0.8830834627151489, 0.5244547724723816, 1.2989871501922607, 0.7786122560501099, 0.47276028990745544, 1.7567754983901978, 0.18026641011238098, 1.7305653095245361, 0.3636751174926758, 0.08515477180480957, -0.05148628354072571, 1.7883563041687012, 0.9510324597358704, 0.6171654462814331, 0.5843697786331177, 0.3847883343696594, 0.08161969482898712, 0.5844516754150391, 0.7519391775131226, 0.696603000164032, 0.6014667749404907, 1.3342859745025635, 0.4452416002750397, 1.6209428310394287, 1.641047716140747, 0.5520276427268982, 0.12047703564167023, 0.8029959797859192, 1.0844979286193848, 0.5242551565170288, 1.1830594539642334, 2.200204610824585, 1.8528480529785156, 0.5100574493408203, 0.3813948929309845, 0.8145099878311157, 0.8620025515556335, 0.9559566974639893, 0.6573786735534668, 1.918511152267456, 0.09959898889064789, 1.3030667304992676, 0.933960497379303, 0.1653633415699005, 0.919278085231781, 0.005104221403598785, 0.8149316310882568, 0.7398549914360046, 1.1252238750457764, 0.3028527796268463, 1.247100830078125, 0.07044218480587006, 1.1722180843353271]"
executive,"[4, 27, 4, 18, 13, 8, 6, 28, 4]",34,"[1.8710073232650757, -0.12117975950241089, -0.008451975882053375, 0.737366259098053, 0.6130533218383789, 0.27337193489074707, 0.9890369176864624, 0.42632460594177246, 1.2145440578460693, 0.6467005014419556, 0.7693072557449341, 0.09110642969608307, 0.17087365686893463, 1.4419124126434326, 0.7521314024925232, 0.40022900700569153, 2.492917537689209, 0.6194904446601868, 2.976679801940918, 0.704538881778717, 0.7093974947929382, 0.0945906713604927, 1.3775897026062012, 0.8086163401603699, 1.4178872108459473, -0.024028941988945007, 0.43640270829200745, -0.18434596061706543, 0.7451948523521423, 0.2953837215900421, 0.07863865792751312, 0.8060134053230286, 2.400904655456543, 0.8638180494308472, 2.092193603515625, 2.889235019683838, 0.47119811177253723, 0.7115163207054138, 0.3132747709751129, 0.5454771518707275, 0.9404757618904114, 0.2579113245010376, 3.3295140266418457, 2.8470523357391357, 0.7145859003067017, -0.05765196681022644, 0.7523770332336426, 1.120603084564209, 1.3262912034988403, 0.667605996131897, 2.8868587017059326, -0.058444589376449585, 0.20386534929275513, 0.15740454196929932, 0.2937980890274048, 0.7633604407310486, -0.07981063425540924, 1.182441234588623, 0.5822973847389221, 0.8905004858970642, 0.06578568369150162, 0.6564809083938599, 0.10843987762928009, 1.7996748685836792]"
export,"[4, 27, 3, 12, 11, 8]",34,"[1.1579375267028809, -0.03569880127906799, 0.3057105243206024, 0.7824492454528809, 1.1990584135055542, -0.01748199760913849, 0.3898787796497345, 0.46570730209350586, 1.365358829498291, 1.4314316511154175, 0.5499512553215027, 0.4644230604171753, 0.18885713815689087, 1.9635627269744873, 0.8957154154777527, 0.20247799158096313, 1.9845787286758423, 0.4389946758747101, 1.8140320777893066, 0.6296055912971497, 0.2638108730316162, 0.03491796553134918, 1.725193738937378, 1.4275060892105103, 1.208805799484253, 0.21436220407485962, 0.2684577703475952, 0.0287969708442688, 0.683677613735199, 0.7730526924133301, 0.28616294264793396, 0.8674400448799133, 1.5461888313293457, 0.6074819564819336, 1.8940032720565796, 1.6174581050872803, 0.8589587211608887, 0.15295657515525818, 0.9723368883132935, 1.3465462923049927, 0.7580298781394958, 0.8816717863082886, 2.410663604736328, 1.826601266860962, 0.473278671503067, 0.3370107114315033, 0.9384926557540894, 1.0060065984725952, 1.0222433805465698, 0.8681657314300537, 2.0619912147521973, -0.018533527851104736, 0.7125231623649597, 0.44409292936325073, 0.03241543099284172, 1.4108843803405762, -0.02827732264995575, 1.423643946647644, 1.112591028213501, 1.4303597211837769, 0.2663132846355438, 0.9014840126037598, -0.0068998076021671295, 1.0161467790603638]"
food chain,"[22, 12, 12, 20, 31, 18, 9, 2, 6, 5]",34,"[0.17928892374038696, 0.0863027274608612, 1.811735987663269, -0.03438872843980789, 1.4197160005569458, 0.28246140480041504, 0.08411775529384613, 0.6245738863945007, 0.8991421461105347, 1.122634768486023, 1.2056245803833008, 1.2040773630142212, 0.8431733250617981, 2.3778650760650635, 0.054724082350730896, 1.5876024961471558, 0.24007464945316315, 1.0036342144012451, 0.1654587686061859, -0.07138915359973907, 0.02442934364080429, -0.060831282287836075, 0.9983345866203308, 0.4990074634552002, -0.060426533222198486, 1.3151062726974487, 1.6904363632202148, 0.09948447346687317, 1.9315470457077026, 0.7781984210014343, 1.523781418800354, 0.2201608568429947, 0.07970773428678513, -0.00574677437543869, 0.18922781944274902, 0.2982022762298584, 0.5093888640403748, 0.8064199686050415, 0.7971874475479126, 0.3507359027862549, 0.15230955183506012, 1.3925353288650513, 0.10039785504341125, 0.303305447101593, 2.3363091945648193, 0.7713118195533752, 2.133366107940674, 2.071791410446167, 0.10589863359928131, 2.008104085922241, 0.1539442390203476, 0.32320648431777954, 1.5869395732879639, 1.9315979480743408, 1.117733359336853, 0.97454434633255, 0.08607318252325058, 0.11771143972873688, 1.1882351636886597, 2.093438148498535, 1.027421236038208, 0.8365318179130554, 0.028084885329008102, 0.14639300107955933]"
import,"[6, 19, 3, 12, 11, 8]",34,"[1.203805923461914, -0.007210969924926758, 0.14664709568023682, 0.8032552599906921, 0.9034344553947449, 0.09853781014680862, 0.5400608777999878, 0.3409983813762665, 1.0680303573608398, 1.1244072914123535, 0.33981025218963623, 0.2380196452140808, 0.10545266419649124, 1.375748634338379, 0.9907619953155518, 0.08481122553348541, 2.0158908367156982, 0.29526567459106445, 1.8893601894378662, 0.7911995649337769, 0.34341323375701904, 0.06507207453250885, 1.5953136682510376, 1.2898011207580566, 1.3126296997070312, 0.18709459900856018, 0.019756361842155457, 0.030358299612998962, 0.3154745101928711, 0.865548849105835, 0.12100456655025482, 0.90286785364151, 1.7558295726776123, 0.7310913801193237, 1.9043619632720947, 1.7288174629211426, 0.7969578504562378, 0.09962867200374603, 0.9423772692680359, 1.2232369184494019, 0.8803288340568542, 0.6410708427429199, 2.56899356842041, 1.927027702331543, 0.06691871583461761, 0.3026506006717682, 0.527408242225647, 0.6140524744987488, 1.1906304359436035, 0.5602395534515381, 2.2675724029541016, 0.06965085864067078, 0.6368873715400696, 0.2047886699438095, -0.058372534811496735, 1.1367729902267456, 0.011031024158000946, 1.3728549480438232, 0.8988277316093445, 0.9916915893554688, 0.14811325073242188, 0.8812605142593384, 0.036826204508543015, 1.0957975387573242]"
independence,"[6, 5, 20, 4, 3, 4, 5, 20, 4, 5, 18, 4]",34,"[1.2275041341781616, -0.010641440749168396, 0.0522443950176239, 0.9187637567520142, 0.8251226544380188, 0.48321032524108887, 0.5785378217697144, 0.5119988918304443, 1.2524760961532593, 0.9050061106681824, 0.7941678762435913, 0.022155582904815674, -0.03265468031167984, 1.5909199714660645, 0.6888666152954102, 0.01935134083032608, 1.8347456455230713, 0.7401065230369568, 2.0176830291748047, 0.830973207950592, 0.7059856057167053, 0.19900119304656982, 0.9875925183296204, 1.072219967842102, 1.4877662658691406, -0.19719144701957703, 0.2587881088256836, -0.025169342756271362, 0.5717644691467285, 0.40648582577705383, -0.01679706573486328, 0.6082535982131958, 1.7988877296447754, 0.6309506297111511, 1.706879734992981, 1.9313254356384277, 0.49226823449134827, 0.573188066482544, 0.4382765591144562, 0.8131283521652222, 0.6667877435684204, 0.2818628251552582, 2.379457712173462, 1.8417631387710571, 0.43887221813201904, 0.03518729284405708, 0.68809574842453, 0.9076988101005554, 0.8852651119232178, 0.6938869953155518, 2.129732608795166, 0.15331321954727173, 0.046957679092884064, -0.0035020187497138977, -0.004748418927192688, 0.9646453857421875, 0.0348866805434227, 1.3403013944625854, 0.8579373359680176, 0.9038785696029663, 0.06199582666158676, 0.32759082317352295, 0.09938476979732513, 1.079417109489441]"
judicial,"[23, 13, 20, 6, 18, 6, 2, 14]",34,"[0.7335612177848816, -0.01757952570915222, 0.6274711489677429, 0.5608599781990051, 1.3208316564559937, 0.4004041254520416, 0.3588384985923767, 0.9193896651268005, 1.4010200500488281, 1.2570801973342896, 1.1389082670211792, 0.13136446475982666, -0.011872950941324234, 1.7378613948822021, 0.4358130693435669, 0.5450140833854675, 1.1274094581604004, 1.0284521579742432, 1.1842710971832275, 0.4025440812110901, 0.33607831597328186, 0.08076049387454987, 0.7569951415061951, 1.0888397693634033, 0.7316679358482361, 0.3814789354801178, 0.6582170128822327, 0.013688534498214722, 0.7105048298835754, 0.7132347822189331, 0.09180374443531036, 0.7292195558547974, 1.0196170806884766, 0.34296226501464844, 0.8591185212135315, 1.0558319091796875, 0.8566564917564392, 0.5782527327537537, 0.866923987865448, 0.7158118486404419, 0.5701236724853516, 0.3612346649169922, 1.3545656204223633, 1.094290852546692, 0.859426736831665, 0.5235597491264343, 0.9878146648406982, 1.1275714635849, 0.5558004379272461, 1.2620596885681152, 1.1717332601547241, 0.1729431003332138, 0.33952760696411133, 0.26716578006744385, 0.3410002589225769, 1.2025084495544434, 0.06346321851015091, 0.9872519373893738, 1.2419168949127197, 1.2360289096832275, 0.582362174987793, 0.27609217166900635, 0.09281056374311447, 0.5428346395492554]"
legislature,"[14, 4, 17, 6, 7, 14, 2, 8, 13, 11, 4]",34,"[1.0044842958450317, -0.1309659779071808, 0.9992828369140625, 0.46748533844947815, 1.1830936670303345, -0.22962458431720734, 0.21783208847045898, 0.37249755859375, 0.9933654069900513, 1.310022234916687, 0.678803026676178, 0.6051942110061646, 0.5865365862846375, 1.6678717136383057, 0.6867482662200928, 1.1495143175125122, 1.5575147867202759, 0.2796891927719116, 1.5349133014678955, 0.21519061923027039, 0.14193418622016907, 0.023754876106977463, 1.826271891593933, 1.1548763513565063, 0.5857478380203247, 1.068345546722412, 0.6779917478561401, -0.1424884796142578, 0.9371872544288635, 1.041077971458435, 0.670315146446228, 0.8770034313201904, 1.1042139530181885, 0.34837713837623596, 1.4258897304534912, 1.4789555072784424, 1.0396394729614258, 0.1649293601512909, 1.2781848907470703, 0.708183765411377, 0.928778886795044, 0.8929616212844849, 1.864766240119934, 1.6855809688568115, 0.9915683269500732, 0.7437996864318848, 1.2157001495361328, 1.1165987253189087, 1.0299004316329956, 1.0279661417007446, 1.6558053493499756, -0.17661014199256897, 1.4551347494125366, 1.1327697038650513, 0.8234102129936218, 1.3018954992294312, -0.09789595007896423, 0.7877416610717773, 1.0359950065612793, 1.5255305767059326, 0.6490176320075989, 1.2304960489273071, 0.015842881053686142, 1.0107039213180542]"
mass,"[19, 2, 7, 7]",34,"[0.45659565925598145, 0.33454662561416626, 0.9525355696678162, -0.08213174343109131, 1.0707825422286987, 0.38406801223754883, 0.156415194272995, 0.44888317584991455, 0.5113433003425598, 0.855398416519165, 0.47564736008644104, 1.044839859008789, 0.3920201063156128, 1.591557502746582, 0.1761271357536316, 0.5611554384231567, 0.5616259574890137, 0.7999294400215149, 0.5785552263259888, 0.05297195166349411, -0.013272754848003387, -0.0257538091391325, 0.7234486937522888, 0.5215796232223511, 0.10783079266548157, 0.5354446768760681, 0.9986333847045898, 0.6046950221061707, 1.0410292148590088, 0.29522252082824707, 0.8580293655395508, 0.07821314036846161, 0.33612504601478577, 0.0919218510389328, 0.5791674852371216, 0.5333770513534546, 0.14392712712287903, 0.6042264103889465, 0.41343075037002563, 0.7544102668762207, -0.04681723937392235, 1.0778688192367554, 0.7546266317367554, 0.5330392122268677, 1.1918957233428955, 0.39245155453681946, 1.2223827838897705, 1.2632962465286255, 0.16975738108158112, 1.1568492650985718, 0.5621926784515381, 0.7263530492782593, 0.8644927144050598, 1.0357998609542847, 0.3255648910999298, 0.7747006416320801, 0.3647781014442444, 0.3268241882324219, 0.7999354004859924, 1.1790522336959839, 0.45828327536582947, 0.5185561180114746, 0.05111624673008919, 0.3684934675693512]"
matter,"[19, 2, 8, 8, 4, 11]",34,"[1.1296151876449585, 0.04926389455795288, 0.48074764013290405, 0.4174882769584656, 1.0898932218551636, -0.023952677845954895, 0.38994309306144714, 0.2695179283618927, 0.8827255964279175, 1.1852400302886963, 0.3945925533771515, 0.823512077331543, 0.4203363060951233, 1.7455673217773438, 0.7197765707969666, 0.3825450837612152, 1.746694564819336, 0.2389877438545227, 1.5598516464233398, 0.2801218330860138, 0.09686125814914703, -0.027303066104650497, 1.6855908632278442, 1.1218090057373047, 0.6779388785362244, 0.2842195928096771, 0.5092688202857971, 0.10250157117843628, 0.7748115062713623, 0.6069296002388, 0.5973690748214722, 0.6192789077758789, 1.1203112602233887, 0.41914865374565125, 1.6308469772338867, 1.4760913848876953, 0.5459118485450745, 0.21284282207489014, 0.7876208424568176, 1.1826422214508057, 0.4267468750476837, 1.1890376806259155, 2.026721477508545, 1.6062756776809692, 0.7090778350830078, 0.2854584753513336, 1.0163187980651855, 1.1178079843521118, 0.8240649700164795, 0.7893651723861694, 1.8180174827575684, 0.06558650732040405, 0.990504801273346, 0.8198373317718506, 0.13746044039726257, 1.1594375371932983, 0.015037000179290771, 0.918777346611023, 0.8870373964309692, 1.386013150215149, 0.2442382574081421, 1.015808343887329, 0.0038277842104434967, 1.0312167406082153]"
nonrenewable,"[5, 12, 5, 11, 4, 5, 4, 26, 2, 10, 14, 4]",34,"[1.473294734954834, -0.12601885199546814, 0.2754664719104767, 0.7275850772857666, 0.8016853928565979, -0.05994446575641632, 0.4710192382335663, 0.3412554860115051, 1.0852305889129639, 1.0007928609848022, 0.6566492319107056, 0.30212193727493286, 0.29435908794403076, 1.4533891677856445, 0.7140929698944092, 0.6775234341621399, 2.0237104892730713, 0.3362305760383606, 2.1851766109466553, 0.34852927923202515, 0.4193156957626343, 0.09225669503211975, 1.570669412612915, 0.9768902659416199, 0.9757946133613586, 0.4029161334037781, 0.4739129841327667, -0.16641518473625183, 0.7628069519996643, 0.5114346742630005, 0.2885003685951233, 0.8114045858383179, 1.6718266010284424, 0.562414824962616, 1.82973313331604, 2.173870086669922, 0.7234761118888855, 0.3326612114906311, 0.7619239687919617, 0.5553175210952759, 0.9464690089225769, 0.5234273672103882, 2.6060056686401367, 2.289975166320801, 0.6647830009460449, 0.27183014154434204, 0.9081001877784729, 0.9975234270095825, 1.186293125152588, 0.598065972328186, 2.1878347396850586, -0.18569591641426086, 0.62369304895401, 0.4732600152492523, 0.5249720811843872, 1.0164188146591187, -0.12457604706287384, 0.9636476039886475, 0.6991643309593201, 1.1086019277572632, 0.2570931017398834, 0.8507355451583862, 0.038862936198711395, 1.434556245803833]"
producer,"[3, 11, 12, 20, 13, 18, 4, 11]",34,"[1.2732905149459839, 0.0022534579038619995, 0.2326471507549286, 0.5870136618614197, 0.8762667775154114, 0.21137318015098572, 0.6346051692962646, 0.3959803581237793, 1.0246858596801758, 0.9693267345428467, 0.5104800462722778, 0.3254014849662781, 0.16673064231872559, 1.426391363143921, 0.7882479429244995, 0.2117123305797577, 1.9033558368682861, 0.5237604379653931, 1.9028174877166748, 0.5460381507873535, 0.2893792390823364, 0.02549954503774643, 1.378259539604187, 1.0178892612457275, 1.005818486213684, 0.1320870816707611, 0.32893872261047363, -0.013333827257156372, 0.5379757285118103, 0.583300769329071, 0.2019585222005844, 0.7120557427406311, 1.6128771305084229, 0.6206579804420471, 1.635079026222229, 1.8280467987060547, 0.5778108239173889, 0.35957932472229004, 0.6298045516014099, 0.9611066579818726, 0.6426695585250854, 0.64599609375, 2.39619517326355, 2.0043745040893555, 0.43593430519104004, 0.19997920095920563, 0.6702288389205933, 0.872532844543457, 1.045535683631897, 0.6816971302032471, 2.1108956336975098, 0.10564430058002472, 0.5235231518745422, 0.2909747064113617, 0.05990444868803024, 0.9247938394546509, 0.021020837128162384, 1.0741368532180786, 0.8001140356063843, 1.0222713947296143, 0.19101744890213013, 0.7357380986213684, 0.09200543165206909, 1.1842389106750488]"
protractor,"[3, 11, 12, 8, 11, 2, 18, 8, 12, 11]",34,"[1.3278230428695679, -0.05531127750873566, 0.465871125459671, 0.5134180784225464, 0.9663960933685303, -0.04499073326587677, 0.4457087516784668, 0.24480989575386047, 0.8710828423500061, 1.1399786472320557, 0.32604143023490906, 0.5960848331451416, 0.3996904492378235, 1.4528796672821045, 0.9376903772354126, 0.4866025149822235, 2.0770773887634277, 0.1992339938879013, 2.026878833770752, 0.46655720472335815, 0.18433928489685059, -0.009964419528841972, 1.9563781023025513, 1.2062690258026123, 0.8877578973770142, 0.4634571671485901, 0.3255060315132141, -0.013142794370651245, 0.6046651601791382, 0.8443844318389893, 0.382518470287323, 0.8837831020355225, 1.5612001419067383, 0.5437074899673462, 1.9149547815322876, 1.919724941253662, 0.8203691840171814, 0.1454366147518158, 0.9771790504455566, 1.1311131715774536, 0.868813693523407, 0.9305543899536133, 2.5501461029052734, 2.1800124645233154, 0.4348717927932739, 0.3884657323360443, 0.7782430648803711, 0.8067350387573242, 1.2459242343902588, 0.6559810638427734, 2.3028080463409424, -0.018216967582702637, 1.0988335609436035, 0.7076241970062256, 0.24503454566001892, 1.1566535234451294, -0.020549938082695007, 1.0274229049682617, 0.8765063285827637, 1.1871099472045898, 0.269339919090271, 1.2589728832244873, 0.034905411303043365, 1.295452356338501]"
renewable,"[11, 4, 5, 4, 26, 2, 10, 14, 4]",34,"[1.458864450454712, -0.10347309708595276, 0.20377594232559204, 0.6870424747467041, 0.7233278751373291, -0.04080818593502045, 0.5152871608734131, 0.3179769814014435, 0.9890992641448975, 0.902993381023407, 0.5965398550033569, 0.25786805152893066, 0.2567383646965027, 1.322246789932251, 0.6956869959831238, 0.6083688139915466, 1.990729808807373, 0.3153770864009857, 2.1843297481536865, 0.3292807936668396, 0.40993431210517883, 0.0905379205942154, 1.4762091636657715, 0.9079322218894958, 0.9344546794891357, 0.342773973941803, 0.4380039572715759, -0.12002560496330261, 0.7002351880073547, 0.4503479599952698, 0.23011183738708496, 0.7719359397888184, 1.6570405960083008, 0.5877315998077393, 1.790500521659851, 2.1903419494628906, 0.6623008847236633, 0.3214403986930847, 0.6847714781761169, 0.5114548206329346, 0.9215059876441956, 0.45071500539779663, 2.584193229675293, 2.2764103412628174, 0.5869988203048706, 0.2298327386379242, 0.8098620176315308, 0.9014830589294434, 1.1519005298614502, 0.5265580415725708, 2.1701467037200928, -0.13836675882339478, 0.5140096545219421, 0.3936510980129242, 0.4934993088245392, 0.9213055372238159, -0.10341472923755646, 0.8884075880050659, 0.6077761054039001, 0.9822945594787598, 0.21648237109184265, 0.7758500576019287, 0.039521731436252594, 1.4600841999053955]"
revolution,"[11, 4, 28, 12, 14, 13, 8, 6, 12, 5]",34,"[0.544122576713562, -0.05015946924686432, 0.9613850712776184, 0.648661732673645, 1.4525244235992432, -0.03848975896835327, 0.11664777249097824, 0.6331782937049866, 1.3744508028030396, 1.6969366073608398, 0.7192488312721252, 0.2191459685564041, 0.2561863660812378, 1.6601934432983398, 0.7351005673408508, 0.8089948296546936, 1.2387640476226807, 0.5092840194702148, 1.000448226928711, 0.4655790328979492, 0.12593357264995575, 0.06513441354036331, 1.528706669807434, 1.5248479843139648, 0.8348093032836914, 1.066027283668518, 0.3878113031387329, -0.03606152534484863, 0.6305984258651733, 1.425871729850769, 0.2677576243877411, 1.0877666473388672, 0.9940541386604309, 0.41066262125968933, 1.123815894126892, 0.8904181718826294, 1.4258689880371094, 0.02313840389251709, 1.6324256658554077, 1.002751111984253, 1.0577354431152344, 0.6304997801780701, 1.3977134227752686, 0.9720860719680786, 0.639389157295227, 0.9797153472900391, 1.0491083860397339, 0.9200708866119385, 0.949925422668457, 1.1912511587142944, 1.2614914178848267, -0.006790727376937866, 1.1364240646362305, 0.6827395558357239, 0.5643537044525146, 1.5880018472671509, -0.009321436285972595, 1.1989948749542236, 1.4089356660842896, 1.5269827842712402, 0.7968443036079407, 0.8815260529518127, 0.0004150755703449249, 0.4288724660873413]"
scarcity,"[7, 18, 2, 11, 18, 6, 8, 21]",34,"[0.661426842212677, -0.015942558646202087, 0.7005546689033508, 0.4492736756801605, 1.135009765625, 0.45606839656829834, 0.30010098218917847, 0.7975475192070007, 1.1715751886367798, 1.0224499702453613, 1.0171606540679932, 0.16005465388298035, 0.14287009835243225, 1.4910788536071777, 0.3134378492832184, 0.670874834060669, 0.9046306610107422, 0.9993864297866821, 1.0379674434661865, 0.3747847080230713, 0.31784823536872864, 0.09096985310316086, 0.7116502523422241, 0.8387128114700317, 0.6086287498474121, 0.5739668011665344, 0.7112400531768799, -0.021592408418655396, 0.7844629883766174, 0.6998542547225952, 0.19631674885749817, 0.6500831246376038, 0.9385861754417419, 0.262151300907135, 0.7307283878326416, 0.9728323817253113, 0.7665218710899353, 0.6416731476783752, 0.7978545427322388, 0.4979086220264435, 0.5427208542823792, 0.30675458908081055, 1.1610127687454224, 0.9349300265312195, 0.9054827690124512, 0.5289038419723511, 0.898456335067749, 1.1361662149429321, 0.5561240911483765, 1.1384836435317993, 1.0869663953781128, 0.1952897608280182, 0.4350907802581787, 0.46175816655158997, 0.46079590916633606, 0.9700296521186829, 0.08441654592752457, 0.7534776329994202, 1.0560592412948608, 1.0755265951156616, 0.598834753036499, 0.36117300391197205, 0.09860915690660477, 0.4829930365085602]"
symmetry,"[7, 21, 19, 19, 4, 8, 11, 21]",34,"[0.32114410400390625, -0.002071768045425415, 0.9284044504165649, 0.49277567863464355, 1.6972306966781616, 0.30679595470428467, 0.1001683920621872, 1.0001791715621948, 1.6135438680648804, 1.5442665815353394, 1.2899627685546875, 0.30917221307754517, 0.11664172261953354, 2.2898144721984863, 0.2156556397676468, 0.7073332667350769, 0.6387585401535034, 1.1459712982177734, 0.5277565717697144, 0.26087838411331177, 0.14678627252578735, 0.05392375588417053, 0.6507036685943604, 1.1640145778656006, 0.5573403835296631, 0.5708851218223572, 1.0333341360092163, 0.03971587121486664, 1.2096059322357178, 0.672094464302063, 0.3214702606201172, 0.6071053743362427, 0.5659089088439941, 0.17381331324577332, 0.5221043229103088, 0.49601641297340393, 0.9443261623382568, 0.6443822979927063, 0.9578784704208374, 0.6805911064147949, 0.3266519606113434, 0.5628224611282349, 0.7419285178184509, 0.445387065410614, 1.352154016494751, 0.6275150179862976, 1.524335265159607, 1.5427360534667969, 0.28846850991249084, 1.7021849155426025, 0.6206274628639221, 0.20490504801273346, 0.4295498728752136, 0.6610339283943176, 0.49903830885887146, 1.380731463432312, 0.07521915435791016, 0.9071487188339233, 1.5201159715652466, 1.715421438217163, 0.7821013927459717, 0.196641743183136, 0.04424797743558884, 0.1505419909954071]"
tectonic plates,"[8, 4, 18, 8, 12, 5, 6, 18, 31, 3, 14, 2, 8, 4, 7]",34,"[0.4269073009490967, 0.06169112026691437, 1.4918768405914307, 0.1222291961312294, 1.1424331665039062, 0.36215639114379883, 0.22268618643283844, 0.6103945970535278, 0.8337960243225098, 0.936681866645813, 1.0149831771850586, 0.7697981595993042, 0.6620384454727173, 1.7452638149261475, 0.19274207949638367, 1.4068317413330078, 0.45843881368637085, 0.9676610827445984, 0.5617735385894775, 0.1184527799487114, 0.19080613553524017, 0.009504098445177078, 1.0308033227920532, 0.518837034702301, 0.18204399943351746, 1.3352183103561401, 1.237792730331421, 0.05113111436367035, 1.4192273616790771, 0.9645496606826782, 1.0758854150772095, 0.43848681449890137, 0.4728376567363739, 0.1026976928114891, 0.36030614376068115, 0.6242119073867798, 0.6631373167037964, 0.6721792221069336, 0.9354038834571838, 0.2799540162086487, 0.47106409072875977, 0.9305038452148438, 0.5784385204315186, 0.6158617734909058, 1.700559377670288, 0.8007206916809082, 1.5012211799621582, 1.5535833835601807, 0.3762666881084442, 1.578473448753357, 0.5240318775177002, 0.2640340328216553, 1.3904677629470825, 1.4412853717803955, 1.0237011909484863, 0.8309246897697449, 0.07930105924606323, 0.2927740216255188, 1.0359140634536743, 1.5894118547439575, 0.9473934173583984, 0.7944825291633606, 0.07468671351671219, 0.32690736651420593]"
volcano,"[28, 12, 14, 18, 2, 5, 12]",34,"[0.9146813154220581, -0.008489489555358887, 0.6073898077011108, 0.5551053285598755, 1.0763169527053833, 0.16959622502326965, 0.3223157227039337, 0.4846435785293579, 1.102026343345642, 1.236863613128662, 0.6091171503067017, 0.5635471343994141, 0.2975800037384033, 1.6741948127746582, 0.6529217958450317, 0.5339227318763733, 1.559573769569397, 0.5373886823654175, 1.4320096969604492, 0.46051478385925293, 0.2947845757007599, 0.07917080819606781, 1.395997166633606, 1.1399589776992798, 0.9074609279632568, 0.4928789734840393, 0.4672395884990692, 0.02271212637424469, 0.7623712420463562, 0.791522741317749, 0.40107446908950806, 0.7532296180725098, 1.2544608116149902, 0.4180589020252228, 1.357738971710205, 1.3604073524475098, 0.7345806956291199, 0.3236337900161743, 0.9030484557151794, 1.003885269165039, 0.6568997502326965, 0.7958735227584839, 1.7800742387771606, 1.4103147983551025, 0.7637238502502441, 0.3976949453353882, 0.9483100771903992, 1.0856497287750244, 0.8308004140853882, 0.9467804431915283, 1.6294257640838623, 0.06462553143501282, 0.7988789677619934, 0.6527157425880432, 0.2653674781322479, 1.1998114585876465, 0.0057872384786605835, 1.095216155052185, 1.0356048345565796, 1.3571652173995972, 0.42629274725914, 0.7961693406105042, 0.034072913229465485, 0.7247453927993774]"
volume,"[28, 12, 14, 13, 19, 4]",34,"[1.1176964044570923, -0.008522257208824158, 0.42247557640075684, 0.5597298741340637, 1.052567481994629, 0.060040369629859924, 0.4504835605621338, 0.45287221670150757, 1.0954707860946655, 1.189515233039856, 0.5633217692375183, 0.4471924901008606, 0.26458173990249634, 1.498105525970459, 0.7236721515655518, 0.4955978989601135, 1.7197076082229614, 0.3724103271961212, 1.718264102935791, 0.43566203117370605, 0.19832177460193634, -0.0007463432848453522, 1.5034327507019043, 1.1450591087341309, 0.8303452134132385, 0.46340063214302063, 0.4719370901584625, 0.006409540772438049, 0.6861929297447205, 0.6734487414360046, 0.29072731733322144, 0.8061566948890686, 1.4103665351867676, 0.5403242111206055, 1.5869191884994507, 1.674238920211792, 0.8139708042144775, 0.2741473615169525, 0.9517266154289246, 0.9465717077255249, 0.7644136548042297, 0.7323592901229858, 2.1503751277923584, 1.689814567565918, 0.6569756269454956, 0.4212118089199066, 0.9145578145980835, 0.9718245267868042, 1.0237263441085815, 0.8942093849182129, 1.8776099681854248, 0.027312517166137695, 0.7987841963768005, 0.5352866649627686, 0.34011831879615784, 1.162131667137146, -0.017741382122039795, 1.0909091234207153, 0.9734909534454346, 1.2390217781066895, 0.37052059173583984, 0.8219628930091858, 0.005251526832580566, 1.0319467782974243]"
weathering,"[26, 4, 2, 8, 9, 4, 11, 6, 5, 17]",34,"[0.7099677324295044, -0.006627142429351807, 1.3007826805114746, 0.3223426342010498, 1.6426570415496826, -0.18018989264965057, 0.01775224506855011, 0.44027936458587646, 1.1125978231430054, 1.6553386449813843, 0.7160985469818115, 1.162327766418457, 0.7186315655708313, 2.46728253364563, 0.5426568388938904, 1.0400570631027222, 1.1666408777236938, 0.45719313621520996, 0.8445881009101868, 0.0528622567653656, -0.0647754967212677, -0.016044091433286667, 1.83169424533844, 1.3100112676620483, 0.3568868339061737, 0.9737145304679871, 1.0307263135910034, 0.06394411623477936, 1.3857864141464233, 0.957471489906311, 1.1231634616851807, 0.5920162200927734, 0.5390660762786865, 0.11372491717338562, 1.1785086393356323, 0.7759345769882202, 0.8936672210693359, 0.23736391961574554, 1.2120425701141357, 1.1391061544418335, 0.38353219628334045, 1.584599494934082, 1.2530345916748047, 0.9931203722953796, 1.4850767850875854, 0.7134060859680176, 1.7493051290512085, 1.6566665172576904, 0.5456571578979492, 1.4805587530136108, 1.1098659038543701, 0.022188693284988403, 1.711519718170166, 1.5692781209945679, 0.6069964170455933, 1.5561214685440063, -0.01393476128578186, 0.7877790331840515, 1.3673228025436401, 2.1293327808380127, 0.7352300882339478, 1.243368148803711, -0.006944727152585983, 0.5853822827339172]"
allusion,"[2, 14, 14, 13, 7, 6, 12, 5]",34,"[0.32193928956985474, -0.044762611389160156, 1.1973369121551514, 0.3625536561012268, 1.4963908195495605, 0.008187428116798401, 0.12149573862552643, 0.8330265879631042, 1.2749269008636475, 1.5172598361968994, 0.9367849826812744, 0.3106865882873535, 0.2915622591972351, 1.6634647846221924, 0.32464414834976196, 0.995330810546875, 0.5664836168289185, 0.7821328639984131, 0.5433733463287354, 0.21403607726097107, 0.06646224856376648, 0.056812696158885956, 1.0130844116210938, 1.1787198781967163, 0.36911076307296753, 1.1890552043914795, 0.6862223744392395, -0.0004330873489379883, 0.8306435942649841, 1.1504677534103394, 0.41157975792884827, 0.7421250939369202, 0.5281398892402649, 0.1614656001329422, 0.4806666374206543, 0.5100851058959961, 1.1818252801895142, 0.19352230429649353, 1.4431331157684326, 0.6139092445373535, 0.5760325193405151, 0.6339228749275208, 0.7343508005142212, 0.5329185128211975, 0.9556097984313965, 1.0377938747406006, 1.240614652633667, 1.0533093214035034, 0.45167312026023865, 1.4109472036361694, 0.5560852289199829, 0.07357275485992432, 1.033525824546814, 0.8818252086639404, 0.7548884749412537, 1.345939040184021, 0.01818264275789261, 0.7808977961540222, 1.3877694606781006, 1.4744398593902588, 0.9442299008369446, 0.5699802041053772, 0.05473930761218071, 0.25781169533729553]"
antagonist,"[2, 5, 8, 2, 17, 12, 5, 6, 7, 8]",34,"[0.8687697052955627, -0.0057042986154556274, 0.8633401989936829, 0.5015219449996948, 1.2585803270339966, -0.0022406578063964844, 0.2969793975353241, 0.4538649320602417, 1.0648374557495117, 1.414666771888733, 0.4947003126144409, 0.6865360736846924, 0.4177775979042053, 1.7278833389282227, 0.7600879669189453, 0.6475841403007507, 1.5354357957839966, 0.40433576703071594, 1.3636212348937988, 0.4847550392150879, 0.1778547167778015, 0.04940994083881378, 1.6586724519729614, 1.3244081735610962, 0.8249533176422119, 0.7645803689956665, 0.4022325575351715, 0.05021132528781891, 0.6860817074775696, 1.1192008256912231, 0.5528741478919983, 0.8217230439186096, 1.1450508832931519, 0.394752562046051, 1.38838529586792, 1.2226600646972656, 0.9280111193656921, 0.14973346889019012, 1.233868956565857, 1.203656792640686, 0.7111645340919495, 1.0256952047348022, 1.7717599868774414, 1.3414088487625122, 0.6776366233825684, 0.6527200937271118, 0.9922352433204651, 1.005376935005188, 0.8695495128631592, 0.991072416305542, 1.6037614345550537, 0.03920251131057739, 1.2857643365859985, 0.903624415397644, 0.30099236965179443, 1.3942382335662842, 0.00977352261543274, 1.13200044631958, 1.1847320795059204, 1.4685509204864502, 0.5337595343589783, 1.0717532634735107, 0.03499364107847214, 0.7192369699478149]"
climax,"[18, 14, 6, 19, 2, 27]",34,"[0.9282150864601135, -0.025674939155578613, 0.3014897108078003, 0.7274326086044312, 0.9082019925117493, 0.23679520189762115, 0.4103010892868042, 0.5112356543540955, 1.0740669965744019, 1.002105951309204, 0.6778077483177185, 0.0541907399892807, 0.02282589301466942, 1.2761328220367432, 0.6373928189277649, 0.3527286648750305, 1.4623576402664185, 0.5421080589294434, 1.521437168121338, 0.5984230041503906, 0.45017895102500916, 0.13267779350280762, 1.0408231019973755, 1.058943271636963, 1.0751848220825195, 0.287727952003479, 0.2771366238594055, -0.022754669189453125, 0.4645642042160034, 0.7112704515457153, -0.019089043140411377, 0.7476320266723633, 1.4084680080413818, 0.4979209899902344, 1.2880631685256958, 1.4215028285980225, 0.7669411301612854, 0.31438374519348145, 0.83509761095047, 0.6695235371589661, 0.7591561675071716, 0.3048105239868164, 1.8856168985366821, 1.4988692998886108, 0.38693442940711975, 0.3623007833957672, 0.6544819474220276, 0.7106748819351196, 0.8863767385482788, 0.7533427476882935, 1.6507266759872437, 0.09245949983596802, 0.3690938353538513, 0.15033656358718872, 0.2547775208950043, 1.0039998292922974, 0.007057778537273407, 1.1010091304779053, 0.9125358462333679, 0.9436482191085815, 0.3056347966194153, 0.44562840461730957, 0.07055341452360153, 0.8165943622589111]"
flashback,"[22, 14, 2, 7, 9, 10, 2, 18, 16]",34,"[0.2505941689014435, 0.05508218705654144, 1.1290690898895264, 0.11586952209472656, 1.3778690099716187, 0.7076534032821655, 0.11118415743112564, 1.134426474571228, 1.2950490713119507, 0.9771919846534729, 1.6019680500030518, 0.4997689723968506, 0.2886778712272644, 2.0824196338653564, -0.05572512745857239, 1.0738270282745361, 0.18034404516220093, 1.4753332138061523, 0.3609369695186615, 0.05276242643594742, 0.10208369046449661, -0.01773165538907051, 0.2281290739774704, 0.4039976894855499, 0.035766586661338806, 0.6922670602798462, 1.4480901956558228, 0.09757556021213531, 1.5471045970916748, 0.4150543212890625, 0.6817017793655396, 0.31471678614616394, 0.23803341388702393, 0.02737182378768921, -0.0025011003017425537, 0.33771634101867676, 0.6523424983024597, 1.091551423072815, 0.5241595506668091, 0.11948806792497635, 0.14487744867801666, 0.5436261892318726, 0.17239096760749817, 0.2430923581123352, 1.9560236930847168, 0.5645378828048706, 1.6541564464569092, 1.7855371236801147, 0.05856020376086235, 1.942957878112793, 0.15320126712322235, 0.4367777705192566, 0.5335547924041748, 0.9256752133369446, 0.7689961791038513, 0.849586546421051, 0.1481027752161026, 0.2684206962585449, 1.1943891048431396, 1.4635049104690552, 0.866459310054779, 0.12794944643974304, 0.06940419971942902, 0.1838744580745697]"
foreshadowing,"[22, 12, 11, 4, 7, 9, 2, 20, 12, 26, 6, 5, 17]",34,"[1.3612178564071655, -0.038908571004867554, 0.9308218359947205, 0.12500153481960297, 0.7025708556175232, 0.061400264501571655, 0.5374003052711487, 0.16337475180625916, 0.4769304096698761, 0.7395871877670288, 0.3253994882106781, 1.0979506969451904, 0.7799712419509888, 1.3264515399932861, 0.6442682147026062, 0.9570529460906982, 1.6285423040390015, 0.3286595344543457, 1.804023265838623, 0.22096370160579681, 0.13825193047523499, -0.009260324761271477, 1.793129324913025, 0.6267558336257935, 0.3955145478248596, 0.9085246920585632, 0.82547926902771, -0.0018850266933441162, 0.9760345816612244, 0.6846716403961182, 1.032801866531372, 0.4873887300491333, 1.265300989151001, 0.37956753373146057, 1.4568146467208862, 1.7543394565582275, 0.4894125759601593, 0.3709561824798584, 0.7445507049560547, 0.648302435874939, 0.5746065378189087, 1.2892765998840332, 2.243903160095215, 2.070751428604126, 1.0807067155838013, 0.4349454641342163, 1.055139183998108, 1.1446713209152222, 0.9280706644058228, 0.8614884614944458, 1.8594021797180176, 0.08630824089050293, 1.698886752128601, 1.397922158241272, 0.5672721862792969, 0.6969128251075745, -0.04078347980976105, 0.5379917025566101, 0.6358217597007751, 1.2080363035202026, 0.39293110370635986, 1.412431240081787, 0.10072044283151627, 1.2626125812530518]"
genre,"[17, 4, 5, 11, 4]",34,"[1.03179132938385, 0.03814011812210083, 0.5968073606491089, 0.2003856897354126, 0.9478920102119446, 0.0663275271654129, 0.3744848370552063, 0.24715052545070648, 0.8256509900093079, 0.8698543906211853, 0.48084625601768494, 1.0163182020187378, 0.5734460949897766, 1.8442015647888184, 0.42163974046707153, 0.5817117691040039, 1.4895745515823364, 0.38804763555526733, 1.4235506057739258, 0.16038545966148376, 0.10768094658851624, -0.03606042265892029, 1.3540072441101074, 0.7164532542228699, 0.5070764422416687, 0.27204594016075134, 0.944334864616394, 0.09387785196304321, 1.2235229015350342, 0.16903769969940186, 0.8326002955436707, 0.3379535377025604, 0.9989349246025085, 0.3233194053173065, 1.3590757846832275, 1.4692628383636475, 0.24921467900276184, 0.58974289894104, 0.32131141424179077, 0.7941502332687378, 0.19433929026126862, 1.1701050996780396, 1.746945858001709, 1.4288610219955444, 1.3039910793304443, 0.08076781034469604, 1.3889974355697632, 1.5093377828598022, 0.6055713891983032, 1.0231256484985352, 1.5405374765396118, 0.1353365033864975, 0.8747981786727905, 1.0896764993667603, 0.3198327124118805, 0.8771791458129883, 0.007735073566436768, 0.6442373394966125, 0.7312225103378296, 1.4816735982894897, 0.23737488687038422, 0.8472422957420349, -0.005125928670167923, 0.9805535078048706]"
historical fiction,"[9, 6, 7, 8, 12, 11, 6, 18, 2, 14, 31, 22, 6, 18, 8, 6, 12, 5]",34,"[0.32147109508514404, -0.0588955283164978, 1.5326591730117798, 0.42053648829460144, 1.525044322013855, 0.018433719873428345, 0.1881578415632248, 0.8023175001144409, 1.2362768650054932, 1.5465331077575684, 1.062168836593628, 0.21741901338100433, 0.41653794050216675, 1.6612615585327148, 0.44368666410446167, 1.3873807191848755, 0.6231256127357483, 0.8666495680809021, 0.6024313569068909, 0.24137163162231445, 0.1374235302209854, 0.06723293662071228, 1.2832902669906616, 1.1989632844924927, 0.4168356955051422, 1.629184603691101, 0.7067853212356567, -0.0934663712978363, 0.8527706265449524, 1.6417524814605713, 0.5534946322441101, 0.9412159323692322, 0.6232863664627075, 0.21432900428771973, 0.49063193798065186, 0.5306288599967957, 1.4025871753692627, 0.12855176627635956, 1.7366657257080078, 0.5394126772880554, 0.9024001955986023, 0.6149187088012695, 0.7125445604324341, 0.6968441605567932, 1.0503523349761963, 1.3004896640777588, 1.245521068572998, 1.0603458881378174, 0.6348814964294434, 1.5299185514450073, 0.6568551659584045, 0.025194883346557617, 1.3655747175216675, 1.0715444087982178, 1.0813302993774414, 1.3952714204788208, -0.0013208836317062378, 0.6769992709159851, 1.4280965328216553, 1.5986850261688232, 1.1971747875213623, 0.8200531601905823, 0.07416974008083344, 0.28029656410217285]"
imagery,"[6, 19, 2, 17, 4, 11, 21]",34,"[1.696308970451355, -0.05261746048927307, 0.16485106945037842, 0.5065034627914429, 0.7120774388313293, 0.0012926459312438965, 0.824621856212616, 0.23973485827445984, 0.8537984490394592, 0.7727958559989929, 0.4108697474002838, 0.5072446465492249, 0.3354912996292114, 1.333071231842041, 0.8393322825431824, 0.40376344323158264, 2.280287265777588, 0.22908031940460205, 2.4782252311706543, 0.4606972336769104, 0.3341461420059204, -0.038436710834503174, 1.685992956161499, 0.8739416599273682, 0.9570352435112, 0.18887358903884888, 0.3873157203197479, -0.06857678294181824, 0.6085061430931091, 0.43584126234054565, 0.38645803928375244, 0.7447514533996582, 1.9131863117218018, 0.7347673177719116, 2.061800003051758, 2.4247782230377197, 0.4739789068698883, 0.3246024250984192, 0.562816858291626, 0.8447803258895874, 0.7621493339538574, 0.7735599279403687, 3.0190484523773193, 2.58744215965271, 0.547187089920044, 0.09429997205734253, 0.7698607444763184, 0.9392127394676208, 1.2342760562896729, 0.5321098566055298, 2.6116411685943604, -0.0337347686290741, 0.7299355864524841, 0.5490922331809998, 0.1981942057609558, 0.7998926639556885, -0.057193562388420105, 0.9523020386695862, 0.5893248915672302, 0.9649710059165955, 0.1157870888710022, 1.0069215297698975, 0.06732366979122162, 1.6933542490005493]"
irony,"[6, 11, 12, 5, 21]",34,"[1.0033432245254517, 0.01571740210056305, 0.609693169593811, 0.3298642337322235, 0.9533783793449402, 0.04002457857131958, 0.3797132074832916, 0.38521328568458557, 0.8794685006141663, 0.9690676331520081, 0.5293472409248352, 0.7389748096466064, 0.41438788175582886, 1.6493802070617676, 0.5184444785118103, 0.6007371544837952, 1.4099756479263306, 0.41420480608940125, 1.4142372608184814, 0.2552039623260498, 0.13058319687843323, -0.015044409781694412, 1.3815256357192993, 0.8770436644554138, 0.5592173337936401, 0.4479348063468933, 0.6649596691131592, 0.06713517010211945, 0.8991820812225342, 0.45352718234062195, 0.6236568093299866, 0.4894648790359497, 1.0800468921661377, 0.337624728679657, 1.3461947441101074, 1.375396728515625, 0.4883313477039337, 0.3796393871307373, 0.6283202767372131, 0.8029289245605469, 0.3776349425315857, 0.9856981039047241, 1.731337070465088, 1.4450790882110596, 0.8929399251937866, 0.31016647815704346, 1.1110360622406006, 1.1943589448928833, 0.708487868309021, 0.9085549116134644, 1.5344401597976685, 0.08952763676643372, 0.9183030724525452, 0.8625413775444031, 0.32580941915512085, 0.931328535079956, 0.01415935903787613, 0.7372064590454102, 0.7993026971817017, 1.2899128198623657, 0.37874341011047363, 0.8452848196029663, 0.025465600192546844, 0.9958972930908203]"
memoir,"[19, 4, 19, 12, 6, 11]",34,"[1.3835101127624512, -0.018177390098571777, 0.5367597937583923, 0.4959060251712799, 0.9127188920974731, -0.15125374495983124, 0.4150081276893616, 0.0629730299115181, 0.686820924282074, 1.1798967123031616, 0.09686985611915588, 0.9940956830978394, 0.5934982299804688, 1.5870997905731201, 1.0663156509399414, 0.44970786571502686, 2.2348012924194336, -0.008594810962677002, 1.906191349029541, 0.4409703016281128, 0.1028728261590004, -0.03426307439804077, 2.3312742710113525, 1.2296603918075562, 0.8703817129135132, 0.4705682396888733, 0.24898454546928406, 0.027431681752204895, 0.6002903580665588, 0.9471337199211121, 0.7587915658950806, 0.81834477186203, 1.4621801376342773, 0.5250468254089355, 2.087769031524658, 1.796792984008789, 0.6587356328964233, -0.01050257682800293, 1.008927822113037, 1.4551284313201904, 0.7173464894294739, 1.44635808467865, 2.570338010787964, 2.2163431644439697, 0.4194435477256775, 0.35194751620292664, 0.8100973963737488, 0.9076467156410217, 1.2155091762542725, 0.557614266872406, 2.2997710704803467, -0.046202242374420166, 1.5357472896575928, 0.9840100407600403, 0.09383685886859894, 1.2066588401794434, -0.031115025281906128, 1.1069046258926392, 0.8263907432556152, 1.393533706665039, 0.20632152259349823, 1.5683404207229614, 0.014194577932357788, 1.29093599319458]"
mood,"[19, 12, 12, 20]",34,"[0.636631190776825, 0.037665560841560364, 0.6156538128852844, 0.16868284344673157, 1.0114428997039795, 0.26377007365226746, 0.2477225661277771, 0.4919169545173645, 0.9441821575164795, 0.9093775153160095, 0.654602587223053, 0.7771464586257935, 0.3542417287826538, 1.7026302814483643, 0.2850523293018341, 0.49574312567710876, 0.9499295949935913, 0.6442744731903076, 0.8623595237731934, 0.19365039467811584, 0.08446123450994492, -0.05049543082714081, 0.8139709234237671, 0.6630382537841797, 0.38389208912849426, 0.27938053011894226, 0.9178721904754639, 0.11438249051570892, 1.086364984512329, 0.2117215394973755, 0.6327479481697083, 0.2865571081638336, 0.6601287126541138, 0.2463400959968567, 0.7952619194984436, 0.8681703209877014, 0.32474133372306824, 0.5848187804222107, 0.3465580940246582, 0.702208399772644, 0.11982116103172302, 0.9243686199188232, 1.0849370956420898, 0.8017510175704956, 1.2150734663009644, 0.18568554520606995, 1.258668065071106, 1.3706121444702148, 0.3380456566810608, 1.1392090320587158, 0.9105705618858337, 0.26897138357162476, 0.622638463973999, 0.8305623531341553, 0.21618089079856873, 0.8191084265708923, 0.06170714274048805, 0.6109999418258667, 0.8463881015777588, 1.3124383687973022, 0.3522406220436096, 0.4738575220108032, 0.03196031227707863, 0.5017669200897217]"
narrative,"[5, 2, 11, 11, 2, 8, 6, 28, 4]",34,"[0.6835833787918091, -0.002845168113708496, 0.6002017259597778, 0.605413556098938, 1.3454238176345825, 0.12554335594177246, 0.12207606434822083, 0.6302121877670288, 1.400412678718567, 1.4087257385253906, 0.937277615070343, 0.46537327766418457, 0.22187544405460358, 2.1195905208587646, 0.4761773943901062, 0.5601909160614014, 1.257742166519165, 0.7135581970214844, 1.051243782043457, 0.3227183222770691, 0.21772879362106323, 0.04805584251880646, 1.1268807649612427, 1.174916386604309, 0.7829881906509399, 0.3701319396495819, 0.7616397142410278, 0.02243347465991974, 1.0713140964508057, 0.5781863331794739, 0.404379665851593, 0.6450955271720886, 0.877336323261261, 0.28979822993278503, 1.1409342288970947, 0.9852681756019592, 0.7630363702774048, 0.5177322030067444, 0.7970921993255615, 0.910999059677124, 0.5043482184410095, 0.746644914150238, 1.3462777137756348, 0.9704639315605164, 1.110740303993225, 0.3704543113708496, 1.3286006450653076, 1.430640459060669, 0.5680723190307617, 1.2357622385025024, 1.2127783298492432, 0.07535123825073242, 0.5904231667518616, 0.6480845212936401, 0.3305703103542328, 1.3565503358840942, 0.012860849499702454, 1.0344572067260742, 1.199949026107788, 1.6193803548812866, 0.472423255443573, 0.5065205097198486, -0.007108520716428757, 0.508238673210144]"
omniscient,"[12, 19, 5, 6, 7, 18, 6, 4, 5, 8]",34,"[0.601215660572052, 0.000321313738822937, 0.925946831703186, 0.5470948815345764, 1.3974978923797607, 0.26440829038619995, 0.2465972900390625, 0.744945228099823, 1.2528785467147827, 1.3893457651138306, 0.9384930729866028, 0.3915307819843292, 0.2328532487154007, 1.9540207386016846, 0.3973460793495178, 0.6355922818183899, 0.9117493629455566, 0.8924343585968018, 0.8445283770561218, 0.3857054114341736, 0.32743996381759644, 0.11709781736135483, 1.0609482526779175, 1.1950678825378418, 0.7274603247642517, 0.6336062550544739, 0.6437126994132996, 0.025846809148788452, 0.8411006927490234, 0.9394823312759399, 0.4502565264701843, 0.6132372617721558, 0.7447623014450073, 0.16072741150856018, 0.8508662581443787, 0.7385414242744446, 0.8111411333084106, 0.4042404890060425, 1.0618369579315186, 0.8891462087631226, 0.3612571954727173, 0.7546183466911316, 1.043923020362854, 0.7963500618934631, 0.8869138956069946, 0.6329752802848816, 1.1533942222595215, 1.2209103107452393, 0.36552494764328003, 1.233185887336731, 0.9557636976242065, 0.14357954263687134, 0.7842499017715454, 0.7100388407707214, 0.3665730953216553, 1.347690463066101, 0.06859302520751953, 0.9113528728485107, 1.3319544792175293, 1.514219880104065, 0.6874710321426392, 0.5627861618995667, 0.09716112166643143, 0.38540369272232056]"
parody,"[3, 2, 11, 12, 20, 21]",34,"[1.5874072313308716, -0.02490083873271942, 0.1673896163702011, 0.4398175776004791, 0.6311690211296082, 0.11477632820606232, 0.8047372102737427, 0.2421189546585083, 0.8110246658325195, 0.6653789281845093, 0.3402339518070221, 0.5316200852394104, 0.2843656539916992, 1.308354139328003, 0.7822685241699219, 0.26019832491874695, 2.135993719100952, 0.3700396418571472, 2.3209941387176514, 0.48173993825912476, 0.3186006546020508, -0.025552548468112946, 1.4935208559036255, 0.7643657922744751, 0.9380602240562439, 0.06146002188324928, 0.35354310274124146, 0.014417082071304321, 0.5745772123336792, 0.31999945640563965, 0.3800308406352997, 0.5878939628601074, 1.830162763595581, 0.6839670538902283, 1.8992903232574463, 2.219325304031372, 0.3489024341106415, 0.3757316470146179, 0.3441922962665558, 0.889439582824707, 0.5773230195045471, 0.7769852876663208, 2.799471855163574, 2.4051003456115723, 0.49103817343711853, 0.03834938257932663, 0.6806745529174805, 0.8993867635726929, 1.0512971878051758, 0.5247012376785278, 2.3803699016571045, 0.07947191596031189, 0.6241925358772278, 0.4602947235107422, 0.05743061751127243, 0.6944788098335266, -0.007887832820415497, 0.9362380504608154, 0.5367621183395386, 0.8668799996376038, 0.06485248357057571, 0.8699890375137329, 0.08781817555427551, 1.5526819229125977]"
perspective,"[3, 4, 11, 7, 3, 4, 18, 8, 6, 28, 4]",34,"[0.7259222269058228, -0.01728835701942444, 0.7856450080871582, 0.7536979913711548, 1.5610787868499756, 0.22067329287528992, 0.1722973883152008, 0.709257185459137, 1.5884336233139038, 1.613419532775879, 1.056373953819275, 0.4867352843284607, 0.2582205533981323, 2.4815585613250732, 0.6305449604988098, 0.5841683745384216, 1.4423640966415405, 0.8887674808502197, 1.1517055034637451, 0.5344646573066711, 0.3264339864253998, 0.08771760016679764, 1.384880542755127, 1.408854365348816, 1.0730819702148438, 0.44806501269340515, 0.736384391784668, -0.030048877000808716, 1.1295397281646729, 0.952277421951294, 0.49970585107803345, 0.819828450679779, 1.0572811365127563, 0.35933446884155273, 1.3174477815628052, 0.9988353848457336, 0.9162856936454773, 0.5298247337341309, 1.0217442512512207, 1.185648798942566, 0.6517099142074585, 0.8654952049255371, 1.5069304704666138, 1.1329619884490967, 1.1628923416137695, 0.46416550874710083, 1.3901402950286865, 1.582802653312683, 0.6806005239486694, 1.4023277759552002, 1.4777836799621582, 0.07375079393386841, 0.7802547812461853, 0.7272392511367798, 0.2697587311267853, 1.5934206247329712, 0.02695654332637787, 1.2721514701843262, 1.4324747323989868, 1.8831044435501099, 0.5893128514289856, 0.7253872156143188, 0.021366890519857407, 0.4714547395706177]"
plot,"[3, 14, 12, 8]",34,"[1.1033716201782227, 0.03147736191749573, 0.3364380896091461, 0.26735401153564453, 0.8611828088760376, 0.17886298894882202, 0.46471187472343445, 0.35292184352874756, 0.76889967918396, 0.8718649744987488, 0.30684399604797363, 0.8190767765045166, 0.3256074786186218, 1.5011866092681885, 0.6077225208282471, 0.1909157931804657, 1.5918474197387695, 0.42457816004753113, 1.5587165355682373, 0.3800550103187561, 0.14211906492710114, -0.036102116107940674, 1.3017302751541138, 0.8809494972229004, 0.6310014128684998, 0.14234758913516998, 0.4713703691959381, 0.13769513368606567, 0.6609847545623779, 0.3563954830169678, 0.5225793719291687, 0.44739171862602234, 1.1880438327789307, 0.4199831783771515, 1.4653621912002563, 1.4937784671783447, 0.30816006660461426, 0.3527950644493103, 0.46550798416137695, 1.0784971714019775, 0.3169974982738495, 1.0186097621917725, 1.9818446636199951, 1.5771417617797852, 0.6149643659591675, 0.12175843864679337, 0.7974635362625122, 1.0122169256210327, 0.6961938142776489, 0.701177716255188, 1.6955540180206299, 0.20228169858455658, 0.7289400696754456, 0.6515524387359619, -0.07564058154821396, 0.8367175459861755, 0.05506372079253197, 0.8673111796379089, 0.7083467841148376, 1.0603139400482178, 0.16917404532432556, 0.8180302977561951, 0.06643863022327423, 0.9826400279998779]"
protagonist,"[3, 11, 12, 8, 2, 17, 12, 5, 6, 7, 8]",34,"[0.8101550936698914, -0.02302435040473938, 0.8320995569229126, 0.632685124874115, 1.3077375888824463, -0.04940541088581085, 0.22930790483951569, 0.4440631866455078, 1.1389278173446655, 1.5237843990325928, 0.49220073223114014, 0.4271535277366638, 0.3396846055984497, 1.6234467029571533, 0.8875871300697327, 0.6446959376335144, 1.591133713722229, 0.3333660066127777, 1.3603837490081787, 0.5437343716621399, 0.1632130742073059, 0.06468496471643448, 1.7552452087402344, 1.4993292093276978, 0.9346204996109009, 0.8566794991493225, 0.2506207525730133, -0.009825855493545532, 0.5177277326583862, 1.366400122642517, 0.3554551601409912, 1.0214786529541016, 1.2115659713745117, 0.447818398475647, 1.4548454284667969, 1.2023396492004395, 1.1859006881713867, 0.023049384355545044, 1.4742313623428345, 1.1884804964065552, 0.9927013516426086, 0.8235528469085693, 1.8093689680099487, 1.383126139640808, 0.4733333885669708, 0.7864575386047363, 0.8616966605186462, 0.8314927816390991, 1.0850410461425781, 0.9098268747329712, 1.695896863937378, -0.006501585245132446, 1.274862289428711, 0.7416958808898926, 0.3558521568775177, 1.4923534393310547, 0.0039025619626045227, 1.2210484743118286, 1.2408912181854248, 1.4234943389892578, 0.5865657329559326, 1.1014281511306763, 0.03097863681614399, 0.7034339904785156]"
realistic fiction,"[11, 4, 2, 14, 6, 7, 8, 6, 18, 31, 22, 6, 18, 8, 6, 12, 5]",34,"[0.30946221947669983, -0.04268188774585724, 1.6503580808639526, 0.19452321529388428, 1.630307912826538, 0.18280714750289917, 0.18791328370571136, 0.8698534369468689, 1.2440664768218994, 1.3702031373977661, 1.2870622873306274, 0.6239826679229736, 0.5695154070854187, 2.1324727535247803, 0.17070196568965912, 1.4745224714279175, 0.4172373414039612, 1.0854876041412354, 0.4816300570964813, 0.10763797163963318, 0.11924872547388077, -0.0066930558532476425, 1.0459133386611938, 0.8786548972129822, 0.17717203497886658, 1.3981473445892334, 1.2749550342559814, -0.07000240683555603, 1.4399735927581787, 1.1324145793914795, 0.9214360117912292, 0.6320387125015259, 0.47020599246025085, 0.11492285877466202, 0.3534119129180908, 0.518089771270752, 1.0043444633483887, 0.5615223050117493, 1.2410616874694824, 0.4412386417388916, 0.5108810067176819, 0.9204314947128296, 0.4712334871292114, 0.5334414839744568, 1.7840299606323242, 1.0286548137664795, 1.7305771112442017, 1.6992608308792114, 0.37161609530448914, 1.8843801021575928, 0.48168230056762695, 0.13360612094402313, 1.2851707935333252, 1.398280382156372, 1.1108180284500122, 1.2182259559631348, 0.024469494819641113, 0.47741013765335083, 1.3929252624511719, 1.8755767345428467, 1.1767833232879639, 0.7101529240608215, 0.06075391545891762, 0.2579745650291443]"
satire,"[7, 2, 8, 6, 11, 4]",34,"[0.9932169914245605, 0.028791673481464386, 0.7046917676925659, 0.14447583258152008, 0.9747793078422546, 0.1279248595237732, 0.32180047035217285, 0.30895906686782837, 0.7934443354606628, 0.8606862425804138, 0.544115424156189, 1.0108109712600708, 0.5621932148933411, 1.8195607662200928, 0.3893009424209595, 0.7063387632369995, 1.3675272464752197, 0.4685475528240204, 1.341209888458252, 0.1171082854270935, 0.09307511895895004, -0.04754544794559479, 1.2892433404922485, 0.6640191674232483, 0.37765437364578247, 0.38928934931755066, 0.9976698160171509, 0.10120227932929993, 1.2316374778747559, 0.24838446080684662, 0.8678699135780334, 0.3488599956035614, 0.8967931270599365, 0.27064117789268494, 1.2433866262435913, 1.4014685153961182, 0.32329103350639343, 0.6265547871589661, 0.38022610545158386, 0.718401312828064, 0.24671156704425812, 1.149851679801941, 1.6059916019439697, 1.3576209545135498, 1.3256269693374634, 0.18153847754001617, 1.3918694257736206, 1.5188294649124146, 0.5645290613174438, 1.0664381980895996, 1.4313844442367554, 0.18554143607616425, 0.95514315366745, 1.1436458826065063, 0.3640027344226837, 0.8545411825180054, 0.027404308319091797, 0.5461225509643555, 0.7392483949661255, 1.4242322444915771, 0.3191230893135071, 0.8544440269470215, 0.013161908835172653, 0.9343985319137573]"
symbolism,"[7, 21, 19, 10, 12, 14, 6, 7, 19]",34,"[0.8798701763153076, -0.0017436891794204712, 0.5700160264968872, 0.3874458074569702, 0.8747850656509399, 0.4805601239204407, 0.5040491819381714, 0.6954066753387451, 0.9663230776786804, 0.7408487200737, 0.8883239030838013, 0.265144020318985, 0.15124334394931793, 1.3150098323822021, 0.39188599586486816, 0.6122944355010986, 1.093102216720581, 0.9430451989173889, 1.3765208721160889, 0.44319218397140503, 0.3313697576522827, 0.047933854162693024, 0.7802220582962036, 0.6640637516975403, 0.6032247543334961, 0.5100751519203186, 0.7229409217834473, 0.0004271566867828369, 0.7629282474517822, 0.5316651463508606, 0.23446616530418396, 0.5059337615966797, 1.1667094230651855, 0.3354824483394623, 0.936317503452301, 1.3451061248779297, 0.5723462700843811, 0.7005618810653687, 0.6287312507629395, 0.369547039270401, 0.5410206317901611, 0.3607173562049866, 1.5424749851226807, 1.3997246026992798, 0.8140881061553955, 0.4413388967514038, 0.8392818570137024, 1.0108615159988403, 0.6735016107559204, 1.0789772272109985, 1.3512675762176514, 0.2574614882469177, 0.48474833369255066, 0.4839308261871338, 0.4523962140083313, 0.7106501460075378, 0.06209640949964523, 0.6682710647583008, 0.8703562617301941, 0.8923216462135315, 0.4708559811115265, 0.4367647171020508, 0.1178806945681572, 0.771691083908081]"
tone,"[8, 12, 5, 4]",34,"[1.1585527658462524, 0.05168694257736206, 0.5690242648124695, 0.024097394198179245, 0.7384135127067566, 0.1288062334060669, 0.4764625132083893, 0.18870119750499725, 0.5753256678581238, 0.5978606343269348, 0.30203449726104736, 1.193738341331482, 0.6080524921417236, 1.6748406887054443, 0.3740513324737549, 0.5417385101318359, 1.4217123985290527, 0.3840869963169098, 1.4896032810211182, 0.10781805217266083, 0.06908190250396729, -0.06738212704658508, 1.2695772647857666, 0.4709261357784271, 0.33267825841903687, 0.2390022575855255, 0.9389941692352295, 0.14979036152362823, 1.185500979423523, -0.006633345037698746, 0.96514493227005, 0.14805784821510315, 1.0021615028381348, 0.28176090121269226, 1.3532648086547852, 1.5349302291870117, 0.02129555493593216, 0.616029679775238, 0.10422878712415695, 0.7358784675598145, 0.0272083543241024, 1.2745001316070557, 1.7782357931137085, 1.5310931205749512, 1.2472914457321167, 0.002196032553911209, 1.2570980787277222, 1.4553948640823364, 0.5099282264709473, 0.885090708732605, 1.5404900312423706, 0.227830708026886, 0.9201644659042358, 1.1564375162124634, 0.21838268637657166, 0.6074919104576111, 0.029468722641468048, 0.4521797299385071, 0.5230355262756348, 1.2594842910766602, 0.17943115532398224, 0.8776757717132568, 0.03107408620417118, 1.101789116859436]"
assumption,"[2, 7, 7, 13, 19, 3, 8, 6, 12, 5]",34,"[0.029930002987384796, -0.04234318435192108, 1.4181671142578125, 0.40509796142578125, 1.9002587795257568, 0.012018948793411255, 0.04583701491355896, 1.131354808807373, 1.5409599542617798, 1.8591903448104858, 1.3030589818954468, 0.13002662360668182, 0.15465906262397766, 2.004840135574341, 0.2704043388366699, 1.0991425514221191, 0.29603224992752075, 1.0188549757003784, 0.25140246748924255, 0.10284343361854553, -0.024735286831855774, 0.025063324719667435, 0.8654530048370361, 1.4269263744354248, 0.22936400771141052, 1.2903308868408203, 0.8339352607727051, 0.013249635696411133, 0.8904104232788086, 1.2952449321746826, 0.2627529501914978, 0.8448865413665771, 0.3079400062561035, 0.08248903602361679, 0.2677971124649048, 0.2106841802597046, 1.4344433546066284, 0.19478002190589905, 1.6922023296356201, 0.6380659341812134, 0.6112178564071655, 0.4876030683517456, 0.29960790276527405, 0.28284430503845215, 1.0928066968917847, 1.2720047235488892, 1.4489377737045288, 1.1266189813613892, 0.3395363688468933, 1.7499562501907349, 0.2322477400302887, 0.09962917864322662, 0.9098908305168152, 0.839088499546051, 0.9207548499107361, 1.648709774017334, 0.0690038800239563, 0.7266285419464111, 1.7336347103118896, 1.6740097999572754, 1.1966192722320557, 0.4161747097969055, 0.056637827306985855, 0.041184648871421814]"
attribute,"[2, 8, 8, 11, 6, 10, 13, 8, 4]",34,"[0.19020722806453705, -0.04082654416561127, 1.0476657152175903, 0.6049911379814148, 1.927749752998352, 0.09090251475572586, 0.013288304209709167, 1.1405171155929565, 1.7592177391052246, 1.8233555555343628, 1.5394850969314575, 0.009587287902832031, 0.015255358070135117, 2.304849147796631, 0.24040701985359192, 0.918622612953186, 0.5355339646339417, 1.0965371131896973, 0.4139414429664612, 0.17728447914123535, 0.165267676115036, 0.049972184002399445, 0.7272435426712036, 1.3578921556472778, 0.49902400374412537, 0.7949466109275818, 0.9486135244369507, -0.017224669456481934, 1.0755549669265747, 1.0202243328094482, 0.14967218041419983, 0.8653572797775269, 0.40122461318969727, 0.14037898182868958, 0.40297427773475647, 0.3503569960594177, 1.3326679468154907, 0.4725150465965271, 1.3726695775985718, 0.5802956819534302, 0.5777015089988708, 0.349188894033432, 0.543383002281189, 0.35208556056022644, 1.2474522590637207, 0.9225703477859497, 1.560667872428894, 1.4335546493530273, 0.33066293597221375, 1.7652736902236938, 0.44691896438598633, 0.035436391830444336, 0.47782063484191895, 0.5400934815406799, 0.7108482718467712, 1.655299425125122, 0.03602480888366699, 0.8952152729034424, 1.6959655284881592, 1.7991728782653809, 1.0145503282546997, 0.1680828183889389, 0.024195276200771332, 0.12260192632675171]"
categorize,"[18, 2, 8, 4, 17, 12, 11, 6, 15, 4]",34,"[1.3847864866256714, -0.04861016571521759, 0.22965237498283386, 0.6062862873077393, 0.7122535705566406, 0.18600037693977356, 0.6909197568893433, 0.37725111842155457, 1.0192965269088745, 0.7888396382331848, 0.529289960861206, 0.2990622818470001, 0.23225563764572144, 1.3615164756774902, 0.763979434967041, 0.36923274397850037, 1.9963891506195068, 0.49650439620018005, 2.1604061126708984, 0.6117016077041626, 0.42470356822013855, 0.028356555849313736, 1.4279104471206665, 0.885758101940155, 1.110931634902954, 0.23943081498146057, 0.35993871092796326, -0.07094594836235046, 0.6159171462059021, 0.5621269941329956, 0.25071981549263, 0.7593411803245544, 1.8251228332519531, 0.6778919696807861, 1.7809209823608398, 2.0807108879089355, 0.5624364614486694, 0.43163031339645386, 0.5769311189651489, 0.7857784032821655, 0.8256994485855103, 0.5304584503173828, 2.604536533355713, 2.188950300216675, 0.5215405225753784, 0.17014484107494354, 0.7090221047401428, 0.9521282911300659, 1.12861168384552, 0.6511589288711548, 2.268282175064087, 0.02584618330001831, 0.5593748688697815, 0.36853811144828796, 0.20416375994682312, 0.8364130258560181, -0.024981096386909485, 1.090879201889038, 0.6830902695655823, 0.9541200995445251, 0.19577769935131073, 0.7990977764129639, 0.07489268481731415, 1.3103114366531372]"
cause and effect,"[18, 2, 13, 7, 4, 31, 2, 5, 20, 31, 4, 22, 22, 4, 18, 8]",34,"[0.24031299352645874, 0.1344374120235443, 1.7967349290847778, 0.10990455001592636, 1.6862837076187134, 0.5739691853523254, 0.005815044045448303, 0.8153908848762512, 1.2429423332214355, 1.2048481702804565, 1.5788315534591675, 1.1148432493209839, 0.7883155345916748, 2.915893077850342, -0.0630994439125061, 1.670493483543396, 0.27521854639053345, 1.4288876056671143, 0.2660364806652069, -0.014594033360481262, 0.09482637047767639, 0.01088343933224678, 0.822685182094574, 0.5197708010673523, 0.14270471036434174, 1.2264435291290283, 1.9400620460510254, 0.1469135731458664, 2.3846168518066406, 0.6600787043571472, 1.5320430994033813, 0.24647323787212372, 0.216528058052063, 0.006645403802394867, 0.2210111916065216, 0.36851173639297485, 0.5778805017471313, 1.2254600524902344, 0.7058408260345459, 0.2779732048511505, 0.1706215888261795, 1.218187928199768, 0.24234361946582794, 0.21764016151428223, 2.807034969329834, 0.6931069493293762, 2.388493776321411, 2.524665117263794, 0.10586578398942947, 2.400448799133301, 0.2807565927505493, 0.4650130867958069, 1.3333015441894531, 1.8971798419952393, 1.1781048774719238, 1.0689979791641235, 0.1766391545534134, 0.2768735885620117, 1.388486385345459, 2.3290951251983643, 1.058006763458252, 0.646666407585144, 0.013931624591350555, 0.14731654524803162]"
chronological order,"[18, 9, 11, 12, 5, 12, 14, 12, 17, 6, 18, 2, 14, 31, 12, 11, 20, 4, 11]",34,"[0.43688851594924927, -0.09932738542556763, 1.615620732307434, 0.5376667380332947, 1.66115140914917, -0.09524257481098175, 0.13531717658042908, 0.7878347039222717, 1.3991236686706543, 1.7470394372940063, 1.1889365911483765, 0.18802638351917267, 0.49077659845352173, 1.8619108200073242, 0.550127387046814, 1.5715473890304565, 0.8497235774993896, 0.844023585319519, 0.7785146236419678, 0.2551719844341278, 0.15039345622062683, 0.10016845911741257, 1.508244514465332, 1.3376336097717285, 0.5342167615890503, 1.7597655057907104, 0.773944616317749, -0.16985687613487244, 0.9834296107292175, 1.8117387294769287, 0.5991417169570923, 1.1011593341827393, 0.7035616040229797, 0.26650458574295044, 0.639744222164154, 0.6937335729598999, 1.6245156526565552, 0.15554341673851013, 1.9248007535934448, 0.5254983305931091, 1.1098288297653198, 0.6205238103866577, 0.982414722442627, 0.9148275852203369, 1.1973379850387573, 1.3800956010818481, 1.4004865884780884, 1.1703505516052246, 0.8134181499481201, 1.6174489259719849, 0.8878142833709717, -0.08498889207839966, 1.5624357461929321, 1.1934900283813477, 1.209701657295227, 1.57750403881073, -0.051392436027526855, 0.7743844389915466, 1.5366016626358032, 1.8020557165145874, 1.2471802234649658, 0.9783658385276794, 0.06312508881092072, 0.4012451767921448]"
coherent,"[18, 12, 9, 4, 11, 4, 5, 8]",34,"[0.8687147498130798, 0.026164501905441284, 0.7146544456481934, 0.20902332663536072, 0.9444817900657654, 0.2139228731393814, 0.30597183108329773, 0.4027877151966095, 0.7820286750793457, 0.8668929934501648, 0.5646616816520691, 0.9364973306655884, 0.5017126798629761, 1.7395200729370117, 0.39492106437683105, 0.5560351610183716, 1.1297491788864136, 0.6021745800971985, 1.118077039718628, 0.2349112331867218, 0.14521391689777374, -0.0033768601715564728, 1.2221070528030396, 0.7031343579292297, 0.44364678859710693, 0.4268169701099396, 0.8773318529129028, 0.08726011216640472, 1.0916398763656616, 0.37432223558425903, 0.8009283542633057, 0.31315934658050537, 0.8292290568351746, 0.21491064131259918, 1.056647777557373, 1.1027034521102905, 0.2953993082046509, 0.5227295160293579, 0.48267343640327454, 0.7696075439453125, 0.16356690227985382, 1.1273444890975952, 1.4399776458740234, 1.2481755018234253, 1.1108118295669556, 0.23248732089996338, 1.1650563478469849, 1.325539231300354, 0.48330608010292053, 1.0222177505493164, 1.2366613149642944, 0.18800440430641174, 0.9522550702095032, 1.033374309539795, 0.28723302483558655, 0.8063896894454956, 0.03645476698875427, 0.6191121935844421, 0.808382511138916, 1.3479149341583252, 0.3454420566558838, 0.823578953742981, 0.06287802755832672, 0.7228392362594604]"
cohesion,"[18, 12, 9, 4, 7, 6, 12, 5]",34,"[0.967462420463562, 0.04609484225511551, 0.6934244632720947, 0.14807239174842834, 0.8107963800430298, 0.3216553330421448, 0.42047119140625, 0.39218851923942566, 0.6662921905517578, 0.7037636637687683, 0.45561450719833374, 0.9440100193023682, 0.4693133234977722, 1.5156280994415283, 0.4049936532974243, 0.5027129650115967, 1.135959267616272, 0.6248728036880493, 1.2222332954406738, 0.29539617896080017, 0.18606823682785034, -0.007751733064651489, 1.1415563821792603, 0.6107404232025146, 0.42992278933525085, 0.4204308092594147, 0.7817832231521606, 0.12506140768527985, 0.9465185403823853, 0.3887152075767517, 0.807451605796814, 0.26215681433677673, 0.9281596541404724, 0.24813637137413025, 1.0541634559631348, 1.1905453205108643, 0.235096275806427, 0.5240185856819153, 0.40850111842155457, 0.7716159820556641, 0.17338989675045013, 1.121062159538269, 1.5128248929977417, 1.2871954441070557, 0.9604533910751343, 0.23631742596626282, 1.0101202726364136, 1.2262909412384033, 0.4923604726791382, 0.9296504259109497, 1.291366696357727, 0.2704029083251953, 0.9651261568069458, 0.9695609211921692, 0.1973925232887268, 0.6608824729919434, 0.05894835665822029, 0.597080409526825, 0.7205938100814819, 1.1396836042404175, 0.3236570656299591, 0.8103709816932678, 0.09220263361930847, 0.7932679653167725]"
compare and contrast,"[18, 12, 19, 3, 2, 11, 4, 31, 2, 5, 20, 31, 18, 12, 5, 8, 11, 2, 7, 8]",34,"[0.4069768786430359, -0.0011793673038482666, 1.502426266670227, 0.285823255777359, 1.2725869417190552, 0.08498479425907135, 0.21124054491519928, 0.6425539255142212, 0.9745008945465088, 1.2672334909439087, 0.953778862953186, 0.6119861006736755, 0.6015161871910095, 1.7367939949035645, 0.3289036154747009, 1.3853771686553955, 0.5877207517623901, 0.7864838242530823, 0.5523815155029297, 0.15991650521755219, 0.16491520404815674, 0.060852132737636566, 1.2052032947540283, 0.8553714752197266, 0.3209604024887085, 1.4130921363830566, 0.9233525991439819, -0.026376962661743164, 1.1605257987976074, 1.2772165536880493, 0.9344592094421387, 0.6451416015625, 0.49165257811546326, 0.14280323684215546, 0.45980092883110046, 0.5688484907150269, 0.939163327217102, 0.3598679304122925, 1.2772629261016846, 0.5046645402908325, 0.5754685997962952, 0.940941333770752, 0.6238937377929688, 0.6533275246620178, 1.3497252464294434, 0.9588020443916321, 1.4163737297058105, 1.3461412191390991, 0.4386884570121765, 1.4391709566116333, 0.620922327041626, 0.09133224189281464, 1.452813982963562, 1.3328956365585327, 0.9721226692199707, 1.1689949035644531, 0.009338892996311188, 0.4738668203353882, 1.1786631345748901, 1.6412127017974854, 1.0036274194717407, 0.8862684965133667, 0.06929397583007812, 0.3426704704761505]"
compile,"[18, 12, 19, 3, 6, 14, 4]",34,"[1.3523014783859253, -0.04255935549736023, 0.614812970161438, 0.3810368776321411, 0.8603432774543762, 0.12285973876714706, 0.4352375864982605, 0.2721554636955261, 0.8181689977645874, 0.865885853767395, 0.4916984438896179, 1.0075790882110596, 0.609459638595581, 1.827942132949829, 0.6343275904655457, 0.6209079027175903, 1.7724225521087646, 0.4331742227077484, 1.7548727989196777, 0.3278137743473053, 0.25713491439819336, 0.0026712529361248016, 1.700325608253479, 0.8026894927024841, 0.7215102910995483, 0.3863454759120941, 0.7433198690414429, -0.018686562776565552, 1.0889627933502197, 0.4495294392108917, 0.9197301268577576, 0.4702148139476776, 1.3055782318115234, 0.38342976570129395, 1.6658729314804077, 1.7316935062408447, 0.33323386311531067, 0.46407902240753174, 0.5203951597213745, 0.9074796438217163, 0.42667773365974426, 1.2668853998184204, 2.199827194213867, 1.9375919103622437, 1.0552524328231812, 0.1410658061504364, 1.1706935167312622, 1.4133517742156982, 0.8395868539810181, 0.8489840030670166, 1.9175537824630737, 0.048951536417007446, 1.1748038530349731, 1.1119000911712646, 0.26719483733177185, 0.8740199208259583, -0.025576889514923096, 0.8176743984222412, 0.7547932267189026, 1.403040885925293, 0.26826533675193787, 1.1584933996200562, 0.06366380304098129, 1.2113499641418457]"
concede,"[18, 12, 5, 18, 4, 20, 4]",34,"[1.2712815999984741, 0.06951715052127838, 0.1355077475309372, 0.4135279953479767, 0.6292762756347656, 0.788029670715332, 0.813300609588623, 0.6081788539886475, 0.9263538718223572, 0.41144633293151855, 0.845169186592102, 0.3272528052330017, 0.058770984411239624, 1.4856691360473633, 0.26205623149871826, 0.07047294080257416, 1.4459843635559082, 1.0806946754455566, 2.0100889205932617, 0.5875862836837769, 0.6675138473510742, 0.11192099004983902, 0.504514753818512, 0.40336769819259644, 0.9777394533157349, -0.29960599541664124, 0.7140316963195801, 0.16233223676681519, 0.8619821071624756, -0.1874554455280304, 0.20374277234077454, 0.22888445854187012, 1.6332824230194092, 0.4962928295135498, 1.3517794609069824, 2.0028483867645264, -0.025812789797782898, 1.0381433963775635, -0.14373110234737396, 0.4693535268306732, 0.15202975273132324, 0.2857685089111328, 2.127796173095703, 1.7298924922943115, 0.8887879848480225, -0.1747167408466339, 0.777767539024353, 1.1844351291656494, 0.4560903310775757, 0.8133014440536499, 1.8223719596862793, 0.41063952445983887, -0.2009122669696808, 0.24587233364582062, 0.005813710391521454, 0.44921356439590454, 0.1704770028591156, 0.7647380828857422, 0.5989042520523071, 0.6598628759384155, 0.06806320697069168, 0.14213190972805023, 0.14194481074810028, 1.1416887044906616]"
consolidate,"[18, 12, 5, 7, 12, 14, 6, 20, 2, 8, 4]",34,"[1.008433222770691, -0.025473877787590027, 0.20157791674137115, 0.6555500030517578, 0.8322824239730835, 0.3404189944267273, 0.548998236656189, 0.6148807406425476, 1.1720327138900757, 0.8056978583335876, 0.82928866147995, 0.04827365279197693, 0.006934445351362228, 1.4155845642089844, 0.5149063467979431, 0.29528069496154785, 1.4967381954193115, 0.7922854423522949, 1.6799800395965576, 0.5787563920021057, 0.5028953552246094, 0.08464643359184265, 0.8456832766532898, 0.8071251511573792, 1.0315320491790771, 0.09746399521827698, 0.43251049518585205, -0.03223267197608948, 0.569766640663147, 0.436551958322525, 0.0063423290848731995, 0.6411376595497131, 1.4880473613739014, 0.5110321044921875, 1.267678141593933, 1.553699016571045, 0.5197734236717224, 0.586097240447998, 0.4929799437522888, 0.5791800022125244, 0.6080533266067505, 0.21955518424510956, 1.9177615642547607, 1.5942010879516602, 0.553248941898346, 0.1986328363418579, 0.6787123084068298, 0.9479730725288391, 0.7668288946151733, 0.778856635093689, 1.6199166774749756, 0.090285524725914, 0.10622367262840271, 0.07595771551132202, 0.21119004487991333, 0.85470050573349, 0.0212111696600914, 1.0357491970062256, 0.7877911329269409, 0.893638014793396, 0.2585311233997345, 0.2844594717025757, 0.08919981122016907, 0.8861188888549805]"
corroborate,"[18, 12, 11, 11, 12, 10, 12, 11, 2, 8, 4]",34,"[1.2951793670654297, -0.08005288243293762, 0.3293726444244385, 0.5640199184417725, 0.7480593323707581, -0.08251149952411652, 0.5262978076934814, 0.2464267611503601, 0.8824844360351562, 0.8763744235038757, 0.45315229892730713, 0.312874972820282, 0.2936135530471802, 1.208979606628418, 0.7819172143936157, 0.5848303437232971, 1.9367854595184326, 0.1904512196779251, 2.0541017055511475, 0.4136132597923279, 0.3277595043182373, 0.006806269288063049, 1.6416698694229126, 0.9428304433822632, 0.9164655208587646, 0.43547195196151733, 0.3137345016002655, -0.10299783945083618, 0.5453290939331055, 0.6679416298866272, 0.21814772486686707, 0.8516630530357361, 1.6018803119659424, 0.5912384390830994, 1.770737886428833, 1.9827828407287598, 0.7109894752502441, 0.17817717790603638, 0.8152652382850647, 0.6824741363525391, 0.9425004124641418, 0.5252631306648254, 2.4210243225097656, 2.184293270111084, 0.46730077266693115, 0.34578827023506165, 0.7288487553596497, 0.7665451169013977, 1.1925731897354126, 0.5384130477905273, 2.165440559387207, -0.11267414689064026, 0.7098526954650879, 0.48580247163772583, 0.4370291233062744, 0.9300904870033264, -0.06862962245941162, 0.8851001262664795, 0.6464420557022095, 0.980661153793335, 0.26563116908073425, 0.9518620371818542, 0.01878230646252632, 1.3213921785354614]"
counterargument,"[18, 12, 13, 5, 8, 4, 11, 2, 11, 17, 13, 19, 4, 5, 8]",34,"[0.4474037289619446, -0.03327101469039917, 1.1327707767486572, 0.5552079677581787, 1.6326007843017578, 0.012697696685791016, 0.19139717519283295, 0.8179446458816528, 1.376853108406067, 1.682664155960083, 1.0336415767669678, 0.18437519669532776, 0.2501090168952942, 1.744262933731079, 0.5058725476264954, 0.9493556022644043, 0.84049391746521, 0.7396224737167358, 0.7705220580101013, 0.34324997663497925, 0.13292184472084045, 0.059968866407871246, 1.2504777908325195, 1.3900017738342285, 0.5900288820266724, 1.1625134944915771, 0.6058521270751953, -0.04452270269393921, 0.7430826425552368, 1.3563958406448364, 0.28340670466423035, 0.9572843909263611, 0.7588919401168823, 0.2981835603713989, 0.7253960371017456, 0.6749441623687744, 1.3436061143875122, 0.13322775065898895, 1.6479476690292358, 0.7776470184326172, 0.7969289422035217, 0.5632495880126953, 1.0691137313842773, 0.7548980712890625, 0.8850922584533691, 1.0776619911193848, 1.1240684986114502, 1.0199213027954102, 0.6925305128097534, 1.4226821660995483, 0.9457542896270752, -0.0011171400547027588, 1.0860581398010254, 0.7704606652259827, 0.7350311279296875, 1.4944921731948853, 0.016490928828716278, 0.9825433492660522, 1.5029680728912354, 1.5635201930999756, 0.9506994485855103, 0.6746895909309387, 0.04008989781141281, 0.3282877206802368]"
credibility,"[18, 11, 4, 20, 6, 10, 6, 14, 6, 8, 21]",34,"[1.2999812364578247, -0.08036819100379944, 0.2958422601222992, 0.4770555794239044, 0.5714333653450012, 0.3627956509590149, 0.7554550766944885, 0.543237030506134, 0.8409057855606079, 0.466073215007782, 0.7653689384460449, -0.0029997825622558594, 0.15002845227718353, 0.9036499261856079, 0.5313510298728943, 0.5629786252975464, 1.5932749509811401, 0.6324679851531982, 2.138333559036255, 0.5230758786201477, 0.5421791672706604, 0.04976874589920044, 1.026785969734192, 0.5814886689186096, 0.8599007725715637, 0.4068146049976349, 0.4434988796710968, -0.10238105058670044, 0.4958593249320984, 0.510026216506958, 0.035604313015937805, 0.7297112941741943, 1.7844245433807373, 0.6000981330871582, 1.3820260763168335, 2.053428888320923, 0.5866479277610779, 0.5259784460067749, 0.5595181584358215, 0.2191578894853592, 0.8820787072181702, 0.05548921227455139, 2.2981045246124268, 2.076831340789795, 0.5414711833000183, 0.28911033272743225, 0.5138659477233887, 0.7818683385848999, 1.0594881772994995, 0.6693530082702637, 2.0371878147125244, 0.05507725477218628, 0.375679612159729, 0.25043660402297974, 0.4984770715236664, 0.5367900133132935, 0.0067083388566970825, 0.7403285503387451, 0.573857307434082, 0.5378193259239197, 0.32711923122406006, 0.5625097155570984, 0.12272901833057404, 1.3044250011444092]"
critique,"[18, 11, 6, 8, 6, 24, 13, 4]",34,"[0.4196697473526001, 0.022208601236343384, 0.6731008887290955, 0.28934380412101746, 1.1510244607925415, 0.6020145416259766, 0.22566384077072144, 0.9357008337974548, 1.2916103601455688, 0.8408241868019104, 1.3100740909576416, 0.30470192432403564, 0.134687140583992, 1.9152719974517822, 0.05194360017776489, 0.6241645216941833, 0.5231364965438843, 1.2771329879760742, 0.6168041825294495, 0.287259042263031, 0.273948609828949, 0.01643768697977066, 0.30790576338768005, 0.5432396531105042, 0.4475291967391968, 0.32167959213256836, 1.1461635828018188, 0.03667697310447693, 1.2759556770324707, 0.2952371835708618, 0.41131895780563354, 0.33747369050979614, 0.5571620464324951, 0.1596103310585022, 0.3486863374710083, 0.5950714349746704, 0.4781129062175751, 0.9961771368980408, 0.3341493010520935, 0.3017351031303406, 0.17909885942935944, 0.4146924614906311, 0.6497763991355896, 0.52679044008255, 1.468976378440857, 0.2834421396255493, 1.3557720184326172, 1.6335617303848267, 0.15809142589569092, 1.5768026113510132, 0.5918805599212646, 0.34499773383140564, 0.19765114784240723, 0.5652172565460205, 0.42242956161499023, 0.7837471961975098, 0.09787015616893768, 0.5915348529815674, 1.040172815322876, 1.31529700756073, 0.5728222131729126, 0.0301553662866354, 0.06863349676132202, 0.25303488969802856]"
cultural,"[18, 13, 14, 8, 13, 11, 2, 14]",34,"[1.5000531673431396, -0.05153276026248932, 0.33909478783607483, 0.451179563999176, 0.6088202595710754, -0.019367069005966187, 0.6830139756202698, 0.16842135787010193, 0.5166249871253967, 0.7229244112968445, 0.26281386613845825, 0.43582582473754883, 0.3418041467666626, 0.8199765682220459, 0.9218032956123352, 0.5717520117759705, 2.052961826324463, 0.10992223024368286, 2.2521817684173584, 0.45081377029418945, 0.2547685503959656, 0.011360179632902145, 1.7144606113433838, 0.8611705303192139, 0.7743558883666992, 0.4939451813697815, 0.20902566611766815, -0.07318094372749329, 0.3225134313106537, 0.7282987833023071, 0.2965811789035797, 0.8453714847564697, 1.794015645980835, 0.659912109375, 1.861103892326355, 2.2198753356933594, 0.6595481634140015, 0.15263518691062927, 0.8213173151016235, 0.7525384426116943, 0.9375956058502197, 0.6372096538543701, 2.7640092372894287, 2.5161118507385254, 0.23982691764831543, 0.348422646522522, 0.4386148750782013, 0.46961528062820435, 1.3891416788101196, 0.3813234865665436, 2.469177722930908, -0.030203163623809814, 0.9727655649185181, 0.48286890983581543, 0.3646373748779297, 0.732059895992279, -0.03793296217918396, 0.8049535751342773, 0.5216279625892639, 0.7107216715812683, 0.19051387906074524, 1.1528501510620117, 0.08127407729625702, 1.5795044898986816]"
differentiate,"[20, 6, 22, 22, 4, 11, 4, 5, 8, 6, 2, 8, 4]",34,"[0.19730548560619354, -0.0517297089099884, 1.3731540441513062, 0.2939147651195526, 1.8228803873062134, 0.1537761092185974, 0.0020188093185424805, 0.894562840461731, 1.5087796449661255, 1.527133584022522, 1.4422178268432617, 0.6836992502212524, 0.4680290222167969, 2.7244648933410645, 0.06639280170202255, 1.159204363822937, 0.41649186611175537, 1.1148242950439453, 0.27282193303108215, 0.07244744896888733, 0.10956916958093643, -0.011211888864636421, 0.8088314533233643, 0.9964428544044495, 0.28927528858184814, 0.8174065351486206, 1.509196400642395, -0.01184508204460144, 1.7445060014724731, 0.6545547246932983, 0.8933494091033936, 0.43915855884552, 0.224699929356575, 0.05871620029211044, 0.3513581156730652, 0.31318485736846924, 0.7987439036369324, 0.7619924545288086, 0.8685770034790039, 0.5558227300643921, 0.18412700295448303, 0.9877563714981079, 0.3501530885696411, 0.2520214915275574, 2.0254344940185547, 0.6772159934043884, 2.0666611194610596, 2.0411295890808105, 0.09902318567037582, 2.0290613174438477, 0.29318344593048096, 0.14902068674564362, 0.8915032744407654, 1.2959908246994019, 0.8255702257156372, 1.372636318206787, 0.035490214824676514, 0.5790800452232361, 1.4976451396942139, 2.165971040725708, 0.9415339231491089, 0.4256543815135956, 0.019463349133729935, 0.09053526818752289]"
economic,"[4, 18, 12, 5, 12, 19, 6, 18]",34,"[1.210424542427063, 0.030406378209590912, 0.428764283657074, 0.5513760447502136, 0.6662980914115906, 0.513925313949585, 0.6632500290870667, 0.3806088864803314, 0.7131308913230896, 0.7156482934951782, 0.5246275067329407, 0.4503796696662903, 0.26826393604278564, 1.220226764678955, 0.6890062093734741, 0.3100118041038513, 1.6438478231430054, 0.6182224750518799, 1.8475544452667236, 0.7205415368080139, 0.5597900152206421, 0.13009381294250488, 1.2311919927597046, 0.8294273018836975, 1.0647156238555908, 0.2841794490814209, 0.3526880741119385, 0.03187982738018036, 0.5347126126289368, 0.6788305640220642, 0.38674309849739075, 0.5584309697151184, 1.6025338172912598, 0.5246459245681763, 1.5325226783752441, 1.8178496360778809, 0.407552033662796, 0.5007267594337463, 0.6067100763320923, 0.8127385377883911, 0.6085290908813477, 0.6483879089355469, 2.1865687370300293, 1.8305857181549072, 0.49697524309158325, 0.21468067169189453, 0.594380259513855, 0.8056322932243347, 0.8821060657501221, 0.6716066598892212, 2.0286567211151123, 0.24983513355255127, 0.7043002247810364, 0.5142654776573181, 0.1114625409245491, 0.7424105405807495, 0.0686706006526947, 0.9492264986038208, 0.7319256067276001, 0.8361194729804993, 0.2315455675125122, 0.7846237421035767, 0.13666987419128418, 1.0642963647842407]"
elaboration,"[4, 14, 2, 10, 12, 11, 2, 8, 6, 12, 5]",34,"[0.9837746620178223, -0.04984547197818756, 0.4965841770172119, 0.5921797752380371, 1.0449658632278442, 0.1142503023147583, 0.44129273295402527, 0.518089771270752, 1.1304477453231812, 1.1156197786331177, 0.6831110715866089, 0.17654383182525635, 0.1378970891237259, 1.3450822830200195, 0.6650595664978027, 0.5710725784301758, 1.541296362876892, 0.5043208599090576, 1.6604983806610107, 0.5138096809387207, 0.31401997804641724, 0.03305167704820633, 1.272194504737854, 1.1024819612503052, 0.8946205973625183, 0.5583726763725281, 0.381706178188324, -0.05667415261268616, 0.5533657073974609, 0.8269598484039307, 0.08821721374988556, 0.8396609425544739, 1.4247791767120361, 0.5062153339385986, 1.3769534826278687, 1.5467519760131836, 0.938789963722229, 0.26414841413497925, 1.0004422664642334, 0.6947948932647705, 0.8944292664527893, 0.3917068839073181, 1.9742463827133179, 1.6119121313095093, 0.5250605344772339, 0.5539882183074951, 0.8166500926017761, 0.8155762553215027, 1.0230759382247925, 0.9004535675048828, 1.7664366960525513, 0.02562752366065979, 0.6321437954902649, 0.392128586769104, 0.4047694802284241, 1.093879222869873, -0.01698477566242218, 1.0034525394439697, 0.9902015924453735, 1.046955943107605, 0.46121716499328613, 0.680160403251648, 0.046730782836675644, 0.9248160123825073]"
empathy,"[4, 19, 3, 2, 8, 9, 21]",34,"[0.8193463683128357, -0.0065456777811050415, 0.5747931003570557, 0.6537272334098816, 1.3321053981781006, 0.030213654041290283, 0.18213264644145966, 0.6114850640296936, 1.3155735731124878, 1.436800479888916, 0.7825359106063843, 0.4594951272010803, 0.21765583753585815, 1.8913166522979736, 0.6804237961769104, 0.5340660810470581, 1.4576632976531982, 0.5602574348449707, 1.267728328704834, 0.3928864598274231, 0.16846561431884766, 0.013380110263824463, 1.420660138130188, 1.2772349119186401, 0.8084940314292908, 0.48383474349975586, 0.47895294427871704, 0.010909304022789001, 0.778522253036499, 0.8415917754173279, 0.333714097738266, 0.8234209418296814, 1.0550260543823242, 0.3770783543586731, 1.3944355249404907, 1.152860164642334, 0.9272774457931519, 0.26977163553237915, 1.0643694400787354, 1.0831177234649658, 0.7221707701683044, 0.7772530317306519, 1.6439634561538696, 1.2901155948638916, 0.7336870431900024, 0.5338765382766724, 1.07917058467865, 1.1134752035140991, 0.8267378807067871, 1.0265250205993652, 1.4767451286315918, 0.00851556658744812, 0.7751156091690063, 0.5932754278182983, 0.29933059215545654, 1.403725266456604, 0.0033134743571281433, 1.1231012344360352, 1.176472544670105, 1.4466274976730347, 0.48307886719703674, 0.7465883493423462, -0.013461355119943619, 0.7063907384872437]"
generalize,"[17, 4, 5, 4, 11, 2, 14, 6, 15, 4]",34,"[1.8400076627731323, -0.06646989285945892, 0.07960173487663269, 0.41767412424087524, 0.3964196443557739, 0.09469407051801682, 0.9770460724830627, 0.15226684510707855, 0.640210747718811, 0.42624932527542114, 0.25585058331489563, 0.40886253118515015, 0.3539851903915405, 0.9280186295509338, 0.7917431592941284, 0.4276556074619293, 2.3522145748138428, 0.23936739563941956, 2.7295422554016113, 0.48456621170043945, 0.41580265760421753, 0.015196103602647781, 1.5873496532440186, 0.5993444919586182, 0.9607868194580078, 0.19825568795204163, 0.3191423714160919, -0.06868240237236023, 0.4874632954597473, 0.3189805746078491, 0.28525254130363464, 0.6872332096099854, 2.123297691345215, 0.7768093347549438, 2.0642571449279785, 2.730177640914917, 0.3367825448513031, 0.43973857164382935, 0.3879680335521698, 0.5737756490707397, 0.7822160720825195, 0.543783962726593, 3.183176040649414, 2.8223283290863037, 0.45002245903015137, 0.05436166375875473, 0.5156919956207275, 0.7737050652503967, 1.3024601936340332, 0.34083065390586853, 2.731142282485962, 0.014461338520050049, 0.6095549464225769, 0.4475008249282837, 0.2788506746292114, 0.5048483610153198, -0.03941185772418976, 0.8155295252799988, 0.318967342376709, 0.6459152102470398, 0.04352855682373047, 0.9531264305114746, 0.096880242228508, 1.868161678314209]"
implication,"[6, 19, 3, 14, 6, 18, 2, 8, 6, 12, 5]",34,"[0.4995076060295105, -0.029242590069770813, 0.8705242872238159, 0.6052072644233704, 1.5557955503463745, 0.3672049641609192, 0.16434213519096375, 1.0110517740249634, 1.5989367961883545, 1.4909098148345947, 1.1897903680801392, 0.022677913308143616, 0.037996672093868256, 1.8583989143371582, 0.4053714871406555, 0.737399160861969, 0.8399806022644043, 1.120025396347046, 0.8190550804138184, 0.3760377764701843, 0.24547536671161652, 0.0964672788977623, 0.8470966219902039, 1.277750015258789, 0.7180637717247009, 0.779484212398529, 0.6469976902008057, -0.02506682276725769, 0.8266729712486267, 1.0654046535491943, 0.06510604172945023, 0.8305386900901794, 0.8274365663528442, 0.22505933046340942, 0.6477816700935364, 0.6849954128265381, 1.2195649147033691, 0.44828957319259644, 1.236523985862732, 0.677348256111145, 0.6994889378547668, 0.32211899757385254, 1.0013190507888794, 0.7292839288711548, 0.9342492818832397, 0.8137151002883911, 1.1567362546920776, 1.153090476989746, 0.5696240663528442, 1.4960132837295532, 0.8741485476493835, 0.18454501032829285, 0.540233850479126, 0.4277147352695465, 0.5440295934677124, 1.3938318490982056, 0.06726151704788208, 1.0159404277801514, 1.5073151588439941, 1.4278777837753296, 0.8322755098342896, 0.309316486120224, 0.08526357263326645, 0.2971218228340149]"
incorporate,"[6, 5, 18, 12, 11, 3, 12, 11, 2, 8, 4]",34,"[0.6940789818763733, -0.048481330275535583, 0.3837560713291168, 1.0173861980438232, 1.272355318069458, 0.13762874901294708, 0.19059628248214722, 0.6127188205718994, 1.5754115581512451, 1.4714901447296143, 0.8417134284973145, -0.16897213459014893, -0.030042864382267, 1.7513935565948486, 0.7862120866775513, 0.32520949840545654, 1.5525106191635132, 0.6218388676643372, 1.3424437046051025, 0.7654721140861511, 0.46917247772216797, 0.16869497299194336, 1.226558804512024, 1.4978570938110352, 1.4173946380615234, 0.3537770211696625, 0.1658574342727661, -0.09235137701034546, 0.47867870330810547, 1.1208449602127075, -0.10180986672639847, 1.0417183637619019, 1.3449218273162842, 0.5515270829200745, 1.4012714624404907, 1.122171401977539, 1.1402294635772705, 0.21887806057929993, 1.1964821815490723, 0.9920206069946289, 1.0349459648132324, 0.24064475297927856, 1.7646291255950928, 1.2295383214950562, 0.36011889576911926, 0.5375781655311584, 0.8048593401908875, 0.8562595844268799, 0.9654250144958496, 0.8781799077987671, 1.6234209537506104, -0.020552724599838257, 0.37939611077308655, 0.0671859011054039, 0.21741235256195068, 1.5132346153259277, -0.004028104245662689, 1.4818967580795288, 1.2365777492523193, 1.301957607269287, 0.41023871302604675, 0.4994639456272125, 0.02154138684272766, 0.5304880142211914]"
objective,"[12, 10, 23, 4, 18, 8, 6, 28, 4]",34,"[0.5246161222457886, -0.06463764607906342, 0.7189205884933472, 0.8640357851982117, 1.7785704135894775, 0.2916874587535858, 0.11553734540939331, 1.068326473236084, 2.0299460887908936, 1.7261977195739746, 1.6475502252578735, -0.02247452735900879, -0.04737245291471481, 2.6133389472961426, 0.37765008211135864, 0.7126190066337585, 1.145238995552063, 1.2457449436187744, 0.9385520815849304, 0.4690113067626953, 0.4163566827774048, 0.0881614163517952, 0.8391731977462769, 1.3689666986465454, 1.0437228679656982, 0.40232715010643005, 0.961847186088562, -0.10681700706481934, 1.2985613346099854, 0.7868521213531494, 0.13287517428398132, 0.8698362112045288, 0.9362010359764099, 0.31000834703445435, 0.8988272547721863, 0.8863574266433716, 1.1611889600753784, 0.8032076358795166, 0.9815712571144104, 0.7461448907852173, 0.667519211769104, 0.2863917648792267, 1.1203440427780151, 0.8041380643844604, 1.3559801578521729, 0.5542832016944885, 1.6386632919311523, 1.7714608907699585, 0.5493656396865845, 1.8166184425354004, 1.1232582330703735, 0.020561635494232178, 0.17485284805297852, 0.3758879601955414, 0.5005118250846863, 1.6569652557373047, -0.0007091537117958069, 1.2546080350875854, 1.6868053674697876, 1.926330327987671, 0.7905827760696411, 0.09448038786649704, -0.004047457128763199, 0.3181252181529999]"
political,"[3, 12, 14, 6, 8, 6, 18, 2, 14]",34,"[0.8105502128601074, -0.00057944655418396, 0.5820459127426147, 0.4864650368690491, 1.2549962997436523, 0.39984366297721863, 0.3058105707168579, 0.8242253661155701, 1.3221369981765747, 1.234641671180725, 0.926397979259491, 0.26351648569107056, 0.12086495757102966, 1.6233654022216797, 0.5635504722595215, 0.5157731175422668, 1.281883955001831, 0.8860605955123901, 1.2878427505493164, 0.3861919641494751, 0.20565874874591827, 0.017242856323719025, 1.076225757598877, 1.1050368547439575, 0.6881462931632996, 0.473093718290329, 0.6110796928405762, 0.030602365732192993, 0.7504714131355286, 0.795957088470459, 0.13864830136299133, 0.8168288469314575, 1.0720561742782593, 0.38506120443344116, 1.0613927841186523, 1.1922001838684082, 0.9427382946014404, 0.4762423038482666, 0.942440390586853, 0.8267300128936768, 0.7341032028198242, 0.49431493878364563, 1.5766927003860474, 1.2530533075332642, 0.8232113122940063, 0.512825071811676, 0.9793521165847778, 1.0714874267578125, 0.7775958776473999, 1.1886050701141357, 1.3887736797332764, 0.20541614294052124, 0.5598423480987549, 0.4077284038066864, 0.3203841745853424, 1.1757731437683105, 0.07496550679206848, 0.982295036315918, 1.1813069581985474, 1.1980137825012207, 0.5331776142120361, 0.5735406875610352, 0.06595088541507721, 0.6574478149414062]"
problem and solution,"[3, 11, 12, 10, 14, 4, 19, 31, 2, 5, 20, 31, 7, 12, 14, 13, 8, 6, 12, 5]",34,"[0.18993040919303894, -0.09945499897003174, 1.6927213668823242, 0.4954214096069336, 1.6980681419372559, -0.19200892746448517, 0.05700904130935669, 0.8746914267539978, 1.4417327642440796, 1.77614164352417, 1.228541612625122, 0.15192395448684692, 0.43690383434295654, 1.8250885009765625, 0.37924009561538696, 1.6181306838989258, 0.5040506720542908, 0.8326259255409241, 0.40279054641723633, 0.0886465311050415, 0.12437041103839874, 0.07959622144699097, 1.267638087272644, 1.2754954099655151, 0.34390634298324585, 1.8048818111419678, 0.8643413782119751, -0.14278867840766907, 0.9974793195724487, 1.6755090951919556, 0.613915741443634, 1.0131030082702637, 0.45419958233833313, 0.18815766274929047, 0.35612908005714417, 0.4406932592391968, 1.581397533416748, 0.07825712114572525, 1.9049055576324463, 0.4090203046798706, 0.9657410979270935, 0.6061736345291138, 0.5297950506210327, 0.5278264284133911, 1.2259997129440308, 1.4335652589797974, 1.5409637689590454, 1.1731951236724854, 0.5811591148376465, 1.648197054862976, 0.34480786323547363, -0.1270330846309662, 1.3975484371185303, 1.148814082145691, 1.3448514938354492, 1.5846806764602661, -0.07382479310035706, 0.7183173298835754, 1.5677446126937866, 1.8434842824935913, 1.3408688306808472, 0.7081854343414307, 0.03910991549491882, 0.21174000203609467]"
reasoning,"[11, 4, 2, 7, 12, 5, 6, 5, 17]",34,"[0.8201823234558105, 0.030996419489383698, 0.9791325330734253, 0.07979406416416168, 1.065268874168396, 0.08077847957611084, 0.24197879433631897, 0.3445620834827423, 0.7243108749389648, 0.9690812230110168, 0.5095183849334717, 1.0976089239120483, 0.6436716318130493, 1.7211823463439941, 0.3710079789161682, 0.8389062285423279, 1.101961612701416, 0.4882962107658386, 1.0646768808364868, 0.1251276433467865, 0.04850247874855995, -0.021237123757600784, 1.3182402849197388, 0.7249314188957214, 0.25622671842575073, 0.740441083908081, 0.9818775653839111, 0.1015501618385315, 1.1516882181167603, 0.5317357778549194, 0.983065128326416, 0.327240914106369, 0.6930292248725891, 0.1564849317073822, 0.9842543005943298, 1.0285463333129883, 0.4443712532520294, 0.48026901483535767, 0.6560928821563721, 0.7435605525970459, 0.21759815514087677, 1.2612844705581665, 1.341187834739685, 1.1194044351577759, 1.2846606969833374, 0.41680994629859924, 1.3617501258850098, 1.4048597812652588, 0.49064069986343384, 1.1525737047195435, 1.1606988906860352, 0.18078984320163727, 1.325986385345459, 1.3119096755981445, 0.45372217893600464, 0.9494260549545288, 0.022278480231761932, 0.5194029211997986, 0.877699077129364, 1.4642952680587769, 0.47187551856040955, 0.9798716306686401, 0.05022549629211426, 0.7128415107727051]"
refute,"[11, 4, 22, 13, 8, 4]",34,"[0.7207355499267578, 0.0021608322858810425, 0.946871817111969, 0.09305138885974884, 1.211100697517395, 0.17700046300888062, 0.16414771974086761, 0.4877611994743347, 0.9712234735488892, 1.0473982095718384, 0.848150372505188, 1.1043535470962524, 0.6297598481178284, 2.1755971908569336, 0.1993667036294937, 0.919276773929596, 0.9913297891616821, 0.6640715599060059, 0.9192898869514465, 0.018734842538833618, 0.014783680438995361, -0.04574953764677048, 1.0835089683532715, 0.664892852306366, 0.20946025848388672, 0.5209400057792664, 1.3506748676300049, 0.05638940632343292, 1.6201807260513306, 0.18931320309638977, 1.0446455478668213, 0.2578916549682617, 0.5509318113327026, 0.1380125880241394, 0.8674680590629578, 0.9866760969161987, 0.3638436198234558, 0.7570080757141113, 0.4163704514503479, 0.6102913022041321, 0.06633476912975311, 1.2437660694122314, 1.0831407308578491, 0.909598708152771, 1.8035513162612915, 0.2311677634716034, 1.7555001974105835, 1.8630831241607666, 0.34152787923812866, 1.4919655323028564, 1.0166916847229004, 0.19045676290988922, 1.001184344291687, 1.3384264707565308, 0.5400572419166565, 0.9869613647460938, 0.010456465184688568, 0.44172823429107666, 0.9676805734634399, 1.759718418121338, 0.5036924481391907, 0.7686173915863037, 0.004191040992736816, 0.6434330940246582]"
reliability,"[11, 4, 14, 6, 2, 10, 6, 14, 6, 8, 21]",34,"[1.3486816883087158, -0.09886375069618225, 0.3846336007118225, 0.4378686845302582, 0.5748365521430969, 0.20119109749794006, 0.6909393072128296, 0.36351653933525085, 0.7325509190559387, 0.533786416053772, 0.5759503841400146, 0.15388575196266174, 0.2975981831550598, 0.8377745151519775, 0.6383979916572571, 0.7062929272651672, 1.7542798519134521, 0.42616531252861023, 2.216559648513794, 0.504202663898468, 0.45122939348220825, 0.019085578620433807, 1.312723159790039, 0.6566237807273865, 0.8044431805610657, 0.6014076471328735, 0.4262317717075348, -0.1449774205684662, 0.5100898146629333, 0.6535341739654541, 0.15140599012374878, 0.7970366477966309, 1.7898125648498535, 0.5894715785980225, 1.552178144454956, 2.1806154251098633, 0.6776135563850403, 0.4481898546218872, 0.6954658627510071, 0.2829064726829529, 1.0349923372268677, 0.20422764122486115, 2.429030418395996, 2.2009241580963135, 0.5357023477554321, 0.3961315155029297, 0.5743992328643799, 0.7474103569984436, 1.2542307376861572, 0.6146974563598633, 2.1860158443450928, -0.012790024280548096, 0.6865280866622925, 0.4452931582927704, 0.5820672512054443, 0.5992890000343323, -0.033410295844078064, 0.7410426139831543, 0.5443479418754578, 0.6204007267951965, 0.3423776924610138, 0.8236419558525085, 0.09648819267749786, 1.3912286758422852]"
revision,"[11, 4, 28, 6, 7, 6, 12, 5]",34,"[0.8085519671440125, 0.014514356851577759, 1.1141828298568726, 0.1831670105457306, 1.1104888916015625, -0.01226283609867096, 0.22118346393108368, 0.3068010210990906, 0.7703465819358826, 1.1974455118179321, 0.379961758852005, 1.118208408355713, 0.6945256590843201, 1.8091661930084229, 0.5610486268997192, 0.8652610182762146, 1.2506591081619263, 0.3816604018211365, 1.0555208921432495, 0.20689593255519867, 0.042133066803216934, 0.0032757744193077087, 1.6994388103485107, 1.009629249572754, 0.43405279517173767, 0.9066191911697388, 0.7436800003051758, 0.09369798004627228, 1.0492122173309326, 0.9392770528793335, 1.04344642162323, 0.5214899182319641, 0.7386062145233154, 0.19561578333377838, 1.1299922466278076, 0.9735035300254822, 0.666593074798584, 0.22223244607448578, 0.9735223650932312, 1.0297415256500244, 0.3952672481536865, 1.4360568523406982, 1.3928264379501343, 1.1660012006759644, 1.085858941078186, 0.5783467888832092, 1.3136687278747559, 1.3156325817108154, 0.5946254730224609, 1.1246397495269775, 1.241172432899475, 0.11228242516517639, 1.6131536960601807, 1.3752915859222412, 0.4183378219604492, 1.1765228509902954, 0.0004736706614494324, 0.7131026387214661, 1.0070019960403442, 1.6319799423217773, 0.5610349774360657, 1.2567771673202515, 0.038753531873226166, 0.6727448105812073]"
social,"[7, 12, 18, 6, 2, 14]",34,"[1.146443247795105, -0.008152991533279419, 0.5491983890533447, 0.3451508581638336, 0.8775864243507385, 0.1652153879404068, 0.4950637221336365, 0.39051324129104614, 0.8136807680130005, 0.9115062952041626, 0.46053850650787354, 0.547760546207428, 0.3316230773925781, 1.2610316276550293, 0.6330223679542542, 0.5822068452835083, 1.5895156860351562, 0.39492323994636536, 1.6672956943511963, 0.3550730347633362, 0.21560999751091003, -0.005889832973480225, 1.384255051612854, 0.8994948267936707, 0.629277229309082, 0.4843766391277313, 0.5180598497390747, 0.009618952870368958, 0.632156491279602, 0.6679968237876892, 0.4197700619697571, 0.6893717646598816, 1.2827260494232178, 0.4284479320049286, 1.386283040046692, 1.629223346710205, 0.6485732197761536, 0.36217552423477173, 0.7745734453201294, 0.7872910499572754, 0.6527500748634338, 0.7782773971557617, 1.985556721687317, 1.664024829864502, 0.6450842618942261, 0.3831578493118286, 0.8244073390960693, 0.973148763179779, 0.9310804605484009, 0.7743778228759766, 1.787184238433838, 0.09910853207111359, 0.8996446132659912, 0.633417546749115, 0.30314844846725464, 0.9193512797355652, 0.010694675147533417, 0.8154847025871277, 0.8065146207809448, 1.054976463317871, 0.36860400438308716, 0.8906903862953186, 0.06709061563014984, 1.0609207153320312]"
subjective,"[7, 13, 10, 23, 4, 18, 8, 6, 28, 4]",34,"[0.7212703824043274, -0.08297625184059143, 0.6108663082122803, 0.9333629608154297, 1.617714762687683, 0.33563387393951416, 0.23798023164272308, 1.0310040712356567, 1.9272037744522095, 1.5783733129501343, 1.565071940422058, -0.09231188893318176, -0.057978443801403046, 2.393303632736206, 0.4577512741088867, 0.6801577806472778, 1.368727445602417, 1.2404816150665283, 1.2469046115875244, 0.5474294424057007, 0.49977225065231323, 0.1363910734653473, 0.8793084025382996, 1.3280900716781616, 1.1522572040557861, 0.390581876039505, 0.8058822154998779, -0.1315039098262787, 1.1268595457077026, 0.8027504682540894, 0.06437177956104279, 0.9050236940383911, 1.2249505519866943, 0.4145256578922272, 1.0804963111877441, 1.1887688636779785, 1.0983223915100098, 0.7811643481254578, 0.9531468152999878, 0.7376357316970825, 0.7783074975013733, 0.19172875583171844, 1.4769102334976196, 1.1334155797958374, 1.1524176597595215, 0.5204639434814453, 1.3717989921569824, 1.6044046878814697, 0.6943957805633545, 1.6195356845855713, 1.408160924911499, 0.003951936960220337, 0.1428413987159729, 0.2604849934577942, 0.49452176690101624, 1.546717643737793, -0.004404336214065552, 1.324421763420105, 1.546634316444397, 1.7012580633163452, 0.7024965882301331, 0.13201753795146942, 0.0262516587972641, 0.510482907295227]"
text structure,"[8, 4, 27, 8, 31, 7, 8, 11, 13, 18, 8, 13, 11, 4]",34,"[0.0342579260468483, -0.09946972131729126, 1.9862818717956543, 0.27534231543540955, 1.9599403142929077, -0.028258010745048523, 0.01540006697177887, 1.0143293142318726, 1.5002466440200806, 1.7448598146438599, 1.6821898221969604, 0.5367766618728638, 0.6323282122612, 2.5242297649383545, 0.05086594820022583, 1.8759771585464478, 0.17223984003067017, 1.1403677463531494, 0.1345696747303009, -0.06608034670352936, 0.018685854971408844, 0.018354523926973343, 0.950893223285675, 1.0076466798782349, 0.04866615682840347, 1.670203447341919, 1.5982630252838135, -0.14614996314048767, 1.7685023546218872, 1.1989065408706665, 1.022071361541748, 0.6978585720062256, 0.15665268898010254, 0.043532900512218475, 0.07852444052696228, 0.26562029123306274, 1.2739214897155762, 0.6166443824768066, 1.491844654083252, 0.22221586108207703, 0.5008544325828552, 0.8453459739685059, 0.09071235358715057, 0.2405603528022766, 2.179216146469116, 1.2544214725494385, 2.1812047958374023, 1.9401134252548218, 0.2517785131931305, 2.2592921257019043, 0.1274641901254654, -0.019511520862579346, 1.3987510204315186, 1.6551676988601685, 1.4946624040603638, 1.5167933702468872, -0.026162609457969666, 0.38562238216400146, 1.684747576713562, 2.2568156719207764, 1.4103810787200928, 0.638342022895813, 0.02120719850063324, 0.08729653805494308]"
thesis,"[8, 9, 4, 7, 6, 7]",34,"[1.694705843925476, 0.1710277795791626, 0.3070729374885559, 0.013275450095534325, 0.392994225025177, 0.1664973795413971, 0.9678725004196167, 0.032659247517585754, 0.13136351108551025, 0.3563276529312134, -0.08815181255340576, 1.0935518741607666, 0.5045770406723022, 0.9262484908103943, 0.7253497242927551, 0.25796160101890564, 2.046225070953369, 0.20175953209400177, 2.2515015602111816, 0.2899778187274933, 0.1630806177854538, -0.04906141757965088, 1.5560013055801392, 0.4469377100467682, 0.5097384452819824, 0.16200515627861023, 0.3305136561393738, 0.3510512113571167, 0.4334375262260437, 0.22199276089668274, 0.7335445284843445, 0.29826584458351135, 1.582871913909912, 0.6030275225639343, 1.8105477094650269, 2.239633321762085, -0.05917668342590332, 0.3282950222492218, 0.1770467609167099, 1.0584174394607544, 0.16557961702346802, 1.19200599193573, 2.669497489929199, 2.3871724605560303, 0.36921805143356323, 0.011724090203642845, 0.46853452920913696, 0.6906130313873291, 0.8209249973297119, 0.30892258882522583, 2.324734687805176, 0.32793930172920227, 0.9429256319999695, 0.8432177901268005, -0.035579923540353775, 0.40430182218551636, 0.1264076828956604, 0.4951479136943817, 0.2464713752269745, 0.6187226176261902, 0.011747675947844982, 1.0876153707504272, 0.1003442034125328, 1.6816489696502686]"
validity,"[28, 2, 14, 6, 20, 6, 8, 21]",34,"[0.847351610660553, 0.04040363430976868, 0.5268846750259399, 0.45251935720443726, 1.0879329442977905, 0.3845088481903076, 0.44336557388305664, 0.7580732107162476, 1.211553692817688, 0.934988260269165, 0.9896500706672668, 0.23729023337364197, 0.07937687635421753, 1.6321203708648682, 0.35024911165237427, 0.5207791924476624, 1.1988298892974854, 1.0089315176010132, 1.3537051677703857, 0.4089272618293762, 0.394834965467453, 0.04085864871740341, 0.7232160568237305, 0.7622966766357422, 0.7255152463912964, 0.3381165862083435, 0.7529559135437012, 0.07530169188976288, 0.8224906921386719, 0.47534313797950745, 0.2073715627193451, 0.5558136105537415, 1.1442914009094238, 0.3589416444301605, 0.9692520499229431, 1.2936537265777588, 0.5695257782936096, 0.7474098205566406, 0.5405680537223816, 0.5646482706069946, 0.4969269037246704, 0.3566351532936096, 1.5033386945724487, 1.2393560409545898, 0.9264193773269653, 0.3385865092277527, 1.0009135007858276, 1.269472360610962, 0.5784040689468384, 1.1269986629486084, 1.2907921075820923, 0.23397022485733032, 0.29234278202056885, 0.3741881847381592, 0.3465513288974762, 0.9434864521026611, 0.09432803094387054, 0.8675353527069092, 0.9732500314712524, 1.1056654453277588, 0.49450448155403137, 0.2327633798122406, 0.08962628990411758, 0.7005962133407593]"
verify,"[28, 4, 11, 6, 22, 21]",34,"[0.668953537940979, 0.12780769169330597, 0.7172856330871582, 0.21861141920089722, 0.923050582408905, 0.5030531883239746, 0.28328320384025574, 0.5788735747337341, 0.9062551856040955, 0.713839054107666, 0.9513176083564758, 0.6444708108901978, 0.3707622289657593, 1.7698562145233154, 0.21743685007095337, 0.7043663859367371, 0.8194375038146973, 0.9335556626319885, 0.9815144538879395, 0.23760133981704712, 0.2086150050163269, 0.010739389806985855, 0.7056904435157776, 0.484273225069046, 0.43127086758613586, 0.4394133687019348, 1.1069915294647217, 0.18811291456222534, 1.2843869924545288, 0.26135754585266113, 0.6763870716094971, 0.28162693977355957, 0.7135814428329468, 0.239085853099823, 0.7247838377952576, 0.9146535992622375, 0.342160701751709, 0.8814995288848877, 0.2896910011768341, 0.4473462998867035, 0.25912898778915405, 0.6822069883346558, 1.0503265857696533, 0.9224501252174377, 1.4216504096984863, 0.21260644495487213, 1.2476662397384644, 1.4847888946533203, 0.32287150621414185, 1.2764123678207397, 1.00363028049469, 0.367510050535202, 0.6341724991798401, 0.8968715667724609, 0.46769779920578003, 0.7121580243110657, 0.13341237604618073, 0.4568865895271301, 0.8064528107643127, 1.235100269317627, 0.42416301369667053, 0.4649428129196167, 0.0487162321805954, 0.544479489326477]"
Content Words,"[18, 12, 5, 8, 4, 5, 8, 31, 26, 12, 11, 20, 7]",34,"[0.27697423100471497, 0.0439281240105629, 1.4770793914794922, 0.06541808694601059, 1.1597998142242432, 0.33460384607315063, 0.19968079030513763, 0.6514359712600708, 0.8615846633911133, 0.9471474885940552, 1.022056221961975, 0.8249058723449707, 0.6449242830276489, 1.8707242012023926, 0.08961556851863861, 1.270490050315857, 0.3450238108634949, 0.9805076718330383, 0.4009282886981964, 0.08698228746652603, 0.1254875361919403, 0.03364352881908417, 0.8508721590042114, 0.5424871444702148, 0.12867781519889832, 1.2044856548309326, 1.3303790092468262, 0.06684476137161255, 1.477468490600586, 0.7775441408157349, 1.1201997995376587, 0.2993662357330322, 0.35560426115989685, 0.08803406357765198, 0.2672363817691803, 0.4651041626930237, 0.5537879467010498, 0.689312219619751, 0.8030089139938354, 0.2779296338558197, 0.2667636573314667, 0.9877077341079712, 0.4369010329246521, 0.4986463189125061, 1.7674219608306885, 0.7192085981369019, 1.6316888332366943, 1.6567617654800415, 0.18093684315681458, 1.673053503036499, 0.3967010974884033, 0.2996974289417267, 1.2826818227767944, 1.4679811000823975, 0.9437801241874695, 0.8637298345565796, 0.07420031726360321, 0.29292726516723633, 1.0490641593933105, 1.616076946258545, 0.8584981560707092, 0.6987247467041016, 0.07512333244085312, 0.22040705382823944]"
abolition,"[2, 10, 12, 14, 6, 8, 6, 12, 5]",34,"[0.5442205667495728, -0.009277597069740295, 0.7276486158370972, 0.45670491456985474, 1.1920666694641113, 0.2592305541038513, 0.28882041573524475, 0.7434036135673523, 1.217726230621338, 1.1573433876037598, 0.87723708152771, 0.13306330144405365, 0.11461710929870605, 1.4690780639648438, 0.40398234128952026, 0.6340662240982056, 0.9109338521957397, 0.8215843439102173, 0.9894014596939087, 0.4205813407897949, 0.2609385848045349, 0.04837945103645325, 0.8669610619544983, 1.0117403268814087, 0.6553909778594971, 0.6882229447364807, 0.5619906187057495, 0.006620869040489197, 0.6745703220367432, 0.8871349096298218, 0.1344044804573059, 0.7036378979682922, 0.9007794857025146, 0.3005692958831787, 0.7594369649887085, 0.9036288261413574, 0.9309152364730835, 0.3998734951019287, 1.0179705619812012, 0.5631058812141418, 0.6580954194068909, 0.35469168424606323, 1.1512541770935059, 0.893244206905365, 0.7221399545669556, 0.6913976669311523, 0.959149956703186, 0.9692758917808533, 0.616632342338562, 1.1597589254379272, 1.0008337497711182, 0.15799693763256073, 0.5565276145935059, 0.45731279253959656, 0.46625542640686035, 1.0956825017929077, 0.04972454160451889, 0.848219633102417, 1.1258232593536377, 1.1330153942108154, 0.6400277018547058, 0.4161098003387451, 0.0703604593873024, 0.4477766156196594]"
amendment,"[2, 19, 4, 5, 20, 19, 4, 5, 8]",34,"[1.3471852540969849, 0.05327359586954117, 0.22710978984832764, 0.32458093762397766, 0.5804747343063354, 0.1014254167675972, 0.8039240837097168, 0.18103285133838654, 0.5214943289756775, 0.6617099642753601, 0.09569765627384186, 0.5850272178649902, 0.28603261709213257, 0.9532799124717712, 0.7472326755523682, 0.1715121865272522, 1.8808366060256958, 0.17493927478790283, 2.0079457759857178, 0.4617556929588318, 0.2288082242012024, -0.0025296490639448166, 1.438339352607727, 0.8033397197723389, 0.7887545228004456, 0.19497522711753845, 0.18748785555362701, 0.13670915365219116, 0.30998754501342773, 0.4472859501838684, 0.32417169213294983, 0.576719343662262, 1.642524003982544, 0.6289456486701965, 1.6769427061080933, 1.9386281967163086, 0.3421664834022522, 0.16632674634456635, 0.5198659300804138, 0.9708263874053955, 0.45308175683021545, 0.7622131109237671, 2.4770567417144775, 2.0573065280914307, 0.21226629614830017, 0.14977988600730896, 0.43653011322021484, 0.5808417797088623, 0.9466246366500854, 0.4110236167907715, 2.170562267303467, 0.13215476274490356, 0.6987113952636719, 0.4380348324775696, 0.007461719214916229, 0.6969689726829529, 0.042881667613983154, 0.8496593832969666, 0.5249761343002319, 0.7174638509750366, 0.09048259258270264, 0.8909577131271362, 0.08162408322095871, 1.3414500951766968]"
atmosphere,"[2, 8, 19, 12, 7, 3, 9, 4, 11, 4]",34,"[0.7051929235458374, -0.06345255672931671, 1.049290657043457, 0.5476080179214478, 1.4856529235839844, -0.06718878448009491, 0.11280948668718338, 0.6120291948318481, 1.3120536804199219, 1.6236836910247803, 0.8735601305961609, 0.4688407778739929, 0.393182635307312, 1.9356529712677002, 0.6301189661026001, 0.9661228656768799, 1.2617825269699097, 0.6137897968292236, 1.0501859188079834, 0.252023845911026, 0.0918700322508812, 0.04707293212413788, 1.541603922843933, 1.339241623878479, 0.6102935075759888, 0.9882645010948181, 0.6720303297042847, -0.07521551847457886, 0.9106392860412598, 1.1894495487213135, 0.5362780094146729, 0.9023903608322144, 0.8347184658050537, 0.29038992524147034, 1.110182285308838, 0.9831706285476685, 1.1873788833618164, 0.21151873469352722, 1.3937604427337646, 0.8991270065307617, 0.8159390091896057, 0.8599382638931274, 1.3934768438339233, 1.1887153387069702, 0.955600380897522, 0.8617186546325684, 1.2774494886398315, 1.2030092477798462, 0.8247416019439697, 1.2260785102844238, 1.2497029304504395, -0.0426347553730011, 1.1915366649627686, 0.9546778202056885, 0.6439871788024902, 1.5010318756103516, -0.026277363300323486, 0.924785852432251, 1.3287984132766724, 1.665328860282898, 0.767657458782196, 0.9471080303192139, 0.027388516813516617, 0.6069582104682922]"
atom,"[2, 8, 12, 19]",34,"[1.3890334367752075, -0.002525418996810913, 0.29230427742004395, 0.3883577287197113, 0.7811999320983887, 0.05166742205619812, 0.6532166004180908, 0.1715211570262909, 0.658489465713501, 0.9221281409263611, 0.1199740543961525, 0.7022637724876404, 0.351276695728302, 1.1248526573181152, 0.8635473251342773, 0.2426518201828003, 2.0219433307647705, 0.17009598016738892, 2.0512948036193848, 0.5180898308753967, 0.16805696487426758, -0.026665229350328445, 1.6478955745697021, 1.0106183290481567, 0.8095629811286926, 0.29340147972106934, 0.24668195843696594, 0.06368966400623322, 0.4075114130973816, 0.6285768151283264, 0.39389264583587646, 0.7401508092880249, 1.650313138961792, 0.6125532388687134, 1.8404690027236938, 1.9888207912445068, 0.5707002282142639, 0.17462275922298431, 0.7046652436256409, 1.0797945261001587, 0.6657362580299377, 0.8946613073348999, 2.6111245155334473, 2.105726480484009, 0.32739174365997314, 0.28326934576034546, 0.6232276558876038, 0.6756587028503418, 1.1744741201400757, 0.5626401901245117, 2.3072433471679688, 0.06816834211349487, 0.8846063613891602, 0.5260098576545715, 0.029474515467882156, 0.8480574488639832, -0.005580037832260132, 1.0339161157608032, 0.6854650974273682, 0.9192467331886292, 0.1579003781080246, 1.0766514539718628, 0.04715747758746147, 1.3424416780471802]"
Bill of Rights,"[10, 6, 14, 14, 31, 12, 22, 31, 11, 6, 17, 9, 8, 7]",34,"[0.11537861824035645, -0.047198086977005005, 2.1842904090881348, 0.00806809589266777, 1.6052340269088745, -0.04889301955699921, -0.02807457745075226, 0.6334131360054016, 0.9565423727035522, 1.3740267753601074, 1.1917963027954102, 1.1462342739105225, 1.058867335319519, 2.3631837368011475, 0.1600319892168045, 1.996772289276123, 0.2177172601222992, 0.8364001512527466, 0.12975236773490906, -0.07406140863895416, -0.06309957802295685, -0.03742370381951332, 1.3958914279937744, 0.7426007390022278, -0.11266525089740753, 1.901824712753296, 1.5697355270385742, -0.06244361400604248, 1.8959877490997314, 1.3504343032836914, 1.6515754461288452, 0.4925392270088196, 0.029061883687973022, 0.031879521906375885, 0.2231043577194214, 0.25664258003234863, 0.9799175262451172, 0.44215482473373413, 1.3741744756698608, 0.3566627502441406, 0.5027987957000732, 1.4775972366333008, 0.10863152146339417, 0.31232017278671265, 2.2525181770324707, 1.2002795934677124, 2.173401355743408, 1.9645885229110718, 0.2990819811820984, 2.058744192123413, 0.17629942297935486, 0.07645675539970398, 2.110067844390869, 2.245373010635376, 1.468846082687378, 1.210389256477356, -0.03143690526485443, 0.15099242329597473, 1.2973319292068481, 2.223426342010498, 1.3081319332122803, 1.2100764513015747, 0.0056015849113464355, 0.20338691771030426]"
biosphere,"[10, 6, 12, 7, 3, 9, 4, 11, 4]",34,"[1.0328729152679443, -0.03748926520347595, 0.9049543142318726, 0.23903343081474304, 0.9851218461990356, 0.06749601662158966, 0.41732555627822876, 0.39456087350845337, 0.8443382978439331, 0.9258050322532654, 0.6422288417816162, 0.7249612212181091, 0.5532727837562561, 1.5945091247558594, 0.49133479595184326, 0.9407199025154114, 1.3720144033432007, 0.5409318804740906, 1.4730379581451416, 0.20208819210529327, 0.1586778461933136, -0.0005979500710964203, 1.4048134088516235, 0.7560491561889648, 0.4511243402957916, 0.7868212461471558, 0.8317174911499023, -0.05073884129524231, 1.0030957460403442, 0.7093719840049744, 0.7637014389038086, 0.5685002207756042, 1.0517072677612305, 0.3140001595020294, 1.190380334854126, 1.456129550933838, 0.6281236410140991, 0.45696842670440674, 0.7817654013633728, 0.5555177927017212, 0.5397566556930542, 0.9410886764526367, 1.7280709743499756, 1.61545991897583, 1.0746111869812012, 0.49633708596229553, 1.2044724225997925, 1.2583510875701904, 0.786462664604187, 1.0112320184707642, 1.5358891487121582, 0.05433392524719238, 1.1299132108688354, 1.106705665588379, 0.6063600778579712, 0.9038206934928894, -0.026266172528266907, 0.5442436337471008, 0.8307507038116455, 1.3116241693496704, 0.5277086496353149, 1.0000005960464478, 0.07984073460102081, 1.0226408243179321]"
cellular respiration,"[18, 4, 14, 14, 13, 14, 2, 11, 31, 11, 4, 7, 3, 6, 11, 2, 8, 6, 12, 5]",34,"[0.6827834844589233, -0.07498273253440857, 1.3486584424972534, 0.5152194499969482, 1.184562087059021, -0.18179546296596527, 0.16970135271549225, 0.4466712474822998, 0.9944588541984558, 1.4653877019882202, 0.6992460489273071, 0.3149600625038147, 0.5982800722122192, 1.2479372024536133, 0.7199773192405701, 1.4642666578292847, 1.10080885887146, 0.3940521776676178, 1.0510187149047852, 0.2844972014427185, 0.09838615357875824, 0.07656332850456238, 1.7622016668319702, 1.1750739812850952, 0.5549100637435913, 1.7278294563293457, 0.49591824412345886, -0.17039737105369568, 0.7743372321128845, 1.6942148208618164, 0.6020983457565308, 1.0699044466018677, 0.8876067399978638, 0.3317064642906189, 0.9407646656036377, 1.0282659530639648, 1.4606891870498657, -0.010824963450431824, 1.8066774606704712, 0.5495195984840393, 1.2307286262512207, 0.6750904321670532, 1.3786768913269043, 1.2411795854568481, 0.8437345027923584, 1.2137012481689453, 1.056128740310669, 0.7998589873313904, 1.0910471677780151, 1.093083381652832, 1.2650785446166992, -0.1216447651386261, 1.7690150737762451, 1.1684250831604004, 1.0937005281448364, 1.3264291286468506, -0.07392331957817078, 0.7157009840011597, 1.1591999530792236, 1.4309842586517334, 0.9732547998428345, 1.2727516889572144, 0.04166419059038162, 0.6615958213806152]"
checks and balances,"[18, 9, 4, 18, 16, 7, 31, 2, 5, 20, 31, 10, 2, 14, 2, 5, 18, 4, 7]",34,"[0.30079784989356995, 0.07586599141359329, 1.6480969190597534, 0.07678815722465515, 1.349376916885376, 0.49199002981185913, 0.0837174728512764, 0.7912158966064453, 1.067160964012146, 0.9420937895774841, 1.4321224689483643, 0.7575271129608154, 0.6893758773803711, 2.0354936122894287, -0.017615124583244324, 1.7108402252197266, 0.2118510901927948, 1.1877009868621826, 0.3216117024421692, -0.04870693385601044, 0.15016058087348938, 0.00020033679902553558, 0.7313193082809448, 0.3300631046295166, 0.03818083554506302, 1.3626182079315186, 1.600074291229248, -0.003199845552444458, 1.825973629951477, 0.8070051670074463, 1.1754376888275146, 0.407260537147522, 0.29281944036483765, 0.013694137334823608, 0.038964882493019104, 0.45141851902008057, 0.7093060612678528, 0.9904382228851318, 0.8304800987243652, -0.03609691560268402, 0.3699093461036682, 0.8539119958877563, 0.20272333920001984, 0.3307156562805176, 2.3152894973754883, 0.7967396378517151, 1.9326505661010742, 1.9693511724472046, 0.29971855878829956, 1.9615025520324707, 0.22493240237236023, 0.30750572681427, 1.2553117275238037, 1.5645182132720947, 1.2944755554199219, 0.8230897784233093, 0.0929143875837326, 0.17813211679458618, 1.164459228515625, 1.8282743692398071, 1.076350212097168, 0.5419073700904846, 0.0483037531375885, 0.2466808259487152]"
chemical reaction,"[18, 9, 4, 19, 6, 18, 2, 14, 31, 11, 4, 2, 18, 8, 6, 12, 5]",34,"[0.4541889429092407, -0.054039135575294495, 1.9998000860214233, 0.21170049905776978, 1.7560670375823975, -0.054132118821144104, 0.10932867228984833, 0.6799665689468384, 1.152037501335144, 1.6916518211364746, 1.0834503173828125, 1.027547001838684, 0.8895429372787476, 2.416837453842163, 0.38297951221466064, 1.748673439025879, 0.6927245855331421, 0.8112543225288391, 0.5894747972488403, 0.024225182831287384, 0.03872041031718254, 0.014185663312673569, 1.711471438407898, 1.1510450839996338, 0.16623733937740326, 1.733311414718628, 1.3054553270339966, -0.04205670952796936, 1.5872132778167725, 1.5013972520828247, 1.3407490253448486, 0.7311860918998718, 0.39909636974334717, 0.08000730723142624, 0.6388700604438782, 0.6020218729972839, 1.173102617263794, 0.3339976668357849, 1.6153380870819092, 0.7241950035095215, 0.6404930949211121, 1.4565509557724, 0.6822733879089355, 0.731476366519928, 1.8846690654754639, 1.2109729051589966, 1.9559707641601562, 1.798144817352295, 0.5009243488311768, 1.8792365789413452, 0.6519063115119934, 0.03216665983200073, 2.058121919631958, 1.938661813735962, 1.2261691093444824, 1.543678641319275, -0.014254406094551086, 0.48584699630737305, 1.5260910987854004, 2.2559919357299805, 1.2629010677337646, 1.3215692043304443, 0.048295289278030396, 0.3812533915042877]"
Civil War,"[18, 6, 28, 6, 14, 31, 26, 2, 11]",34,"[1.154320240020752, -0.008771300315856934, 1.1685717105865479, 0.07513746619224548, 0.6174182891845703, 0.021569296717643738, 0.3735029101371765, 0.10779816657304764, 0.3209584951400757, 0.7942625284194946, 0.267001748085022, 1.2174893617630005, 0.901884913444519, 1.143921136856079, 0.6348242163658142, 1.2109020948410034, 1.458498239517212, 0.21338406205177307, 1.453847885131836, 0.11762772500514984, 0.08998900651931763, 0.014957532286643982, 1.8839298486709595, 0.594315767288208, 0.2575686275959015, 1.2258312702178955, 0.7461971044540405, 0.005579441785812378, 0.9192537069320679, 0.9381457567214966, 1.203517198562622, 0.5410101413726807, 0.9638466238975525, 0.24706056714057922, 1.2235018014907837, 1.4065766334533691, 0.5461652874946594, 0.251298189163208, 0.9301381707191467, 0.7044426202774048, 0.5820703506469727, 1.3897358179092407, 1.7567919492721558, 1.7286627292633057, 1.0758312940597534, 0.575650691986084, 1.0024514198303223, 1.092597484588623, 0.8309080600738525, 0.8131271600723267, 1.581305742263794, 0.03227907419204712, 2.0128705501556396, 1.5956426858901978, 0.6976385116577148, 0.7912458777427673, -0.0463603138923645, 0.43812528252601624, 0.6503646373748779, 1.2687013149261475, 0.5196781158447266, 1.555665135383606, 0.06954404711723328, 1.0050002336502075]"
colonization,"[18, 12, 14, 12, 5, 6, 15, 2, 8, 6, 12, 5]",34,"[1.15987229347229, -0.03499351441860199, 0.427510142326355, 0.6452298760414124, 0.969960629940033, 0.19990874826908112, 0.5750329494476318, 0.49188458919525146, 1.1120685338974, 1.057309627532959, 0.6042080521583557, 0.22301538288593292, 0.13071542978286743, 1.333585262298584, 0.7516775131225586, 0.4549916982650757, 1.7243940830230713, 0.5137448310852051, 1.8687455654144287, 0.644991397857666, 0.4054825007915497, 0.06766439974308014, 1.3057018518447876, 1.1162630319595337, 1.0777332782745361, 0.46789708733558655, 0.3045298159122467, -0.036522746086120605, 0.4910028576850891, 0.8292338848114014, 0.12530146539211273, 0.837372362613678, 1.6666109561920166, 0.6020722389221191, 1.5457762479782104, 1.73787260055542, 0.863525927066803, 0.29866278171539307, 0.9396191239356995, 0.8053206205368042, 0.9059752821922302, 0.45037224888801575, 2.286760091781616, 1.8003469705581665, 0.48166704177856445, 0.4474515914916992, 0.7342936992645264, 0.8035956621170044, 1.0771304368972778, 0.8360471725463867, 2.014235258102417, 0.07794761657714844, 0.6675981283187866, 0.3596677780151367, 0.25905853509902954, 1.0409268140792847, -0.008517377078533173, 1.1598365306854248, 0.9696754217147827, 1.0112470388412476, 0.38783887028694153, 0.7082073092460632, 0.07742121070623398, 1.0337684154510498]"
controlled experiment,"[18, 12, 5, 8, 11, 12, 14, 14, 4, 20, 31, 4, 27, 3, 4, 11, 6, 19, 4, 5, 8]",34,"[0.6031865477561951, -0.0342000275850296, 0.9369806051254272, 0.5787563920021057, 1.4179232120513916, 0.3383294641971588, 0.29843148589134216, 0.9209693074226379, 1.588213324546814, 1.2967948913574219, 1.5081089735031128, 0.1682056486606598, 0.24974273145198822, 2.1537859439849854, 0.22311890125274658, 0.98746258020401, 0.8374629020690918, 1.21181321144104, 0.9362044930458069, 0.3025098443031311, 0.3387029469013214, 0.08147641271352768, 0.7745180726051331, 0.9165871739387512, 0.6653920412063599, 0.7838860154151917, 1.164746642112732, -0.11397621035575867, 1.4085383415222168, 0.6811330914497375, 0.4558761417865753, 0.5902901291847229, 0.8073697090148926, 0.2815861999988556, 0.5893787741661072, 0.9406739473342896, 0.8743399381637573, 0.8090386390686035, 0.8586587309837341, 0.32923954725265503, 0.5155473947525024, 0.39245104789733887, 1.054807424545288, 0.8698797225952148, 1.5788813829421997, 0.6009774208068848, 1.5421931743621826, 1.667783260345459, 0.45518356561660767, 1.754183292388916, 0.9685423374176025, 0.07477104663848877, 0.5665918588638306, 0.7615213394165039, 0.8319687247276306, 1.1737940311431885, -0.008717119693756104, 0.7810714244842529, 1.3377946615219116, 1.6760214567184448, 0.7916191816329956, 0.2564878761768341, 0.05041380971670151, 0.44174206256866455]"
coordinate plane,"[18, 12, 12, 11, 20, 6, 5, 2, 8, 4, 31, 3, 14, 2, 5, 4]",34,"[0.30886340141296387, -0.0071236491203308105, 1.6148604154586792, 0.15388986468315125, 1.4803472757339478, 0.13542582094669342, 0.13955968618392944, 0.7146639227867126, 1.1669988632202148, 1.2913806438446045, 1.2224441766738892, 0.9136403799057007, 0.6998023986816406, 2.3173065185546875, 0.13962574303150177, 1.4516278505325317, 0.45842796564102173, 0.9938048124313354, 0.40139061212539673, 0.029167696833610535, 0.10957100242376328, -0.025817180052399635, 1.076246738433838, 0.7223308682441711, 0.15160781145095825, 1.2510356903076172, 1.447454571723938, -0.022353172302246094, 1.6823394298553467, 0.8723929524421692, 1.1986078023910522, 0.4100205600261688, 0.28570854663848877, 0.06141873076558113, 0.3536040782928467, 0.47737622261047363, 0.7177194952964783, 0.6460857391357422, 0.9548313021659851, 0.43852174282073975, 0.28008463978767395, 1.1707960367202759, 0.40096133947372437, 0.4944295287132263, 1.9863415956497192, 0.8068802356719971, 1.9546313285827637, 1.8763726949691772, 0.20992137491703033, 1.86863374710083, 0.3710077106952667, 0.11653034389019012, 1.356346607208252, 1.6116644144058228, 1.0475363731384277, 1.1527256965637207, -0.008070617914199829, 0.3646312654018402, 1.2753171920776367, 2.0337305068969727, 1.0277049541473389, 0.7572268843650818, 0.03328525274991989, 0.237059086561203]"
data,"[20, 2, 8, 2]",34,"[1.1397380828857422, 0.2046983689069748, 0.2959044277667999, 0.2347436249256134, 0.8592054843902588, 0.17301128804683685, 0.5366249680519104, 0.335380494594574, 0.6552067399024963, 0.8714385628700256, 0.22405368089675903, 0.7954940795898438, 0.20502816140651703, 1.3058106899261475, 0.5815271735191345, 0.14020314812660217, 1.573994755744934, 0.42339998483657837, 1.613762378692627, 0.2934876084327698, 0.16120536625385284, -0.016152728348970413, 1.181221604347229, 0.7961018085479736, 0.5831781029701233, 0.09954316169023514, 0.4122759997844696, 0.42010676860809326, 0.5041128396987915, 0.2867558002471924, 0.41805729269981384, 0.41297414898872375, 1.194941759109497, 0.4446179270744324, 1.4504297971725464, 1.5899431705474854, 0.2636603116989136, 0.36266401410102844, 0.43646571040153503, 1.0536960363388062, 0.29634538292884827, 0.9135860204696655, 1.9600900411605835, 1.5631310939788818, 0.4803079664707184, 0.16179309785366058, 0.760235607624054, 0.8654382228851318, 0.6873564720153809, 0.5807908773422241, 1.6789098978042603, 0.4097297191619873, 0.551713228225708, 0.49937835335731506, -0.051374323666095734, 0.846187949180603, 0.18982039391994476, 0.7892599701881409, 0.6331577301025391, 0.9101131558418274, 0.1797347366809845, 0.6027270555496216, 0.042823098599910736, 1.0835376977920532]"
federalism,"[22, 4, 20, 4, 11, 2, 14, 6, 7, 19]",34,"[1.0549194812774658, -0.009253740310668945, 0.44896361231803894, 0.4882877767086029, 0.9472521543502808, 0.22720806300640106, 0.5299869775772095, 0.5011497735977173, 0.9822224974632263, 0.9665890336036682, 0.6371553540229797, 0.351840078830719, 0.1947440654039383, 1.412907361984253, 0.6536156535148621, 0.42878374457359314, 1.571466326713562, 0.589895486831665, 1.6270930767059326, 0.470805287361145, 0.27861011028289795, 0.028544295579195023, 1.228549599647522, 0.9493865370750427, 0.7950283288955688, 0.3622749149799347, 0.5009758472442627, -0.00015756487846374512, 0.6017398238182068, 0.6264188885688782, 0.26056936383247375, 0.6766824126243591, 1.35910964012146, 0.46680063009262085, 1.3589011430740356, 1.5282328128814697, 0.6160901784896851, 0.43875062465667725, 0.7478144764900208, 0.8077386617660522, 0.5957590341567993, 0.6068127155303955, 1.9680780172348022, 1.6826155185699463, 0.6145470142364502, 0.33181560039520264, 0.7639620900154114, 0.9211210608482361, 0.861343264579773, 0.8446297645568848, 1.7645254135131836, 0.12977543473243713, 0.659237802028656, 0.4541948139667511, 0.24854031205177307, 0.9635754227638245, 0.03198080509901047, 0.9216036796569824, 0.9047820568084717, 1.0678424835205078, 0.34479451179504395, 0.6896101236343384, 0.09183792024850845, 0.9580985307693481]"
force,"[22, 12, 11, 18, 4]",34,"[1.4049609899520874, 0.02410873770713806, 0.1263396292924881, 0.3816036283969879, 0.4576749801635742, 0.44870859384536743, 0.7959415912628174, 0.34564968943595886, 0.6774083375930786, 0.3861197531223297, 0.4885033071041107, 0.41005051136016846, 0.20755267143249512, 1.157935619354248, 0.4848129153251648, 0.1716131567955017, 1.672589659690857, 0.6330835223197937, 2.0841145515441895, 0.4829082489013672, 0.5178729295730591, 0.0715785101056099, 0.9584276080131531, 0.5026289224624634, 0.8873022794723511, -0.13057875633239746, 0.48852044343948364, 0.07476851344108582, 0.6472682952880859, 0.051798127591609955, 0.25939837098121643, 0.3507060408592224, 1.6164278984069824, 0.5462146401405334, 1.503141164779663, 2.0881903171539307, 0.050497107207775116, 0.6508011221885681, 0.041351016610860825, 0.5635083913803101, 0.344428688287735, 0.5237761735916138, 2.347439765930176, 2.029985189437866, 0.5911405086517334, -0.10530605167150497, 0.585561215877533, 0.9169490337371826, 0.7154791355133057, 0.5005946755409241, 2.010376214981079, 0.2331104725599289, 0.20858365297317505, 0.3304923474788666, 0.07848408818244934, 0.4171416163444519, 0.06915711611509323, 0.7328254580497742, 0.39751121401786804, 0.6276448965072632, 0.002976691350340843, 0.5077658295631409, 0.12871745228767395, 1.3204405307769775]"
geosphere,"[17, 4, 12, 7, 3, 9, 4, 11, 4]",34,"[0.9341712594032288, -0.03944525122642517, 0.8906331062316895, 0.36651521921157837, 1.1457433700561523, -0.038018107414245605, 0.2357078641653061, 0.37370026111602783, 0.9948256611824036, 1.2007465362548828, 0.6301186084747314, 0.7589889764785767, 0.5536219477653503, 1.8567829132080078, 0.6066468358039856, 0.8593851923942566, 1.4496206045150757, 0.47431886196136475, 1.3252005577087402, 0.2090110033750534, 0.08854223042726517, 0.007096230983734131, 1.6219593286514282, 1.0102232694625854, 0.5501184463500977, 0.7551923394203186, 0.7951760292053223, -0.03926384449005127, 1.0639344453811646, 0.8148400187492371, 0.7749083638191223, 0.6552092432975769, 0.9449107646942139, 0.3002762794494629, 1.3007603883743286, 1.281148910522461, 0.7664943337440491, 0.34404611587524414, 0.9301922917366028, 0.8079663515090942, 0.596204936504364, 1.0783393383026123, 1.6878395080566406, 1.5278750658035278, 1.0638879537582397, 0.5155776143074036, 1.2997514009475708, 1.2954905033111572, 0.8161746263504028, 1.061888337135315, 1.5029845237731934, 0.010298669338226318, 1.2186963558197021, 1.1065213680267334, 0.5444706678390503, 1.163783311843872, -0.03846558928489685, 0.7254419922828674, 0.978337824344635, 1.5609365701675415, 0.5165323615074158, 1.0871851444244385, 0.03704196214675903, 0.8985614776611328]"
gravity,"[17, 11, 2, 28, 6, 8, 21]",34,"[0.8620532155036926, -0.036292850971221924, 0.6533307433128357, 0.5226604342460632, 0.9927310943603516, 0.105792336165905, 0.24540257453918457, 0.48368680477142334, 1.091178297996521, 1.0851773023605347, 0.69319087266922, 0.3991628885269165, 0.3555561900138855, 1.4497840404510498, 0.5672462582588196, 0.7473039627075195, 1.341476321220398, 0.5275312662124634, 1.3653430938720703, 0.38060301542282104, 0.24516059458255768, 0.05527915060520172, 1.296765923500061, 0.9381006956100464, 0.732785165309906, 0.7410249710083008, 0.5951886177062988, -0.058928340673446655, 0.8106265068054199, 0.7921242713928223, 0.40420985221862793, 0.7638760209083557, 1.1551094055175781, 0.3914806544780731, 1.200710415840149, 1.2817773818969727, 0.8582161664962769, 0.3732941746711731, 0.9456737041473389, 0.6520819664001465, 0.8105802536010742, 0.584242045879364, 1.6775075197219849, 1.3254841566085815, 0.870567798614502, 0.5160731077194214, 0.9632208943367004, 1.0626744031906128, 0.8859735727310181, 0.9403907060623169, 1.4575165510177612, -0.004348039627075195, 0.9015806913375854, 0.6916499137878418, 0.542618453502655, 1.0684876441955566, -0.0340552031993866, 0.9408378005027771, 0.9222063422203064, 1.2273553609848022, 0.4896264672279358, 0.7551148533821106, 0.01857219636440277, 0.7424062490463257]"
hydrosphere,"[9, 21, 20, 11, 12, 7, 3, 9, 4, 11, 4]",34,"[0.9391465187072754, -0.05368833243846893, 0.7605860829353333, 0.41671720147132874, 0.9772158265113831, 0.12740783393383026, 0.3886966109275818, 0.48351675271987915, 1.0371731519699097, 0.9649251103401184, 0.8009060621261597, 0.36818891763687134, 0.3907877206802368, 1.5260391235351562, 0.512201189994812, 0.8735138773918152, 1.3246108293533325, 0.6686519980430603, 1.4559857845306396, 0.307344913482666, 0.22806116938591003, 0.021732021123170853, 1.2563422918319702, 0.7997068762779236, 0.6181155443191528, 0.721332848072052, 0.7686764001846313, -0.11589276790618896, 0.9223565459251404, 0.7484132051467896, 0.4655205011367798, 0.6914200186729431, 1.1300318241119385, 0.373457133769989, 1.145805835723877, 1.3990211486816406, 0.7629608511924744, 0.5190936923027039, 0.8173694014549255, 0.46740061044692993, 0.7314891815185547, 0.604156494140625, 1.6924618482589722, 1.5837122201919556, 0.9879276752471924, 0.5270769000053406, 1.0802010297775269, 1.1692804098129272, 0.8612498044967651, 1.0013378858566284, 1.4900124073028564, 0.03484296798706055, 0.8674992918968201, 0.7854874134063721, 0.6471675634384155, 0.9417924880981445, -0.021928519010543823, 0.6755478382110596, 0.8525484204292297, 1.2294423580169678, 0.5166279077529907, 0.8056085109710693, 0.07119236141443253, 0.9014315605163574]"
indigenous,"[6, 5, 20, 6, 17, 4, 5, 12, 13, 7]",34,"[0.7033026218414307, -0.07100893557071686, 0.8541032075881958, 0.5341150164604187, 1.2190511226654053, 0.027378976345062256, 0.22024737298488617, 0.5321621894836426, 1.1265066862106323, 1.3498128652572632, 0.7175986766815186, 0.23862875998020172, 0.3118113875389099, 1.4283885955810547, 0.6479849219322205, 0.8087660670280457, 1.2708584070205688, 0.4883505403995514, 1.1892508268356323, 0.4242784380912781, 0.18623505532741547, 0.06387359648942947, 1.4043961763381958, 1.2170027494430542, 0.7284599542617798, 0.9150606989860535, 0.4591076076030731, -0.08069974184036255, 0.6119024753570557, 1.1549242734909058, 0.29472973942756653, 0.9245826005935669, 1.0449860095977783, 0.3910627067089081, 1.0932607650756836, 1.0817837715148926, 1.1308166980743408, 0.1766214519739151, 1.3192390203475952, 0.766325831413269, 0.9010497331619263, 0.5517765283584595, 1.514442801475525, 1.2002077102661133, 0.6779097318649292, 0.8061774969100952, 0.9062344431877136, 0.8889023661613464, 0.9263806343078613, 1.0281782150268555, 1.3880490064620972, -0.009179800748825073, 1.0654308795928955, 0.6775380969047546, 0.5670686960220337, 1.2830729484558105, -0.0016355589032173157, 0.954016923904419, 1.1393123865127563, 1.281170129776001, 0.6414334177970886, 0.872352123260498, 0.04245084524154663, 0.6147171258926392]"
molecule,"[19, 12, 14, 4, 18, 13, 14, 4]",34,"[1.9364774227142334, -0.12014457583427429, 0.31122657656669617, 0.35242244601249695, 0.4672427475452423, 0.005140289664268494, 0.8667182326316833, 0.11181111633777618, 0.6337527632713318, 0.4994710683822632, 0.3314296007156372, 0.7251423597335815, 0.5559959411621094, 1.2082133293151855, 0.7499241828918457, 0.7048923373222351, 2.4065732955932617, 0.21966323256492615, 2.7293901443481445, 0.35263094305992126, 0.37679868936538696, 0.007590498775243759, 1.7837846279144287, 0.571722686290741, 0.844089925289154, 0.3035707473754883, 0.5129623413085938, -0.14024224877357483, 0.7842642664909363, 0.2580455541610718, 0.6421939134597778, 0.6205321550369263, 2.0431671142578125, 0.6808699369430542, 2.1154208183288574, 2.8024964332580566, 0.2870922386646271, 0.4863031506538391, 0.3400544822216034, 0.58237624168396, 0.68695467710495, 0.8856536149978638, 3.183680772781372, 2.9079482555389404, 0.7762244939804077, 0.053891249001026154, 0.8321810364723206, 1.0775662660598755, 1.290266752243042, 0.47771507501602173, 2.7218191623687744, -0.08283472061157227, 0.9033071398735046, 0.7951552271842957, 0.41199207305908203, 0.5520224571228027, -0.09858021140098572, 0.7603250741958618, 0.3381730616092682, 0.9189101457595825, 0.10440967231988907, 1.1683460474014282, 0.09084981679916382, 1.9693788290023804]"
motion,"[19, 12, 8, 6, 12, 5]",34,"[0.8649234175682068, 0.022003918886184692, 0.6443080902099609, 0.3329217731952667, 1.0233213901519775, 0.1143292635679245, 0.4083051085472107, 0.4169500470161438, 0.8671054244041443, 1.062790036201477, 0.38755229115486145, 0.618222713470459, 0.304615318775177, 1.397921085357666, 0.5999037027359009, 0.4201907515525818, 1.3222559690475464, 0.4028762876987457, 1.2710282802581787, 0.39804238080978394, 0.17525912821292877, -0.012850837782025337, 1.3010928630828857, 1.026044249534607, 0.6439704298973083, 0.49633654952049255, 0.41462811827659607, 0.09245912730693817, 0.5488004684448242, 0.7618640065193176, 0.4536764323711395, 0.6122236251831055, 1.0794830322265625, 0.3798299729824066, 1.1993650197982788, 1.1817991733551025, 0.6392027735710144, 0.18584008514881134, 0.8510996103286743, 0.9972271919250488, 0.4879174828529358, 0.8953554630279541, 1.6223596334457397, 1.2393440008163452, 0.5529696941375732, 0.46303635835647583, 0.8393653035163879, 0.9062150716781616, 0.7172698974609375, 0.816211462020874, 1.4074161052703857, 0.13963714241981506, 0.9183955788612366, 0.6790885329246521, 0.15076646208763123, 1.0146212577819824, 0.045361198484897614, 0.9000059366226196, 0.9310762882232666, 1.1385244131088257, 0.41192203760147095, 0.8062682151794434, 0.06496194750070572, 0.7360543012619019]"
ordered pair,"[12, 11, 20, 4, 11, 4, 20, 31, 3, 2, 6, 11]",34,"[0.7914572358131409, -0.048916444182395935, 1.378487229347229, 0.19834566116333008, 1.2822309732437134, -0.0574258416891098, 0.19981354475021362, 0.43078529834747314, 0.9183251261711121, 1.2803242206573486, 0.8380128741264343, 1.0738635063171387, 0.792485773563385, 2.082275867462158, 0.4649072289466858, 1.2830404043197632, 1.1338086128234863, 0.5738793611526489, 1.0640580654144287, 0.06714427471160889, 0.04233767092227936, 0.010564323514699936, 1.6222707033157349, 0.897166907787323, 0.2829720973968506, 1.1589275598526, 1.1426376104354858, -0.023311197757720947, 1.3974642753601074, 0.8835572004318237, 1.1844934225082397, 0.519036054611206, 0.6574031114578247, 0.1675039678812027, 0.9763269424438477, 0.9780354499816895, 0.7415235638618469, 0.408230185508728, 1.0346840620040894, 0.7022337913513184, 0.4185321629047394, 1.3354226350784302, 1.3003711700439453, 1.2773627042770386, 1.6106255054473877, 0.6712393760681152, 1.6239956617355347, 1.5418734550476074, 0.5515344738960266, 1.4434702396392822, 1.1911368370056152, 0.021057963371276855, 1.7138068675994873, 1.663590908050537, 0.8384363055229187, 1.2059743404388428, -0.04490317404270172, 0.4744327962398529, 1.1278769969940186, 1.8418104648590088, 0.7387056946754456, 1.240422248840332, 0.046119000762701035, 0.7183676958084106]"
organism,"[12, 11, 17, 2, 5, 6, 7, 19]",34,"[0.6924505829811096, 0.04267853498458862, 1.0808278322219849, 0.23063457012176514, 1.3142040967941284, 0.14422714710235596, 0.2754672169685364, 0.5510047674179077, 0.9446500539779663, 1.2607173919677734, 0.6523165702819824, 0.8592164516448975, 0.46862685680389404, 1.8040611743927002, 0.45112353563308716, 0.793303370475769, 1.0367810726165771, 0.6489322185516357, 0.9236382842063904, 0.24118345975875854, 0.08485005795955658, 0.020387180149555206, 1.280126690864563, 1.0070031881332397, 0.40929797291755676, 0.8091385960578918, 0.777800440788269, 0.1048009842634201, 0.9407418370246887, 0.8960633873939514, 0.7614496350288391, 0.5438234806060791, 0.7130241990089417, 0.18099668622016907, 0.8715556859970093, 0.8284276723861694, 0.7228817939758301, 0.35962194204330444, 1.0019493103027344, 0.932984471321106, 0.3026740849018097, 1.1314353942871094, 1.197846531867981, 0.9519639015197754, 1.0505263805389404, 0.6218814849853516, 1.221935749053955, 1.2638736963272095, 0.48367005586624146, 1.2363231182098389, 1.1042815446853638, 0.17788009345531464, 1.2372872829437256, 1.1136935949325562, 0.3861084580421448, 1.1855219602584839, 0.05275224894285202, 0.7302227020263672, 1.1854820251464844, 1.5251367092132568, 0.6527687907218933, 0.8890165090560913, 0.07536991685628891, 0.5350347757339478]"
percent,"[3, 4, 11, 18, 4, 5, 8]",34,"[1.4381089210510254, 0.03777793049812317, 0.0925980806350708, 0.5976951122283936, 0.575791597366333, 0.4726334810256958, 0.8066508173942566, 0.3515782952308655, 0.7833566069602966, 0.584040105342865, 0.4504539668560028, 0.42880895733833313, 0.1888599544763565, 1.3395178318023682, 0.6732711791992188, 0.024591930210590363, 1.8929215669631958, 0.6135871410369873, 2.1425909996032715, 0.6950931549072266, 0.5994515419006348, 0.11875172704458237, 1.180107593536377, 0.7699893712997437, 1.189378261566162, -0.15139710903167725, 0.33332931995391846, 0.06892707943916321, 0.5582271814346313, 0.2955547273159027, 0.2734281122684479, 0.46689704060554504, 1.8152310848236084, 0.6195569038391113, 1.7420703172683716, 2.1028058528900146, 0.13277369737625122, 0.5645437240600586, 0.2510066628456116, 0.8668570518493652, 0.4365841746330261, 0.6491362452507019, 2.582291603088379, 2.121772050857544, 0.4254935383796692, -0.1020299568772316, 0.5376538038253784, 0.8835157752037048, 0.8505085706710815, 0.49286285042762756, 2.242109537124634, 0.22150370478630066, 0.3385263979434967, 0.2845951318740845, -0.08219978958368301, 0.639780580997467, 0.06887081265449524, 1.0525665283203125, 0.5743615031242371, 0.7734301686286926, -0.017974959686398506, 0.6397560238838196, 0.14375701546669006, 1.2850079536437988]"
photosynthesis,"[3, 9, 12, 8, 12, 7, 21, 5, 8, 9, 4, 7, 6, 7]",34,"[1.0395605564117432, -0.04048717021942139, 0.6028844714164734, 0.6298774480819702, 1.1352359056472778, 0.1722637116909027, 0.4278910160064697, 0.5714109539985657, 1.115864872932434, 1.190824031829834, 0.6968874335289001, 0.32772350311279297, 0.24387091398239136, 1.6138968467712402, 0.7457599639892578, 0.5507686138153076, 1.627873420715332, 0.6412951350212097, 1.6308510303497314, 0.5745998024940491, 0.30885612964630127, 0.08083774149417877, 1.4824566841125488, 1.202424168586731, 0.9400895237922668, 0.6060360074043274, 0.41007667779922485, -0.02242833375930786, 0.6276267766952515, 0.9946420192718506, 0.28902488946914673, 0.8559479713439941, 1.4217474460601807, 0.47607535123825073, 1.5036203861236572, 1.5270590782165527, 0.9025768637657166, 0.3503202795982361, 1.099599003791809, 0.9349365234375, 0.8356429934501648, 0.6454107761383057, 2.067375659942627, 1.7119908332824707, 0.5394080877304077, 0.5688335299491882, 0.8068705201148987, 0.9523432850837708, 0.9987123012542725, 0.9409798383712769, 1.856752634048462, 0.07495668530464172, 0.8768565654754639, 0.5906074643135071, 0.341599702835083, 1.1885677576065063, 0.023480355739593506, 1.1067525148391724, 1.0869437456130981, 1.2017488479614258, 0.47594353556632996, 0.8698198795318604, 0.07479032129049301, 0.9276286363601685]"
physical change,"[3, 9, 21, 7, 6, 18, 2, 14, 31, 18, 9, 2, 5, 17, 4]",34,"[0.2869418263435364, -0.035379230976104736, 1.8915575742721558, 0.14748746156692505, 1.7652840614318848, 0.19599391520023346, 0.04119274020195007, 0.9324348568916321, 1.3984978199005127, 1.4929931163787842, 1.5777171850204468, 0.9791915416717529, 0.8105246424674988, 2.7028911113739014, 0.05481836199760437, 1.773015022277832, 0.3686423599720001, 1.2334074974060059, 0.3490649461746216, -0.09474462270736694, 0.05430983752012253, -0.011001305654644966, 1.1085854768753052, 0.7601302266120911, 0.017973147332668304, 1.4607144594192505, 1.7823435068130493, -0.055122941732406616, 2.021916151046753, 0.9439759850502014, 1.3648903369903564, 0.49291250109672546, 0.18385399878025055, -0.000135764479637146, 0.2715066373348236, 0.4247042238712311, 0.9187651872634888, 0.8482310771942139, 1.1142206192016602, 0.3260955810546875, 0.3438416123390198, 1.2217161655426025, 0.31996142864227295, 0.4566538333892822, 2.470456600189209, 0.9640448689460754, 2.323023796081543, 2.25213360786438, 0.19698192179203033, 2.2456531524658203, 0.27190446853637695, 0.11650067567825317, 1.5534775257110596, 1.867836594581604, 1.3158400058746338, 1.3476358652114868, 0.006432168185710907, 0.3330027759075165, 1.5005582571029663, 2.3125035762786865, 1.2101848125457764, 0.8436324000358582, 0.027683544903993607, 0.22095704078674316]"
proportion,"[3, 11, 12, 3, 12, 11, 8, 6, 12, 5]",34,"[0.4964926242828369, -0.05696174502372742, 0.9490423798561096, 0.8536620736122131, 1.7485252618789673, -0.0339207649230957, 0.06802155822515488, 0.770278811454773, 1.6680809259414673, 1.9689198732376099, 0.8616714477539062, 0.051975518465042114, 0.12866240739822388, 2.0193636417388916, 0.810421347618103, 0.670200765132904, 1.2775570154190063, 0.6536500453948975, 0.9448258280754089, 0.586941659450531, 0.1905968189239502, 0.12747400999069214, 1.5285661220550537, 1.8179835081100464, 1.085184097290039, 0.936302900314331, 0.28555333614349365, -0.027330726385116577, 0.587276041507721, 1.6042041778564453, 0.11534696817398071, 1.1982429027557373, 1.0134162902832031, 0.42376425862312317, 1.1629679203033447, 0.7208409905433655, 1.5744056701660156, -0.018966302275657654, 1.8123878240585327, 1.2089639902114868, 1.0573511123657227, 0.5987946391105652, 1.4164233207702637, 0.9071789979934692, 0.5351617336273193, 1.0173426866531372, 1.0584594011306763, 0.9262875318527222, 0.9133342504501343, 1.2497835159301758, 1.2816177606582642, -0.0007608532905578613, 0.99864661693573, 0.5471658110618591, 0.436236172914505, 1.856427550315857, 0.02148643136024475, 1.4229282140731812, 1.6712548732757568, 1.689882755279541, 0.8234142661094666, 0.8029199242591858, 0.025114785879850388, 0.32722365856170654]"
quadrant,"[24, 13, 2, 20, 11, 2, 5, 8]",34,"[1.2602794170379639, 0.0049882084131240845, 0.30168643593788147, 0.39857202768325806, 0.7555453777313232, 0.12292283773422241, 0.5226311683654785, 0.3108450472354889, 0.7156787514686584, 0.8264874219894409, 0.3455406129360199, 0.7151885032653809, 0.28369808197021484, 1.3775742053985596, 0.681758463382721, 0.24631282687187195, 1.7072316408157349, 0.3623412847518921, 1.7411866188049316, 0.3826190233230591, 0.23790474236011505, -0.005593322217464447, 1.4198347330093384, 0.8563529253005981, 0.6990991830825806, 0.17393192648887634, 0.4283946752548218, 0.08766403794288635, 0.5781140923500061, 0.3669293224811554, 0.4776168167591095, 0.4886910915374756, 1.368523359298706, 0.4307844638824463, 1.5964027643203735, 1.68373441696167, 0.3487128019332886, 0.310686320066452, 0.5128636956214905, 0.9612507820129395, 0.4021732211112976, 0.9372982978820801, 2.185887336730957, 1.8722939491271973, 0.4788362681865692, 0.14965631067752838, 0.708135724067688, 0.8730980157852173, 0.8264600038528442, 0.5952895879745483, 1.8376786708831787, 0.09988102316856384, 0.7513370513916016, 0.5612441897392273, 0.04663558304309845, 0.8025856614112854, 0.006739415228366852, 0.8724411129951477, 0.6825308799743652, 1.0000189542770386, 0.16939520835876465, 0.8296530246734619, 0.07221172004938126, 1.1551636457443237]"
ratio,"[11, 2, 8, 6, 12]",34,"[1.0074517726898193, 0.018979206681251526, 0.395976185798645, 0.3203696310520172, 0.7508832216262817, 0.18050220608711243, 0.5135982036590576, 0.33915722370147705, 0.7407264113426208, 0.8043141961097717, 0.30871260166168213, 0.5041502714157104, 0.2693517804145813, 1.0978682041168213, 0.6085741519927979, 0.33290836215019226, 1.4742457866668701, 0.3704308271408081, 1.5746877193450928, 0.4538506865501404, 0.21359916031360626, -0.01792548969388008, 1.2063595056533813, 0.8253419399261475, 0.7043583393096924, 0.35308051109313965, 0.35115236043930054, 0.08951970934867859, 0.5090102553367615, 0.5636969804763794, 0.30448049306869507, 0.5909627079963684, 1.2993977069854736, 0.5021516680717468, 1.3130910396575928, 1.5127346515655518, 0.5372446179389954, 0.25188809633255005, 0.6245705485343933, 0.8211225271224976, 0.576391339302063, 0.6847216486930847, 1.9356780052185059, 1.516108751296997, 0.44491150975227356, 0.3028404712677002, 0.6557224988937378, 0.7546141147613525, 0.844953179359436, 0.6521286964416504, 1.6623345613479614, 0.16484838724136353, 0.6947793364524841, 0.5055417418479919, 0.12786224484443665, 0.7681912183761597, 0.041650012135505676, 0.8424764275550842, 0.6735148429870605, 0.8346277475357056, 0.2498985230922699, 0.7581512928009033, 0.06183028593659401, 0.9487802982330322]"
Reconstruction,"[11, 4, 18, 12, 5, 7, 8, 11, 13, 18, 8, 6, 12, 5]",34,"[0.3206922709941864, -0.08628273010253906, 1.3422305583953857, 0.5581240653991699, 1.7142932415008545, 0.17198851704597473, 0.11459316313266754, 0.9861794710159302, 1.4598023891448975, 1.6811269521713257, 1.25338876247406, 0.08230458199977875, 0.23332498967647552, 1.9277825355529785, 0.33330655097961426, 1.1389909982681274, 0.5723069906234741, 1.0491193532943726, 0.5550721883773804, 0.30850452184677124, 0.19611576199531555, 0.15199047327041626, 0.9582996368408203, 1.3511756658554077, 0.5611473321914673, 1.2535016536712646, 0.750847339630127, -0.09645712375640869, 0.9022200107574463, 1.3594818115234375, 0.3153257369995117, 0.8660341501235962, 0.6267943382263184, 0.14708274602890015, 0.4863213896751404, 0.5431044101715088, 1.3708592653274536, 0.3335888981819153, 1.626602053642273, 0.5303066372871399, 0.6901949644088745, 0.4364050328731537, 0.7256413102149963, 0.5769321918487549, 1.0646164417266846, 1.1481189727783203, 1.294785499572754, 1.1660019159317017, 0.5038437247276306, 1.6059898138046265, 0.656781792640686, 0.08633030951023102, 0.954791784286499, 0.853977382183075, 0.8778381943702698, 1.4897644519805908, 0.04357609152793884, 0.8486706614494324, 1.622524380683899, 1.6144521236419678, 1.1106923818588257, 0.5122103095054626, 0.1040162742137909, 0.22578486800193787]"
settlement,"[7, 4, 8, 8, 14, 4, 19, 4, 5, 8]",34,"[0.7270570397377014, -0.017538130283355713, 0.6875383257865906, 0.39644935727119446, 1.3205842971801758, 0.12040363252162933, 0.28195708990097046, 0.6240639686584473, 1.223246455192566, 1.232256293296814, 0.80955970287323, 0.5247576236724854, 0.28298771381378174, 1.8834786415100098, 0.37437546253204346, 0.5984816551208496, 1.1234142780303955, 0.6732982397079468, 1.114248275756836, 0.28047358989715576, 0.17666515707969666, 0.011320624500513077, 1.052986979484558, 1.0383243560791016, 0.5925171375274658, 0.46111124753952026, 0.7810547351837158, 0.017687588930130005, 0.9998583793640137, 0.5316307544708252, 0.4365341365337372, 0.5559288263320923, 0.8971154093742371, 0.2925713062286377, 1.014146089553833, 1.067753553390503, 0.6617899537086487, 0.44318944215774536, 0.7853876948356628, 0.7942129373550415, 0.36208832263946533, 0.7788180112838745, 1.361968755722046, 1.0084086656570435, 1.0688165426254272, 0.426889568567276, 1.2604655027389526, 1.3018313646316528, 0.5392113327980042, 1.2110933065414429, 1.1921247243881226, 0.10724049806594849, 0.6133213043212891, 0.7065746188163757, 0.38960886001586914, 1.1807879209518433, 0.020690076053142548, 0.837386429309845, 1.1061313152313232, 1.45810866355896, 0.5068336725234985, 0.5432077050209045, 0.03496570512652397, 0.6288095116615295]"
Literary Words,"[14, 6, 8, 4, 11, 2, 11, 21, 31, 26, 12, 11, 20, 7]",34,"[0.284416139125824, -0.044817447662353516, 1.726831078529358, 0.2101755142211914, 1.5928643941879272, 0.0012425035238265991, 0.08612679690122604, 0.7262318134307861, 1.1715458631515503, 1.4814964532852173, 1.182167649269104, 0.8267077207565308, 0.7393636703491211, 2.249107837677002, 0.23914113640785217, 1.5454485416412354, 0.45931851863861084, 0.892645537853241, 0.37614500522613525, 0.05013643205165863, 0.030816905200481415, 0.006351199001073837, 1.268128752708435, 0.9234431385993958, 0.13458572328090668, 1.5233536958694458, 1.3383886814117432, -0.05075705051422119, 1.5390958786010742, 1.167123794555664, 1.1932183504104614, 0.5800396203994751, 0.2928834557533264, 0.09398315846920013, 0.43829184770584106, 0.4093015789985657, 0.9881405830383301, 0.4717773199081421, 1.3293598890304565, 0.5085252523422241, 0.47556668519973755, 1.1681239604949951, 0.4934288263320923, 0.5244626402854919, 1.848055362701416, 1.0473426580429077, 1.8777053356170654, 1.7260445356369019, 0.3317895233631134, 1.8413417339324951, 0.4349631667137146, 0.07281595468521118, 1.6286818981170654, 1.6930921077728271, 1.1431200504302979, 1.3233566284179688, -0.011745408177375793, 0.41574299335479736, 1.3702216148376465, 2.026987075805664, 1.1144827604293823, 0.9563060998916626, 0.03225414827466011, 0.24037444591522217]"
allegory,"[2, 14, 14, 4, 17, 12, 11, 21]",34,"[1.1898983716964722, -0.09759292006492615, 0.4497698247432709, 0.605395495891571, 1.1342779397964478, -0.016292795538902283, 0.46337687969207764, 0.532882571220398, 1.3250720500946045, 1.2507413625717163, 0.7233361601829529, 0.264649361371994, 0.23251307010650635, 1.6419026851654053, 0.7031267285346985, 0.5590333342552185, 1.822280764579773, 0.5492802858352661, 1.8409955501556396, 0.42144501209259033, 0.22579610347747803, 0.018243130296468735, 1.5063557624816895, 1.186844825744629, 0.9052975177764893, 0.49698320031166077, 0.503890872001648, -0.118592768907547, 0.7758216857910156, 0.7316038012504578, 0.257440447807312, 0.9011132717132568, 1.48858642578125, 0.5636458992958069, 1.6101124286651611, 1.7905290126800537, 0.9564870595932007, 0.31426486372947693, 0.9313474893569946, 0.8213955163955688, 0.8591232299804688, 0.5854595899581909, 2.307638168334961, 1.9240381717681885, 0.6962149143218994, 0.462929904460907, 1.0758719444274902, 1.0845218896865845, 1.0816165208816528, 0.9974015951156616, 2.0103533267974854, -0.0679512619972229, 0.640427827835083, 0.4782177209854126, 0.41219955682754517, 1.200270175933838, -0.07162369787693024, 1.121147871017456, 1.0282503366470337, 1.2953250408172607, 0.423147588968277, 0.7935154438018799, 0.025540564209222794, 1.173403024673462]"
archetype,"[2, 11, 18, 9, 4, 8, 21, 3, 4]",34,"[0.6329905986785889, 0.004205167293548584, 0.849026083946228, 0.5364854335784912, 1.3969699144363403, 0.21636974811553955, 0.08439371734857559, 0.6526449918746948, 1.3379465341567993, 1.351571798324585, 1.033883810043335, 0.582168459892273, 0.340514600276947, 2.34175705909729, 0.37581104040145874, 0.7056376934051514, 1.0109213590621948, 0.8690893054008484, 0.8814650177955627, 0.2669666111469269, 0.23055315017700195, 0.07874826341867447, 1.1255356073379517, 1.0649709701538086, 0.6933726072311401, 0.4361574649810791, 0.9950450658798218, 0.024467363953590393, 1.3239964246749878, 0.560675323009491, 0.6047411561012268, 0.5471450090408325, 0.7589846849441528, 0.19125068187713623, 1.0311970710754395, 0.9059720039367676, 0.6728697419166565, 0.6567438840866089, 0.7492289543151855, 0.7618144750595093, 0.390495628118515, 0.8861256837844849, 1.1655594110488892, 0.939002275466919, 1.360705018043518, 0.4102934002876282, 1.4986785650253296, 1.6422487497329712, 0.4786194860935211, 1.3391777276992798, 1.0823649168014526, 0.13351692259311676, 0.6913949251174927, 0.9006274938583374, 0.4695080816745758, 1.2394475936889648, 0.04962901771068573, 0.8629959225654602, 1.1964503526687622, 1.7298173904418945, 0.553321123123169, 0.6027727127075195, 0.026502888649702072, 0.47180667519569397]"
characterization,"[18, 9, 2, 11, 2, 18, 8, 4, 11, 6, 15, 2, 8, 6, 12, 5]",34,"[0.8840780854225159, -0.0570378303527832, 0.7886355519294739, 0.6883066892623901, 1.0646302700042725, 0.01724526286125183, 0.30814316868782043, 0.45010483264923096, 1.0036746263504028, 1.2565268278121948, 0.6585025191307068, 0.12877459824085236, 0.25143954157829285, 1.2682251930236816, 0.7648683190345764, 0.8362051844596863, 1.4478447437286377, 0.39813145995140076, 1.468000888824463, 0.5004066824913025, 0.32861167192459106, 0.13385581970214844, 1.4766757488250732, 1.2348604202270508, 0.9149525761604309, 0.9074169993400574, 0.2753475606441498, -0.10390070080757141, 0.4557400345802307, 1.2626984119415283, 0.2157418429851532, 0.9906020164489746, 1.2754895687103271, 0.41791436076164246, 1.3094143867492676, 1.3430190086364746, 1.1471892595291138, 0.12819285690784454, 1.3634394407272339, 0.7062366008758545, 1.051819086074829, 0.43384265899658203, 1.7804656028747559, 1.5328556299209595, 0.42917943000793457, 0.7726052403450012, 0.7347391843795776, 0.6604405641555786, 1.0753313302993774, 0.7849706411361694, 1.6959112882614136, -0.052462637424468994, 1.0237388610839844, 0.5582767724990845, 0.5946517586708069, 1.2593287229537964, -0.028611361980438232, 0.9585286974906921, 1.0536547899246216, 1.134656548500061, 0.6026309728622437, 0.9244093894958496, 0.06696508079767227, 0.8406320810317993]"
denouement,"[20, 4, 5, 12, 13, 4, 19, 4, 5, 8]",34,"[0.7913650274276733, -0.03851848840713501, 0.5516457557678223, 0.6252482533454895, 1.0882370471954346, 0.013533636927604675, 0.2227655053138733, 0.44681572914123535, 1.1425795555114746, 1.2496321201324463, 0.5622572302818298, 0.3219631612300873, 0.256816029548645, 1.5644512176513672, 0.6572064161300659, 0.5069977641105652, 1.4142011404037476, 0.40910619497299194, 1.2660574913024902, 0.42642807960510254, 0.22352944314479828, 0.059115342795848846, 1.4265574216842651, 1.202949047088623, 0.8801008462905884, 0.544739305973053, 0.380348801612854, -0.027880877256393433, 0.6532018184661865, 0.8580672740936279, 0.28478914499282837, 0.8015734553337097, 1.1290514469146729, 0.40070295333862305, 1.3123544454574585, 1.1503562927246094, 0.8734572529792786, 0.14956876635551453, 1.0278671979904175, 0.9229344129562378, 0.7264091372489929, 0.6668386459350586, 1.6415799856185913, 1.27168607711792, 0.5712745189666748, 0.503433108329773, 0.8953257203102112, 0.9349640607833862, 0.8562866449356079, 0.8517798185348511, 1.4530032873153687, -0.014446079730987549, 0.7800503969192505, 0.5116999745368958, 0.355878621339798, 1.2508958578109741, -0.013591557741165161, 1.0726995468139648, 1.0171791315078735, 1.303260326385498, 0.42747989296913147, 0.7689623236656189, 0.012001536786556244, 0.6829160451889038]"
dramatic irony,"[20, 11, 2, 19, 2, 8, 6, 18, 31, 6, 11, 12, 5, 21]",34,"[0.19821476936340332, -0.07636015117168427, 1.458691954612732, 0.5701660513877869, 1.9678164720535278, 0.03711219131946564, 0.040273040533065796, 1.11455500125885, 1.7715239524841309, 1.895753026008606, 1.5759825706481934, 0.13489188253879547, 0.25048696994781494, 2.442491292953491, 0.3066149353981018, 1.2913044691085815, 0.5372514128684998, 1.1677565574645996, 0.413322776556015, 0.19358420372009277, 0.15319228172302246, 0.06411934643983841, 1.0381226539611816, 1.393800973892212, 0.49385976791381836, 1.2952848672866821, 1.0516084432601929, -0.08405891060829163, 1.2737979888916016, 1.3640836477279663, 0.4898326098918915, 0.9098756313323975, 0.4362342357635498, 0.13510537147521973, 0.4140993654727936, 0.36030974984169006, 1.4802576303482056, 0.43936264514923096, 1.6143056154251099, 0.5895731449127197, 0.7063975930213928, 0.5580785274505615, 0.5190010070800781, 0.44320452213287354, 1.4813034534454346, 1.1655346155166626, 1.768702507019043, 1.5539147853851318, 0.4006374776363373, 1.9961967468261719, 0.4695664644241333, 0.01319459080696106, 0.9850078225135803, 0.97609943151474, 1.0184714794158936, 1.7322814464569092, 0.00042314082384109497, 0.8359895348548889, 1.8055061101913452, 2.040715456008911, 1.2370178699493408, 0.4665195047855377, 0.035880234092473984, 0.14501196146011353]"
dynamic character,"[20, 21, 5, 2, 19, 6, 18, 31, 18, 9, 2, 11, 2, 18, 8, 4, 11]",34,"[0.7382532954216003, -0.03141854703426361, 1.1275733709335327, 0.5160402059555054, 1.0842190980911255, 0.26425379514694214, 0.357626736164093, 0.6462438702583313, 1.048332929611206, 1.1877166032791138, 0.9478344917297363, 0.31428390741348267, 0.3835906982421875, 1.4920294284820557, 0.47170138359069824, 1.0874665975570679, 1.0255361795425415, 0.8566039800643921, 1.0976629257202148, 0.36880552768707275, 0.3716398775577545, 0.17601674795150757, 1.1569972038269043, 0.937339723110199, 0.7049065232276917, 1.1044692993164062, 0.6654458045959473, -0.07577711343765259, 0.8239688277244568, 1.1723556518554688, 0.542229413986206, 0.7815977931022644, 1.0011906623840332, 0.2860333323478699, 0.7940571308135986, 1.0136539936065674, 0.9394795894622803, 0.4270414710044861, 1.1791726350784302, 0.5313667058944702, 0.7169830203056335, 0.5645241737365723, 1.2759605646133423, 1.1704119443893433, 0.9839032888412476, 0.769721508026123, 0.9847883582115173, 1.0710686445236206, 0.6519343852996826, 1.1549732685089111, 1.209739089012146, 0.0662841796875, 1.0702930688858032, 0.8741382360458374, 0.7586380839347839, 1.1182993650436401, 0.008880257606506348, 0.7395355105400085, 1.1185108423233032, 1.3281933069229126, 0.7865696549415588, 0.7767438292503357, 0.11452148854732513, 0.5465893745422363]"
epilogue,"[4, 3, 6, 14, 12, 17, 13, 4]",34,"[1.213856816291809, -0.11813277006149292, 0.6441535353660583, 0.6151542067527771, 0.9784151315689087, -0.044702962040901184, 0.47262126207351685, 0.3831579089164734, 1.0652626752853394, 1.0962045192718506, 0.578157365322113, 0.2213972955942154, 0.411604642868042, 1.2614774703979492, 0.8389508724212646, 0.8290011286735535, 1.8111509084701538, 0.3184301257133484, 1.9325969219207764, 0.5395025014877319, 0.2872694134712219, 0.007519744336605072, 1.8402979373931885, 1.1300448179244995, 0.9472489356994629, 0.9264755249023438, 0.3508545160293579, -0.20222747325897217, 0.6140892505645752, 1.1145480871200562, 0.2921055853366852, 1.051916241645813, 1.6747198104858398, 0.5998682379722595, 1.6930798292160034, 1.876164197921753, 1.099367380142212, 0.16545681655406952, 1.2558863162994385, 0.7213908433914185, 1.2077748775482178, 0.5242046117782593, 2.3866159915924072, 2.0149917602539062, 0.5974557399749756, 0.6896495223045349, 0.8022385239601135, 0.8681033253669739, 1.3900477886199951, 0.8266468048095703, 2.139179229736328, -0.137936532497406, 1.174595594406128, 0.6777360439300537, 0.6527032256126404, 1.093274712562561, -0.06869888305664062, 1.0849241018295288, 0.924984335899353, 1.151140809059143, 0.5415555238723755, 1.1298824548721313, 0.03557800501585007, 1.1890538930892944]"
exposition,"[4, 27, 3, 12, 7, 6, 8, 6, 12, 5]",34,"[0.526517927646637, -0.03709685802459717, 0.8823238015174866, 0.801802396774292, 1.7850377559661865, 0.06721097230911255, 0.1694505214691162, 0.9294626116752625, 1.8616467714309692, 1.9134968519210815, 1.158856749534607, 0.14196203649044037, 0.10440979897975922, 2.33101224899292, 0.593952476978302, 0.6316413879394531, 1.1750305891036987, 0.9717823266983032, 0.9732648730278015, 0.5494387149810791, 0.24205438792705536, 0.09456577152013779, 1.2502024173736572, 1.6134073734283447, 1.0332756042480469, 0.7480385899543762, 0.556208610534668, -0.025432974100112915, 0.8949537873268127, 1.2185295820236206, 0.18009153008460999, 0.9903596043586731, 0.9814583659172058, 0.37484830617904663, 1.0383999347686768, 0.7640807032585144, 1.323946475982666, 0.3191380202770233, 1.4550164937973022, 1.137674331665039, 0.752875030040741, 0.584061861038208, 1.3353573083877563, 0.8542582988739014, 0.9156222343444824, 0.8508615493774414, 1.2967946529388428, 1.2799187898635864, 0.6568491458892822, 1.509191870689392, 1.15585458278656, 0.008152991533279419, 0.7181293368339539, 0.5648137927055359, 0.4196609854698181, 1.7869477272033691, 0.01822308450937271, 1.3875004053115845, 1.679651141166687, 1.8079742193222046, 0.7940221428871155, 0.5274479389190674, 0.014335587620735168, 0.29580527544021606]"
falling action,"[22, 2, 14, 14, 6, 5, 17, 31, 2, 18, 8, 6, 12, 5]",34,"[-0.12136347591876984, -0.034002602100372314, 2.306915521621704, 0.041777487844228745, 1.9727017879486084, -0.1679331213235855, -0.028131872415542603, 0.9496448040008545, 1.2642579078674316, 1.7898595333099365, 1.4938201904296875, 0.8859734535217285, 0.7830429673194885, 2.4754602909088135, 0.10684942454099655, 1.993203043937683, 0.05048851668834686, 0.9460105299949646, -0.031079530715942383, -0.18050862848758698, -0.11829103529453278, -0.06733518838882446, 1.1848677396774292, 1.0115286111831665, -0.21111780405044556, 1.881990909576416, 1.473278522491455, -0.029677778482437134, 1.649628758430481, 1.4366750717163086, 1.3061422109603882, 0.6503024697303772, -0.09553977847099304, -0.037102051079273224, 0.012870170176029205, 0.04560472071170807, 1.2375003099441528, 0.3411266505718231, 1.6429834365844727, 0.46210065484046936, 0.44870302081108093, 1.250230312347412, -0.2970046103000641, 0.1081291064620018, 2.142488956451416, 1.4590312242507935, 2.2424356937408447, 1.8459162712097168, 0.1835983246564865, 2.2212555408477783, -0.13610930740833282, 0.029124557971954346, 1.8260648250579834, 1.959855556488037, 1.5331616401672363, 1.6023838520050049, 0.010043635964393616, 0.220909982919693, 1.6432312726974487, 2.297992706298828, 1.527047872543335, 0.9130386710166931, -0.0024247504770755768, 0.04270482063293457]"
foil,"[22, 12, 6, 14]",34,"[1.7144396305084229, 0.1296410858631134, 0.330265611410141, -0.10212116688489914, 0.23008230328559875, 0.25784868001937866, 0.861809492111206, 0.022987037897109985, 0.05596555769443512, 0.21957851946353912, -0.08584615588188171, 1.2096312046051025, 0.6541695594787598, 0.804263710975647, 0.6539884805679321, 0.38556039333343506, 1.8243498802185059, 0.18329817056655884, 2.1601085662841797, 0.2508426010608673, 0.07238508760929108, -0.1057797372341156, 1.5829120874404907, 0.22802531719207764, 0.3156195878982544, 0.2911672592163086, 0.48270732164382935, 0.26584070920944214, 0.5426488518714905, 0.1237344741821289, 0.8944340348243713, 0.25354281067848206, 1.4697542190551758, 0.5177067518234253, 1.6773451566696167, 2.082202911376953, -0.04615544155240059, 0.3897552788257599, 0.14412623643875122, 0.8498038053512573, 0.17176732420921326, 1.3070056438446045, 2.5449650287628174, 2.327885389328003, 0.5747653245925903, -0.002707112580537796, 0.4822935461997986, 0.7783249616622925, 0.8349676132202148, 0.2946808338165283, 2.1222283840179443, 0.29869452118873596, 1.2311362028121948, 1.0000083446502686, 0.025687195360660553, 0.20863518118858337, 0.09189438819885254, 0.36495938897132874, 0.12918362021446228, 0.5797193050384521, 0.040249936282634735, 1.2892054319381714, 0.1229449212551117, 1.645179033279419]"
indirect characterization,"[6, 5, 20, 6, 11, 4, 18, 8, 31, 18, 9, 2, 11, 2, 18, 8, 4, 11, 6, 15, 2, 8, 6, 12, 5]",34,"[0.3227458596229553, -0.08140619099140167, 1.4934006929397583, 0.492173969745636, 1.4045683145523071, -0.07571496069431305, 0.1279761791229248, 0.7328812479972839, 1.188237190246582, 1.468465805053711, 1.112070918083191, 0.047546714544296265, 0.4200366139411926, 1.4646704196929932, 0.43789243698120117, 1.5516979694366455, 0.5791218876838684, 0.7193537354469299, 0.5298027992248535, 0.2039038985967636, 0.20528282225131989, 0.08464866876602173, 1.2424498796463013, 1.0897959470748901, 0.4334198534488678, 1.69072425365448, 0.7333947420120239, -0.17488673329353333, 0.8458368182182312, 1.6616942882537842, 0.5154337882995605, 1.0161373615264893, 0.5668935179710388, 0.20427267253398895, 0.4044400155544281, 0.5716284513473511, 1.45549476146698, 0.17899560928344727, 1.7637020349502563, 0.266715943813324, 1.0327622890472412, 0.4373975396156311, 0.6665282249450684, 0.6719898581504822, 1.0519360303878784, 1.2941001653671265, 1.2529680728912354, 1.0164680480957031, 0.729555606842041, 1.404329538345337, 0.5901699066162109, -0.08582994341850281, 1.3683704137802124, 1.016190767288208, 1.236427664756775, 1.313936471939087, -0.0489649772644043, 0.613338828086853, 1.3374810218811035, 1.5707783699035645, 1.206889033317566, 0.759703516960144, 0.06322691589593887, 0.3133274018764496]"
limited narrator,"[14, 6, 19, 6, 8, 4, 20, 31, 5, 2, 11, 11, 2, 8, 12, 11]",34,"[0.780392587184906, -0.04045036435127258, 0.8979358077049255, 0.7329506278038025, 1.3630019426345825, 0.04988327622413635, 0.3531767725944519, 0.6576626896858215, 1.4022750854492188, 1.5783650875091553, 0.9677391648292542, 0.18169386684894562, 0.26229721307754517, 1.754535436630249, 0.8083739876747131, 0.8164166212081909, 1.5269087553024292, 0.6884855628013611, 1.38088059425354, 0.5566355586051941, 0.24341104924678802, 0.07803034037351608, 1.5490727424621582, 1.4059982299804688, 0.981304943561554, 0.9645147919654846, 0.4628490209579468, -0.10437369346618652, 0.6968303322792053, 1.3482794761657715, 0.3142242133617401, 1.0776231288909912, 1.2753534317016602, 0.5405726432800293, 1.2875213623046875, 1.2228283882141113, 1.254420518875122, 0.23218999803066254, 1.449065923690796, 1.0032800436019897, 1.040375828742981, 0.5647016763687134, 1.7810087203979492, 1.4654003381729126, 0.7707109451293945, 0.8378870487213135, 0.9961069226264954, 1.0005676746368408, 1.0164743661880493, 1.2402135133743286, 1.6927871704101562, -0.04560893774032593, 1.079128623008728, 0.678843080997467, 0.5892976522445679, 1.4969230890274048, -0.02297370135784149, 1.2100721597671509, 1.345893383026123, 1.5129046440124512, 0.7058849334716797, 0.8848081827163696, 0.026505205780267715, 0.6515744924545288]"
motif,"[19, 12, 8, 6, 22]",34,"[0.41905224323272705, 0.14311973750591278, 0.6936681270599365, 0.15182310342788696, 0.8919363021850586, 0.5888715386390686, 0.21134844422340393, 0.626728892326355, 0.8126607537269592, 0.7168799042701721, 0.716860830783844, 0.5488799810409546, 0.2315979301929474, 1.434213399887085, 0.210233673453331, 0.5139252543449402, 0.5437175035476685, 0.9284299612045288, 0.6402953863143921, 0.2545114755630493, 0.1219242662191391, 0.0010229498147964478, 0.522244930267334, 0.5427722930908203, 0.3256368041038513, 0.4546264708042145, 0.8424034118652344, 0.23087996244430542, 0.9415125846862793, 0.43726876378059387, 0.4998930096626282, 0.29734519124031067, 0.5379049777984619, 0.17303134500980377, 0.48569270968437195, 0.5607826113700867, 0.3941631615161896, 0.6869750618934631, 0.4440329968929291, 0.5071892738342285, 0.2749349772930145, 0.6262667179107666, 0.7346204519271851, 0.5340952277183533, 1.0677310228347778, 0.3603591322898865, 0.9796068072319031, 1.1736729145050049, 0.2736576795578003, 1.1281265020370483, 0.5982152819633484, 0.49810531735420227, 0.5478187203407288, 0.6540188789367676, 0.28927695751190186, 0.65812748670578, 0.18969184160232544, 0.4933447539806366, 0.7940095663070679, 1.0055872201919556, 0.43369272351264954, 0.3603493571281433, 0.07238500565290451, 0.27121347188949585]"
prologue,"[3, 11, 12, 14, 12, 17, 13, 4]",34,"[0.733262300491333, -0.09548301994800568, 0.7877899408340454, 0.6868630647659302, 1.3439275026321411, 0.027543723583221436, 0.1695542186498642, 0.6758657097816467, 1.432814121246338, 1.4553712606430054, 0.8945303559303284, 0.06580057740211487, 0.24745360016822815, 1.6600751876831055, 0.6766005754470825, 0.8119991421699524, 1.3410300016403198, 0.6269232034683228, 1.2898714542388916, 0.43010419607162476, 0.21787944436073303, 0.05500078201293945, 1.4882348775863647, 1.3388009071350098, 0.8482354879379272, 0.910882294178009, 0.47833681106567383, -0.15558204054832458, 0.7030937671661377, 1.1978157758712769, 0.15526115894317627, 1.0592762231826782, 1.1666756868362427, 0.39787784218788147, 1.2314555644989014, 1.188185214996338, 1.289284110069275, 0.22204715013504028, 1.409479022026062, 0.7494301795959473, 1.0790257453918457, 0.4183804988861084, 1.5917909145355225, 1.3185272216796875, 0.7304555177688599, 0.8444269895553589, 1.0132919549942017, 1.006363868713379, 1.057418942451477, 1.1048251390457153, 1.4269222021102905, -0.08415722846984863, 0.8954948782920837, 0.5601397752761841, 0.6865377426147461, 1.4147391319274902, -0.027759835124015808, 1.1152698993682861, 1.2550266981124878, 1.405489444732666, 0.7106287479400635, 0.7891581654548645, 0.02099480852484703, 0.6614730358123779]"
rising action,"[11, 6, 7, 6, 5, 17, 31, 2, 18, 8, 6, 12, 5]",34,"[0.030337080359458923, -0.0017838478088378906, 1.985451579093933, 0.08463740348815918, 1.7150861024856567, -0.08893804252147675, 0.04061803221702576, 0.7730210423469543, 1.038817048072815, 1.5776598453521729, 1.1433202028274536, 0.8320313692092896, 0.6985742449760437, 2.1693594455718994, 0.19531670212745667, 1.6238042116165161, 0.2079445868730545, 0.813366174697876, 0.09839831292629242, -0.052239060401916504, -0.047157421708106995, -0.027348503470420837, 1.2449933290481567, 0.9970490336418152, -0.037669286131858826, 1.6616849899291992, 1.207544207572937, 0.03646475076675415, 1.3673592805862427, 1.3475204706192017, 1.1498138904571533, 0.5866503715515137, 0.1005479246377945, -0.017970822751522064, 0.20876048505306244, 0.13763689994812012, 1.0555564165115356, 0.2525500953197479, 1.508344292640686, 0.5657869577407837, 0.3838658034801483, 1.1996105909347534, -0.0225677490234375, 0.25913920998573303, 1.7114813327789307, 1.2563163042068481, 1.8455296754837036, 1.5807609558105469, 0.24840404093265533, 1.8674709796905518, 0.11772294342517853, 0.11363095045089722, 1.69279944896698, 1.7239677906036377, 1.2315304279327393, 1.4211318492889404, 0.05298968032002449, 0.2915366590023041, 1.4750804901123047, 2.0250680446624756, 1.318947434425354, 0.9181381464004517, 0.03431108966469765, 0.10620518773794174]"
situational irony,"[7, 6, 8, 13, 2, 8, 6, 12, 5, 2, 14, 31, 6, 11, 12, 5, 21]",34,"[0.2133515626192093, -0.13151419162750244, 1.8191694021224976, 0.5959295034408569, 2.236285448074341, -0.15267737209796906, -0.02585400640964508, 1.1402673721313477, 1.8862411975860596, 2.2278740406036377, 1.589003086090088, 0.21253453195095062, 0.40713411569595337, 2.5311458110809326, 0.3993406891822815, 1.6504021883010864, 0.5601191520690918, 1.1011548042297363, 0.40776491165161133, 0.132229745388031, 0.06270454823970795, 0.053128987550735474, 1.4183058738708496, 1.6306735277175903, 0.4082982838153839, 1.7899894714355469, 1.0820672512054443, -0.14184269309043884, 1.3136245012283325, 1.7645567655563354, 0.616741418838501, 1.1162981986999512, 0.43104562163352966, 0.13796234130859375, 0.47861796617507935, 0.34584513306617737, 1.8646551370620728, 0.2232321798801422, 2.124220848083496, 0.6772665977478027, 0.9556702971458435, 0.7385228872299194, 0.5882707834243774, 0.47645020484924316, 1.568831443786621, 1.559648871421814, 1.9277329444885254, 1.561460256576538, 0.5625747442245483, 2.1611263751983643, 0.4442945718765259, -0.0955999493598938, 1.4960331916809082, 1.292158603668213, 1.3149911165237427, 2.0051324367523193, -0.040696755051612854, 0.9076188206672668, 2.045849323272705, 2.2775614261627197, 1.4931663274765015, 0.7721582651138306, 0.018440496176481247, 0.14542800188064575]"
static character,"[7, 8, 2, 8, 6, 18, 31, 18, 9, 2, 11, 2, 18, 8, 4, 11]",34,"[0.5289178490638733, -0.0030088722705841064, 1.1879856586456299, 0.4221772849559784, 1.2547632455825806, 0.24324414134025574, 0.31909966468811035, 0.7719612717628479, 1.0985865592956543, 1.23273503780365, 1.0909204483032227, 0.2811143100261688, 0.33457058668136597, 1.5890607833862305, 0.34675851464271545, 1.133581519126892, 0.7171581983566284, 0.958587646484375, 0.7748885750770569, 0.2874440550804138, 0.29500505328178406, 0.11433150619268417, 0.9592816233634949, 0.8959457874298096, 0.5157009959220886, 1.1206409931182861, 0.7750201225280762, -0.038344353437423706, 0.884962797164917, 1.1671329736709595, 0.5466257929801941, 0.7528194189071655, 0.7462904453277588, 0.23522165417671204, 0.5374642610549927, 0.7416086196899414, 0.942585825920105, 0.4628106355667114, 1.2044591903686523, 0.45646077394485474, 0.6314075589179993, 0.5563291907310486, 0.9064939022064209, 0.8315355777740479, 1.0962077379226685, 0.8576075434684753, 1.110027551651001, 1.1850557327270508, 0.5244460105895996, 1.3143812417984009, 0.8605046272277832, 0.11600926518440247, 0.9491277933120728, 0.8487319946289062, 0.8057073950767517, 1.1015832424163818, 0.040745534002780914, 0.6508448719978333, 1.1708236932754517, 1.4093143939971924, 0.9180845618247986, 0.5931309461593628, 0.10035620629787445, 0.40016141533851624]"
suspense,"[7, 13, 7, 3, 4, 5, 7, 4]",34,"[1.1210973262786865, 0.01742127537727356, 0.23528549075126648, 0.5333952307701111, 0.8187277317047119, 0.2611629068851471, 0.5370782613754272, 0.41660207509994507, 0.9558684229850769, 0.8264405131340027, 0.5739404559135437, 0.43244752287864685, 0.21132327616214752, 1.4499032497406006, 0.5815338492393494, 0.2599518895149231, 1.6310309171676636, 0.5733171701431274, 1.6653938293457031, 0.501457691192627, 0.3519064486026764, 0.0396389365196228, 1.123381495475769, 0.8022193312644958, 0.9072350859642029, 0.08112958073616028, 0.4734860062599182, 0.021269112825393677, 0.7027278542518616, 0.347805380821228, 0.3065336346626282, 0.5360943675041199, 1.4045705795288086, 0.5053152441978455, 1.4764353036880493, 1.669297456741333, 0.36528441309928894, 0.5302326083183289, 0.42853647470474243, 0.842474102973938, 0.43806347250938416, 0.6384004950523376, 2.0580761432647705, 1.6691895723342896, 0.6173362731933594, 0.10244321078062057, 0.7938314080238342, 1.007087230682373, 0.7890750169754028, 0.7034304141998291, 1.812239646911621, 0.13228778541088104, 0.3902229070663452, 0.40075570344924927, 0.10240364819765091, 0.8433932662010193, 0.03523198515176773, 0.9525567293167114, 0.7232003211975098, 0.9986464381217957, 0.15653038024902344, 0.5682294964790344, 0.05833863094449043, 1.025726318359375]"
unreliable narrator,"[13, 5, 11, 4, 14, 6, 2, 10, 14, 4, 31, 5, 2, 11, 11, 2, 8, 12, 11]",34,"[0.8419378995895386, -0.1159224808216095, 0.9523321986198425, 0.8236782550811768, 1.4367973804473877, -0.26081007719039917, 0.10798169672489166, 0.5284928679466248, 1.3721251487731934, 1.8362300395965576, 0.8098666071891785, 0.24616971611976624, 0.3523997664451599, 1.7846593856811523, 0.882300078868866, 1.0077496767044067, 1.6624882221221924, 0.3610435724258423, 1.3687841892242432, 0.34479910135269165, 0.18796728551387787, 0.11196350306272507, 1.9392601251602173, 1.6280404329299927, 0.9334239363670349, 1.1291223764419556, 0.3604520857334137, -0.1439381241798401, 0.7172132730484009, 1.4750845432281494, 0.35106000304222107, 1.233790397644043, 1.1806981563568115, 0.45956939458847046, 1.4710148572921753, 1.3032653331756592, 1.4935626983642578, -0.08774517476558685, 1.7278194427490234, 1.011420488357544, 1.2290995121002197, 0.6834596395492554, 1.8480554819107056, 1.559014916419983, 0.6587257385253906, 0.9428306221961975, 1.0948642492294312, 0.9213032126426697, 1.1688766479492188, 1.0566147565841675, 1.685072898864746, -0.24690040946006775, 1.2626603841781616, 0.7767847180366516, 0.7434914112091064, 1.7234631776809692, -0.0983363538980484, 1.1957305669784546, 1.3700206279754639, 1.6721440553665161, 0.7794508337974548, 1.127681851387024, -0.012784119695425034, 0.7794216871261597]"
verbal irony,"[28, 4, 11, 10, 2, 14, 31, 6, 11, 12, 5, 21]",34,"[0.3092564046382904, -0.13478577136993408, 1.6307774782180786, 0.3956339657306671, 1.933745265007019, 0.014796644449234009, -0.022601068019866943, 1.059928059577942, 1.765278697013855, 1.7260661125183105, 1.70635986328125, 0.4090350270271301, 0.522506058216095, 2.520860433578491, 0.13383708894252777, 1.7180321216583252, 0.5256800651550293, 1.1536548137664795, 0.5109899640083313, 0.004323944449424744, 0.1015564501285553, 0.018815573304891586, 1.0280965566635132, 1.0598286390304565, 0.2535661458969116, 1.4469892978668213, 1.449425458908081, -0.18896788358688354, 1.7015613317489624, 1.090647578239441, 0.7940521836280823, 0.7846233248710632, 0.36173829436302185, 0.07711036503314972, 0.3305003046989441, 0.5083943009376526, 1.3598297834396362, 0.6626992225646973, 1.41925048828125, 0.2654082179069519, 0.6180164217948914, 0.7052426338195801, 0.5046655535697937, 0.4778226613998413, 2.0880019664764404, 1.1116548776626587, 2.1456820964813232, 1.9212855100631714, 0.39583820104599, 2.1903536319732666, 0.417178213596344, -0.05635759234428406, 1.1914863586425781, 1.390352487564087, 1.3490352630615234, 1.593827247619629, -0.0633745938539505, 0.5955168604850769, 1.6940982341766357, 2.18196964263916, 1.254475474357605, 0.563810408115387, 0.002625301480293274, 0.27426207065582275]"
adjacent,"[2, 20, 23, 2, 18, 4, 5, 8]",34,"[0.6775794625282288, 0.05430765450000763, 0.4585396647453308, 0.5212986469268799, 1.1583799123764038, 0.6183872222900391, 0.4806983470916748, 0.9269203543663025, 1.3348150253295898, 0.9389081597328186, 1.2525805234909058, 0.15934571623802185, -0.06166662275791168, 1.8463287353515625, 0.13060815632343292, 0.37190741300582886, 0.8190946578979492, 1.2974154949188232, 1.020478367805481, 0.46059441566467285, 0.49993354082107544, 0.07826277613639832, 0.35458940267562866, 0.6827141642570496, 0.7531430721282959, 0.12685781717300415, 0.883731484413147, 0.05593132972717285, 1.0070971250534058, 0.2326536476612091, 0.18678036332130432, 0.35134589672088623, 0.9931971430778503, 0.2318536639213562, 0.7218635678291321, 1.018310308456421, 0.4059605300426483, 0.971878707408905, 0.3659229576587677, 0.4834115207195282, 0.12772507965564728, 0.30519556999206543, 1.1141626834869385, 0.8816891312599182, 1.100292444229126, 0.23950454592704773, 1.1646479368209839, 1.4129643440246582, 0.21782927215099335, 1.3700270652770996, 0.9600813984870911, 0.3247852325439453, -0.06992007046937943, 0.22466827929019928, 0.24258583784103394, 0.9131792783737183, 0.11422406882047653, 0.8321455121040344, 1.110642671585083, 1.1971323490142822, 0.5015040040016174, -0.09166277945041656, 0.10799425095319748, 0.4823583960533142]"
anticipate,"[2, 5, 8, 6, 18, 6, 3, 2, 8, 4]",34,"[0.6404058933258057, -0.025651797652244568, 0.5489351749420166, 0.7341793775558472, 1.3711570501327515, 0.3189808428287506, 0.28937214612960815, 0.827302873134613, 1.5281516313552856, 1.3492182493209839, 1.0977864265441895, 0.06298059225082397, -0.006791353225708008, 1.9608337879180908, 0.4646185040473938, 0.4242072105407715, 1.1230875253677368, 0.9843182563781738, 1.0870041847229004, 0.5757102370262146, 0.43539249897003174, 0.10246264189481735, 0.841836154460907, 1.1800912618637085, 1.0084741115570068, 0.2844926714897156, 0.5654523372650146, -0.027539104223251343, 0.747697114944458, 0.7800107002258301, 0.11134476959705353, 0.7458276748657227, 1.028735637664795, 0.3651287257671356, 1.0304291248321533, 0.9310245513916016, 0.8396915793418884, 0.5443519949913025, 0.9049235582351685, 0.8450218439102173, 0.5685540437698364, 0.41697239875793457, 1.3283162117004395, 0.9677685499191284, 0.7974685430526733, 0.4884546995162964, 1.068529725074768, 1.1838010549545288, 0.5226895809173584, 1.178238868713379, 1.1490980386734009, 0.13740374147891998, 0.2557040750980377, 0.26115095615386963, 0.24473920464515686, 1.327089548110962, 0.05373768508434296, 1.1365292072296143, 1.2553815841674805, 1.376099944114685, 0.5324092507362366, 0.28511300683021545, 0.06372446566820145, 0.4375615119934082]"
antithesis,"[2, 5, 8, 6, 8, 9, 4, 7, 6, 7]",34,"[0.9954919219017029, 0.0033193975687026978, 0.565838634967804, 0.37644994258880615, 0.9846664071083069, 0.19866186380386353, 0.3983479142189026, 0.4620402455329895, 0.8734110593795776, 0.9193667769432068, 0.5708674788475037, 0.6242912411689758, 0.3334536552429199, 1.5704708099365234, 0.5552914142608643, 0.47475406527519226, 1.3775089979171753, 0.6033077239990234, 1.4115259647369385, 0.3719155192375183, 0.2195703089237213, 0.005788862705230713, 1.2809274196624756, 0.871720552444458, 0.6188706755638123, 0.40523871779441833, 0.6017621159553528, 0.06160072982311249, 0.7637287378311157, 0.595441997051239, 0.5130549073219299, 0.5377814769744873, 1.1028443574905396, 0.34862184524536133, 1.3012334108352661, 1.3119935989379883, 0.5063552260398865, 0.41878390312194824, 0.6754074096679688, 0.8817510604858398, 0.4506204128265381, 0.8824704885482788, 1.7603480815887451, 1.4929041862487793, 0.7092852592468262, 0.34358546137809753, 0.8866474032402039, 1.0664288997650146, 0.6918582916259766, 0.8516234159469604, 1.5351245403289795, 0.15826934576034546, 0.8124005198478699, 0.7344220876693726, 0.23493871092796326, 0.923417866230011, 0.04803498834371567, 0.7825042605400085, 0.8492699861526489, 1.1303393840789795, 0.34202447533607483, 0.805046796798706, 0.07092365622520447, 0.8750017881393433]"
assonance,"[2, 7, 7, 12, 5, 2, 5, 18, 4]",34,"[0.7277882695198059, 0.004931017756462097, 0.5645520687103271, 0.521068811416626, 0.9516929388046265, 0.4385339617729187, 0.3901737928390503, 0.6979449391365051, 1.0585105419158936, 0.8603067398071289, 0.9360907673835754, 0.14282745122909546, 0.08301624655723572, 1.3866803646087646, 0.23088344931602478, 0.5164623260498047, 0.8919521570205688, 0.933468759059906, 1.1144331693649292, 0.42655783891677856, 0.486392080783844, 0.17384666204452515, 0.5170033574104309, 0.7392571568489075, 0.7598596811294556, 0.367127001285553, 0.6129529476165771, -0.022069424390792847, 0.7259234189987183, 0.46437257528305054, 0.1892770379781723, 0.44687971472740173, 1.0304007530212402, 0.24146723747253418, 0.746271014213562, 1.1242220401763916, 0.5118244886398315, 0.665370762348175, 0.55402010679245, 0.39288708567619324, 0.32755139470100403, 0.2541932463645935, 1.2324028015136719, 0.9904142022132874, 0.7903741598129272, 0.3401244580745697, 0.8594855070114136, 1.0307027101516724, 0.421817421913147, 0.9559508562088013, 1.1019909381866455, 0.16836543381214142, 0.2121202051639557, 0.3090616464614868, 0.3698525130748749, 0.8489368557929993, 0.05011555552482605, 0.7929182648658752, 0.9110509157180786, 0.9677119255065918, 0.4550650715827942, 0.14574536681175232, 0.12706303596496582, 0.5894026756286621]"
cliché,"[18, 14, 6, 18, 9, 0]",34,"[0.46913760900497437, 0.3387960195541382, 0.47268226742744446, 0.15122291445732117, 1.0152747631072998, 1.2833688259124756, 0.26139742136001587, 1.0339469909667969, 1.059598684310913, 0.6581557989120483, 1.1189205646514893, 0.5632619857788086, -0.023501120507717133, 1.871584415435791, 0.052100881934165955, 0.18770980834960938, 0.4486590623855591, 1.6411657333374023, 0.748741626739502, 0.3083185851573944, 0.25634247064590454, 0.0440632700920105, 0.0826837569475174, 0.4210318922996521, 0.4613315165042877, -0.050044476985931396, 1.0812312364578247, 0.5714895725250244, 1.2365195751190186, 0.03943469002842903, 0.36888909339904785, 0.20124217867851257, 0.631656289100647, 0.15062616765499115, 0.4405299425125122, 0.5628882646560669, 0.15331313014030457, 1.246862530708313, 0.07074113935232162, 0.5570127964019775, 0.07755546271800995, 0.45359790325164795, 0.7995893955230713, 0.4517996907234192, 1.402937412261963, 0.05729000270366669, 1.06516432762146, 1.5319746732711792, 0.06205625459551811, 1.436591625213623, 0.6177888512611389, 0.967268705368042, -0.08118575811386108, 0.3624904155731201, 0.01461673155426979, 0.5877794027328491, 0.46132761240005493, 0.6178709268569946, 0.9740074872970581, 0.9768545031547546, 0.34051012992858887, -0.00626502325758338, 0.09928230196237564, 0.18606050312519073]"
consonance,"[18, 12, 5, 7, 12, 5, 2, 5, 18, 4]",34,"[1.1094934940338135, -0.01770399510860443, 0.22344854474067688, 0.6262830495834351, 0.61275714635849, 0.5313273668289185, 0.6114679574966431, 0.5001899600028992, 0.8903380036354065, 0.5462862253189087, 0.7276875376701355, 0.10622051358222961, 0.08263163268566132, 1.142958402633667, 0.4172629117965698, 0.236386239528656, 1.3762613534927368, 0.7706734538078308, 1.761279582977295, 0.6629852652549744, 0.7162456512451172, 0.19224852323532104, 0.6820520162582397, 0.6274666786193848, 1.1096450090408325, 0.01610037311911583, 0.3957814574241638, -0.03407996892929077, 0.5362849831581116, 0.29253917932510376, 0.08544662594795227, 0.44142329692840576, 1.5647871494293213, 0.4656193256378174, 1.234687089920044, 1.7501327991485596, 0.2639870047569275, 0.6521581411361694, 0.2966768741607666, 0.428618848323822, 0.4439086616039276, 0.20528356730937958, 1.9610512256622314, 1.6130309104919434, 0.5142221450805664, 0.05433138459920883, 0.5586279034614563, 0.7907480597496033, 0.6784231662750244, 0.5620043277740479, 1.6948623657226562, 0.16675208508968353, 0.0655842125415802, 0.14080007374286652, 0.1773698627948761, 0.5976341962814331, 0.04724240303039551, 0.9144794940948486, 0.6188283562660217, 0.64842689037323, 0.1486845761537552, 0.2546156346797943, 0.15402589738368988, 0.9836552143096924]"
diction,"[20, 6, 18, 8, 6, 12, 5]",34,"[0.4057440161705017, 0.015306025743484497, 0.8731247782707214, 0.3771421015262604, 1.3086601495742798, 0.3312244415283203, 0.2372138500213623, 0.780985951423645, 1.1486527919769287, 1.2166717052459717, 0.8949365615844727, 0.2686353623867035, 0.14154323935508728, 1.5759696960449219, 0.3035604953765869, 0.6261953711509705, 0.6529797315597534, 0.8902599811553955, 0.6920286417007446, 0.34701329469680786, 0.2189655303955078, 0.06255702674388885, 0.7052657008171082, 1.0203802585601807, 0.5234004855155945, 0.6672674417495728, 0.6318420171737671, 0.04768691956996918, 0.7154373526573181, 0.8313298225402832, 0.2428089678287506, 0.5724051594734192, 0.6795060634613037, 0.1723509430885315, 0.555548906326294, 0.6070703864097595, 0.8130766749382019, 0.4235140085220337, 0.9688451290130615, 0.6713229417800903, 0.39926236867904663, 0.4934200346469879, 0.7833385467529297, 0.5681397318840027, 0.8609790802001953, 0.6674192547798157, 1.0039401054382324, 1.0205376148223877, 0.3766348958015442, 1.2232246398925781, 0.729538083076477, 0.2447013556957245, 0.5928914546966553, 0.5616360902786255, 0.40283846855163574, 1.1243159770965576, 0.101359523832798, 0.7529090642929077, 1.2079780101776123, 1.222533941268921, 0.6942911148071289, 0.3497859835624695, 0.09997053444385529, 0.2600826025009155]"
diligent,"[20, 6, 14, 6, 17, 4, 5, 8]",34,"[1.048892855644226, -0.04152047634124756, 0.4057648777961731, 0.5131308436393738, 0.9311781525611877, 0.14898993074893951, 0.5229633450508118, 0.46986812353134155, 1.0059330463409424, 0.9465948939323425, 0.5485985279083252, 0.23617687821388245, 0.1875651627779007, 1.3176648616790771, 0.6592854261398315, 0.38647177815437317, 1.5736178159713745, 0.5131939649581909, 1.678807258605957, 0.520975649356842, 0.30747711658477783, 0.029651131480932236, 1.273593783378601, 1.0147384405136108, 0.8878002166748047, 0.3937801122665405, 0.37927573919296265, -0.021212488412857056, 0.5117352604866028, 0.6969603300094604, 0.1619350016117096, 0.7525901794433594, 1.4581270217895508, 0.5235624313354492, 1.4136204719543457, 1.5660302639007568, 0.7099484205245972, 0.3203808069229126, 0.7961110472679138, 0.8062765598297119, 0.7178922891616821, 0.5026862621307373, 2.079291820526123, 1.6784497499465942, 0.48162218928337097, 0.3775969445705414, 0.6912954449653625, 0.8267177939414978, 0.9336519241333008, 0.7701066732406616, 1.7867586612701416, 0.07510131597518921, 0.6248428225517273, 0.3781890571117401, 0.2571922242641449, 0.9566144347190857, 0.01882804185152054, 1.0181701183319092, 0.8585320115089417, 0.9917855858802795, 0.32979270815849304, 0.6905672550201416, 0.08011973649263382, 0.9666537046432495]"
ethos,"[4, 8, 9, 12, 7]",34,"[1.4645271301269531, 0.0666559711098671, 0.5282489061355591, 0.06771403551101685, 0.6374295949935913, -0.01130850613117218, 0.8047332167625427, 0.12700702250003815, 0.399762898683548, 0.655436635017395, 0.036686647683382034, 0.8978012800216675, 0.5168585777282715, 1.0376975536346436, 0.668532133102417, 0.4557591676712036, 1.813997745513916, 0.2113172709941864, 2.0555167198181152, 0.288559228181839, 0.09978622198104858, -0.037327587604522705, 1.5923211574554443, 0.6690986156463623, 0.49592137336730957, 0.48404598236083984, 0.3908955454826355, 0.19489219784736633, 0.4959724545478821, 0.46407416462898254, 0.6676042079925537, 0.45409032702445984, 1.4799835681915283, 0.550100564956665, 1.6336616277694702, 1.9910192489624023, 0.3119087815284729, 0.16348493099212646, 0.5492472052574158, 0.8999214172363281, 0.34524765610694885, 1.0750956535339355, 2.509746789932251, 2.177795886993408, 0.4567190110683441, 0.29875385761260986, 0.685718297958374, 0.7160162925720215, 0.8981980085372925, 0.519544243812561, 2.090813159942627, 0.1956767439842224, 1.0543560981750488, 0.8785378932952881, 0.19983431696891785, 0.6494146585464478, 0.05587630346417427, 0.5553625226020813, 0.45666050910949707, 0.8085974454879761, 0.20469650626182556, 1.1426883935928345, 0.10177938640117645, 1.5115923881530762]"
euphemism,"[4, 13, 3, 9, 4, 19, 6, 7, 19]",34,"[0.6776085495948792, 0.010300636291503906, 0.9445806741714478, 0.5289031863212585, 1.3714743852615356, 0.13476784527301788, 0.2200504094362259, 0.64219731092453, 1.1563905477523804, 1.4675759077072144, 0.756720781326294, 0.47297707200050354, 0.28472161293029785, 1.8291223049163818, 0.6517108082771301, 0.6535087823867798, 1.1225850582122803, 0.7261123061180115, 0.9720482230186462, 0.40222787857055664, 0.13490790128707886, 0.05717436969280243, 1.3963325023651123, 1.293434977531433, 0.6678435802459717, 0.8030829429626465, 0.5537128448486328, 0.051092252135276794, 0.7426683902740479, 1.1618468761444092, 0.4823472797870636, 0.7917290925979614, 0.8672341704368591, 0.29484832286834717, 1.063974142074585, 0.8492059111595154, 1.013108491897583, 0.23888561129570007, 1.2635996341705322, 1.0469015836715698, 0.6821840405464172, 0.8690345287322998, 1.3495711088180542, 1.1018519401550293, 0.7208808660507202, 0.7646574974060059, 0.9960765838623047, 1.0517785549163818, 0.7092816829681396, 1.12909996509552, 1.2223155498504639, 0.1266450434923172, 1.0992997884750366, 0.7813353538513184, 0.3685579299926758, 1.335740327835083, 0.05733122304081917, 0.9633793234825134, 1.2733336687088013, 1.4675525426864624, 0.686344563961029, 0.8744531273841858, 0.06961002200841904, 0.509735107421875]"
exempt,"[4, 27, 4, 19, 3, 8]",34,"[1.029619574546814, -0.04256860911846161, 0.29023799300193787, 0.8856539130210876, 1.4687750339508057, 0.06574989855289459, 0.34047436714172363, 0.6583587527275085, 1.7160097360610962, 1.6334296464920044, 0.81076580286026, 0.28538259863853455, 0.06308034062385559, 2.2636001110076904, 0.8221924304962158, 0.20485204458236694, 1.9251513481140137, 0.6437079906463623, 1.6913666725158691, 0.6375763416290283, 0.30505824089050293, 0.051827363669872284, 1.4562287330627441, 1.5747798681259155, 1.2943129539489746, 0.09609982371330261, 0.37813109159469604, -0.006765305995941162, 0.7612643837928772, 0.7649070024490356, 0.1214844286441803, 0.9426252841949463, 1.4909920692443848, 0.6013676524162292, 1.7546230554580688, 1.461878776550293, 0.947784423828125, 0.3284991383552551, 0.991544783115387, 1.382097601890564, 0.7673429846763611, 0.7323663234710693, 2.190230369567871, 1.5323452949523926, 0.6934773921966553, 0.32758134603500366, 1.0846998691558838, 1.2374351024627686, 0.9264105558395386, 1.063780426979065, 1.8776432275772095, 0.009723842144012451, 0.44657662510871887, 0.29430872201919556, 0.030966531485319138, 1.6230350732803345, -0.006239071488380432, 1.5818524360656738, 1.3303899765014648, 1.6273694038391113, 0.33827897906303406, 0.5994279384613037, -0.006438050419092178, 0.8062146902084351]"
free verse,"[22, 11, 4, 4, 31, 28, 4, 11, 7, 4]",34,"[0.6550722718238831, 0.10633304715156555, 1.3778327703475952, -0.07229948043823242, 1.0980267524719238, 0.26072102785110474, 0.05856221169233322, 0.28308889269828796, 0.680088996887207, 0.8552513718605042, 0.7692129015922546, 1.5476447343826294, 1.0100761651992798, 2.385939836502075, 0.1434137225151062, 1.310858964920044, 0.7915844917297363, 0.7017342448234558, 0.724029004573822, -0.08962292969226837, 0.00469902902841568, -0.0289735347032547, 1.3090442419052124, 0.39731255173683167, 0.07850126922130585, 0.8980990648269653, 1.6578141450881958, 0.16678515076637268, 2.068758249282837, 0.34742990136146545, 1.6323078870773315, 0.08921947330236435, 0.3145907521247864, 0.002223066985607147, 0.7514726519584656, 0.7713821530342102, 0.20239880681037903, 0.9243125319480896, 0.3652184009552002, 0.485416442155838, 0.04511450603604317, 1.6459708213806152, 0.8844419717788696, 0.7753342390060425, 2.335014581680298, 0.26232972741127014, 2.052382469177246, 2.201442003250122, 0.21963055431842804, 1.6349573135375977, 0.8181819915771484, 0.3301343023777008, 1.6638610363006592, 2.0179381370544434, 0.7804553508758545, 0.8356258273124695, 0.06776893138885498, 0.19587813317775726, 0.8508415818214417, 1.9993953704833984, 0.5601298809051514, 1.1332335472106934, 0.00713961198925972, 0.5403486490249634]"
jargon,"[23, 2, 11, 17, 12, 5]",34,"[0.7211002707481384, -0.0019239336252212524, 1.3028990030288696, 0.21864187717437744, 1.3937968015670776, -0.11166666448116302, 0.10285741090774536, 0.3867715001106262, 0.9517736434936523, 1.465554118156433, 0.5078364610671997, 1.1650276184082031, 0.7408785223960876, 2.0187816619873047, 0.5527687668800354, 1.0226818323135376, 1.1368070840835571, 0.38171449303627014, 0.9171835780143738, 0.16990984976291656, -0.0013797655701637268, -0.0009149108082056046, 1.7788981199264526, 1.1677628755569458, 0.39158642292022705, 1.1088038682937622, 0.8138054609298706, 0.07395011186599731, 1.1525726318359375, 1.0704970359802246, 1.0742466449737549, 0.5840451121330261, 0.6202529072761536, 0.125512957572937, 1.0449607372283936, 0.7975391149520874, 0.8592578768730164, 0.15524111688137054, 1.2348418235778809, 1.0861115455627441, 0.4075606167316437, 1.496049165725708, 1.2384545803070068, 0.9616692662239075, 1.2579337358474731, 0.7461222410202026, 1.4862074851989746, 1.374359130859375, 0.5804489850997925, 1.3010344505310059, 1.1092214584350586, 0.046253055334091187, 1.7992470264434814, 1.5499567985534668, 0.5475307106971741, 1.3938065767288208, -0.015103131532669067, 0.7599708437919617, 1.254451870918274, 1.8566654920578003, 0.7186858654022217, 1.2856531143188477, 0.021147798746824265, 0.5546908378601074]"
logos,"[14, 12, 17, 12, 7]",34,"[1.6511770486831665, -0.04220855236053467, 0.3076787292957306, 0.25480636954307556, 0.43794652819633484, 0.05993252992630005, 0.9228683114051819, 0.09242817759513855, 0.434814453125, 0.5072803497314453, 0.0625225231051445, 0.5402087569236755, 0.46400517225265503, 0.7442145943641663, 0.8553632497787476, 0.4111062288284302, 2.1355807781219482, 0.13769400119781494, 2.47403621673584, 0.49943631887435913, 0.24520635604858398, -0.05373390018939972, 1.7128441333770752, 0.6509764194488525, 0.7713196277618408, 0.4359722137451172, 0.24439053237438202, -0.0076684653759002686, 0.36372894048690796, 0.6120210886001587, 0.4391306936740875, 0.7503736019134521, 1.9567995071411133, 0.7559725046157837, 1.913622260093689, 2.4237918853759766, 0.4924428164958954, 0.19548466801643372, 0.577434241771698, 0.72950279712677, 0.7982689142227173, 0.7456086277961731, 2.9923179149627686, 2.590317487716675, 0.28119999170303345, 0.23184524476528168, 0.4482492208480835, 0.5739478468894958, 1.330897569656372, 0.3408140540122986, 2.583967447280884, 0.049414098262786865, 0.9659115672111511, 0.6118429899215698, 0.21842709183692932, 0.48454105854034424, -0.01527327299118042, 0.7552759647369385, 0.3608304560184479, 0.5857020020484924, 0.14801087975502014, 1.2223161458969116, 0.10952889174222946, 1.7475895881652832]"
meter,"[19, 4, 8, 4, 11]",34,"[1.259052038192749, 0.049108438193798065, 0.3485550284385681, 0.3137952387332916, 0.8303029537200928, 0.03172747790813446, 0.5027307271957397, 0.16088849306106567, 0.6784890294075012, 0.8805281519889832, 0.2514571249485016, 0.8825229406356812, 0.4342377185821533, 1.5609731674194336, 0.6997125744819641, 0.2895526587963104, 1.8511240482330322, 0.2218835949897766, 1.7312746047973633, 0.2785584330558777, 0.11444960534572601, -0.03442353010177612, 1.604620099067688, 0.88779217004776, 0.6605550050735474, 0.10745449364185333, 0.5035465955734253, 0.11868228018283844, 0.741090714931488, 0.3371255397796631, 0.6200477480888367, 0.48029956221580505, 1.2592401504516602, 0.4535510838031769, 1.6978696584701538, 1.6997382640838623, 0.2860430181026459, 0.30562150478363037, 0.45182377099990845, 1.086373209953308, 0.2988324463367462, 1.1635900735855103, 2.2220733165740967, 1.8576184511184692, 0.6686546802520752, 0.0815342590212822, 0.8936069011688232, 1.0595046281814575, 0.8127371072769165, 0.642614483833313, 1.9656280279159546, 0.11229850351810455, 0.8625385165214539, 0.7709179520606995, 0.04515698552131653, 0.8795120716094971, 0.02469191700220108, 0.815437376499176, 0.644300103187561, 1.1899423599243164, 0.09057421237230301, 0.9913285970687866, 0.03010886162519455, 1.204278826713562]"
morpheme,"[19, 12, 11, 3, 9, 4, 19, 4]",34,"[0.8002257943153381, 0.01520286500453949, 0.828357458114624, 0.32056769728660583, 1.2382632493972778, 0.11084387451410294, 0.2156330943107605, 0.4557991027832031, 1.019036889076233, 1.2088439464569092, 0.6341434121131897, 0.9017605781555176, 0.48819953203201294, 2.0392088890075684, 0.5064078569412231, 0.6093289256095886, 1.2718021869659424, 0.6129394173622131, 1.090691328048706, 0.2500289976596832, 0.07731654495000839, -0.01640990376472473, 1.4216654300689697, 0.9972081780433655, 0.5310183167457581, 0.49814605712890625, 0.8235299587249756, 0.06734806299209595, 1.1238170862197876, 0.6374070048332214, 0.7848768830299377, 0.48704278469085693, 0.8115098476409912, 0.23878954350948334, 1.1738070249557495, 1.015249252319336, 0.5718770027160645, 0.4233866333961487, 0.7302414774894714, 1.0189181566238403, 0.31590890884399414, 1.2068759202957153, 1.427184820175171, 1.2027997970581055, 1.1143966913223267, 0.3860344886779785, 1.3149927854537964, 1.434253215789795, 0.5704807043075562, 1.1586353778839111, 1.2939261198043823, 0.1423056274652481, 1.0724612474441528, 1.04486882686615, 0.27530109882354736, 1.1674830913543701, 0.03629785776138306, 0.7942207455635071, 1.0450025796890259, 1.5918946266174316, 0.45291072130203247, 0.9343356490135193, 0.03837928920984268, 0.6773269176483154]"
oxymoron,"[12, 27, 21, 19, 12, 11, 12, 5]",34,"[1.1008280515670776, -0.11267927289009094, 0.3916507363319397, 1.0911428928375244, 1.3744126558303833, -0.13394777476787567, 0.3284439444541931, 0.481315016746521, 1.5843935012817383, 1.6791101694107056, 0.62591552734375, -0.09335431456565857, 0.07079087197780609, 1.7368402481079102, 1.094646692276001, 0.4234324097633362, 2.140933036804199, 0.30569231510162354, 1.930455207824707, 0.7681353688240051, 0.3563634753227234, 0.12286347895860672, 1.8709869384765625, 1.800102949142456, 1.5052685737609863, 0.5294620394706726, 0.02411191165447235, -0.14492449164390564, 0.3668736219406128, 1.3361420631408691, -0.09730269759893417, 1.3250980377197266, 1.8228869438171387, 0.7511549592018127, 2.004661798477173, 1.7031912803649902, 1.4410735368728638, -0.06034083664417267, 1.544159173965454, 1.221859335899353, 1.3676965236663818, 0.4353632926940918, 2.589164972305298, 1.9270740747451782, 0.17901986837387085, 0.6985716223716736, 0.7791950702667236, 0.7174249887466431, 1.4618149995803833, 0.7983472347259521, 2.2820661067962646, -0.1666809618473053, 0.7493696212768555, 0.1790410280227661, 0.32693764567375183, 1.7006096839904785, -0.06895895302295685, 1.6736699342727661, 1.305368423461914, 1.3934574127197266, 0.4278644919395447, 0.9343476295471191, -0.005135048180818558, 1.008825421333313]"
paradox,"[3, 2, 11, 2, 20, 12, 27]",34,"[1.5383667945861816, -0.07184486091136932, -0.010433636605739594, 0.7846968173980713, 0.6731880307197571, 0.15835237503051758, 0.7401582598686218, 0.3265843391418457, 1.0274972915649414, 0.8275853395462036, 0.4750165641307831, 0.10979586839675903, 0.0740269273519516, 1.1876938343048096, 0.8779028654098511, 0.17850881814956665, 2.1899447441101074, 0.3711419105529785, 2.3913114070892334, 0.7099853754043579, 0.5144651532173157, 0.08613797277212143, 1.4231925010681152, 1.010591983795166, 1.3131356239318848, 0.06565576791763306, 0.15482217073440552, -0.08209538459777832, 0.36195969581604004, 0.5185665488243103, 0.00011786818504333496, 0.8270033001899719, 2.072847843170166, 0.7823439836502075, 1.9826295375823975, 2.2610435485839844, 0.6300981044769287, 0.2954851984977722, 0.6296448111534119, 0.7836087942123413, 0.9235864281654358, 0.3525306284427643, 2.9715723991394043, 2.4369587898254395, 0.22712115943431854, 0.12515102326869965, 0.4957813620567322, 0.6561242938041687, 1.2731879949569702, 0.4575440287590027, 2.528211832046509, -0.005133897066116333, 0.3696756064891815, 0.07756378501653671, 0.09211813658475876, 0.8468126058578491, -0.041631340980529785, 1.2223689556121826, 0.6645100116729736, 0.7726989984512329, 0.06784064322710037, 0.7276743054389954, 0.08876504004001617, 1.4480186700820923]"
pathos,"[3, 2, 8, 9, 12, 7]",34,"[1.3689801692962646, 0.034668825566768646, 0.5964170694351196, 0.16213087737560272, 0.8328608870506287, 0.029851555824279785, 0.6765072345733643, 0.24934862554073334, 0.5910770893096924, 0.8347800970077515, 0.17998147010803223, 0.8719604015350342, 0.4778585433959961, 1.2819828987121582, 0.6759722232818604, 0.5058907866477966, 1.7929277420043945, 0.33911624550819397, 1.9248497486114502, 0.30164796113967896, 0.1043706089258194, -0.026141919195652008, 1.5823765993118286, 0.8189680576324463, 0.5425674915313721, 0.4880812168121338, 0.4494008421897888, 0.16057467460632324, 0.5964382290840149, 0.5693195462226868, 0.645203173160553, 0.5387683510780334, 1.3993303775787354, 0.5198671221733093, 1.6170673370361328, 1.8663833141326904, 0.45071664452552795, 0.22421228885650635, 0.6574194431304932, 0.9938479661941528, 0.43480822443962097, 1.0923477411270142, 2.3804826736450195, 2.0194573402404785, 0.5628721714019775, 0.3588625490665436, 0.7816784977912903, 0.8686338067054749, 0.877039909362793, 0.670616626739502, 2.0005204677581787, 0.17719481885433197, 1.0512187480926514, 0.8785789012908936, 0.2027677595615387, 0.8098830580711365, 0.049465566873550415, 0.7021357417106628, 0.6356558203697205, 0.9815977215766907, 0.2859450578689575, 1.100534439086914, 0.0812043771147728, 1.3521853685379028]"
pun,"[3, 13, 5]",34,"[0.8326938152313232, 0.15476226806640625, 0.5804992914199829, 0.2100965678691864, 0.9451079964637756, 0.08215583860874176, 0.37773630023002625, 0.29646700620651245, 0.5858647227287292, 1.0488594770431519, 0.16608300805091858, 0.9330921173095703, 0.3664436936378479, 1.3576760292053223, 0.6509647965431213, 0.2683044970035553, 1.2910149097442627, 0.32638001441955566, 1.1061456203460693, 0.304401159286499, 0.03319671005010605, -0.023871952667832375, 1.362502932548523, 0.940066933631897, 0.4608212113380432, 0.38591334223747253, 0.3942989110946655, 0.284961074590683, 0.5207589864730835, 0.6368557810783386, 0.6448997855186462, 0.45919206738471985, 0.8790324330329895, 0.33558785915374756, 1.2082246541976929, 1.0330181121826172, 0.397996723651886, 0.16263353824615479, 0.7092366218566895, 1.2445740699768066, 0.23796729743480682, 1.185766577720642, 1.5214473009109497, 1.1867040395736694, 0.48585090041160583, 0.33796072006225586, 0.762357771396637, 0.8280899524688721, 0.625860333442688, 0.6951488256454468, 1.3387483358383179, 0.2715166509151459, 1.0309748649597168, 0.7250161170959473, -0.014412209391593933, 0.9779667854309082, 0.1224554255604744, 0.7832379341125488, 0.8028929829597473, 1.137585163116455, 0.28743118047714233, 0.8859564661979675, 0.046649232506752014, 0.722745418548584]"
register,"[11, 4, 17, 6, 7, 8, 4, 11]",34,"[1.6216567754745483, -0.029667630791664124, 0.5039923191070557, 0.353010892868042, 0.7921555042266846, -0.06234361231327057, 0.6177724599838257, 0.06270941346883774, 0.6500083208084106, 0.9051894545555115, 0.16612327098846436, 0.9698731899261475, 0.633680522441864, 1.5273818969726562, 0.9516705274581909, 0.5266628265380859, 2.3118999004364014, 0.09483547508716583, 2.2728006839752197, 0.38720065355300903, 0.1803250014781952, -0.04185312241315842, 2.1608035564422607, 0.9760844111442566, 0.7943415641784668, 0.3999035060405731, 0.4459083676338196, 0.006645530462265015, 0.7012202739715576, 0.6907303333282471, 0.7824265956878662, 0.7097758054733276, 1.6400043964385986, 0.5638711452484131, 2.108288526535034, 2.1715564727783203, 0.4874939024448395, 0.22967380285263062, 0.7377739548683167, 1.1547679901123047, 0.6514428853988647, 1.3384429216384888, 2.841688632965088, 2.48321270942688, 0.629120945930481, 0.22242051362991333, 0.8720680475234985, 1.0284563302993774, 1.2089546918869019, 0.5545533895492554, 2.488701105117798, -0.00568196177482605, 1.393460750579834, 1.0428718328475952, 0.19345715641975403, 0.9548942446708679, -0.03521434962749481, 0.908161461353302, 0.6630266904830933, 1.2482770681381226, 0.15292507410049438, 1.480989694595337, 0.06049339845776558, 1.5704658031463623]"
repetition,"[11, 4, 3, 4, 8, 6, 8, 6, 12, 5]",34,"[0.37410300970077515, -0.0031558573246002197, 0.9867905974388123, 0.6284403204917908, 1.740262746810913, 0.05323857069015503, 0.08277730643749237, 0.81531822681427, 1.626151204109192, 1.8239867687225342, 0.9926557540893555, 0.35660120844841003, 0.21710219979286194, 2.286881446838379, 0.5211169123649597, 0.6649630665779114, 0.9776520729064941, 0.8306244611740112, 0.6948306560516357, 0.4284672737121582, 0.162759929895401, 0.0510396733880043, 1.2319257259368896, 1.5144637823104858, 0.81585294008255, 0.7719064354896545, 0.6514005064964294, 0.039994776248931885, 0.9651733636856079, 1.169970989227295, 0.37595492601394653, 0.8576161861419678, 0.7137070298194885, 0.26613157987594604, 0.8928841948509216, 0.5463414192199707, 1.1794973611831665, 0.296098530292511, 1.3561761379241943, 1.1422441005706787, 0.6247899532318115, 0.779375433921814, 0.9885067939758301, 0.5655526518821716, 1.009162187576294, 0.8061152696609497, 1.3834213018417358, 1.3464577198028564, 0.5278849005699158, 1.4728721380233765, 0.9004918932914734, 0.0776945948600769, 0.8755717277526855, 0.745656430721283, 0.38911551237106323, 1.7176780700683594, 0.049747034907341, 1.1754759550094604, 1.5888710021972656, 1.8370858430862427, 0.7957906126976013, 0.6101763844490051, 0.011731501668691635, 0.1773822009563446]"
retrieve,"[11, 4, 8, 11, 6, 4, 28, 4]",34,"[0.8564104437828064, 0.00912146270275116, 0.8242279887199402, 0.2753737270832062, 1.135886311531067, 0.016368672251701355, 0.14569570124149323, 0.3278711438179016, 0.9859437942504883, 1.1137166023254395, 0.6818857789039612, 1.0606122016906738, 0.6252579689025879, 2.1771819591522217, 0.41796696186065674, 0.8181901574134827, 1.321834683418274, 0.4978685677051544, 1.159867763519287, 0.09943368285894394, 0.08596785366535187, -0.023002561181783676, 1.443124532699585, 0.8326836228370667, 0.4672189950942993, 0.5019046664237976, 1.082934856414795, 0.06729330122470856, 1.4533042907714844, 0.34355685114860535, 0.951233446598053, 0.3786523938179016, 0.761872410774231, 0.19857439398765564, 1.2438663244247437, 1.167823314666748, 0.4418138563632965, 0.5954939723014832, 0.510710597038269, 0.8094723224639893, 0.27925440669059753, 1.2436996698379517, 1.4432064294815063, 1.211173176765442, 1.5362226963043213, 0.2429526150226593, 1.606448769569397, 1.687206745147705, 0.5179182291030884, 1.253193736076355, 1.289081335067749, 0.08820140361785889, 1.1090227365493774, 1.283679485321045, 0.48014310002326965, 1.0982998609542847, -0.012151628732681274, 0.6613388657569885, 0.9235126376152039, 1.7532896995544434, 0.3989860713481903, 0.9094093441963196, -0.025275591760873795, 0.7475181818008423]"
rhetoric,"[11, 9, 4, 8, 12, 11, 6, 18]",34,"[1.22494375705719, -0.0006725937128067017, 0.18200373649597168, 0.6644464731216431, 0.7299264669418335, 0.4026661515235901, 0.6824896931648254, 0.45432955026626587, 0.9670152068138123, 0.7608379125595093, 0.6468292474746704, 0.18044257164001465, 0.10038212686777115, 1.2550575733184814, 0.6939226984977722, 0.20909300446510315, 1.7365158796310425, 0.6579810380935669, 1.9908719062805176, 0.7644248604774475, 0.5296549797058105, 0.08629564195871353, 1.1178152561187744, 0.8484358191490173, 1.1581401824951172, 0.1168488934636116, 0.32287389039993286, -0.013364613056182861, 0.4991089105606079, 0.512321949005127, 0.093651182949543, 0.6341805458068848, 1.7259008884429932, 0.6066191792488098, 1.6020146608352661, 1.8792212009429932, 0.4922844469547272, 0.5428536534309387, 0.5495033264160156, 0.7541896104812622, 0.6607989072799683, 0.3656385540962219, 2.361368179321289, 1.923154592514038, 0.4053483009338379, 0.18467050790786743, 0.5642568469047546, 0.7453376054763794, 0.9591954946517944, 0.6840945482254028, 2.105480432510376, 0.15824122726917267, 0.3623892664909363, 0.20347537100315094, 0.10611680895090103, 0.8032504916191101, 0.039944134652614594, 1.0481795072555542, 0.7431823015213013, 0.7773885130882263, 0.15579727292060852, 0.5906935334205627, 0.09992806613445282, 1.1170117855072021]"
rhyme scheme,"[11, 9, 21, 19, 4, 31, 7, 18, 9, 4, 19, 4]",34,"[0.24006909132003784, 0.110531747341156, 1.6726264953613281, 0.0845450907945633, 1.5022244453430176, 0.3815130293369293, 0.10071375966072083, 0.7942945957183838, 1.027055263519287, 1.199224591255188, 1.2867058515548706, 0.9220403432846069, 0.6519514322280884, 2.283146858215332, 0.01637224107980728, 1.4700419902801514, 0.25770726799964905, 1.2200005054473877, 0.34886154532432556, -0.027576640248298645, 0.005381062626838684, 0.016140948981046677, 0.7927694320678711, 0.5888662934303284, -0.008883312344551086, 1.2802159786224365, 1.537270426750183, 0.1688670814037323, 1.7161582708358765, 0.7488335371017456, 1.2018296718597412, 0.28705379366874695, 0.215840145945549, 0.019154630601406097, 0.2376275360584259, 0.35825133323669434, 0.6625606417655945, 0.835272490978241, 0.8996951580047607, 0.3233889043331146, 0.20002901554107666, 1.027361273765564, 0.302944540977478, 0.3679044544696808, 2.055734872817993, 0.8799101114273071, 1.8507107496261597, 1.8793107271194458, 0.12044775485992432, 1.93980872631073, 0.2662731409072876, 0.3766525089740753, 1.3064231872558594, 1.6076223850250244, 1.0780390501022339, 1.0703719854354858, 0.16240495443344116, 0.21076425909996033, 1.2469806671142578, 1.8080847263336182, 1.007516622543335, 0.6855425834655762, 0.050507813692092896, 0.2002372294664383]"
scarce,"[7, 18, 2, 11, 18, 4]",34,"[0.8539558053016663, 0.02350039780139923, 0.31252720952033997, 0.5081677436828613, 0.8129398822784424, 0.5996854901313782, 0.4816032946109772, 0.6480873227119446, 0.9702640175819397, 0.6918067336082458, 0.9670030474662781, 0.24063676595687866, 0.06418474018573761, 1.4314415454864502, 0.22611647844314575, 0.32041680812835693, 0.9977520704269409, 0.9604445695877075, 1.2630493640899658, 0.477846622467041, 0.5584299564361572, 0.12162996083498001, 0.43392717838287354, 0.5719554424285889, 0.8027421236038208, -0.014139175415039062, 0.699640154838562, 0.02994072437286377, 0.826938271522522, 0.10617005825042725, 0.19467583298683167, 0.3033495545387268, 1.1038423776626587, 0.31600093841552734, 0.899036169052124, 1.3080918788909912, 0.1892244815826416, 0.8204610347747803, 0.2013646960258484, 0.4509761333465576, 0.18099763989448547, 0.33121442794799805, 1.3788986206054688, 1.0999702215194702, 0.8959629535675049, 0.05659916251897812, 0.8380942940711975, 1.0966302156448364, 0.35413628816604614, 0.9109711647033691, 1.2221661806106567, 0.2741488218307495, -0.019915606826543808, 0.2610900402069092, 0.19645902514457703, 0.6520066261291504, 0.09409597516059875, 0.7188900709152222, 0.7525612711906433, 0.8809683918952942, 0.25502124428749084, 0.08235212415456772, 0.11243534088134766, 0.6659361124038696]"
slang,"[7, 14, 2, 5, 17]",34,"[1.4860919713974, 0.14444836974143982, 0.43443015217781067, 0.019531400874257088, 0.5404751300811768, 0.14014630019664764, 0.8001202940940857, 0.1215459406375885, 0.26934218406677246, 0.5426933169364929, 0.04132968187332153, 1.0767691135406494, 0.5663923025131226, 0.9990548491477966, 0.6484634280204773, 0.38393014669418335, 1.7162977457046509, 0.25753822922706604, 1.9404504299163818, 0.30102306604385376, 0.0650327056646347, -0.06043728440999985, 1.4703342914581299, 0.5192621946334839, 0.40238669514656067, 0.378374844789505, 0.46240854263305664, 0.272562712430954, 0.5318576097488403, 0.32545167207717896, 0.8011954426765442, 0.33980289101600647, 1.3496179580688477, 0.4921109676361084, 1.5665065050125122, 1.8616855144500732, 0.1471649408340454, 0.33534619212150574, 0.35229361057281494, 0.9093234539031982, 0.19559457898139954, 1.180727243423462, 2.3610410690307617, 2.0558106899261475, 0.5370332598686218, 0.17376098036766052, 0.672535240650177, 0.7745046615600586, 0.8063191175460815, 0.5164885520935059, 2.0215189456939697, 0.26987969875335693, 1.1249198913574219, 0.886396050453186, 0.077145516872406, 0.5059623122215271, 0.09259916841983795, 0.5240293741226196, 0.39345771074295044, 0.7604181170463562, 0.1466490477323532, 1.1403459310531616, 0.10877703875303268, 1.4727897644042969]"
style,"[7, 8, 21, 14, 4]",34,"[1.1163915395736694, 0.0432385578751564, 0.4036518633365631, 0.2910797595977783, 0.8333055377006531, 0.2610166668891907, 0.4400739371776581, 0.41966837644577026, 0.9161688089370728, 0.6838005185127258, 0.6194052696228027, 0.6277194023132324, 0.4172670841217041, 1.551846981048584, 0.38745635747909546, 0.5764821171760559, 1.426905870437622, 0.6282171010971069, 1.621422529220581, 0.2799397110939026, 0.2297055870294571, -0.003793308511376381, 1.086604118347168, 0.5969225764274597, 0.6132363080978394, 0.2757268249988556, 0.8176430463790894, 0.06362281739711761, 1.0453107357025146, 0.15197773277759552, 0.4991077482700348, 0.42727622389793396, 1.209681749343872, 0.38952746987342834, 1.3179906606674194, 1.6350409984588623, 0.339655339717865, 0.72286057472229, 0.2844088673591614, 0.5612441301345825, 0.41772884130477905, 0.716758131980896, 1.8616703748703003, 1.5661317110061646, 1.090261459350586, 0.098838672041893, 1.0740902423858643, 1.3307193517684937, 0.707639217376709, 0.8934839963912964, 1.6365936994552612, 0.17736658453941345, 0.577069103717804, 0.7503107786178589, 0.369973361492157, 0.7052808403968811, 0.04887007921934128, 0.6890695691108704, 0.6166737675666809, 1.0933351516723633, 0.2458970695734024, 0.6374247670173645, 0.052387382835149765, 1.065359115600586]"
syntax,"[7, 21, 5, 8, 2, 27]",34,"[1.056665301322937, -0.033595263957977295, 0.15333804488182068, 0.775944173336029, 0.8666101098060608, 0.2599654495716095, 0.5328896045684814, 0.5256094336509705, 1.1111730337142944, 0.9311079978942871, 0.6551937460899353, 0.021434888243675232, -0.008988741785287857, 1.2865595817565918, 0.6302575469017029, 0.2048233151435852, 1.5951751470565796, 0.5686643123626709, 1.7440919876098633, 0.6790440082550049, 0.5285410284996033, 0.15310075879096985, 0.975860059261322, 1.0328761339187622, 1.2019691467285156, 0.1304597705602646, 0.21552415192127228, -0.01796048879623413, 0.416778028011322, 0.5532474517822266, -0.06761141866445541, 0.710870623588562, 1.6391496658325195, 0.5856550335884094, 1.4467204809188843, 1.6485800743103027, 0.643670380115509, 0.35506245493888855, 0.702888011932373, 0.7075086832046509, 0.6879341006278992, 0.24006736278533936, 2.15281081199646, 1.6439452171325684, 0.3184390664100647, 0.2405334711074829, 0.5793212652206421, 0.6884867548942566, 0.8964781761169434, 0.6656358242034912, 1.8319772481918335, 0.08142337203025818, 0.18256226181983948, 0.04763650894165039, 0.16137471795082092, 0.9531213045120239, 0.01151653379201889, 1.1947059631347656, 0.8553881049156189, 0.8435484170913696, 0.2056632786989212, 0.3600345849990845, 0.0824277251958847, 0.9520750045776367]"
voice,"[28, 12, 6, 18, 4]",34,"[1.2123867273330688, -0.023318231105804443, 0.2674477994441986, 0.3415750563144684, 0.6031341552734375, 0.44703036546707153, 0.6775040626525879, 0.4861140251159668, 0.8760055303573608, 0.4120855927467346, 0.6582863330841064, 0.37359002232551575, 0.23077014088630676, 1.3230080604553223, 0.40456777811050415, 0.3714829385280609, 1.4275445938110352, 0.8030620813369751, 1.8253202438354492, 0.48405230045318604, 0.46255946159362793, 0.016197357326745987, 0.8793143630027771, 0.4556952714920044, 0.7815640568733215, 0.10069017112255096, 0.692474365234375, -0.01975119113922119, 0.8267614841461182, 0.16484791040420532, 0.32212817668914795, 0.3939593434333801, 1.4956049919128418, 0.47214704751968384, 1.2863190174102783, 1.8076972961425781, 0.17336943745613098, 0.7657747864723206, 0.15073464810848236, 0.4208559989929199, 0.4372413158416748, 0.5051519274711609, 2.0275564193725586, 1.810567855834961, 0.8256703615188599, 0.03676313906908035, 0.7971983551979065, 1.11969792842865, 0.7412432432174683, 0.7488552331924438, 1.696616291999817, 0.22591102123260498, 0.25082114338874817, 0.4255337715148926, 0.26515936851501465, 0.4469730854034424, 0.039094485342502594, 0.6895999908447266, 0.5092438459396362, 0.8036825060844421, 0.18241477012634277, 0.46404388546943665, 0.1250966191291809, 1.1183403730392456]"
acknowledge,"[2, 18, 16, 5, 12, 26, 14, 4, 20, 17, 4]",34,"[0.11646204441785812, 0.013830691576004028, 1.5564017295837402, 0.1619686633348465, 1.6197738647460938, 0.41197556257247925, 0.10372672230005264, 0.964309573173523, 1.3508925437927246, 1.2443562746047974, 1.6581618785858154, 0.6120425462722778, 0.5448410511016846, 2.4400298595428467, -0.08418023586273193, 1.4716264009475708, 0.14579859375953674, 1.3575866222381592, 0.19636684656143188, 0.03020356595516205, 0.08830758184194565, -0.0055884625762701035, 0.5325033664703369, 0.5867947936058044, 0.09378303587436676, 1.1494815349578857, 1.7330591678619385, -0.010920286178588867, 1.9237679243087769, 0.6188866496086121, 1.0183870792388916, 0.33986911177635193, 0.2151346206665039, 0.04689175635576248, 0.022976495325565338, 0.29929760098457336, 0.7443484663963318, 1.0698761940002441, 0.7845011353492737, 0.11963421106338501, 0.19459013640880585, 0.7462853789329529, 0.13725101947784424, 0.184005469083786, 2.3673675060272217, 0.7715082764625549, 2.0878610610961914, 2.109049081802368, 0.08302989602088928, 2.2532899379730225, 0.17149263620376587, 0.2988205850124359, 1.0021203756332397, 1.4395554065704346, 1.1391239166259766, 1.0801060199737549, 0.09837350994348526, 0.28843891620635986, 1.396042823791504, 1.9816834926605225, 1.0501874685287476, 0.3512372672557831, 0.04203630983829498, 0.06918740272521973]"
annotate,"[2, 5, 5, 12, 8, 2, 8, 4]",34,"[0.35320085287094116, 0.0190599262714386, 0.9431530833244324, 0.3692571222782135, 1.5099256038665771, 0.020535394549369812, 0.031491830945014954, 0.6221301555633545, 1.3078802824020386, 1.4641369581222534, 0.8944246768951416, 0.711951494216919, 0.35754114389419556, 2.2242825031280518, 0.3204326033592224, 0.7503136396408081, 0.8374475240707397, 0.6419822573661804, 0.56923508644104, 0.19719982147216797, 0.0790720283985138, -0.013432415202260017, 1.0212812423706055, 1.105635643005371, 0.4918402135372162, 0.594953715801239, 0.962038516998291, 0.063621386885643, 1.2083122730255127, 0.6510072946548462, 0.6665748953819275, 0.5288441777229309, 0.4706483781337738, 0.15251190960407257, 0.7647839784622192, 0.5220521092414856, 0.7466721534729004, 0.4581473469734192, 0.881016194820404, 0.8677947521209717, 0.2868190407752991, 0.9754753112792969, 0.7692351341247559, 0.4631168842315674, 1.357102632522583, 0.5176182389259338, 1.6066406965255737, 1.5462615489959717, 0.3314343988895416, 1.4413460493087769, 0.7067448496818542, 0.1015368402004242, 0.8299268484115601, 0.9713865518569946, 0.4298287630081177, 1.394169569015503, 0.014176711440086365, 0.8172431588172913, 1.2812614440917969, 1.8271750211715698, 0.6431930065155029, 0.5427715182304382, -0.018496472388505936, 0.23420855402946472]"
appraise,"[2, 3, 3, 11, 2, 6, 7, 4]",34,"[0.9867147207260132, 0.040395885705947876, 0.4370303153991699, 0.6530527472496033, 1.210490107536316, 0.2060193121433258, 0.41725605726242065, 0.5547309517860413, 1.245592713356018, 1.2886526584625244, 0.7607743144035339, 0.4589569866657257, 0.1831439733505249, 1.9019806385040283, 0.6689386367797852, 0.2900071144104004, 1.5603173971176147, 0.6820034384727478, 1.480818271636963, 0.5150911808013916, 0.3124138116836548, 0.02607114613056183, 1.3065903186798096, 1.1601133346557617, 0.9432384371757507, 0.20853635668754578, 0.5034898519515991, 0.05104687809944153, 0.7739071249961853, 0.6743783354759216, 0.3300173282623291, 0.646984875202179, 1.2017822265625, 0.4253205955028534, 1.4353795051574707, 1.361729621887207, 0.6632780432701111, 0.4290192127227783, 0.7937268018722534, 1.1073976755142212, 0.5044747591018677, 0.8163790702819824, 1.8489434719085693, 1.447365641593933, 0.7037985324859619, 0.32580167055130005, 1.0025485754013062, 1.1200615167617798, 0.7305004596710205, 0.960482120513916, 1.6174132823944092, 0.11582471430301666, 0.6291499137878418, 0.49960803985595703, 0.09435657411813736, 1.2488822937011719, 0.03945962339639664, 1.1140820980072021, 1.1041604280471802, 1.3713102340698242, 0.35100939869880676, 0.6348499059677124, 0.050497353076934814, 0.8235061168670654]"
coherence,"[18, 12, 9, 4, 11, 4, 5, 18, 4]",34,"[1.1459143161773682, -0.009851709008216858, 0.33284109830856323, 0.4901374876499176, 0.726904034614563, 0.5108353495597839, 0.5455275177955627, 0.5438259840011597, 0.9716511368751526, 0.6160794496536255, 0.8324437737464905, 0.38380077481269836, 0.22613848745822906, 1.5379106998443604, 0.3619547486305237, 0.3909273147583008, 1.3678690195083618, 0.8947610855102539, 1.6717987060546875, 0.480396032333374, 0.5502307415008545, 0.10974013060331345, 0.8633477687835693, 0.573809027671814, 0.887047290802002, 0.07218825817108154, 0.7545344829559326, -0.02503344416618347, 0.9551107883453369, 0.154640793800354, 0.32781243324279785, 0.395192950963974, 1.4079773426055908, 0.37775322794914246, 1.265548825263977, 1.739961862564087, 0.20799756050109863, 0.8595113158226013, 0.2078111171722412, 0.45479148626327515, 0.36905965209007263, 0.4916020929813385, 1.9152740240097046, 1.6744686365127563, 0.9580579996109009, 0.01781514286994934, 0.9098828434944153, 1.2462292909622192, 0.6443425416946411, 0.8338755369186401, 1.6569042205810547, 0.19499731063842773, 0.23846253752708435, 0.4633920192718506, 0.27533307671546936, 0.6108664870262146, 0.05086953192949295, 0.8062102794647217, 0.6744195818901062, 0.9729537963867188, 0.2109641432762146, 0.4088543653488159, 0.12245731055736542, 0.9816310405731201]"
criterion,"[18, 11, 6, 8, 4, 11, 6, 12, 5]",34,"[1.007447600364685, 0.022897496819496155, 0.4564751088619232, 0.5043617486953735, 0.8904702067375183, 0.314789354801178, 0.5331215858459473, 0.489931583404541, 0.9579839706420898, 0.8943911194801331, 0.5587051510810852, 0.34833669662475586, 0.18089638650417328, 1.3671767711639404, 0.5979118347167969, 0.3190489709377289, 1.4070647954940796, 0.6070814728736877, 1.5418715476989746, 0.5840725302696228, 0.38122421503067017, 0.06528955698013306, 1.1449732780456543, 0.9495010375976562, 0.9248450398445129, 0.3417056202888489, 0.3777978718280792, 0.048416897654533386, 0.5492589473724365, 0.6986557245254517, 0.2779304087162018, 0.6366844773292542, 1.3603057861328125, 0.46646246314048767, 1.3019236326217651, 1.411055326461792, 0.5956724882125854, 0.36917799711227417, 0.7196040749549866, 0.8460330963134766, 0.5693119168281555, 0.5927790403366089, 1.8799636363983154, 1.4623311758041382, 0.4975711703300476, 0.33402806520462036, 0.6974872350692749, 0.8790566325187683, 0.7799643278121948, 0.7905343770980835, 1.696824550628662, 0.16829845309257507, 0.5914857983589172, 0.4317139983177185, 0.14353948831558228, 0.8948126435279846, 0.04969096928834915, 0.974667489528656, 0.8701852560043335, 0.9777206778526306, 0.33336740732192993, 0.6481618881225586, 0.08755287528038025, 0.8516170978546143]"
derive,"[20, 4, 11, 6, 28, 4]",34,"[1.487805724143982, 0.04666358232498169, 0.33785784244537354, 0.3215341567993164, 0.6425819993019104, 0.0773947685956955, 0.6500071287155151, 0.11220161616802216, 0.6765546202659607, 0.6873183250427246, 0.2564079761505127, 0.9072431325912476, 0.5026258826255798, 1.5537002086639404, 0.6884630918502808, 0.41304194927215576, 2.0330111980438232, 0.261213481426239, 2.081357955932617, 0.30565041303634644, 0.2424989491701126, -0.006539210677146912, 1.6409761905670166, 0.7444289326667786, 0.793465793132782, 0.14126531779766083, 0.5882291793823242, 0.1073864996433258, 0.9082818627357483, 0.25009259581565857, 0.6900233626365662, 0.46753010153770447, 1.5111489295959473, 0.5223174095153809, 1.855749487876892, 2.065347194671631, 0.20780512690544128, 0.473280668258667, 0.28282397985458374, 0.9233607053756714, 0.4295852780342102, 1.0822036266326904, 2.507749080657959, 2.1495933532714844, 0.8684515953063965, -0.03726565092802048, 0.9853105545043945, 1.2073032855987549, 0.8900141716003418, 0.6440051794052124, 2.2353875637054443, 0.11482484638690948, 0.8562572002410889, 0.8748403191566467, 0.15808993577957153, 0.7488716840744019, 0.0018756687641143799, 0.7774032950401306, 0.5302758812904358, 1.1786770820617676, 0.070658378303051, 1.0245635509490967, 0.025962602347135544, 1.4216623306274414]"
explicit,"[4, 27, 3, 14, 6, 18, 6, 8]",34,"[0.607850193977356, -0.0209682434797287, 0.5978285074234009, 0.5731539130210876, 1.5240204334259033, 0.5427381992340088, 0.27560141682624817, 1.1050362586975098, 1.7839412689208984, 1.322303295135498, 1.4224882125854492, 0.16351640224456787, -0.03478642553091049, 2.3265018463134766, 0.20340323448181152, 0.46112942695617676, 0.8894070386886597, 1.4325456619262695, 0.933849036693573, 0.43790507316589355, 0.36425161361694336, 0.06488961726427078, 0.5296778082847595, 1.024278998374939, 0.7973946928977966, 0.20163795351982117, 0.9417189359664917, -0.011804372072219849, 1.1526249647140503, 0.46046608686447144, 0.17088159918785095, 0.5569002628326416, 0.8596392869949341, 0.22522881627082825, 0.7246666550636292, 0.8095264434814453, 0.7353678941726685, 0.9109766483306885, 0.6200879812240601, 0.7123295068740845, 0.2821204960346222, 0.41802912950515747, 1.0505280494689941, 0.7680513858795166, 1.2853686809539795, 0.4013245105743408, 1.3883432149887085, 1.6538536548614502, 0.2722419798374176, 1.631826639175415, 0.8918922543525696, 0.2539929747581482, 0.027816133573651314, 0.32993084192276, 0.2731318473815918, 1.2552777528762817, 0.08346192538738251, 1.0394976139068604, 1.3985728025436401, 1.5502269268035889, 0.6238566637039185, 0.0162449162453413, 0.07468072324991226, 0.3237535059452057]"
implicit,"[6, 19, 3, 14, 6, 18, 6, 8]",34,"[0.659224808216095, 0.005675584077835083, 0.49421700835227966, 0.5193125605583191, 1.1625608205795288, 0.5693065524101257, 0.3143748939037323, 0.8896616101264954, 1.3485773801803589, 1.0277527570724487, 1.031057596206665, 0.13603124022483826, -0.0005069933831691742, 1.6760895252227783, 0.325941801071167, 0.3903815448284149, 0.9151188135147095, 1.136777400970459, 1.0172808170318604, 0.4885196089744568, 0.3421284556388855, 0.08874568343162537, 0.5884719491004944, 0.9172675013542175, 0.7740606069564819, 0.3032236397266388, 0.6587536334991455, 0.0322263240814209, 0.8078867793083191, 0.5606446266174316, 0.08528066426515579, 0.5557827353477478, 0.9632421135902405, 0.27906161546707153, 0.7758970856666565, 0.8976470232009888, 0.6871247887611389, 0.6834055781364441, 0.6666335463523865, 0.6255110502243042, 0.42734092473983765, 0.32974135875701904, 1.2117587327957153, 0.9017587900161743, 0.8583413362503052, 0.39055660367012024, 0.9478493332862854, 1.1586390733718872, 0.44669339060783386, 1.2329410314559937, 1.0572975873947144, 0.31626495718955994, 0.1890556514263153, 0.2839522361755371, 0.23367685079574585, 0.9831132292747498, 0.10489176213741302, 0.9254350066184998, 1.133849859237671, 1.1028426885604858, 0.4898838400840759, 0.18547536432743073, 0.10118307173252106, 0.4194733798503876]"
objectivity,"[12, 10, 23, 4, 18, 8, 6, 28, 6, 8, 21]",34,"[0.5293552875518799, -0.08600878715515137, 0.8557477593421936, 0.9375734329223633, 1.934173345565796, 0.33403125405311584, 0.10073237866163254, 1.2113516330718994, 2.1515889167785645, 1.8759084939956665, 1.7648429870605469, -0.14463865756988525, -0.04976174235343933, 2.6387598514556885, 0.41919535398483276, 0.8233372569084167, 1.1531473398208618, 1.3969957828521729, 0.9381234049797058, 0.47051817178726196, 0.4106157124042511, 0.1417226493358612, 0.9007412195205688, 1.5247135162353516, 1.0487176179885864, 0.6438301801681519, 0.9269170761108398, -0.1435483992099762, 1.2262802124023438, 1.0559675693511963, 0.07337307184934616, 0.9997053146362305, 0.9846771955490112, 0.3057332932949066, 0.8610789179801941, 0.8827448487281799, 1.400115966796875, 0.77403324842453, 1.2639198303222656, 0.7340786457061768, 0.8238382935523987, 0.18913990259170532, 1.1730494499206543, 0.8471197485923767, 1.3263763189315796, 0.7647314071655273, 1.5936307907104492, 1.7414275407791138, 0.6330746412277222, 1.9229378700256348, 1.1271238327026367, 0.010473042726516724, 0.31749388575553894, 0.3853500187397003, 0.6227206587791443, 1.7859300374984741, 0.008821144700050354, 1.357949137687683, 1.858809471130371, 1.950575828552246, 0.9369601011276245, 0.12235482782125473, 0.03369566425681114, 0.30182984471321106]"
rebuttal,"[11, 4, 10, 13, 8, 8, 2, 14]",34,"[0.9797315001487732, -0.020350143313407898, 0.6662545204162598, 0.3296327292919159, 1.1591461896896362, 0.17675986886024475, 0.45043689012527466, 0.6581255793571472, 1.0550376176834106, 1.0653208494186401, 0.9094987511634827, 0.3976993262767792, 0.27350032329559326, 1.5129754543304443, 0.3632693290710449, 0.8327766060829163, 1.23430335521698, 0.6796454787254333, 1.4841291904449463, 0.16766032576560974, 0.20941200852394104, 0.026435133069753647, 1.0104851722717285, 0.8437425494194031, 0.4368048310279846, 0.5689751505851746, 0.8198325634002686, 0.021492496132850647, 0.9512744545936584, 0.5109559893608093, 0.32146719098091125, 0.6246901154518127, 1.0382407903671265, 0.3616771399974823, 1.0074611902236938, 1.4983160495758057, 0.7457442879676819, 0.5193074345588684, 0.8105669021606445, 0.42593854665756226, 0.5488715171813965, 0.5448249578475952, 1.6342757940292358, 1.3797376155853271, 1.073770523071289, 0.5046993494033813, 1.1394093036651611, 1.173569679260254, 0.7141757011413574, 1.164844036102295, 1.4228298664093018, 0.1179264485836029, 0.602609395980835, 0.6485603451728821, 0.6308382153511047, 0.9908444285392761, 0.021267518401145935, 0.6171411275863647, 0.9641395211219788, 1.1892534494400024, 0.5528041124343872, 0.5387166738510132, 0.04915928468108177, 0.9790248870849609]"
subjectivity,"[7, 13, 10, 23, 4, 18, 8, 6, 28, 6, 8, 21]",34,"[0.7253049612045288, -0.0971493124961853, 0.7499560117721558, 0.9773485064506531, 1.742730736732483, 0.3871994614601135, 0.21553614735603333, 1.1505576372146606, 2.0191831588745117, 1.6999685764312744, 1.6634674072265625, -0.1855887770652771, -0.05535103380680084, 2.3926219940185547, 0.5025713443756104, 0.7972959876060486, 1.3687435388565063, 1.364759922027588, 1.2514739036560059, 0.5485198497772217, 0.4769226610660553, 0.17246973514556885, 0.9467769861221313, 1.4535161256790161, 1.1330206394195557, 0.6236249804496765, 0.7816402912139893, -0.15843933820724487, 1.0657391548156738, 1.0587533712387085, 0.01432511955499649, 1.0206191539764404, 1.2490935325622559, 0.3983820974826813, 1.0390127897262573, 1.1751620769500732, 1.3373562097549438, 0.7582077383995056, 1.214146375656128, 0.7098548412322998, 0.9339585900306702, 0.11064597964286804, 1.5048414468765259, 1.1715935468673706, 1.1227495670318604, 0.7284030914306641, 1.3388200998306274, 1.5712753534317017, 0.7864083051681519, 1.7259935140609741, 1.4187463521957397, 0.007769674062728882, 0.3093166649341583, 0.29805079102516174, 0.6080725193023682, 1.6520150899887085, 0.005992218852043152, 1.385462760925293, 1.7052230834960938, 1.705688714981079, 0.8394054770469666, 0.18718773126602173, 0.05558311566710472, 0.49851199984550476]"
substantiate,"[7, 13, 10, 7, 8, 2, 5, 8, 6, 2, 8, 4]",34,"[0.4378993511199951, -0.052805349230766296, 0.9456257224082947, 0.5133963227272034, 1.5821805000305176, 0.11512715369462967, 0.12462355196475983, 0.8317857980728149, 1.4663087129592896, 1.4647650718688965, 1.2145951986312866, 0.28750911355018616, 0.19509173929691315, 2.0405147075653076, 0.3051704168319702, 0.8971846699714661, 0.8732153177261353, 0.8566878437995911, 0.8081812262535095, 0.27423787117004395, 0.24413684010505676, 0.040545567870140076, 0.852652907371521, 1.1363884210586548, 0.6004539728164673, 0.6948907971382141, 0.8912698030471802, -0.0463695228099823, 1.0682079792022705, 0.7772172093391418, 0.3253195285797119, 0.7116706371307373, 0.7187936305999756, 0.23468594253063202, 0.6995315551757812, 0.7681732177734375, 0.9572007656097412, 0.5074716806411743, 1.038968563079834, 0.6341537237167358, 0.5302378535270691, 0.5092973709106445, 0.9185590744018555, 0.6760470271110535, 1.2381267547607422, 0.6710169315338135, 1.4163321256637573, 1.3861480951309204, 0.4820239543914795, 1.4869129657745361, 0.8723430037498474, 0.03471052646636963, 0.5838649868965149, 0.7206906676292419, 0.6452281475067139, 1.3859833478927612, 0.014110520482063293, 0.8646190762519836, 1.386179804801941, 1.6157118082046509, 0.7672753930091858, 0.347638875246048, 0.020197585225105286, 0.33784979581832886]"
sufficient,"[7, 13, 22, 22, 6, 18, 6, 4, 5, 8]",34,"[0.21674999594688416, -0.038264304399490356, 1.2428475618362427, 0.4552813172340393, 1.8612275123596191, 0.21205882728099823, 0.12488456070423126, 1.1102213859558105, 1.6750532388687134, 1.7029907703399658, 1.4557428359985352, 0.25411781668663025, 0.1870255470275879, 2.4128201007843018, 0.19316105544567108, 0.9871759414672852, 0.4791561961174011, 1.239398717880249, 0.392969012260437, 0.2051466405391693, 0.14302730560302734, 0.04232913255691528, 0.7762535214424133, 1.2275089025497437, 0.45578664541244507, 0.9138917922973633, 1.0760087966918945, -0.0012202858924865723, 1.2806583642959595, 0.9879298806190491, 0.4475488066673279, 0.7096439599990845, 0.4664577543735504, 0.14070142805576324, 0.3778352737426758, 0.3459177017211914, 1.1356632709503174, 0.565771758556366, 1.232595443725586, 0.6761806607246399, 0.40314361453056335, 0.6410315036773682, 0.47883355617523193, 0.3578581213951111, 1.4934178590774536, 0.8887028694152832, 1.666458010673523, 1.623839020729065, 0.2314327508211136, 1.9083689451217651, 0.4284275770187378, 0.17251230776309967, 0.6696173548698425, 0.8483148813247681, 0.7404128313064575, 1.5281444787979126, 0.06841573119163513, 0.8119760751724243, 1.6654866933822632, 1.8965355157852173, 1.052067756652832, 0.2893732488155365, 0.05401618778705597, 0.10412781685590744]"
transfer,"[8, 11, 2, 5, 7, 22, 4, 11]",34,"[0.8807437419891357, 0.018092438578605652, 0.6472786664962769, 0.2937011420726776, 1.0102143287658691, 0.10153279453516006, 0.27391886711120605, 0.37246304750442505, 0.8252478837966919, 0.992033839225769, 0.5280261039733887, 0.8250097036361694, 0.42977654933929443, 1.6879816055297852, 0.44919466972351074, 0.5379608273506165, 1.238625407218933, 0.4863152503967285, 1.1382901668548584, 0.17916694283485413, 0.10170164704322815, -0.0005116183310747147, 1.2788752317428589, 0.8436831831932068, 0.4681580662727356, 0.3834712505340576, 0.7310863733291626, 0.07558970153331757, 0.9403499364852905, 0.4169798791408539, 0.6676799654960632, 0.40303167700767517, 0.8299938440322876, 0.23354676365852356, 1.1442755460739136, 1.0796599388122559, 0.4022594690322876, 0.36426201462745667, 0.5804994702339172, 0.8618910312652588, 0.19973790645599365, 1.0781317949295044, 1.4955259561538696, 1.2635266780853271, 0.9291119575500488, 0.2740165591239929, 1.097981572151184, 1.2060033082962036, 0.5138664245605469, 0.9282273054122925, 1.2982006072998047, 0.12555162608623505, 0.8885530829429626, 0.8994128704071045, 0.267300009727478, 0.9529756307601929, 0.028545044362545013, 0.6765376329421997, 0.8502023816108704, 1.3234838247299194, 0.31824904680252075, 0.8173334002494812, 0.04428870230913162, 0.7504158020019531]"
validate,"[28, 2, 14, 6, 20, 2, 8, 4]",34,"[0.7067093253135681, 0.028622440993785858, 0.4790451228618622, 0.5439762473106384, 1.2023048400878906, 0.10249639302492142, 0.26562491059303284, 0.5986391305923462, 1.2711647748947144, 1.2123517990112305, 0.8206485509872437, 0.33693727850914, 0.1143103837966919, 1.760908842086792, 0.46372687816619873, 0.48384690284729004, 1.2731249332427979, 0.6797806620597839, 1.1953165531158447, 0.35678786039352417, 0.27757948637008667, 0.010125264525413513, 0.9648783802986145, 0.995180606842041, 0.766980767250061, 0.3082559406757355, 0.6386803388595581, 0.06341119110584259, 0.8115047812461853, 0.5183252096176147, 0.21053647994995117, 0.6332640051841736, 0.9891079664230347, 0.34922438859939575, 1.1026194095611572, 1.1105384826660156, 0.6630434393882751, 0.4837350845336914, 0.7044082880020142, 0.8056946992874146, 0.5183573961257935, 0.5353672504425049, 1.4152145385742188, 1.0841200351715088, 0.8596396446228027, 0.35412225127220154, 1.098630428314209, 1.1602282524108887, 0.6038116216659546, 1.029358983039856, 1.2027710676193237, 0.09657731652259827, 0.3755596876144409, 0.40185368061065674, 0.30493754148483276, 1.2085016965866089, 0.034354694187641144, 0.962250828742981, 1.0271564722061157, 1.3361130952835083, 0.438344269990921, 0.35861802101135254, 0.012471340596675873, 0.5890438556671143]"
ambiguous,"[2, 19, 10, 6, 17, 13, 12, 13, 7]",34,"[0.032928965985774994, -0.08418890833854675, 1.5490046739578247, 0.4398919641971588, 1.8602956533432007, -0.02656395733356476, -0.03968217968940735, 1.0113283395767212, 1.4220267534255981, 1.8494186401367188, 1.227832317352295, 0.08138009905815125, 0.26498791575431824, 1.8954823017120361, 0.3732811212539673, 1.2722347974777222, 0.34930646419525146, 0.9081960916519165, 0.25869297981262207, 0.15516453981399536, 0.02738127112388611, 0.06375651061534882, 1.0698096752166748, 1.4509094953536987, 0.2993254065513611, 1.4950194358825684, 0.7874691486358643, -0.01688423752784729, 0.8851995468139648, 1.621137022972107, 0.3221573531627655, 0.9870656132698059, 0.3149506449699402, 0.14836494624614716, 0.2655140459537506, 0.23680245876312256, 1.6377369165420532, 0.0745508074760437, 1.8989877700805664, 0.5255178213119507, 0.9087106585502625, 0.505661129951477, 0.3943380117416382, 0.3399208188056946, 1.041732668876648, 1.3982738256454468, 1.3802531957626343, 1.060709834098816, 0.5125113725662231, 1.682803988456726, 0.2722628712654114, 0.06624364852905273, 1.2065105438232422, 0.9719758629798889, 1.0301644802093506, 1.597424030303955, 0.04713874310255051, 0.7391468286514282, 1.6843152046203613, 1.6712838411331177, 1.2644566297531128, 0.6192168593406677, 0.06669850647449493, 0.06897132098674774]"
antecedent,"[2, 5, 8, 4, 18, 4, 20, 4, 5, 8]",34,"[1.675055980682373, -0.007007434964179993, 0.01668408513069153, 0.41312921047210693, 0.4062284231185913, 0.3149026036262512, 1.1345491409301758, 0.29215171933174133, 0.7010589241981506, 0.35727447271347046, 0.40891575813293457, 0.24879883229732513, 0.1631389707326889, 0.9650818705558777, 0.6068068742752075, 0.16003400087356567, 2.0312702655792236, 0.47438573837280273, 2.5426251888275146, 0.5441885590553284, 0.5254024267196655, 0.06141218543052673, 1.1100406646728516, 0.5327795743942261, 0.9929956197738647, -0.08893673866987228, 0.3377728760242462, 0.01198260486125946, 0.4618229866027832, 0.09996616840362549, 0.14041435718536377, 0.5112975239753723, 2.080526828765869, 0.7637513875961304, 1.7525594234466553, 2.5405404567718506, 0.149476557970047, 0.5392730236053467, 0.12671852111816406, 0.5397844314575195, 0.45417720079421997, 0.35307106375694275, 2.8672678470611572, 2.486844062805176, 0.4112773835659027, -0.07124165445566177, 0.47805631160736084, 0.7620501518249512, 0.978927493095398, 0.42051663994789124, 2.487748622894287, 0.13572748005390167, 0.12611445784568787, 0.17035351693630219, 0.10666290670633316, 0.4220598340034485, 0.0229271799325943, 0.7708789706230164, 0.3640596568584442, 0.5363649725914001, 0.012604136019945145, 0.5487260222434998, 0.1398872435092926, 1.7253161668777466]"
appositive,"[2, 3, 3, 12, 7, 6, 8, 6, 28, 4]",34,"[0.4525719881057739, -0.01263454556465149, 0.908275842666626, 0.628211259841919, 1.8072621822357178, 0.2656746506690979, 0.09623030573129654, 1.0048105716705322, 1.8911155462265015, 1.7338106632232666, 1.3162529468536377, 0.3280833959579468, 0.18620269000530243, 2.599991798400879, 0.419486939907074, 0.6812652945518494, 0.9791529178619385, 1.1818654537200928, 0.7700557112693787, 0.3995635509490967, 0.2141055464744568, 0.013924319297075272, 1.0801440477371216, 1.3540841341018677, 0.8082690834999084, 0.6054865121841431, 0.9657630920410156, 0.0029930919408798218, 1.2914340496063232, 0.9409090876579285, 0.4020490348339081, 0.8048473000526428, 0.7406535148620605, 0.26129958033561707, 0.865553081035614, 0.6084614396095276, 1.1108601093292236, 0.638594925403595, 1.0946980714797974, 1.0171821117401123, 0.590315580368042, 0.7323869466781616, 1.0125181674957275, 0.6354559063911438, 1.4242914915084839, 0.6541793942451477, 1.6531314849853516, 1.73394775390625, 0.46091580390930176, 1.7647370100021362, 0.8713000416755676, 0.15309566259384155, 0.652309238910675, 0.6997246742248535, 0.4346998929977417, 1.6620153188705444, 0.05717843770980835, 1.1726322174072266, 1.6291594505310059, 1.970683217048645, 0.7956899404525757, 0.44117864966392517, 0.012320972979068756, 0.20810729265213013]"
cognate,"[18, 12, 17, 5, 2, 8, 4]",34,"[0.6791462302207947, -0.018841072916984558, 0.6285355687141418, 0.4409705400466919, 1.0542463064193726, 0.14172789454460144, 0.2724233865737915, 0.513616144657135, 1.0716283321380615, 0.9839624166488647, 0.8090982437133789, 0.3511170446872711, 0.2923460006713867, 1.5352604389190674, 0.40266531705856323, 0.6772986054420471, 1.1588106155395508, 0.5473777055740356, 1.1922245025634766, 0.348266065120697, 0.2913447320461273, 0.02338358387351036, 0.9956607818603516, 0.8414261341094971, 0.6851729154586792, 0.5098465085029602, 0.7402653694152832, -0.03919696807861328, 0.9046362042427063, 0.5669562220573425, 0.33121246099472046, 0.6465709209442139, 1.0287359952926636, 0.3654848337173462, 0.9956454038619995, 1.1985399723052979, 0.6652538776397705, 0.5040726065635681, 0.7132577896118164, 0.5260790586471558, 0.6063553094863892, 0.46946585178375244, 1.3879826068878174, 1.0909299850463867, 0.9968140125274658, 0.3825587332248688, 1.0831643342971802, 1.1833709478378296, 0.7169463634490967, 1.025804042816162, 1.2908042669296265, 0.02448609471321106, 0.5855221152305603, 0.6367641687393188, 0.5140769481658936, 0.9842156767845154, -0.000232696533203125, 0.8209467530250549, 0.913914680480957, 1.2368825674057007, 0.45657673478126526, 0.5050915479660034, 0.015852484852075577, 0.6327241063117981]"
comprehensive,"[18, 12, 19, 3, 11, 4, 9, 4, 5, 7, 6, 28, 4]",34,"[1.0853177309036255, -0.031201660633087158, 0.6019454598426819, 0.48916536569595337, 1.0380499362945557, 0.14889012277126312, 0.2850722074508667, 0.41980940103530884, 1.1043235063552856, 1.0471371412277222, 0.6870007514953613, 0.7533807754516602, 0.46030229330062866, 2.0028955936431885, 0.5771543979644775, 0.6169336438179016, 1.6033852100372314, 0.6189812421798706, 1.5497815608978271, 0.3578503131866455, 0.28751614689826965, 0.043263450264930725, 1.49910569190979, 0.9445374608039856, 0.8117019534111023, 0.39293691515922546, 0.7889779806137085, -0.025305956602096558, 1.1526188850402832, 0.5461479425430298, 0.692379891872406, 0.5854848027229309, 1.1872587203979492, 0.34592515230178833, 1.4849841594696045, 1.4864723682403564, 0.5267016291618347, 0.561434805393219, 0.6074149012565613, 0.8844032287597656, 0.5513246059417725, 1.007006049156189, 1.9010703563690186, 1.6311849355697632, 1.1141449213027954, 0.21579377353191376, 1.2393736839294434, 1.4644194841384888, 0.7885071039199829, 1.007567286491394, 1.6992368698120117, 0.04859533905982971, 0.8746049404144287, 0.889013946056366, 0.34454581141471863, 1.0818980932235718, -0.024875149130821228, 0.9270387291908264, 0.8949733376502991, 1.5223584175109863, 0.3402540683746338, 0.9065042734146118, 0.03240199387073517, 0.9297149181365967]"
coordinating conjunction,"[18, 12, 12, 11, 20, 6, 5, 2, 8, 6, 5, 17, 31, 18, 12, 5, 23, 13, 5, 18, 8, 6, 12, 5]",34,"[-0.22623483836650848, -0.08802609145641327, 2.257737874984741, 0.29464611411094666, 2.091705799102783, -0.18293355405330658, -0.060620829463005066, 1.0750696659088135, 1.396775722503662, 2.0190091133117676, 1.6553874015808105, 0.3870559334754944, 0.5999298691749573, 2.31097674369812, 0.23695585131645203, 2.0293235778808594, -0.015330657362937927, 1.007005214691162, -0.18612757325172424, -0.083451047539711, -0.0745134949684143, -0.0004700031131505966, 1.1675877571105957, 1.25761878490448, -0.06817921996116638, 2.1235852241516113, 1.3086602687835693, -0.11032995581626892, 1.4593085050582886, 1.81448495388031, 0.9718634486198425, 0.9216327667236328, -0.035694316029548645, 0.041271574795246124, -0.0941554605960846, -0.0034847259521484375, 1.6706132888793945, 0.21116232872009277, 2.0859603881835938, 0.3061029016971588, 0.8001441955566406, 0.8367966413497925, -0.2598399817943573, 0.06738826632499695, 1.8565174341201782, 1.688116192817688, 2.027928113937378, 1.5278841257095337, 0.36657828092575073, 2.2539308071136475, -0.15783552825450897, -0.031419575214385986, 1.7552753686904907, 1.6911197900772095, 1.6443191766738892, 1.6772756576538086, -0.013729721307754517, 0.3491070866584778, 1.8543564081192017, 2.245741367340088, 1.7194006443023682, 0.7735522985458374, 0.031405117362737656, -0.0330515056848526]"
correlative conjunction,"[18, 12, 11, 11, 4, 14, 2, 8, 6, 28, 4, 31, 18, 12, 5, 23, 13, 5, 18, 8, 6, 12, 5]",34,"[-0.1306992620229721, -0.08954325318336487, 2.154820680618286, 0.4014683663845062, 2.0942702293395996, -0.1898050755262375, -0.08880436420440674, 1.0090904235839844, 1.4395251274108887, 2.04199481010437, 1.504356026649475, 0.3863908648490906, 0.600294291973114, 2.4055991172790527, 0.3104633688926697, 1.8880351781845093, 0.12781769037246704, 0.9567714333534241, -0.14078471064567566, -0.049396395683288574, -0.04104016721248627, 0.013220403343439102, 1.392222285270691, 1.410753846168518, 0.06854519248008728, 2.055997133255005, 1.2491124868392944, -0.12926128506660461, 1.433493971824646, 1.859481930732727, 0.9733259677886963, 0.9674627184867859, 0.07925067842006683, 0.024171553552150726, 0.1526140570640564, 0.05298624932765961, 1.6752238273620605, 0.17529717087745667, 2.1020545959472656, 0.4686088263988495, 0.873042643070221, 0.9168679714202881, -0.08946481347084045, 0.16419918835163116, 1.7330058813095093, 1.6356191635131836, 2.012533187866211, 1.6114554405212402, 0.4650298058986664, 2.1557979583740234, -0.01577715575695038, -0.05030637979507446, 1.7814174890518188, 1.6048537492752075, 1.5478219985961914, 1.7696486711502075, -0.013357609510421753, 0.5165013074874878, 1.8707265853881836, 2.3349316120147705, 1.663289189338684, 0.8719611167907715, 0.03228910267353058, -0.010812327265739441]"
figurative language,"[22, 6, 17, 13, 11, 2, 8, 6, 28, 4, 31, 14, 2, 5, 17, 13, 2, 17, 4]",34,"[0.24400988221168518, -0.13636785745620728, 1.6357789039611816, 0.5614874362945557, 2.000197410583496, -0.055533960461616516, 0.020907938480377197, 1.089139699935913, 1.7717485427856445, 1.9491685628890991, 1.5780029296875, 0.06427741050720215, 0.3533650040626526, 2.2175960540771484, 0.32824787497520447, 1.6113985776901245, 0.5425181984901428, 1.0590710639953613, 0.45349472761154175, 0.14688017964363098, 0.14058804512023926, 0.07459568232297897, 1.1800318956375122, 1.4000369310379028, 0.4395999014377594, 1.6253325939178467, 1.0492361783981323, -0.1915840208530426, 1.2179579734802246, 1.594873070716858, 0.4784979224205017, 1.0844773054122925, 0.485196053981781, 0.16326941549777985, 0.36394166946411133, 0.4179720878601074, 1.7175006866455078, 0.339061975479126, 1.9013926982879639, 0.41747045516967773, 0.9295974969863892, 0.5079425573348999, 0.5966528654098511, 0.5055148601531982, 1.543610692024231, 1.3968846797943115, 1.7814431190490723, 1.4820873737335205, 0.5809205770492554, 2.0086584091186523, 0.4716189503669739, -0.07927113771438599, 1.2538951635360718, 1.0970221757888794, 1.2914519309997559, 1.7590841054916382, -0.04077284038066864, 0.8202733397483826, 1.8305937051773071, 2.043975353240967, 1.3629696369171143, 0.6187277436256409, 0.036072008311748505, 0.1789165735244751]"
inevitable,"[6, 5, 4, 28, 6, 8, 2, 10, 14, 4]",34,"[1.4505728483200073, -0.10887062549591064, 0.1846909075975418, 0.9885979294776917, 0.9838486313819885, -0.15353445708751678, 0.5727280974388123, 0.3036397099494934, 1.2314362525939941, 1.2866050004959106, 0.5493037104606628, -0.011461794376373291, 0.1410357803106308, 1.3996262550354004, 1.0705654621124268, 0.49201613664627075, 2.4437875747680664, 0.1040276437997818, 2.450223445892334, 0.6345452070236206, 0.4843854308128357, 0.09936057776212692, 1.8941287994384766, 1.4607142210006714, 1.4079704284667969, 0.41881686449050903, 0.06232579052448273, -0.14166617393493652, 0.36373525857925415, 1.0199902057647705, -0.03749895840883255, 1.2230631113052368, 2.0695841312408447, 0.8498581647872925, 2.211984157562256, 2.3269171714782715, 1.1229809522628784, 0.0050538331270217896, 1.210890531539917, 0.9393082857131958, 1.4007291793823242, 0.3379448652267456, 2.9818115234375, 2.430732011795044, 0.22980846464633942, 0.4446682333946228, 0.6534841656684875, 0.6690760850906372, 1.55585515499115, 0.5436424612998962, 2.656341075897217, -0.22968551516532898, 0.6420670747756958, 0.18547308444976807, 0.419193834066391, 1.360276699066162, -0.10940226912498474, 1.3924885988235474, 0.9095211029052734, 1.1233127117156982, 0.28836897015571594, 0.9446190595626831, -0.005098368972539902, 1.458380103111267]"
interjection,"[6, 5, 8, 4, 11, 23, 4, 18, 8, 6, 12, 5]",34,"[0.446577250957489, -0.036515042185783386, 1.200063705444336, 0.6727448105812073, 1.8309956789016724, -0.00025579333305358887, 0.10359950363636017, 0.8223378658294678, 1.6350207328796387, 1.9166975021362305, 1.0621861219406128, 0.37518858909606934, 0.3009669780731201, 2.440645933151245, 0.5653631091117859, 0.8823567032814026, 1.0697245597839355, 0.853675127029419, 0.7442053556442261, 0.3985980153083801, 0.17822706699371338, 0.09379851073026657, 1.4303189516067505, 1.627272605895996, 0.8600041270256042, 0.9349499344825745, 0.6571341753005981, -0.028408139944076538, 1.0127146244049072, 1.3897757530212402, 0.4949270784854889, 0.9573524594306946, 0.7453967332839966, 0.24519744515419006, 0.9566905498504639, 0.6165689826011658, 1.2769138813018799, 0.25314709544181824, 1.529586672782898, 1.1578840017318726, 0.6669735312461853, 0.8664863109588623, 1.0476945638656616, 0.7314820885658264, 1.0456551313400269, 0.9237549304962158, 1.457666277885437, 1.4191901683807373, 0.5882879495620728, 1.5388203859329224, 1.0231847763061523, 0.0007860958576202393, 1.0458571910858154, 0.8981194496154785, 0.5371536612510681, 1.8237144947052002, 0.026789158582687378, 1.1639032363891602, 1.6793906688690186, 2.0070247650146484, 0.9174965620040894, 0.7871909737586975, 0.030121777206659317, 0.26738446950912476]"
linguistic,"[14, 6, 5, 17, 13, 6, 7, 8, 6, 18]",34,"[0.5435864329338074, 0.03444918245077133, 0.6744695901870728, 0.48518168926239014, 1.234796404838562, 0.7453586459159851, 0.3665068745613098, 1.0641250610351562, 1.3204307556152344, 1.089168906211853, 1.2801580429077148, 0.07266205549240112, 0.007096435874700546, 1.6397578716278076, 0.2225671410560608, 0.4727092683315277, 0.6508804559707642, 1.3064844608306885, 0.8764002919197083, 0.44701963663101196, 0.363993376493454, 0.12889382243156433, 0.4262044429779053, 0.8856341242790222, 0.6446216702461243, 0.4415254294872284, 0.7408775091171265, 0.03813767433166504, 0.7942825555801392, 0.6343771815299988, 0.09958551079034805, 0.5351315140724182, 0.8345097899436951, 0.21085715293884277, 0.5398297309875488, 0.7727755308151245, 0.7428439259529114, 0.7411841154098511, 0.796506941318512, 0.49978241324424744, 0.3220183551311493, 0.22439749538898468, 0.9340176582336426, 0.7225592732429504, 1.0100715160369873, 0.5165078043937683, 0.9621639847755432, 1.1298549175262451, 0.29960185289382935, 1.4137905836105347, 0.8792243599891663, 0.371157705783844, 0.231707364320755, 0.33807557821273804, 0.36139270663261414, 1.003282904624939, 0.14841493964195251, 0.7899717688560486, 1.251258134841919, 1.0716984272003174, 0.638386070728302, 0.11957724392414093, 0.13325698673725128, 0.3318687081336975]"
meticulous,"[19, 4, 8, 6, 18, 13, 14, 12, 13, 7]",34,"[0.9112956523895264, -0.08105845749378204, 0.7033541798591614, 0.5928380489349365, 0.968457043170929, 0.04605819284915924, 0.3391697406768799, 0.42770540714263916, 0.8992951512336731, 1.1344447135925293, 0.6622064709663391, 0.09205007553100586, 0.25794118642807007, 1.090022087097168, 0.760773777961731, 0.7945746779441833, 1.491141676902771, 0.3891889452934265, 1.488006353378296, 0.48111772537231445, 0.247160866856575, 0.09317480027675629, 1.4478340148925781, 1.11696195602417, 0.8061442375183105, 0.8418089151382446, 0.28864586353302, -0.1223914623260498, 0.4099808931350708, 1.1789900064468384, 0.20576253533363342, 1.0026803016662598, 1.2906262874603271, 0.5137819051742554, 1.2781298160552979, 1.4083592891693115, 1.1067001819610596, 0.14170485734939575, 1.2510030269622803, 0.6597330570220947, 1.0655080080032349, 0.3894335627555847, 1.8658487796783447, 1.6210401058197021, 0.4010666012763977, 0.7510616779327393, 0.6089429259300232, 0.648012101650238, 1.1461260318756104, 0.7796549797058105, 1.7679795026779175, -0.04228588938713074, 0.9755819439888, 0.4903453290462494, 0.5649999976158142, 1.0815080404281616, -0.017851456999778748, 0.895277202129364, 0.90428626537323, 0.987333357334137, 0.5374186635017395, 0.9397749900817871, 0.05525187775492668, 0.9000879526138306]"
modifier,"[19, 12, 20, 6, 22, 6, 4, 11]",34,"[0.8725948929786682, -0.010490894317626953, 0.9170131683349609, 0.30300721526145935, 1.2569541931152344, 0.16463008522987366, 0.21807922422885895, 0.49913835525512695, 1.1326807737350464, 1.2288950681686401, 0.8192301392555237, 1.0076969861984253, 0.561860978603363, 2.266319751739502, 0.46196240186691284, 0.742247462272644, 1.301611065864563, 0.7484108805656433, 1.1145994663238525, 0.19924965500831604, 0.0866757333278656, -0.009979896247386932, 1.4120241403579712, 0.9276908040046692, 0.5194287300109863, 0.5234059691429138, 1.0608906745910645, 0.03571431338787079, 1.3742880821228027, 0.5310438871383667, 0.9532561302185059, 0.4377688765525818, 0.787915825843811, 0.2331969439983368, 1.1282947063446045, 1.013203501701355, 0.5357728004455566, 0.5784785747528076, 0.6275502443313599, 0.9599497318267822, 0.242310032248497, 1.298580527305603, 1.4530081748962402, 1.259771466255188, 1.4659980535507202, 0.32144835591316223, 1.5332586765289307, 1.6920214891433716, 0.4877534508705139, 1.3787363767623901, 1.2935110330581665, 0.14195187389850616, 1.1510950326919556, 1.2360036373138428, 0.3621910512447357, 1.1579689979553223, 0.010046951472759247, 0.765508234500885, 1.1094530820846558, 1.785427212715149, 0.4768458604812622, 0.9349817037582397, 0.0342879518866539, 0.6654468178749084]"
parallel structure,"[3, 2, 11, 2, 14, 14, 4, 14, 31, 7, 8, 11, 13, 18, 8, 13, 11, 4]",34,"[0.0928318202495575, -0.129349946975708, 2.128911018371582, 0.3792935907840729, 2.1361331939697266, -0.16002283990383148, -0.028942003846168518, 1.094228982925415, 1.6440832614898682, 2.0303194522857666, 1.6769068241119385, 0.4837901294231415, 0.6430335640907288, 2.5229673385620117, 0.20008444786071777, 2.0559186935424805, 0.2753969132900238, 1.0933539867401123, 0.18454961478710175, -0.07433518767356873, -0.009375326335430145, 0.02652089297771454, 1.2579238414764404, 1.2655515670776367, 0.07699510455131531, 1.9792170524597168, 1.4278411865234375, -0.17655527591705322, 1.6295981407165527, 1.6034653186798096, 0.9970687627792358, 0.9447813034057617, 0.18713440001010895, 0.06358644366264343, 0.201828733086586, 0.28066715598106384, 1.6314172744750977, 0.379948228597641, 1.9537608623504639, 0.3645874559879303, 0.7808137536048889, 0.9111034870147705, 0.21693865954875946, 0.3296607732772827, 2.0338191986083984, 1.5538051128387451, 2.1930229663848877, 1.8020153045654297, 0.41042324900627136, 2.276398181915283, 0.15099498629570007, -0.09850475192070007, 1.669826865196228, 1.6848729848861694, 1.6211106777191162, 1.7884427309036255, -0.05761784315109253, 0.524731457233429, 1.8652840852737427, 2.3569176197052, 1.5854203701019287, 0.8429991006851196, 0.012671854346990585, 0.13402771949768066]"
phrase,"[3, 9, 11, 2, 7, 4]",34,"[0.9856703877449036, 0.05491431802511215, 0.5737431645393372, 0.3961871266365051, 1.078648567199707, 0.07462827861309052, 0.43734365701675415, 0.41322988271713257, 0.9299028515815735, 1.0824555158615112, 0.585522472858429, 0.6543788909912109, 0.3420896530151367, 1.6699295043945312, 0.544746458530426, 0.5144139528274536, 1.4289895296096802, 0.49318423867225647, 1.4083466529846191, 0.25189369916915894, 0.17527762055397034, -0.006649019196629524, 1.306023120880127, 0.9383298754692078, 0.5920020341873169, 0.37524789571762085, 0.6325226426124573, 0.09819908440113068, 0.8505009412765503, 0.5527647733688354, 0.4990248382091522, 0.5256451368331909, 0.9986001253128052, 0.3557000756263733, 1.2728580236434937, 1.3530738353729248, 0.5286259651184082, 0.37815818190574646, 0.6918047666549683, 0.9105619192123413, 0.39274048805236816, 0.8998733758926392, 1.6927512884140015, 1.4126482009887695, 0.8390744924545288, 0.34252744913101196, 1.0358577966690063, 1.1174746751785278, 0.6417466402053833, 0.9072941541671753, 1.5018905401229858, 0.10876679420471191, 0.7945202589035034, 0.7353475689888, 0.28162291646003723, 1.0693801641464233, 0.03557387739419937, 0.7516543865203857, 0.8960638642311096, 1.2952004671096802, 0.3602491319179535, 0.7364382743835449, 0.032483361661434174, 0.9052729606628418]"
rhetorical question,"[11, 9, 4, 8, 12, 11, 6, 18, 2, 14, 31, 24, 13, 4, 7, 8, 6, 12, 5]",34,"[0.22265274822711945, -0.09800094366073608, 2.0023677349090576, 0.2697937786579132, 1.7445712089538574, -0.056304410099983215, 0.07207399606704712, 0.8449333310127258, 1.343610167503357, 1.637789011001587, 1.3953144550323486, 0.6784015893936157, 0.7361836433410645, 2.314652442932129, 0.21808196604251862, 1.8974976539611816, 0.42860835790634155, 0.9989253282546997, 0.36349761486053467, 0.01847347617149353, 0.04944075271487236, 0.023882824927568436, 1.3250844478607178, 1.0018424987792969, 0.13388194143772125, 1.8367252349853516, 1.339946985244751, -0.15254342555999756, 1.5627460479736328, 1.4493050575256348, 1.1627931594848633, 0.7306098341941833, 0.30303800106048584, 0.06666869670152664, 0.31404975056648254, 0.3912510275840759, 1.2854725122451782, 0.4158537983894348, 1.6172434091567993, 0.3466469347476959, 0.6331037878990173, 1.0488940477371216, 0.33406442403793335, 0.5066242218017578, 1.923319935798645, 1.350039005279541, 2.0020270347595215, 1.7842631340026855, 0.40153709053993225, 2.07041335105896, 0.3232639729976654, -0.03923654556274414, 1.737855076789856, 1.7290102243423462, 1.4465503692626953, 1.4837749004364014, -0.060803383588790894, 0.4440425634384155, 1.555039405822754, 2.1719353199005127, 1.387210488319397, 0.9514096975326538, 0.027735937386751175, 0.22816286981105804]"
semantic,"[7, 4, 19, 2, 5, 8, 6, 18]",34,"[1.0713051557540894, 0.0222780704498291, 0.31742897629737854, 0.6130703091621399, 0.8085804581642151, 0.5799344182014465, 0.584979772567749, 0.6024629473686218, 0.9929561018943787, 0.7478591799736023, 0.8133985996246338, 0.27778124809265137, 0.11177597939968109, 1.4594666957855225, 0.5188392996788025, 0.2629268169403076, 1.3849977254867554, 0.878730058670044, 1.6339547634124756, 0.6583570241928101, 0.5774850845336914, 0.12441631406545639, 0.8580063581466675, 0.779162585735321, 1.0270740985870361, 0.08269181102514267, 0.4847741723060608, 0.02393205463886261, 0.6550092101097107, 0.46356073021888733, 0.21474339067935944, 0.49099409580230713, 1.4215466976165771, 0.44803547859191895, 1.277745246887207, 1.5575780868530273, 0.3501136302947998, 0.6706814169883728, 0.46389737725257874, 0.6967048645019531, 0.46507585048675537, 0.47278496623039246, 1.8575196266174316, 1.5460113286972046, 0.6569509506225586, 0.15388773381710052, 0.6908454895019531, 0.9577898979187012, 0.6651463508605957, 0.803257942199707, 1.6495323181152344, 0.2657112777233124, 0.29094457626342773, 0.31030067801475525, 0.12974345684051514, 0.7649555206298828, 0.08480072021484375, 0.938103199005127, 0.8070396780967712, 0.8907493352890015, 0.24150623381137848, 0.41058310866355896, 0.13033105432987213, 0.8742433786392212]"
subordinating conjunction,"[7, 13, 10, 12, 11, 20, 6, 5, 2, 8, 6, 5, 17, 31, 18, 12, 5, 23, 13, 5, 18, 8, 6, 12, 5]",34,"[-0.046095773577690125, -0.08706338703632355, 2.021538019180298, 0.4571062922477722, 2.011705160140991, -0.06279648840427399, 0.03216478228569031, 1.122390627861023, 1.4832539558410645, 2.0049009323120117, 1.6024096012115479, 0.1090967059135437, 0.42297685146331787, 2.0620670318603516, 0.33588528633117676, 1.8308206796646118, 0.18002231419086456, 1.1034278869628906, 0.047596246004104614, 0.048068881034851074, 0.00515206903219223, 0.05834777653217316, 1.179324746131897, 1.3643956184387207, 0.13686440885066986, 2.0827972888946533, 1.0621922016143799, -0.14211678504943848, 1.1647485494613647, 1.896336317062378, 0.6301726698875427, 1.0272495746612549, 0.2466709017753601, 0.08044977486133575, 0.04079538583755493, 0.18340958654880524, 1.7929086685180664, 0.18875131011009216, 2.1861371994018555, 0.30036917328834534, 0.9324581623077393, 0.5412336587905884, 0.08872935175895691, 0.31957894563674927, 1.47511625289917, 1.7089817523956299, 1.6912524700164795, 1.2810178995132446, 0.5413600206375122, 2.103360891342163, 0.12247008830308914, -0.02533280849456787, 1.578247308731079, 1.3471330404281616, 1.525572419166565, 1.6605511903762817, -0.0026970580220222473, 0.5473575592041016, 1.9031927585601807, 2.014321804046631, 1.6697009801864624, 0.6824679374694824, 0.07641790807247162, 0.04182283580303192]"
biodiversity,"[10, 6, 12, 20, 6, 28, 4, 11, 7, 6, 8, 21]",34,"[0.6378315687179565, -0.06565830111503601, 0.8630541563034058, 0.644096851348877, 1.4969799518585205, 0.2989685833454132, 0.21888470649719238, 0.866057813167572, 1.6219383478164673, 1.3902697563171387, 1.2899171113967896, 0.09925296902656555, 0.18157635629177094, 2.0585453510284424, 0.4150991439819336, 0.8170506954193115, 1.091959834098816, 1.086829423904419, 1.0970520973205566, 0.45211488008499146, 0.34470242261886597, 0.08763504028320312, 0.9759075045585632, 1.156707763671875, 0.8489102721214294, 0.710249125957489, 0.853642463684082, -0.1189708411693573, 1.0558691024780273, 0.9345642924308777, 0.2390253245830536, 0.8111782073974609, 1.0021240711212158, 0.32590344548225403, 0.8575394749641418, 0.9577236175537109, 1.0652952194213867, 0.6475549340248108, 1.043256402015686, 0.6174174547195435, 0.742803692817688, 0.3622850477695465, 1.2970314025878906, 1.0080747604370117, 1.1897757053375244, 0.6730205416679382, 1.2802304029464722, 1.4475810527801514, 0.6707620620727539, 1.4995049238204956, 1.2036411762237549, 0.06057313084602356, 0.6201007962226868, 0.6233254671096802, 0.6118900179862976, 1.3366069793701172, 0.021270297467708588, 1.0392972230911255, 1.3941248655319214, 1.5518287420272827, 0.7230576872825623, 0.41964977979660034, 0.0610797293484211, 0.4285746216773987]"
cell,"[18, 4, 14, 14]",34,"[0.8231765031814575, 0.15084844827651978, 0.27445268630981445, 0.16869494318962097, 0.7864444255828857, 0.6085954308509827, 0.45148566365242004, 0.6133872270584106, 0.8739066123962402, 0.5837016701698303, 0.6974002122879028, 0.5123633146286011, 0.14056269824504852, 1.3997316360473633, 0.16581185162067413, 0.3213070034980774, 0.9288934469223022, 0.857846736907959, 1.1633496284484863, 0.19769787788391113, 0.194538414478302, -0.018062856048345566, 0.48220008611679077, 0.4625781774520874, 0.43059173226356506, 0.030783459544181824, 0.8488724231719971, 0.2278977632522583, 1.0131417512893677, -0.05343450978398323, 0.29974913597106934, 0.24662211537361145, 0.8759810328483582, 0.2796757221221924, 0.8009485602378845, 1.181739330291748, 0.16863811016082764, 0.8186586499214172, 0.10785883665084839, 0.4459223747253418, 0.12538708746433258, 0.5447810888290405, 1.2951298952102661, 0.9440135955810547, 1.101571798324585, 0.0003344044089317322, 1.002959966659546, 1.268890380859375, 0.3437049984931946, 1.0409283638000488, 1.1046241521835327, 0.47917717695236206, 0.08942437916994095, 0.43411606550216675, 0.1722886860370636, 0.5307117700576782, 0.16612720489501953, 0.531050443649292, 0.6691965460777283, 0.9130973219871521, 0.22111031413078308, 0.17738138139247894, 0.05915132164955139, 0.6951260566711426]"
civilization,"[18, 6, 28, 6, 14, 6, 15, 2, 8, 6, 12, 5]",34,"[0.953760027885437, -0.03654487431049347, 0.5050190091133118, 0.7067826390266418, 0.9366041421890259, 0.24618935585021973, 0.4221879839897156, 0.4891841411590576, 1.0589581727981567, 1.0689276456832886, 0.6514879465103149, 0.10677632689476013, 0.12452097982168198, 1.2317521572113037, 0.7416003346443176, 0.5083203315734863, 1.5097912549972534, 0.5338867902755737, 1.5686919689178467, 0.6192565560340881, 0.4015120267868042, 0.0974470004439354, 1.2838982343673706, 1.1232762336730957, 1.039860725402832, 0.5420547723770142, 0.27500417828559875, -0.05728670954704285, 0.4376736283302307, 0.9619922041893005, 0.09263750165700912, 0.8619017601013184, 1.4643259048461914, 0.5296669006347656, 1.372256875038147, 1.4470303058624268, 0.9395091533660889, 0.23216763138771057, 1.0270347595214844, 0.7529220581054688, 0.9540308117866516, 0.3885404169559479, 1.935376763343811, 1.5798437595367432, 0.4024766683578491, 0.5599468946456909, 0.6624667048454285, 0.6977982521057129, 1.0385993719100952, 0.8184574842453003, 1.7255016565322876, 0.075583815574646, 0.6918244957923889, 0.2992676794528961, 0.36740991473197937, 1.0607633590698242, 0.005976594984531403, 1.1039412021636963, 0.9647315144538879, 0.9867834448814392, 0.4244801998138428, 0.6979572176933289, 0.0653461366891861, 0.8268474340438843]"
climate zone,"[18, 14, 6, 19, 2, 8, 4, 31, 15, 12, 5, 4]",34,"[0.23000705242156982, -0.026642873883247375, 1.2957428693771362, 0.3005472719669342, 1.3658649921417236, 0.09934238344430923, 0.11996708065271378, 0.7466880679130554, 1.244489073753357, 1.241243600845337, 1.1314486265182495, 0.412821888923645, 0.41542643308639526, 1.905979871749878, 0.2163010537624359, 1.2178001403808594, 0.44236183166503906, 0.9126327037811279, 0.38262876868247986, 0.14756783843040466, 0.13680332899093628, -0.009985493496060371, 0.8951011896133423, 0.8259019255638123, 0.29752588272094727, 1.1530170440673828, 1.1042042970657349, -0.05260753631591797, 1.2506763935089111, 0.9788290858268738, 0.7631575465202332, 0.5744730830192566, 0.37658149003982544, 0.1585860550403595, 0.3629603981971741, 0.42031341791152954, 0.926428496837616, 0.48746395111083984, 1.0684642791748047, 0.36181390285491943, 0.5353438854217529, 0.7480666041374207, 0.4431617259979248, 0.43907099962234497, 1.463895559310913, 0.8732580542564392, 1.6180847883224487, 1.4843116998672485, 0.3369561731815338, 1.6246583461761475, 0.3371838927268982, 0.11591076850891113, 0.9965044856071472, 1.0636295080184937, 0.9488624334335327, 1.1373064517974854, -0.013995736837387085, 0.5241662263870239, 1.202512502670288, 1.6972681283950806, 0.9622834324836731, 0.5032182335853577, 0.027223315089941025, 0.209109827876091]"
coefficient,"[18, 12, 4, 22, 22, 6, 18, 6, 4, 5, 8]",34,"[0.3484603762626648, -0.02033694088459015, 1.1375477313995361, 0.36168786883354187, 1.694599986076355, 0.3673991858959198, 0.17777076363563538, 1.0509841442108154, 1.638853669166565, 1.4128137826919556, 1.5096739530563354, 0.4596896171569824, 0.26146218180656433, 2.552912712097168, 0.08047282695770264, 0.9307990074157715, 0.5423156023025513, 1.3488996028900146, 0.5296507477760315, 0.21535268425941467, 0.23086963593959808, 0.01647409424185753, 0.6430072784423828, 0.9291987419128418, 0.4649723172187805, 0.6414903402328491, 1.3255486488342285, 0.0027219951152801514, 1.5516407489776611, 0.6079719662666321, 0.6278882622718811, 0.4908764362335205, 0.5037879943847656, 0.11692627519369125, 0.40325769782066345, 0.48111701011657715, 0.783474862575531, 0.8911464214324951, 0.7519281506538391, 0.5932846069335938, 0.19010114669799805, 0.7425042986869812, 0.5524877905845642, 0.43792933225631714, 1.8078795671463013, 0.5790705680847168, 1.820294737815857, 1.9439901113510132, 0.11682133376598358, 1.9588046073913574, 0.5105305314064026, 0.22335276007652283, 0.555647611618042, 0.9361216425895691, 0.6471380591392517, 1.309880256652832, 0.06676272302865982, 0.736802875995636, 1.497861623764038, 1.9218685626983643, 0.880378782749176, 0.22181153297424316, 0.05098814517259598, 0.16845247149467468]"
control group,"[18, 12, 5, 8, 11, 12, 14, 31, 17, 11, 12, 13, 3]",34,"[0.3569124937057495, -0.04786691069602966, 1.2234957218170166, 0.6253194808959961, 1.509902834892273, 0.18692216277122498, 0.1508786976337433, 0.9935283660888672, 1.4324450492858887, 1.6201224327087402, 1.1928343772888184, -0.11575073003768921, 0.15929259359836578, 1.6275520324707031, 0.4728790521621704, 1.0885101556777954, 0.7148714065551758, 1.0412362813949585, 0.6933276653289795, 0.3391678035259247, 0.18189361691474915, 0.17116135358810425, 1.0575881004333496, 1.3309768438339233, 0.6225199699401855, 1.3684769868850708, 0.5537129044532776, -0.0600152313709259, 0.6915794014930725, 1.5838974714279175, 0.19416160881519318, 1.0530022382736206, 0.7656356692314148, 0.2639266848564148, 0.5327075719833374, 0.5881133675575256, 1.565321445465088, 0.23137861490249634, 1.7197790145874023, 0.5106852054595947, 0.9965906739234924, 0.23072461783885956, 0.9110044240951538, 0.759344220161438, 0.7917450666427612, 1.2092629671096802, 1.0279226303100586, 0.9586634635925293, 0.6907461881637573, 1.4722495079040527, 0.8167624473571777, 0.0640907883644104, 0.9675354957580566, 0.6125640869140625, 0.87907874584198, 1.469801902770996, 0.03236173093318939, 0.9132481813430786, 1.4975110292434692, 1.39328134059906, 1.0850505828857422, 0.5824056267738342, 0.08914997428655624, 0.28762224316596985]"
convection,"[18, 12, 5, 28, 4, 18, 8, 6, 12, 5]",34,"[0.4102023243904114, -0.004058942198753357, 0.9028804898262024, 0.6312263011932373, 1.5423998832702637, 0.24752144515514374, 0.1572943925857544, 0.8582612872123718, 1.5305837392807007, 1.510733723640442, 1.1279689073562622, 0.202556312084198, 0.13777950406074524, 2.153581142425537, 0.37236928939819336, 0.6440184712409973, 0.8648300170898438, 1.0058740377426147, 0.7107008099555969, 0.4379473328590393, 0.34249114990234375, 0.11517373472452164, 0.9425712823867798, 1.2749792337417603, 0.8469480276107788, 0.6566270589828491, 0.7185486555099487, -0.014258742332458496, 0.977900505065918, 0.9915012717247009, 0.34280046820640564, 0.72113037109375, 0.7626229524612427, 0.2092309445142746, 0.7691189050674438, 0.6583654880523682, 0.9836519956588745, 0.5029751062393188, 1.0953738689422607, 0.8131771087646484, 0.520179271697998, 0.5473392009735107, 0.9127485752105713, 0.625444233417511, 1.0486869812011719, 0.6541416049003601, 1.3417991399765015, 1.3936169147491455, 0.42207157611846924, 1.4580520391464233, 0.8733046054840088, 0.11797633767127991, 0.5771311521530151, 0.5719196796417236, 0.4307617247104645, 1.4593814611434937, 0.04373497515916824, 1.0734127759933472, 1.4480763673782349, 1.6822309494018555, 0.7803527116775513, 0.3529401421546936, 0.06258916854858398, 0.24982836842536926]"
dependent variable,"[20, 4, 3, 4, 5, 20, 4, 5, 8, 31, 28, 2, 11, 6, 2, 10, 14, 4]",34,"[0.6604190468788147, -0.09209044277667999, 0.867201030254364, 0.946829617023468, 1.3991061449050903, -0.14771701395511627, 0.09600182622671127, 0.6456878781318665, 1.567932367324829, 1.7472785711288452, 1.0558913946151733, -0.03022739291191101, 0.1823805272579193, 1.8012688159942627, 0.7199448943138123, 0.969268262386322, 1.386287808418274, 0.5918888449668884, 1.1272410154342651, 0.3901156187057495, 0.3604241609573364, 0.1542329490184784, 1.471294641494751, 1.4991551637649536, 1.0514037609100342, 0.9853395223617554, 0.4017499089241028, -0.174943745136261, 0.7319498658180237, 1.3656333684921265, 0.1918131709098816, 1.1318305730819702, 1.0450434684753418, 0.4130408465862274, 1.1229771375656128, 1.040693759918213, 1.3901207447052002, 0.09493595361709595, 1.5216429233551025, 0.8056031465530396, 1.1431318521499634, 0.3755732774734497, 1.4677923917770386, 1.2084877490997314, 0.7134724855422974, 0.8706197738647461, 1.1148486137390137, 0.9833922982215881, 0.939372181892395, 1.0965596437454224, 1.3095749616622925, -0.24461933970451355, 0.8719629049301147, 0.5016194581985474, 0.7510831952095032, 1.6695942878723145, -0.09772863984107971, 1.213212013244629, 1.3684858083724976, 1.6271584033966064, 0.7629495859146118, 0.6843346357345581, 0.0010136030614376068, 0.5184798240661621]"
empire,"[4, 19, 3, 6, 11, 4]",34,"[0.7379488945007324, 0.021599918603897095, 1.1378670930862427, 0.3612861633300781, 1.5112870931625366, -0.06416098773479462, -0.0030612200498580933, 0.40199729800224304, 1.1371197700500488, 1.5648444890975952, 0.6817737221717834, 1.2811493873596191, 0.728732705116272, 2.6032540798187256, 0.5844867825508118, 0.8653826117515564, 1.296639084815979, 0.4895080626010895, 0.8480719923973083, 0.17030838131904602, -0.0016091912984848022, -0.02835199236869812, 1.8372234106063843, 1.238599419593811, 0.5361204147338867, 0.7249585390090942, 1.0113157033920288, 0.09668178856372833, 1.5159472227096558, 0.82340008020401, 1.1853243112564087, 0.5096747875213623, 0.5694721937179565, 0.13159577548503876, 1.2718225717544556, 0.8336302638053894, 0.6945295333862305, 0.38150855898857117, 0.966213047504425, 1.2663484811782837, 0.3043663799762726, 1.6795120239257812, 1.2854079008102417, 0.9999756217002869, 1.5120316743850708, 0.47742414474487305, 1.7895561456680298, 1.7983695268630981, 0.5278856754302979, 1.4434973001480103, 1.1970268487930298, 0.07981815934181213, 1.6180315017700195, 1.5840744972229004, 0.3850809633731842, 1.482807993888855, 0.0066924914717674255, 0.887260913848877, 1.3190531730651855, 2.1661479473114014, 0.5899989008903503, 1.2315585613250732, -0.022211086004972458, 0.5524041652679443]"
energy transfer,"[4, 5, 4, 11, 17, 21, 31, 8, 11, 2, 5, 7, 22, 4, 11]",34,"[0.4923049211502075, -0.07090882956981659, 1.3779412508010864, 0.29614514112472534, 1.4925401210784912, 0.04936407506465912, 0.07734578847885132, 0.652268648147583, 1.2188138961791992, 1.349119782447815, 1.0952407121658325, 0.7158522009849548, 0.6532058715820312, 2.1681671142578125, 0.23423247039318085, 1.3249999284744263, 0.7099102735519409, 0.8117398023605347, 0.681706428527832, 0.10352077335119247, 0.10198996961116791, 0.050100162625312805, 1.1979838609695435, 0.921852171421051, 0.33561548590660095, 1.1694191694259644, 1.2256451845169067, -0.09193822741508484, 1.48215913772583, 0.8836566209793091, 0.9379535913467407, 0.5769776701927185, 0.5209308862686157, 0.1252061426639557, 0.6275678277015686, 0.6681973934173584, 0.881072998046875, 0.5340227484703064, 1.0953506231307983, 0.4728888273239136, 0.4334202706813812, 0.9683443307876587, 0.8509457111358643, 0.7160045504570007, 1.7265688180923462, 0.7749411463737488, 1.7071980237960815, 1.6768356561660767, 0.4435167610645294, 1.6329387426376343, 0.7807534337043762, 0.028851360082626343, 1.280656337738037, 1.4253222942352295, 0.974476158618927, 1.2462769746780396, -0.02111300826072693, 0.537306010723114, 1.2578537464141846, 1.8733985424041748, 0.8776609301567078, 0.8420877456665039, 0.0317927822470665, 0.39624324440956116]"
equation,"[4, 24, 13, 2, 8, 6, 12, 5]",34,"[0.8593836426734924, -0.025326699018478394, 0.5341513752937317, 0.5959039926528931, 1.0349708795547485, 0.12456528842449188, 0.29586130380630493, 0.5023647546768188, 1.0583617687225342, 1.1435909271240234, 0.6406155824661255, 0.32736045122146606, 0.19350498914718628, 1.4204354286193848, 0.6479676961898804, 0.4991524815559387, 1.3896909952163696, 0.47789710760116577, 1.3899121284484863, 0.5045844316482544, 0.32274073362350464, 0.06278079003095627, 1.2726593017578125, 1.095457673072815, 0.8650615811347961, 0.5013734102249146, 0.3832228481769562, 0.005280807614326477, 0.5858107209205627, 0.8166870474815369, 0.22637218236923218, 0.7571927905082703, 1.2003026008605957, 0.4198460578918457, 1.2743598222732544, 1.306009292602539, 0.8271470069885254, 0.2535686790943146, 0.9757923483848572, 0.8220757246017456, 0.7606256008148193, 0.5777535438537598, 1.7250473499298096, 1.362907886505127, 0.5326353311538696, 0.5046850442886353, 0.8106132745742798, 0.8359923362731934, 0.8674554824829102, 0.8340526819229126, 1.5079234838485718, 0.04112091660499573, 0.7398225665092468, 0.4776846170425415, 0.318935751914978, 1.1124930381774902, 0.0021928921341896057, 1.0416076183319092, 0.9862905144691467, 1.1191942691802979, 0.41819703578948975, 0.6880614757537842, 0.03728710860013962, 0.7498477697372437]"
expression,"[4, 27, 3, 11, 4, 7, 7, 6, 12, 5]",34,"[0.14913451671600342, -0.002201676368713379, 1.4986175298690796, 0.3545176386833191, 1.9457478523254395, 0.058669716119766235, 0.04483415186405182, 0.9583155512809753, 1.5674303770065308, 1.824402928352356, 1.4023571014404297, 0.718984842300415, 0.38926929235458374, 2.7506399154663086, 0.19899675250053406, 1.0797213315963745, 0.46466678380966187, 1.0939619541168213, 0.2992810010910034, 0.11514792591333389, 0.051766034215688705, -0.030028050765395164, 1.035105586051941, 1.2503843307495117, 0.304179310798645, 0.952288031578064, 1.2433228492736816, 0.04693479835987091, 1.4965696334838867, 0.9553739428520203, 0.8306480050086975, 0.5390152335166931, 0.21480974555015564, 0.021173350512981415, 0.456764280796051, 0.21472765505313873, 1.0058801174163818, 0.5126690864562988, 1.1911590099334717, 0.8761506080627441, 0.2219260185956955, 1.0869884490966797, 0.29708439111709595, 0.3097684681415558, 1.694052815437317, 0.9266606569290161, 1.971999168395996, 1.8312811851501465, 0.10180940479040146, 1.9949067831039429, 0.3350067138671875, 0.10498975217342377, 1.0754404067993164, 1.2870718240737915, 0.7279778718948364, 1.670041799545288, 0.04618910700082779, 0.6925984025001526, 1.7072337865829468, 2.1721978187561035, 1.0495424270629883, 0.5821835398674011, 0.009740300476551056, 0.054396823048591614]"
feudalism,"[22, 4, 13, 20, 2, 14, 6, 7, 19]",34,"[0.8593684434890747, 0.005090788006782532, 0.7225752472877502, 0.3564748167991638, 1.0663299560546875, 0.2585834562778473, 0.3720182776451111, 0.5822126269340515, 0.9667549133300781, 1.0024425983428955, 0.760959804058075, 0.5705152750015259, 0.29451555013656616, 1.6123921871185303, 0.48067712783813477, 0.644278883934021, 1.233033537864685, 0.7541506886482239, 1.238673448562622, 0.31974196434020996, 0.18431459367275238, 0.03367238491773605, 1.0376946926116943, 0.8300244212150574, 0.5384683609008789, 0.5060725212097168, 0.7603975534439087, 0.03734786808490753, 0.8667725920677185, 0.5943706631660461, 0.5199272632598877, 0.5418183207511902, 1.003967523574829, 0.32707154750823975, 1.0344653129577637, 1.1989846229553223, 0.5870068073272705, 0.5595110654830933, 0.6939980983734131, 0.7308285236358643, 0.43579113483428955, 0.7837698459625244, 1.528029441833496, 1.3226617574691772, 0.9393167495727539, 0.3980443477630615, 1.0103638172149658, 1.1757707595825195, 0.6191693544387817, 1.0606889724731445, 1.3429580926895142, 0.18403583765029907, 0.7918598651885986, 0.7260352373123169, 0.35406890511512756, 0.9492864608764648, 0.040524065494537354, 0.7786093354225159, 0.9577046036720276, 1.2309409379959106, 0.4713442027568817, 0.6395032405853271, 0.0872206836938858, 0.7535845041275024]"
geological,"[17, 4, 12, 14, 12, 17, 6, 18, 2, 14]",34,"[1.116646409034729, -0.058209314942359924, 0.5866459608078003, 0.6001039743423462, 1.0486812591552734, 0.13017955422401428, 0.4162282943725586, 0.4979090690612793, 1.1382807493209839, 1.176997184753418, 0.6710844039916992, 0.2282663732767105, 0.2984187602996826, 1.3548564910888672, 0.8127861618995667, 0.7132744193077087, 1.8034842014312744, 0.4981288015842438, 1.8194537162780762, 0.4880262017250061, 0.2796659767627716, 0.03138076141476631, 1.6235096454620361, 1.1464645862579346, 0.9076110124588013, 0.7514488101005554, 0.4191129803657532, -0.10210725665092468, 0.6388254165649414, 1.056294560432434, 0.20670686662197113, 1.0315921306610107, 1.5410287380218506, 0.5653407573699951, 1.5499343872070312, 1.785141944885254, 1.0957211256027222, 0.2970741391181946, 1.1500324010849, 0.7716341018676758, 1.1434282064437866, 0.48336997628211975, 2.2345218658447266, 1.8685095310211182, 0.6279294490814209, 0.5947687029838562, 0.8409578204154968, 0.9145031571388245, 1.2752500772476196, 0.9063928127288818, 2.019383668899536, -0.014034807682037354, 0.9402603507041931, 0.5448015928268433, 0.512099027633667, 1.1571239233016968, -0.023328229784965515, 1.0841327905654907, 1.0053249597549438, 1.158931016921997, 0.5192117691040039, 0.953488826751709, 0.04835592955350876, 1.0704922676086426]"
independent variable,"[6, 5, 20, 4, 3, 4, 5, 20, 4, 5, 8, 31, 28, 2, 11, 6, 2, 10, 14, 4]",34,"[0.5913165211677551, -0.08821777999401093, 0.8999809622764587, 0.9434265494346619, 1.434211015701294, -0.10191847383975983, 0.11210354417562485, 0.7066962122917175, 1.610334873199463, 1.7395102977752686, 1.127700924873352, -0.10788223147392273, 0.14296665787696838, 1.8319857120513916, 0.6802260279655457, 0.9604473114013672, 1.291185975074768, 0.6909598112106323, 1.0508334636688232, 0.40492767095565796, 0.38647496700286865, 0.15866747498512268, 1.3729891777038574, 1.4914499521255493, 1.053210735321045, 0.9808518886566162, 0.42989450693130493, -0.17000213265419006, 0.736041784286499, 1.3935563564300537, 0.1550249308347702, 1.120431900024414, 1.0025806427001953, 0.40496698021888733, 1.0157063007354736, 0.9639229774475098, 1.398066759109497, 0.1330503225326538, 1.514320731163025, 0.7615522146224976, 1.1260432004928589, 0.3146626949310303, 1.3605787754058838, 1.1296000480651855, 0.7228429317474365, 0.8966512084007263, 1.1283284425735474, 1.0030866861343384, 0.8780233860015869, 1.1587212085723877, 1.205862045288086, -0.21433880925178528, 0.8032637238502502, 0.4577193558216095, 0.7609819173812866, 1.660194754600525, -0.08168981969356537, 1.202260971069336, 1.403364658355713, 1.624793291091919, 0.7992649674415588, 0.6008478999137878, 0.016718175262212753, 0.45430922508239746]"
kinetic energy,"[16, 6, 5, 4, 8, 6, 18, 31, 4, 5, 4, 11, 17, 21]",34,"[0.48782455921173096, 0.048176318407058716, 1.1972955465316772, 0.1802169680595398, 1.311674952507019, 0.6906788349151611, 0.23450173437595367, 0.8508162498474121, 1.2255969047546387, 0.8621529340744019, 1.4418500661849976, 0.6385806202888489, 0.49196767807006836, 2.2215120792388916, -0.020159900188446045, 1.1658635139465332, 0.46772682666778564, 1.4312872886657715, 0.6647946834564209, 0.20228329300880432, 0.27805715799331665, 0.02432309463620186, 0.5161768198013306, 0.42122524976730347, 0.317460298538208, 0.8148590326309204, 1.6505039930343628, 0.04654709994792938, 1.8377875089645386, 0.39223235845565796, 0.9179137349128723, 0.2623624801635742, 0.5854566097259521, 0.14215466380119324, 0.3137359321117401, 0.7379148602485657, 0.47399911284446716, 1.2616554498672485, 0.41710031032562256, 0.155051589012146, 0.25993525981903076, 0.6857692003250122, 0.7172185182571411, 0.5562175512313843, 2.1889257431030273, 0.44704243540763855, 1.7762826681137085, 2.0720129013061523, 0.2186993807554245, 1.969577431678772, 0.6108534932136536, 0.426386296749115, 0.7999217510223389, 1.220970630645752, 0.8584998846054077, 0.7631150484085083, 0.13814623653888702, 0.4328579008579254, 1.1444032192230225, 1.6792385578155518, 0.76751708984375, 0.32054781913757324, 0.08163395524024963, 0.28361696004867554]"
latitude,"[14, 2, 8, 6, 8, 13, 20, 4]",34,"[0.6320134401321411, -0.028451457619667053, 0.663445234298706, 0.3927985429763794, 1.2858359813690186, 0.3041217625141144, 0.32179105281829834, 0.823839008808136, 1.3266669511795044, 1.1065703630447388, 1.1426796913146973, 0.3329181671142578, 0.14236432313919067, 1.9483025074005127, 0.26020029187202454, 0.6151772737503052, 0.9338705539703369, 0.9684522151947021, 1.053285837173462, 0.2912965416908264, 0.24380670487880707, 0.0036190636456012726, 0.6696297526359558, 0.8522247672080994, 0.5547213554382324, 0.35234665870666504, 0.9458798170089722, 0.0033758580684661865, 1.085227131843567, 0.3870479166507721, 0.33630964159965515, 0.5247247815132141, 0.8819183111190796, 0.29696735739707947, 0.7975995540618896, 0.9972015619277954, 0.629916787147522, 0.696982741355896, 0.5847529768943787, 0.5506662726402283, 0.36596956849098206, 0.4864344000816345, 1.1559250354766846, 0.950524628162384, 1.2417395114898682, 0.3633539378643036, 1.2877877950668335, 1.4228782653808594, 0.4203723669052124, 1.3657617568969727, 1.0279172658920288, 0.16814659535884857, 0.309306800365448, 0.5609520077705383, 0.42396435141563416, 1.0383002758026123, 0.04491181671619415, 0.7426490187644958, 1.103203535079956, 1.3622066974639893, 0.5657716393470764, 0.261067658662796, 0.05688594654202461, 0.5582330226898193]"
longitude,"[14, 12, 5, 17, 6, 8, 13, 20, 4]",34,"[0.9533705711364746, -0.09033991396427155, 0.7376111745834351, 0.4225195050239563, 1.1576951742172241, 0.14698730409145355, 0.5111647844314575, 0.6492687463760376, 1.1840159893035889, 1.0632468461990356, 1.0079092979431152, 0.33194267749786377, 0.282523512840271, 1.7184977531433105, 0.44081783294677734, 0.8191919922828674, 1.3236703872680664, 0.7385122776031494, 1.5510244369506836, 0.3545183539390564, 0.278944730758667, 0.007247462868690491, 1.0559005737304688, 0.873295247554779, 0.6550291180610657, 0.6011764407157898, 0.8362787961959839, -0.0929742157459259, 0.9709051251411438, 0.5817723870277405, 0.41925251483917236, 0.6871507167816162, 1.2765722274780273, 0.4736463725566864, 1.1517125368118286, 1.4907326698303223, 0.7591046094894409, 0.5464670658111572, 0.7737751007080078, 0.5014981031417847, 0.6441105008125305, 0.506304144859314, 1.7629764080047607, 1.5173227787017822, 1.1396491527557373, 0.4815465211868286, 1.183475375175476, 1.2786364555358887, 0.7635035514831543, 1.232550859451294, 1.5575523376464844, 0.03801238536834717, 0.6564390659332275, 0.709644615650177, 0.588473916053772, 0.9990193843841553, -0.017535775899887085, 0.7568177580833435, 0.9975820183753967, 1.2802537679672241, 0.5800775289535522, 0.610349714756012, 0.06653936207294464, 0.9396266937255859]"
membrane,"[19, 4, 19, 10, 11, 2, 5, 4]",34,"[1.3795546293258667, -0.0390826016664505, 0.40319451689720154, 0.32609283924102783, 0.6600163578987122, 0.06595118343830109, 0.7379264831542969, 0.28010988235473633, 0.6603792905807495, 0.5629456043243408, 0.4617099463939667, 0.4550561308860779, 0.3563860058784485, 1.0377436876296997, 0.5391970276832581, 0.6754107475280762, 1.7083271741867065, 0.3096192479133606, 2.0631816387176514, 0.2850257158279419, 0.34641358256340027, -0.0020662304013967514, 1.2696118354797363, 0.6079562306404114, 0.6382505297660828, 0.4425448477268219, 0.5157598853111267, -0.038409680128097534, 0.6259628534317017, 0.39555802941322327, 0.3405866324901581, 0.5632525086402893, 1.5497584342956543, 0.5423679947853088, 1.4852144718170166, 2.0713133811950684, 0.40984848141670227, 0.3584689497947693, 0.5431554913520813, 0.4030834436416626, 0.6291182041168213, 0.5439950227737427, 2.3103654384613037, 2.0741915702819824, 0.6803743839263916, 0.275156706571579, 0.7501226663589478, 0.8491321802139282, 0.965135931968689, 0.6080617904663086, 1.988510012626648, 0.021394938230514526, 0.6501107215881348, 0.628438413143158, 0.5088177919387817, 0.6017905473709106, -0.029859140515327454, 0.5898736715316772, 0.5115458965301514, 0.7986612915992737, 0.27644217014312744, 0.740595817565918, 0.07682745903730392, 1.4122166633605957]"
monarchy,"[19, 12, 5, 2, 11, 18, 9, 21]",34,"[1.3756012916564941, -0.02109597623348236, 0.4924109876155853, 0.3369702696800232, 0.42183220386505127, 0.20251120626926422, 0.6060301065444946, 0.16825653612613678, 0.4145697355270386, 0.46881717443466187, 0.3306490182876587, 0.6295588612556458, 0.4879249930381775, 0.8966155648231506, 0.7021726369857788, 0.661162257194519, 1.729367733001709, 0.30614596605300903, 1.960334300994873, 0.41675323247909546, 0.33423781394958496, 0.0399424284696579, 1.469419002532959, 0.5014198422431946, 0.6633690595626831, 0.5031854510307312, 0.4457806944847107, -0.0416683554649353, 0.5797061324119568, 0.5746587514877319, 0.5854476690292358, 0.5648670196533203, 1.5236995220184326, 0.4918864667415619, 1.5337376594543457, 1.972517967224121, 0.34698566794395447, 0.4228273034095764, 0.5399424433708191, 0.5408028364181519, 0.6822496056556702, 0.7910009622573853, 2.283383846282959, 2.1692886352539062, 0.5346128344535828, 0.25172531604766846, 0.5460773706436157, 0.7646874189376831, 1.092635154724121, 0.3967834711074829, 2.043482542037964, 0.07346183061599731, 1.0263253450393677, 0.7637950778007507, 0.3982011675834656, 0.49312031269073486, -0.00818663090467453, 0.6007431149482727, 0.3866621255874634, 0.7132909893989563, 0.19767501950263977, 1.0723382234573364, 0.10928629338741302, 1.3637784719467163]"
natural selection,"[5, 2, 8, 13, 11, 2, 14, 31, 7, 4, 14, 4, 18, 8, 6, 12, 5]",34,"[0.15955033898353577, -0.10585078597068787, 2.033304452896118, 0.33727914094924927, 2.0398595333099365, -0.16451512277126312, 0.022301942110061646, 0.9503908753395081, 1.4881073236465454, 1.9196165800094604, 1.447289228439331, 0.5929617881774902, 0.6530885696411133, 2.51190447807312, 0.23204833269119263, 1.8587349653244019, 0.37735915184020996, 1.001370906829834, 0.2765817642211914, -0.015515923500061035, 0.008330322802066803, 0.018365316092967987, 1.346272587776184, 1.2881335020065308, 0.12874776124954224, 1.847780466079712, 1.374611735343933, -0.1088288426399231, 1.5578004121780396, 1.475087285041809, 1.048357605934143, 0.8096255660057068, 0.27194029092788696, 0.051029033958911896, 0.381351113319397, 0.3517199754714966, 1.4197494983673096, 0.3558776080608368, 1.7997832298278809, 0.5149326324462891, 0.6630600094795227, 1.0175849199295044, 0.3230326473712921, 0.3971107304096222, 1.905824065208435, 1.4355558156967163, 2.0967578887939453, 1.7716771364212036, 0.3952741026878357, 2.167691946029663, 0.27956944704055786, -0.028928130865097046, 1.6738829612731934, 1.6593338251113892, 1.466328740119934, 1.7364890575408936, -0.022272050380706787, 0.5234048962593079, 1.7682031393051147, 2.3186185359954834, 1.4748330116271973, 0.8956570625305176, 0.023987777531147003, 0.17425845563411713]"
nucleus,"[5, 13, 18, 14, 4, 13, 7]",34,"[1.259501338005066, -0.049413248896598816, 0.3631412088871002, 0.25301510095596313, 0.4258626699447632, 0.2031896710395813, 0.6154825687408447, 0.272929310798645, 0.5330728888511658, 0.39513468742370605, 0.4205555021762848, 0.4037822484970093, 0.349969744682312, 0.7664077281951904, 0.5051171183586121, 0.6197801828384399, 1.517973780632019, 0.3638033866882324, 1.8704664707183838, 0.3045683801174164, 0.3157281279563904, -0.004994373768568039, 1.1170369386672974, 0.42539361119270325, 0.5516592860221863, 0.38142555952072144, 0.5408014059066772, -0.06877538561820984, 0.6120612621307373, 0.27649834752082825, 0.33476895093917847, 0.5111027359962463, 1.4245662689208984, 0.45529118180274963, 1.2929750680923462, 1.9064831733703613, 0.311242014169693, 0.48664748668670654, 0.34821510314941406, 0.3432251214981079, 0.5859333872795105, 0.48785147070884705, 2.0699665546417236, 1.9421026706695557, 0.6122374534606934, 0.152553528547287, 0.6005224585533142, 0.7644803524017334, 0.9381704330444336, 0.47457247972488403, 1.8321460485458374, 0.07032689452171326, 0.623757004737854, 0.5259864926338196, 0.4469029903411865, 0.4315876364707947, -0.009629979729652405, 0.5042852759361267, 0.3774213492870331, 0.6193524599075317, 0.19106806814670563, 0.7432860136032104, 0.10179558396339417, 1.2794426679611206]"
organelle,"[12, 11, 17, 2, 5, 4, 14, 14, 4]",34,"[0.3579708933830261, -0.01599174737930298, 1.488340139389038, 0.15459240972995758, 1.740444302558899, 0.041952624917030334, 0.002378404140472412, 0.73035728931427, 1.3745641708374023, 1.4792697429656982, 1.2839813232421875, 1.0119107961654663, 0.7374881505966187, 2.6995980739593506, 0.056575708091259, 1.373935580253601, 0.5104330778121948, 0.9117347002029419, 0.45434603095054626, -0.065450519323349, -0.018324606120586395, -0.02568696066737175, 1.0420078039169312, 0.8491798639297485, 0.12753364443778992, 0.9926716089248657, 1.5758883953094482, -0.01892608404159546, 1.9330741167068481, 0.5897820591926575, 1.1606075763702393, 0.35357004404067993, 0.1826666295528412, 0.008321143686771393, 0.44328373670578003, 0.481240451335907, 0.713017463684082, 0.7346916794776917, 0.8797938823699951, 0.4948261082172394, 0.08801525831222534, 1.2728979587554932, 0.4732022285461426, 0.3801037669181824, 2.260148763656616, 0.6655923128128052, 2.207001209259033, 2.1211283206939697, 0.16660350561141968, 1.9541252851486206, 0.4568699598312378, 0.10253946483135223, 1.2386879920959473, 1.6904683113098145, 0.974080502986908, 1.3342890739440918, -0.0014896392822265625, 0.3943912386894226, 1.3676332235336304, 2.2218878269195557, 0.9001697897911072, 0.7199487686157227, -0.005025383085012436, 0.3095492124557495]"
plate tectonics,"[3, 14, 2, 8, 4, 31, 8, 4, 18, 8, 12, 5, 6, 18, 7]",34,"[0.6647579669952393, 0.027178160846233368, 0.9313822388648987, 0.416008323431015, 1.129462718963623, 0.49508535861968994, 0.2940773665904999, 0.761106014251709, 1.1770881414413452, 1.0068328380584717, 1.1035605669021606, 0.354930579662323, 0.3108257055282593, 1.7759110927581787, 0.3000997304916382, 0.9275642037391663, 0.8500386476516724, 1.1075652837753296, 0.9672679901123047, 0.37041038274765015, 0.3354399502277374, 0.10665035992860794, 0.8056723475456238, 0.7306249737739563, 0.611801266670227, 0.8039491772651672, 0.9631155729293823, 0.013641536235809326, 1.1653779745101929, 0.767189621925354, 0.5767473578453064, 0.5670724511146545, 0.8674361705780029, 0.2524767816066742, 0.6760482788085938, 0.987250566482544, 0.7069969773292542, 0.8204674124717712, 0.7991164326667786, 0.39733877778053284, 0.5497069358825684, 0.5194171667098999, 1.0959805250167847, 0.8951064944267273, 1.3060382604599, 0.5555201768875122, 1.20395028591156, 1.426608681678772, 0.5321104526519775, 1.3777565956115723, 1.0105397701263428, 0.2632753849029541, 0.6977577209472656, 0.8042029142379761, 0.6508006453514099, 0.9147712588310242, 0.07851235568523407, 0.6666615605354309, 1.0716900825500488, 1.3664880990982056, 0.7108221054077148, 0.46114596724510193, 0.09089995920658112, 0.49428480863571167]"
potential energy,"[3, 12, 8, 4, 5, 8, 6, 2, 14, 31, 4, 5, 4, 11, 17, 21]",34,"[0.5401620268821716, -0.05386732518672943, 1.3128712177276611, 0.29979848861694336, 1.3952465057373047, 0.18160241842269897, 0.15726764500141144, 0.7315124869346619, 1.2403371334075928, 1.2184189558029175, 1.1637003421783447, 0.5387572646141052, 0.59310382604599, 2.027804136276245, 0.20534338057041168, 1.3366988897323608, 0.6665719151496887, 0.967014729976654, 0.7675445079803467, 0.1339634656906128, 0.1723473072052002, 0.04670485854148865, 1.0410499572753906, 0.817501425743103, 0.32836854457855225, 1.1913005113601685, 1.2836623191833496, -0.08055242896080017, 1.5009344816207886, 0.8839107155799866, 0.8368474841117859, 0.5785596966743469, 0.5711126327514648, 0.15752029418945312, 0.5382835268974304, 0.804884672164917, 0.9050151109695435, 0.698664665222168, 1.0230811834335327, 0.31527653336524963, 0.5722845196723938, 0.7750662565231323, 0.885147213935852, 0.7165635824203491, 1.7352381944656372, 0.7621475458145142, 1.6381442546844482, 1.6920815706253052, 0.465620756149292, 1.6498029232025146, 0.7440249919891357, 0.09762515127658844, 1.2010418176651, 1.2851823568344116, 1.0244051218032837, 1.126692533493042, -0.0030553191900253296, 0.5327706336975098, 1.2074475288391113, 1.7433068752288818, 0.9049283862113953, 0.6900043487548828, 0.05724787712097168, 0.43766915798187256]"
rate,"[11, 2, 8, 4]",34,"[0.8982884287834167, 0.0864681601524353, 0.4537256062030792, 0.1580977439880371, 0.869845449924469, 0.17648282647132874, 0.41352787613868713, 0.32454752922058105, 0.7391119003295898, 0.7534101009368896, 0.47049927711486816, 0.8483898639678955, 0.376670777797699, 1.6081931591033936, 0.33089888095855713, 0.4149339497089386, 1.2551815509796143, 0.4712618291378021, 1.229614019393921, 0.14480222761631012, 0.11916191875934601, -0.034883275628089905, 0.9783480763435364, 0.6005625128746033, 0.4177800416946411, 0.11969760805368423, 0.821699857711792, 0.1845247447490692, 1.0177007913589478, 0.04858306422829628, 0.6153261661529541, 0.2535753846168518, 0.8767154812812805, 0.3115428388118744, 1.1373109817504883, 1.3190765380859375, 0.14568597078323364, 0.5932013988494873, 0.19772273302078247, 0.7325388193130493, 0.07131372392177582, 0.9359368085861206, 1.4802331924438477, 1.1716022491455078, 1.0738766193389893, 0.06664513051509857, 1.1339116096496582, 1.3079395294189453, 0.4227695167064667, 0.9126137495040894, 1.3163787126541138, 0.23974540829658508, 0.5132848024368286, 0.800660252571106, 0.18725666403770447, 0.7231169939041138, 0.06984172016382217, 0.5583199858665466, 0.641934335231781, 1.1895389556884766, 0.20905892550945282, 0.5256400108337402, 0.004683062434196472, 0.839475154876709]"
Reformation,"[11, 4, 22, 12, 11, 19, 2, 8, 6, 12, 5]",34,"[0.742704451084137, -0.011284708976745605, 0.8259941339492798, 0.6334430575370789, 1.4586108922958374, -0.08460192382335663, 0.24620185792446136, 0.5513808131217957, 1.276545763015747, 1.6464669704437256, 0.6050788760185242, 0.38968339562416077, 0.24505503475666046, 1.7736492156982422, 0.8058511018753052, 0.6015332341194153, 1.5053497552871704, 0.4224638044834137, 1.25382399559021, 0.46505725383758545, 0.1209922730922699, 0.03683185577392578, 1.6665773391723633, 1.5761157274246216, 0.8768565058708191, 0.7952803373336792, 0.3262726664543152, 0.019906729459762573, 0.5910582542419434, 1.287880539894104, 0.29665735363960266, 0.9980018138885498, 1.1135222911834717, 0.43290603160858154, 1.3716362714767456, 1.1022359132766724, 1.2338522672653198, -0.0067777931690216064, 1.4683728218078613, 1.2224887609481812, 0.8813055157661438, 0.8249189853668213, 1.7212989330291748, 1.2850594520568848, 0.5116618871688843, 0.8033817410469055, 1.0201678276062012, 0.9144176840782166, 0.9461002349853516, 1.096292495727539, 1.5758318901062012, -0.005586415529251099, 1.1096631288528442, 0.6607810854911804, 0.35215508937835693, 1.6004716157913208, -0.002064228057861328, 1.2446309328079224, 1.3726824522018433, 1.5305691957473755, 0.631371259689331, 0.9569147229194641, 0.011511962860822678, 0.6527086496353149]"
Renaissance,"[11, 4, 5, 2, 6, 7, 7, 2, 5, 18, 4]",34,"[1.0779112577438354, -0.04064929485321045, 0.38787463307380676, 0.6688988208770752, 0.7253111600875854, 0.3213321566581726, 0.4768913984298706, 0.42994874715805054, 0.9190288186073303, 0.7855305671691895, 0.6631609797477722, 0.16215559840202332, 0.19948796927928925, 1.1977424621582031, 0.5482550859451294, 0.47391948103904724, 1.4914820194244385, 0.5858689546585083, 1.7449898719787598, 0.582318902015686, 0.610069751739502, 0.18496626615524292, 1.0429672002792358, 0.8208006024360657, 1.0725946426391602, 0.3231627643108368, 0.37896156311035156, -0.07832363247871399, 0.5679704546928406, 0.5822282433509827, 0.15345756709575653, 0.6447573900222778, 1.5178873538970947, 0.4487408697605133, 1.3524208068847656, 1.7393887042999268, 0.5398508906364441, 0.49073588848114014, 0.6449163556098938, 0.5020297169685364, 0.6951858997344971, 0.31405168771743774, 1.9909096956253052, 1.6710717678070068, 0.5512881278991699, 0.24664437770843506, 0.6537089943885803, 0.7766289710998535, 0.8695558309555054, 0.5801624059677124, 1.7386723756790161, 0.04866844415664673, 0.4148173928260803, 0.3225943446159363, 0.3739897906780243, 0.832313060760498, -0.001844748854637146, 0.9622563123703003, 0.7166826128959656, 0.8653568625450134, 0.27625778317451477, 0.5201780200004578, 0.11412264406681061, 0.9884107112884521]"
thermal energy,"[8, 9, 4, 11, 19, 2, 14, 31, 4, 5, 4, 11, 17, 21]",34,"[0.9583004117012024, -0.08522823452949524, 1.220789909362793, 0.45592743158340454, 1.4806376695632935, -0.06746326386928558, 0.2142934650182724, 0.5895851850509644, 1.3250901699066162, 1.5203890800476074, 1.0428650379180908, 0.6454195976257324, 0.656691312789917, 2.112743377685547, 0.536995530128479, 1.3741285800933838, 1.3650519847869873, 0.685173749923706, 1.340477466583252, 0.08205312490463257, 0.052092213183641434, 0.030622385442256927, 1.6615536212921143, 1.1534512042999268, 0.42402276396751404, 1.2572540044784546, 1.1130971908569336, -0.14630824327468872, 1.3993589878082275, 1.0478664636611938, 0.8584482669830322, 0.789827823638916, 0.8786491751670837, 0.28447604179382324, 1.14232337474823, 1.2978200912475586, 1.1532940864562988, 0.45732760429382324, 1.314522624015808, 0.6215603351593018, 0.8183068037033081, 1.007239580154419, 1.6185129880905151, 1.4137747287750244, 1.5733269453048706, 0.8365678787231445, 1.648316740989685, 1.6015056371688843, 0.8560551404953003, 1.5457863807678223, 1.4151042699813843, -0.058622390031814575, 1.5411077737808228, 1.3603415489196777, 1.0373661518096924, 1.450449824333191, -0.08495280146598816, 0.7244597673416138, 1.3083782196044922, 1.8918015956878662, 0.8365315794944763, 1.0752365589141846, 0.022982537746429443, 0.8861559629440308]"
topography,"[8, 12, 3, 12, 17, 11, 2, 3, 9, 21]",34,"[1.244410753250122, -0.12093612551689148, 0.5180767774581909, 0.8422951698303223, 1.0156733989715576, -0.09469403326511383, 0.4814135730266571, 0.41199421882629395, 1.1437017917633057, 1.2229316234588623, 0.6224300861358643, -0.014958381652832031, 0.25279223918914795, 1.312565565109253, 0.9955917000770569, 0.6696507930755615, 2.0070698261260986, 0.3263618052005768, 2.0808305740356445, 0.6258635520935059, 0.3627881109714508, 0.07869008928537369, 1.869655966758728, 1.3409641981124878, 1.1706078052520752, 0.8064732551574707, 0.1515754759311676, -0.17284011840820312, 0.4192379117012024, 1.2792344093322754, 0.10502208024263382, 1.1849967241287231, 1.8238492012023926, 0.7237268090248108, 1.8676913976669312, 1.958909511566162, 1.254704475402832, 0.022997967898845673, 1.3758145570755005, 0.806373119354248, 1.4059127569198608, 0.37446489930152893, 2.6394505500793457, 2.2537996768951416, 0.2649456262588501, 0.7063730955123901, 0.6370465159416199, 0.6569099426269531, 1.4855414628982544, 0.6816871166229248, 2.320707082748413, -0.1667199432849884, 1.0123944282531738, 0.4372583329677582, 0.5674252510070801, 1.2270689010620117, -0.0710950642824173, 1.248134970664978, 0.9642960429191589, 1.0574215650558472, 0.4793686270713806, 1.0813984870910645, 0.049385324120521545, 1.2819383144378662]"
external conflict,"[4, 27, 8, 4, 11, 5, 2, 14, 31, 18, 12, 5, 22, 14, 6, 18, 8]",34,"[0.0687156468629837, -0.04312652349472046, 1.7303372621536255, 0.250848650932312, 1.6991535425186157, 0.13643303513526917, 0.10771841555833817, 1.0423017740249634, 1.4030747413635254, 1.461647391319275, 1.6515575647354126, 0.3854904770851135, 0.504047691822052, 2.2035090923309326, 0.05191967636346817, 1.6134610176086426, 0.17094272375106812, 1.2532763481140137, 0.22852681577205658, 0.025530189275741577, 0.05650673061609268, 0.012602314352989197, 0.7510671019554138, 0.7997607588768005, 0.06631674617528915, 1.5085065364837646, 1.3734875917434692, -0.12668603658676147, 1.5203337669372559, 1.1253101825714111, 0.845643937587738, 0.6161777377128601, 0.23524418473243713, 0.056031450629234314, 0.017574600875377655, 0.2998836040496826, 1.1217231750488281, 0.6858811974525452, 1.283543586730957, 0.1656985878944397, 0.46085524559020996, 0.6218880414962769, 0.09064976871013641, 0.32491335272789, 1.8971515893936157, 1.1461114883422852, 1.823123812675476, 1.742220163345337, 0.25385189056396484, 2.0449016094207764, 0.18718336522579193, 0.04886665940284729, 1.1620898246765137, 1.3703627586364746, 1.3020323514938354, 1.2695057392120361, 0.008794598281383514, 0.37348473072052, 1.483117938041687, 1.8756849765777588, 1.2852122783660889, 0.45877742767333984, 0.05117397755384445, 0.13736683130264282]"
internal conflict,"[6, 5, 8, 4, 11, 5, 2, 14, 31, 18, 12, 5, 22, 14, 6, 18, 8]",34,"[0.02138747274875641, 0.0034346580505371094, 1.7187246084213257, 0.15597429871559143, 1.570417046546936, 0.18441808223724365, 0.09909480065107346, 0.9993211627006531, 1.2134639024734497, 1.3300843238830566, 1.5472630262374878, 0.45375096797943115, 0.5090742111206055, 1.9939725399017334, 0.04958345741033554, 1.619395136833191, 0.08434434235095978, 1.170471429824829, 0.16972914338111877, -0.007498696446418762, 0.02644919604063034, -0.0062557123601436615, 0.6823107600212097, 0.6806683540344238, -0.02165640890598297, 1.4999898672103882, 1.3032517433166504, -0.04838249087333679, 1.4525377750396729, 1.1318297386169434, 0.8753156065940857, 0.5968171954154968, 0.15205465257167816, 0.06907026469707489, -0.05967573821544647, 0.2323811650276184, 1.060038685798645, 0.6282641887664795, 1.2388187646865845, 0.14322341978549957, 0.47795718908309937, 0.6544944047927856, 0.0035935044288635254, 0.25469163060188293, 1.8444668054580688, 1.1190836429595947, 1.737256646156311, 1.6106507778167725, 0.22341734170913696, 1.946761131286621, 0.10504769533872604, 0.13582223653793335, 1.1808617115020752, 1.3732329607009888, 1.2661243677139282, 1.1456303596496582, 0.04294595867395401, 0.26463139057159424, 1.34816575050354, 1.7194386720657349, 1.23896324634552, 0.4930746853351593, 0.04207064211368561, 0.12933805584907532]"
outcome,"[12, 13, 8, 18, 12, 19, 4]",34,"[0.16184958815574646, 0.0071979910135269165, 0.9933140277862549, 0.33602145314216614, 1.556885838508606, 0.29933035373687744, 0.15499649941921234, 0.940302312374115, 1.4751371145248413, 1.3649039268493652, 1.2806675434112549, 0.34610888361930847, 0.20456717908382416, 2.2270359992980957, 0.10790372639894485, 0.7275782227516174, 0.46780896186828613, 1.1675713062286377, 0.41983187198638916, 0.2605826258659363, 0.12521101534366608, 0.008446384221315384, 0.5271665453910828, 0.9410440325737, 0.42507031559944153, 0.6164849400520325, 1.1193432807922363, 0.035017237067222595, 1.2995823621749878, 0.5802072286605835, 0.46547454595565796, 0.440530925989151, 0.4516246020793915, 0.15625803172588348, 0.3564203381538391, 0.40603190660476685, 0.7541859745979309, 0.7475965619087219, 0.7572470903396606, 0.5731694102287292, 0.21567021310329437, 0.5690951347351074, 0.45694929361343384, 0.2985624074935913, 1.4939912557601929, 0.6009516716003418, 1.5665490627288818, 1.6365070343017578, 0.15801933407783508, 1.7405816316604614, 0.44272780418395996, 0.2436750829219818, 0.479195237159729, 0.7579806447029114, 0.5315463542938232, 1.2407134771347046, 0.09028220921754837, 0.7109411954879761, 1.348009705543518, 1.6525548696517944, 0.7754145860671997, 0.17468573153018951, 0.048938143998384476, 0.09116233885288239]"
pacing,"[3, 2, 18, 6, 5, 17]",34,"[1.3025070428848267, 0.1068740040063858, 0.2651369273662567, 0.25625211000442505, 0.6125196814537048, 0.5073020458221436, 0.8770991563796997, 0.5013600587844849, 0.6165006160736084, 0.4995732307434082, 0.44859015941619873, 0.3807641267776489, 0.17224565148353577, 0.9100193977355957, 0.5196978449821472, 0.23814713954925537, 1.466994285583496, 0.6986469626426697, 1.8956506252288818, 0.5353566408157349, 0.35468101501464844, 0.04409483075141907, 0.8457326889038086, 0.5721699595451355, 0.7292119264602661, 0.16249099373817444, 0.35192447900772095, 0.20074719190597534, 0.36449918150901794, 0.3491840064525604, 0.20295575261116028, 0.4668132960796356, 1.5610449314117432, 0.5900591611862183, 1.289087176322937, 1.8072373867034912, 0.30496010184288025, 0.5136235952377319, 0.3448922038078308, 0.6403974890708923, 0.36661702394485474, 0.474051296710968, 2.1695430278778076, 1.796250581741333, 0.38406163454055786, 0.16798163950443268, 0.4334316849708557, 0.6745731234550476, 0.7464473247528076, 0.6335461139678955, 1.8608113527297974, 0.38282597064971924, 0.386040061712265, 0.2698635756969452, 0.07678905129432678, 0.46828657388687134, 0.15841957926750183, 0.6995202302932739, 0.5382447838783264, 0.4909377098083496, 0.22738924622535706, 0.5386025309562683, 0.16971686482429504, 1.2438714504241943]"
sarcasm,"[7, 2, 11, 18, 2, 7, 19]",34,"[0.6728234887123108, 0.026375651359558105, 1.0431123971939087, 0.09968394041061401, 1.1216343641281128, 0.14660894870758057, 0.3070051670074463, 0.5160500407218933, 0.7663354277610779, 1.059686303138733, 0.599206268787384, 0.8805811405181885, 0.4861232042312622, 1.563493251800537, 0.29854780435562134, 0.8464928269386292, 0.8450406789779663, 0.6321203112602234, 0.8195549249649048, 0.12075542658567429, 0.05563142150640488, 0.015078786760568619, 1.0584115982055664, 0.7523058652877808, 0.21780431270599365, 0.7791266441345215, 0.8381983041763306, 0.10046617686748505, 0.9306895732879639, 0.6521749496459961, 0.7992416024208069, 0.40096765756607056, 0.6011613607406616, 0.13115611672401428, 0.6960402131080627, 0.7693842649459839, 0.529853880405426, 0.40132027864456177, 0.79470294713974, 0.727670431137085, 0.12413890659809113, 1.0971589088439941, 1.0320885181427002, 0.8701187372207642, 1.0945053100585938, 0.5491739511489868, 1.17897367477417, 1.2137038707733154, 0.3275494873523712, 1.1474577188491821, 0.8798968195915222, 0.20334304869174957, 1.116733431816101, 1.0906774997711182, 0.4385484755039215, 0.9701395630836487, 0.05244478955864906, 0.4971703588962555, 0.9774688482284546, 1.3579840660095215, 0.6046481132507324, 0.794620156288147, 0.08632805198431015, 0.5329530835151672]"
subgenre,"[7, 13, 10, 17, 4, 5, 11, 4]",34,"[1.0035803318023682, -0.07156254351139069, 0.5335718989372253, 0.5403740406036377, 1.040346384048462, 0.2777706980705261, 0.5028945207595825, 0.6379044651985168, 1.199471354484558, 0.8882134556770325, 1.096900463104248, 0.1648668348789215, 0.23937416076660156, 1.6346633434295654, 0.3323066234588623, 0.7701213359832764, 1.3214523792266846, 0.7906742691993713, 1.6291911602020264, 0.38079094886779785, 0.43668192625045776, 0.052969515323638916, 0.8961067795753479, 0.7220250368118286, 0.7797946929931641, 0.4036685824394226, 0.8612939119338989, -0.12081971764564514, 1.0744885206222534, 0.3970296382904053, 0.2510010898113251, 0.6093385815620422, 1.3429741859436035, 0.4578954577445984, 1.1074028015136719, 1.660233736038208, 0.6370859146118164, 0.7133594155311584, 0.5743265748023987, 0.25402796268463135, 0.6186707019805908, 0.29042550921440125, 1.7586637735366821, 1.4983315467834473, 1.1404528617858887, 0.34129440784454346, 1.1455132961273193, 1.338384985923767, 0.804363489151001, 1.1573493480682373, 1.5857223272323608, 0.025791138410568237, 0.3497084379196167, 0.528164803981781, 0.6465269923210144, 0.8714767694473267, -0.008817799389362335, 0.7374483346939087, 0.8897536396980286, 1.1518491506576538, 0.4645061194896698, 0.3985646665096283, 0.05798003822565079, 0.9852457046508789]"
amalgamate,"[2, 19, 2, 14, 17, 2, 19, 2, 8, 4]",34,"[0.19976483285427094, -0.0009596943855285645, 1.3439308404922485, 0.45366212725639343, 1.9820104837417603, -0.07982878386974335, 0.04424352943897247, 0.9661655426025391, 1.6285430192947388, 1.873336911201477, 1.311112642288208, 0.33360204100608826, 0.23274093866348267, 2.300448417663574, 0.26997852325439453, 1.1317373514175415, 0.6050841808319092, 0.9376449584960938, 0.4573032855987549, 0.14244608581066132, 0.11380160599946976, 0.0011975746601819992, 0.9659871459007263, 1.3333263397216797, 0.41644608974456787, 1.0596678256988525, 1.0243048667907715, 0.04296910762786865, 1.145093560218811, 1.1038691997528076, 0.444354772567749, 0.8114801049232483, 0.42391955852508545, 0.15586528182029724, 0.5089306831359863, 0.4181034564971924, 1.254378080368042, 0.3840012848377228, 1.4346588850021362, 0.7519805431365967, 0.5650202631950378, 0.6843737363815308, 0.5706068277359009, 0.3695691227912903, 1.407081961631775, 1.0364384651184082, 1.7520134449005127, 1.506701111793518, 0.37653523683547974, 1.7846550941467285, 0.4683955907821655, 0.0705268383026123, 0.8824935555458069, 0.9041815996170044, 0.8460820317268372, 1.7447571754455566, 0.05650319531559944, 0.8438456058502197, 1.6696027517318726, 1.9476851224899292, 1.0821611881256104, 0.42117583751678467, 0.008087504655122757, 0.1474614143371582]"
articulate,"[2, 11, 8, 6, 18, 13, 14, 2, 8, 4]",34,"[0.6510146856307983, -0.05942170321941376, 0.8081904053688049, 0.40615084767341614, 1.1912012100219727, 0.26184970140457153, 0.2588263750076294, 0.7860175967216492, 1.189739465713501, 1.0773953199386597, 1.1047561168670654, 0.248785600066185, 0.23225945234298706, 1.6225285530090332, 0.27260300517082214, 0.8924300670623779, 0.8634090423583984, 0.8769117593765259, 1.0395041704177856, 0.2592501938343048, 0.253531813621521, 0.05430663377046585, 0.8245961666107178, 0.824695885181427, 0.4907025694847107, 0.6861019730567932, 0.8444428443908691, -0.08550778031349182, 0.9531271457672119, 0.6485691070556641, 0.3148742914199829, 0.6580812931060791, 0.8512491583824158, 0.23119352757930756, 0.7375293374061584, 1.0050899982452393, 0.7944346070289612, 0.607772946357727, 0.8697347044944763, 0.3660743236541748, 0.5513284206390381, 0.3939070701599121, 1.1123719215393066, 0.9994069337844849, 1.1370375156402588, 0.5962837338447571, 1.129476547241211, 1.2474015951156616, 0.5723061561584473, 1.253300428390503, 1.0222578048706055, 0.07639068365097046, 0.5602133274078369, 0.6233646273612976, 0.6782817244529724, 1.017742395401001, 0.020727097988128662, 0.6536046862602234, 1.0436193943023682, 1.2535890340805054, 0.6684524416923523, 0.4539967179298401, 0.059967152774333954, 0.565137505531311]"
assert,"[2, 7, 7, 4, 11, 8]",34,"[0.49321192502975464, 0.08400292694568634, 0.9744791984558105, 0.14603325724601746, 1.4950141906738281, 0.1574915647506714, 0.20041534304618835, 0.7285829186439514, 1.128502607345581, 1.2821197509765625, 0.9416161775588989, 0.7908318042755127, 0.3265206813812256, 2.0897927284240723, 0.14390480518341064, 0.6763910055160522, 0.6900016665458679, 0.89069002866745, 0.6499815583229065, 0.08634518086910248, 0.032485105097293854, -0.013911206275224686, 0.7501831650733948, 0.871759831905365, 0.23943834006786346, 0.5208353996276855, 1.102612018585205, 0.2201842963695526, 1.188361406326294, 0.36746758222579956, 0.6837321519851685, 0.27489063143730164, 0.42596298456192017, 0.1106734499335289, 0.6064153909683228, 0.606702983379364, 0.4803101718425751, 0.5868421196937561, 0.659518301486969, 0.7697316408157349, -0.07268000394105911, 0.98370361328125, 0.8067773580551147, 0.5573233366012573, 1.356197476387024, 0.48676756024360657, 1.5236382484436035, 1.4925785064697266, 0.14165037870407104, 1.4933537244796753, 0.6528795957565308, 0.3116130232810974, 0.6758512854576111, 0.9719127416610718, 0.43912312388420105, 1.1637552976608276, 0.1257145255804062, 0.543927788734436, 1.188036561012268, 1.576169729232788, 0.6308928728103638, 0.395006000995636, 0.044676247984170914, 0.37594902515411377]"
authenticate,"[2, 13, 8, 9, 4, 5, 8, 6, 18, 2, 8, 4]",34,"[0.7361341118812561, -0.036697983741760254, 0.6757918000221252, 0.6098873019218445, 1.3390047550201416, 0.09389997273683548, 0.21824154257774353, 0.6753373146057129, 1.3918249607086182, 1.3799588680267334, 0.9643699526786804, 0.27556726336479187, 0.19383655488491058, 1.8642909526824951, 0.4745936989784241, 0.7168749570846558, 1.214915156364441, 0.758278489112854, 1.2037250995635986, 0.32723021507263184, 0.27571961283683777, 0.046272628009319305, 1.1302015781402588, 1.1257760524749756, 0.7553555369377136, 0.5450564026832581, 0.6916264295578003, -0.027577698230743408, 0.9234514832496643, 0.6960688233375549, 0.2445104718208313, 0.7412223815917969, 1.0235466957092285, 0.3091490566730499, 1.1149101257324219, 1.1381747722625732, 0.8799399733543396, 0.46443790197372437, 0.9476431608200073, 0.71872878074646, 0.6638393998146057, 0.5453188419342041, 1.4367612600326538, 1.1406035423278809, 0.9590047597885132, 0.5647547841072083, 1.2058799266815186, 1.237156867980957, 0.7197130918502808, 1.1368064880371094, 1.2353112697601318, 0.03298977017402649, 0.573665976524353, 0.5453157424926758, 0.5244471430778503, 1.3155502080917358, 0.020173020660877228, 0.9752196669578552, 1.1811383962631226, 1.4444869756698608, 0.5787503123283386, 0.511532187461853, 0.028361741453409195, 0.6190167665481567]"
bibliography,"[10, 6, 10, 14, 6, 12, 17, 11, 2, 3, 9, 21]",34,"[1.2195186614990234, -0.13015371561050415, 0.46481287479400635, 0.8464595675468445, 0.8367045521736145, 0.021225646138191223, 0.527652382850647, 0.45183080434799194, 1.0347222089767456, 0.9854551553726196, 0.7326986789703369, -0.24549385905265808, 0.1510525941848755, 0.9722937941551208, 0.8710878491401672, 0.7674593925476074, 1.8430062532424927, 0.3695939779281616, 2.1014044284820557, 0.5998008847236633, 0.4986266493797302, 0.11449678987264633, 1.5923302173614502, 1.1424272060394287, 1.1353940963745117, 0.8200550079345703, 0.14814317226409912, -0.205244779586792, 0.32885271310806274, 1.206839680671692, -0.08184007555246353, 1.158564567565918, 1.8498454093933105, 0.6937932372093201, 1.6734707355499268, 2.003300666809082, 1.229408621788025, 0.08186502009630203, 1.28608238697052, 0.4276675879955292, 1.4606703519821167, 0.026974499225616455, 2.5101444721221924, 2.2430551052093506, 0.18489964306354523, 0.7100154757499695, 0.5207693576812744, 0.5076022148132324, 1.4704246520996094, 0.6205238103866577, 2.2501585483551025, -0.1624341607093811, 0.7606629133224487, 0.26077398657798767, 0.7191860675811768, 1.037201166152954, -0.07146847248077393, 1.0509722232818604, 0.8493942618370056, 0.7670235633850098, 0.4826827943325043, 0.8949881792068481, 0.06896283477544785, 1.2909085750579834]"
concession,"[18, 12, 5, 18, 4, 7, 7, 6, 12, 5]",34,"[0.7066158652305603, 0.07057328522205353, 0.6089267134666443, 0.40376967191696167, 0.975638210773468, 0.7431922554969788, 0.45295101404190063, 0.8068714737892151, 1.0148274898529053, 0.7830116748809814, 0.9613840579986572, 0.25767794251441956, 0.06844981014728546, 1.4445781707763672, 0.16983669996261597, 0.3831954300403595, 0.7587069272994995, 1.2083334922790527, 1.1077581644058228, 0.5049132108688354, 0.48639947175979614, 0.16563451290130615, 0.3697722554206848, 0.6840444207191467, 0.7198482155799866, 0.3105810284614563, 0.6982442140579224, 0.10996903479099274, 0.7732810974121094, 0.39413100481033325, 0.21706634759902954, 0.3119874894618988, 1.0054184198379517, 0.22182463109493256, 0.7000686526298523, 1.0745246410369873, 0.3993936777114868, 0.8084474802017212, 0.46310898661613464, 0.47066226601600647, 0.2027299404144287, 0.308208167552948, 1.2138092517852783, 0.9167419672012329, 0.8832248449325562, 0.32595521211624146, 0.852082371711731, 1.0591307878494263, 0.2716774046421051, 1.1221054792404175, 1.046081304550171, 0.43185198307037354, 0.18916720151901245, 0.3833649754524231, 0.24515914916992188, 0.7494961023330688, 0.16688098013401031, 0.7542640566825867, 0.9637151956558228, 0.8716790080070496, 0.444506973028183, 0.12599416077136993, 0.16245785355567932, 0.5013027191162109]"
contend,"[18, 12, 5, 8, 4, 5, 20]",34,"[1.2533977031707764, 0.07736486941576004, -0.010233305394649506, 0.3646962642669678, 0.5334963798522949, 0.4204295873641968, 0.784692108631134, 0.3810921907424927, 0.7684106826782227, 0.4630522131919861, 0.427606999874115, 0.4307957887649536, 0.08105503767728806, 1.1476516723632812, 0.4556305408477783, -0.014742188155651093, 1.5994017124176025, 0.6147780418395996, 1.8596580028533936, 0.49511319398880005, 0.40504923462867737, 0.039908260107040405, 0.7618233561515808, 0.516962468624115, 0.8566489219665527, -0.2237769365310669, 0.42505383491516113, 0.1512356698513031, 0.560699999332428, -0.04006606712937355, 0.16344445943832397, 0.3109816908836365, 1.530668020248413, 0.5469527244567871, 1.3888812065124512, 1.834594488143921, 0.03545062243938446, 0.6401979327201843, 0.00853961892426014, 0.7052619457244873, 0.1857907474040985, 0.46250119805336, 2.129457950592041, 1.712083339691162, 0.5013769865036011, -0.12518130242824554, 0.5605132579803467, 0.8673236966133118, 0.6242079734802246, 0.5497281551361084, 1.8338309526443481, 0.2771024703979492, -0.01037583127617836, 0.15991178154945374, -0.0910625085234642, 0.49076080322265625, 0.08144202828407288, 0.8041194677352905, 0.47024962306022644, 0.6435692310333252, -0.007558705285191536, 0.2758868336677551, 0.0849185660481453, 1.1361321210861206]"
convey,"[18, 12, 5, 28, 4, 21]",34,"[0.5358965992927551, 0.08473841100931168, 0.6750307679176331, 0.24900034070014954, 1.1183130741119385, 0.5218299031257629, 0.1495470553636551, 0.612084686756134, 1.1672759056091309, 0.8419121503829956, 1.0559040307998657, 0.8497155904769897, 0.3690353035926819, 2.334766387939453, 0.10951147973537445, 0.572797417640686, 0.8326735496520996, 1.0296204090118408, 0.743820309638977, 0.2572217583656311, 0.25611841678619385, -0.004265869036316872, 0.6120036244392395, 0.5503627061843872, 0.5379960536956787, 0.12781481444835663, 1.3315999507904053, 0.14135733246803284, 1.6723417043685913, -0.007287956774234772, 0.8510757088661194, 0.11019550263881683, 0.606707751750946, 0.1581200361251831, 0.7206657528877258, 0.807092547416687, 0.14211973547935486, 1.085949420928955, 0.016274381428956985, 0.5720523595809937, -0.0012600310146808624, 0.929742693901062, 0.8596603870391846, 0.5866865515708923, 1.817369818687439, -0.009828077629208565, 1.7075507640838623, 2.001758575439453, 0.15214505791664124, 1.595461368560791, 0.8259271383285522, 0.37910565733909607, 0.43727582693099976, 0.9424891471862793, 0.2916877567768097, 0.8264991641044617, 0.09272447973489761, 0.6541274785995483, 0.9499580264091492, 1.6646236181259155, 0.3675106465816498, 0.25285956263542175, 0.008921761065721512, 0.3552737236022949]"
discern,"[20, 6, 7, 18, 4, 11, 5]",34,"[0.39885932207107544, 0.04170902073383331, 0.7369112968444824, 0.39152082800865173, 1.3060163259506226, 0.43781542778015137, 0.27644211053848267, 0.8497281670570374, 1.2145196199417114, 1.1650630235671997, 1.1643282175064087, 0.3556405007839203, 0.10704325139522552, 1.9012067317962646, 0.09721922874450684, 0.47976601123809814, 0.5024145841598511, 1.074735403060913, 0.5797693729400635, 0.2953948676586151, 0.2735130488872528, 0.0671769380569458, 0.42937153577804565, 0.8459951877593994, 0.49984344840049744, 0.3630153238773346, 0.9197371006011963, 0.07473687827587128, 1.024620532989502, 0.3871428370475769, 0.3633354604244232, 0.3007103502750397, 0.5336263179779053, 0.10760056972503662, 0.482699453830719, 0.5404452681541443, 0.4897463023662567, 0.6931185126304626, 0.6199577450752258, 0.5641567707061768, -0.0032638534903526306, 0.5291296243667603, 0.6273573637008667, 0.4196721315383911, 1.1543282270431519, 0.4204123914241791, 1.2447859048843384, 1.3104262351989746, 0.06720738857984543, 1.4006720781326294, 0.5749338269233704, 0.27659356594085693, 0.2730366587638855, 0.5617755651473999, 0.34350553154945374, 1.0313210487365723, 0.10133826732635498, 0.6379724144935608, 1.187038779258728, 1.3428804874420166, 0.6068884134292603, 0.09218192845582962, 0.08464378118515015, 0.2118569314479828]"
discrepancy,"[20, 6, 7, 18, 11, 4, 3, 2, 5, 18, 21]",34,"[0.7420682907104492, -0.0832703709602356, 0.5886330604553223, 0.91164630651474, 1.5698466300964355, 0.5734367966651917, 0.2823279798030853, 1.1061633825302124, 1.810461401939392, 1.4562132358551025, 1.6263782978057861, -0.11472520232200623, -0.08108510822057724, 2.2436811923980713, 0.35057440400123596, 0.5536268949508667, 1.1264548301696777, 1.3927321434020996, 1.176140308380127, 0.6168943643569946, 0.6248988509178162, 0.19510161876678467, 0.6785747408866882, 1.2335381507873535, 1.127111792564392, 0.33418023586273193, 0.7597838640213013, -0.14072611927986145, 1.0093051195144653, 0.7187265157699585, 0.08693944662809372, 0.7334707379341125, 1.1666460037231445, 0.3296721577644348, 1.0281243324279785, 1.140329122543335, 0.9681203365325928, 0.822637677192688, 0.9071535468101501, 0.6637961864471436, 0.5847815871238708, 0.16892696917057037, 1.3938179016113281, 1.043794870376587, 1.1440407037734985, 0.507476270198822, 1.3185268640518188, 1.4512468576431274, 0.49009406566619873, 1.6089690923690796, 1.2768772840499878, 0.15102142095565796, 0.06580056250095367, 0.21065586805343628, 0.4120424687862396, 1.4188731908798218, 0.042577214539051056, 1.2242019176483154, 1.5106139183044434, 1.5064822435379028, 0.6889030933380127, 0.042651087045669556, 0.09076577425003052, 0.5161539316177368]"
dispute,"[20, 6, 7, 3, 13, 8, 4]",34,"[0.6778686046600342, 0.04562404006719589, 0.5016175508499146, 0.46946075558662415, 1.007660150527954, 0.37469977140426636, 0.35717999935150146, 0.6325979828834534, 1.0743534564971924, 0.9406258463859558, 0.8555256724357605, 0.31568193435668945, 0.1493857502937317, 1.6214029788970947, 0.376508891582489, 0.45155441761016846, 1.0188593864440918, 0.8143616914749146, 1.0400571823120117, 0.3965911865234375, 0.279172420501709, 0.05550132691860199, 0.7502325177192688, 0.8186658620834351, 0.6924867630004883, 0.3024147152900696, 0.7184594869613647, 0.05436578392982483, 0.8883752822875977, 0.48104971647262573, 0.3092505931854248, 0.4811922013759613, 0.9112875461578369, 0.33090493083000183, 0.8552098870277405, 1.014962911605835, 0.5038159489631653, 0.6025951504707336, 0.5739876627922058, 0.6016167402267456, 0.3756805658340454, 0.5195800065994263, 1.2482086420059204, 0.9789118766784668, 0.8980247974395752, 0.2814903259277344, 0.9719778299331665, 1.1661113500595093, 0.5032351016998291, 1.0795302391052246, 1.148869514465332, 0.2290034294128418, 0.3658362925052643, 0.4568820893764496, 0.2976357638835907, 0.8884888887405396, 0.06353698670864105, 0.7760225534439087, 0.9304775595664978, 1.175318717956543, 0.40936389565467834, 0.3272896409034729, 0.06502635031938553, 0.5522972941398621]"
hypothesize,"[9, 21, 3, 12, 8, 9, 4, 7, 6, 15, 4]",34,"[0.7178661227226257, -0.05099788308143616, 0.6443440914154053, 0.6219171285629272, 1.0971482992172241, 0.20196722447872162, 0.2329983115196228, 0.642289936542511, 1.2193115949630737, 1.1358346939086914, 0.951956570148468, 0.1816379725933075, 0.21737895905971527, 1.696120023727417, 0.4915230870246887, 0.6817713379859924, 1.1278738975524902, 0.7662241458892822, 1.136592149734497, 0.4447271227836609, 0.32605618238449097, 0.10030453652143478, 1.060328483581543, 1.0088062286376953, 0.8314764499664307, 0.5751093029975891, 0.6464239358901978, -0.07851240038871765, 0.8826159238815308, 0.8068953156471252, 0.3103039860725403, 0.750827968120575, 1.0159926414489746, 0.3702652156352997, 1.0422488451004028, 1.0975089073181152, 0.8195322155952454, 0.4980682134628296, 0.9066460132598877, 0.6019747257232666, 0.7447137236595154, 0.4517635107040405, 1.4280757904052734, 1.2001347541809082, 0.8680727481842041, 0.5066898465156555, 1.008787751197815, 1.1534721851348877, 0.7336373329162598, 1.04380202293396, 1.301764726638794, 0.05593293905258179, 0.5852558016777039, 0.5597861409187317, 0.5063517689704895, 1.0801703929901123, 0.010003514587879181, 0.8929671049118042, 1.0012876987457275, 1.275038242340088, 0.5144484639167786, 0.5771393775939941, 0.04483076184988022, 0.5973665714263916]"
merit,"[19, 4, 11, 6, 8]",34,"[1.3673534393310547, 0.04618613421916962, 0.33795517683029175, 0.26476889848709106, 0.5744318962097168, 0.04284264147281647, 0.6973986029624939, 0.11751282215118408, 0.4098280370235443, 0.6437525153160095, 0.06870584189891815, 0.7475841641426086, 0.4110540747642517, 0.9970247745513916, 0.7624763250350952, 0.306568443775177, 1.8315821886062622, 0.10914773494005203, 1.928792953491211, 0.38474225997924805, 0.1992650032043457, -0.02832970768213272, 1.5913281440734863, 0.7429946064949036, 0.6638137102127075, 0.3167687654495239, 0.2650613486766815, 0.12171505391597748, 0.3892652988433838, 0.5450128316879272, 0.5242865085601807, 0.5737578868865967, 1.4762227535247803, 0.5472368001937866, 1.6805346012115479, 1.8498766422271729, 0.3354295492172241, 0.1514546275138855, 0.5817803144454956, 0.9518369436264038, 0.49122756719589233, 0.9555174112319946, 2.4111151695251465, 2.0404255390167236, 0.3098539710044861, 0.17804333567619324, 0.49375009536743164, 0.6552243232727051, 0.9561284780502319, 0.36236998438835144, 2.110647678375244, 0.10188519954681396, 0.9621289372444153, 0.6777812242507935, 0.05979067087173462, 0.6533294320106506, 0.02413789927959442, 0.7271305918693542, 0.4737364947795868, 0.7910619974136353, 0.13206763565540314, 1.0741275548934937, 0.07425787299871445, 1.3399641513824463]"
methodology,"[19, 4, 8, 9, 12, 20, 12, 14, 12, 17, 21]",34,"[1.3137567043304443, -0.11021897196769714, 0.437571257352829, 0.7001928687095642, 0.8073258399963379, 0.06904785335063934, 0.6675242185592651, 0.43693798780441284, 1.0384020805358887, 0.9013954401016235, 0.6469353437423706, -0.04490014910697937, 0.20598159730434418, 1.1193881034851074, 0.7715368866920471, 0.6234602332115173, 1.886786937713623, 0.46242979168891907, 2.1913015842437744, 0.6149381995201111, 0.45782729983329773, 0.10642801970243454, 1.4681862592697144, 1.0289386510849, 1.111678123474121, 0.6411585807800293, 0.23639385402202606, -0.1710854172706604, 0.42007988691329956, 0.9408888816833496, 0.06630121916532516, 0.9694485664367676, 1.8976249694824219, 0.6938961148262024, 1.6683746576309204, 2.0846822261810303, 0.9640034437179565, 0.24955534934997559, 1.002050757408142, 0.5151956677436829, 1.1386051177978516, 0.18818309903144836, 2.6040799617767334, 2.239609479904175, 0.3434608280658722, 0.5410705804824829, 0.5783061981201172, 0.7117465138435364, 1.310634970664978, 0.6608016490936279, 2.2901711463928223, -0.10436147451400757, 0.704056441783905, 0.3183507025241852, 0.5254541039466858, 0.939974308013916, -0.05548746883869171, 1.0711880922317505, 0.7773938179016113, 0.8182819485664368, 0.39333483576774597, 0.8433454036712646, 0.09825989603996277, 1.342586874961853]"
plagiarize,"[3, 14, 2, 17, 6, 2, 11, 6, 15, 4]",34,"[1.2385083436965942, 0.009167760610580444, 0.35559216141700745, 0.5350413918495178, 0.9841897487640381, 0.351359099149704, 0.6750330328941345, 0.6644837856292725, 1.1841672658920288, 0.9442286491394043, 0.8553160429000854, 0.21539165079593658, 0.12587714195251465, 1.4810266494750977, 0.570908784866333, 0.45984938740730286, 1.6239452362060547, 0.7920684218406677, 1.855785846710205, 0.48620402812957764, 0.3753773868083954, 0.041256293654441833, 1.0776574611663818, 0.894952118396759, 0.8858059644699097, 0.3132808804512024, 0.5324843525886536, 0.010554775595664978, 0.6712556481361389, 0.5309605002403259, 0.16965457797050476, 0.7110730409622192, 1.5611839294433594, 0.5673729181289673, 1.3867580890655518, 1.7823550701141357, 0.6663714647293091, 0.5739737749099731, 0.6594652533531189, 0.7007046937942505, 0.6373658776283264, 0.4224385917186737, 2.151796817779541, 1.8065905570983887, 0.730038046836853, 0.3196484446525574, 0.8375314474105835, 1.0458139181137085, 0.8776143789291382, 0.96161949634552, 1.884382724761963, 0.15102073550224304, 0.3953072428703308, 0.33098360896110535, 0.3027629852294922, 0.928456723690033, 0.04716624319553375, 0.9516637325286865, 0.9151602983474731, 1.0073163509368896, 0.39032232761383057, 0.5190027356147766, 0.09742523729801178, 1.1194466352462769]"
prejudice,"[3, 11, 4, 23, 13, 20, 6, 18, 4]",34,"[1.0567587614059448, -0.03594230115413666, 0.4149811863899231, 0.6230722665786743, 0.9754044413566589, 0.48959171772003174, 0.5416696071624756, 0.7326104044914246, 1.2438143491744995, 0.8588716983795166, 1.1757819652557373, 0.2039916217327118, 0.10028016567230225, 1.7909071445465088, 0.3605611324310303, 0.5056077241897583, 1.301626205444336, 1.0731357336044312, 1.5753836631774902, 0.49246907234191895, 0.5311744213104248, 0.09928355365991592, 0.7723580002784729, 0.7290983200073242, 0.8897682428359985, 0.18132957816123962, 0.8518624305725098, -0.08854040503501892, 1.0203875303268433, 0.29823994636535645, 0.29944661259651184, 0.4859547019004822, 1.3451519012451172, 0.4091832935810089, 1.1836427450180054, 1.575209617614746, 0.450801283121109, 0.8759950399398804, 0.3991631865501404, 0.43961063027381897, 0.47731250524520874, 0.3684830963611603, 1.7716773748397827, 1.5863251686096191, 1.087041974067688, 0.19869831204414368, 1.0799803733825684, 1.3773150444030762, 0.6229716539382935, 1.1586610078811646, 1.5734432935714722, 0.1572495996952057, 0.18767768144607544, 0.36016809940338135, 0.3839033246040344, 0.8345257639884949, 0.019888438284397125, 0.854301393032074, 0.9048388004302979, 1.1603856086730957, 0.39309149980545044, 0.28102970123291016, 0.10303596407175064, 0.9062684774398804]"
preliminary,"[3, 11, 4, 14, 6, 19, 6, 5, 2, 11, 21]",34,"[1.5792632102966309, -0.04156400263309479, 0.414242684841156, 0.46315738558769226, 0.7616697549819946, 0.08487935364246368, 0.6928741931915283, 0.2315356433391571, 0.8116452693939209, 0.8732411861419678, 0.3219192326068878, 0.6605747938156128, 0.45683205127716064, 1.3890869617462158, 0.9267252683639526, 0.487151175737381, 2.277812957763672, 0.31043925881385803, 2.3355751037597656, 0.5333741307258606, 0.27462053298950195, -0.007605237886309624, 1.9235410690307617, 0.9771766662597656, 0.9461415410041809, 0.43476372957229614, 0.39194121956825256, -0.03961953520774841, 0.6474197506904602, 0.7504816055297852, 0.538644552230835, 0.8040099143981934, 1.8523173332214355, 0.6608877778053284, 2.0276684761047363, 2.2820286750793457, 0.6436022520065308, 0.34101027250289917, 0.7567256689071655, 1.0073738098144531, 0.8603100776672363, 0.9650304317474365, 2.889592170715332, 2.493767738342285, 0.5549360513687134, 0.2757486402988434, 0.7743074893951416, 0.9938432574272156, 1.3110682964324951, 0.6726580858230591, 2.5382866859436035, 0.025349020957946777, 1.1295846700668335, 0.7293471097946167, 0.22460216283798218, 0.9179673194885254, -0.036845818161964417, 1.0771288871765137, 0.7120802998542786, 1.1077584028244019, 0.2260994017124176, 1.2334961891174316, 0.07228623330593109, 1.5375674962997437]"
propaganda,"[3, 11, 12, 3, 2, 17, 2, 5, 20, 2]",34,"[0.8914843797683716, -0.02595457434654236, 0.7960780262947083, 0.7961698770523071, 1.5220658779144287, -0.27034318447113037, 0.12902532517910004, 0.42783159017562866, 1.3018989562988281, 1.8271948099136353, 0.5256808400154114, 0.44021907448768616, 0.28310906887054443, 1.907905101776123, 1.0135928392410278, 0.6305438280105591, 1.8655645847320557, 0.2402808964252472, 1.4612183570861816, 0.41542190313339233, 0.14956460893154144, 0.06656517833471298, 1.988865613937378, 1.7446671724319458, 1.0122095346450806, 0.7640446424484253, 0.2014465481042862, 0.005851820111274719, 0.5276541113853455, 1.3883002996444702, 0.3059700131416321, 1.1357409954071045, 1.2476980686187744, 0.45932984352111816, 1.6819891929626465, 1.3114705085754395, 1.3040779829025269, -0.14834649860858917, 1.5796163082122803, 1.3907642364501953, 1.0650771856307983, 0.9186205863952637, 1.9761942625045776, 1.5871309041976929, 0.42464375495910645, 0.7611708045005798, 0.9760572910308838, 0.8385717272758484, 1.1719390153884888, 0.8525309562683105, 1.7838016748428345, -0.13350775837898254, 1.2188724279403687, 0.6569467186927795, 0.36602112650871277, 1.7798963785171509, -0.03198233246803284, 1.3765071630477905, 1.3703302145004272, 1.6693108081817627, 0.6149771213531494, 1.0949764251708984, 0.007122620940208435, 0.8300864696502686]"
scrutinize,"[7, 18, 11, 13, 8, 6, 5, 6, 15, 4]",34,"[0.582511842250824, 0.014008402824401855, 0.6884095668792725, 0.461601585149765, 1.258867621421814, 0.5388392210006714, 0.34226155281066895, 0.9294060468673706, 1.3431771993637085, 1.1041713953018188, 1.2933024168014526, 0.186324805021286, 0.09322226047515869, 1.8571946620941162, 0.16859106719493866, 0.6405164003372192, 0.7537081241607666, 1.1706314086914062, 0.8826374411582947, 0.32983365654945374, 0.33150172233581543, 0.0869809240102768, 0.4671112895011902, 0.8331435918807983, 0.6016784906387329, 0.3832148313522339, 0.9451497793197632, 0.006899997591972351, 1.079894781112671, 0.4777642488479614, 0.24463871121406555, 0.5004054307937622, 0.7725555896759033, 0.24201807379722595, 0.5255210399627686, 0.8646560311317444, 0.6296482086181641, 0.8197300434112549, 0.6327745914459229, 0.45014944672584534, 0.29019588232040405, 0.3568175435066223, 0.9164199829101562, 0.7072961926460266, 1.246707558631897, 0.410695880651474, 1.1645276546478271, 1.4414571523666382, 0.3183118402957916, 1.4493173360824585, 0.8916507363319397, 0.2477896511554718, 0.22184187173843384, 0.48726990818977356, 0.46490928530693054, 0.9907762408256531, 0.09035792201757431, 0.7326803207397461, 1.1799139976501465, 1.3168216943740845, 0.6151366233825684, 0.09243018925189972, 0.08091273158788681, 0.3732181787490845]"
speculate,"[7, 3, 4, 18, 13, 14, 2, 8, 4]",34,"[1.596493124961853, -0.09440480172634125, 0.4075475037097931, 0.34528040885925293, 0.5747637748718262, 0.13806679844856262, 0.7028557658195496, 0.23958346247673035, 0.7241596579551697, 0.5596000552177429, 0.47816434502601624, 0.6889979839324951, 0.5182029008865356, 1.2926421165466309, 0.6217266917228699, 0.7291924357414246, 1.9994028806686401, 0.3780807852745056, 2.3081157207489014, 0.4137420058250427, 0.36628952622413635, 0.016112826764583588, 1.488242745399475, 0.5588176250457764, 0.7847001552581787, 0.36397287249565125, 0.6699792146682739, -0.1257556974887848, 0.8987460136413574, 0.28213948011398315, 0.6197340488433838, 0.5705065131187439, 1.7609319686889648, 0.5623696446418762, 1.7677216529846191, 2.3598127365112305, 0.3151831328868866, 0.6402255892753601, 0.37804001569747925, 0.5220383405685425, 0.6320696473121643, 0.798098087310791, 2.6687989234924316, 2.3691608905792236, 0.940241813659668, 0.10425829142332077, 0.9135668873786926, 1.164393424987793, 1.1222892999649048, 0.6679331064224243, 2.3095524311065674, -0.005231112241744995, 0.858967661857605, 0.7917352318763733, 0.4350729286670685, 0.6087665557861328, -0.06708836555480957, 0.7458748817443848, 0.464720755815506, 0.9968488216400146, 0.18166622519493103, 1.0123250484466553, 0.0833028107881546, 1.566307544708252]"
stereotype,"[7, 8, 4, 11, 4, 12, 8, 21, 3, 4]",34,"[0.8693488240242004, -0.04053771495819092, 0.7188437581062317, 0.5323441028594971, 1.2891151905059814, 0.1243126392364502, 0.21847961843013763, 0.524399995803833, 1.3194489479064941, 1.264266848564148, 0.8860857486724854, 0.5798398852348328, 0.42942196130752563, 2.152717351913452, 0.5327882766723633, 0.7193984985351562, 1.4647787809371948, 0.6566555500030518, 1.3780696392059326, 0.37478598952293396, 0.24790847301483154, 0.030737582594156265, 1.3811873197555542, 1.0900063514709473, 0.8376845717430115, 0.5039554834365845, 0.8956892490386963, -0.047824084758758545, 1.2655948400497437, 0.6238725781440735, 0.5788103342056274, 0.6933068037033081, 1.151623249053955, 0.39888912439346313, 1.3694387674331665, 1.3848845958709717, 0.7567655444145203, 0.598056972026825, 0.7687663435935974, 0.8109371662139893, 0.6749727129936218, 0.8270823955535889, 1.7383413314819336, 1.3474318981170654, 1.318481683731079, 0.35751792788505554, 1.4395763874053955, 1.583214282989502, 0.8185373544692993, 1.2698107957839966, 1.599869728088379, 0.049312859773635864, 0.8358272314071655, 0.9218794107437134, 0.48099496960639954, 1.2301186323165894, -0.004566468298435211, 1.0054750442504883, 1.0967744588851929, 1.6487877368927002, 0.4671444594860077, 0.7826405763626099, 0.0034819282591342926, 0.7660140991210938]"
unify,"[13, 5, 6, 22, 21]",34,"[0.6613665223121643, 0.23284906148910522, 0.6108314394950867, 0.11816203594207764, 0.7346768975257874, 0.7365121245384216, 0.36699628829956055, 0.5800348520278931, 0.7159282565116882, 0.47810399532318115, 0.819465696811676, 0.6287602186203003, 0.2770601511001587, 1.4735844135284424, 0.19160674512386322, 0.5377267003059387, 0.7083792686462402, 1.004934310913086, 1.0048167705535889, 0.280492901802063, 0.20139434933662415, -0.0009605772793292999, 0.5051120519638062, 0.32667967677116394, 0.3832034170627594, 0.3356516659259796, 0.9891674518585205, 0.3331122398376465, 1.0948572158813477, 0.1886477917432785, 0.5768796801567078, 0.20563264191150665, 0.7421441674232483, 0.2602695822715759, 0.6352875828742981, 0.889729380607605, 0.2100592851638794, 0.9288303852081299, 0.15408052504062653, 0.43031829595565796, 0.23228318989276886, 0.5746244192123413, 1.0015497207641602, 0.872291624546051, 1.2448198795318604, 0.17555515468120575, 0.970321774482727, 1.29363214969635, 0.2871396541595459, 1.1378252506256104, 0.930634081363678, 0.5597435235977173, 0.5046154856681824, 0.7092229723930359, 0.3298528492450714, 0.4903784990310669, 0.23773470520973206, 0.40177518129348755, 0.6528050899505615, 0.9234200119972229, 0.34376898407936096, 0.37819117307662964, 0.07183042913675308, 0.5192431211471558]"
accumulate,"[2, 18, 18, 13, 19, 13, 14, 2, 8, 4]",34,"[0.7803841233253479, -0.11499908566474915, 0.7865908741950989, 0.5380751490592957, 1.1065845489501953, 0.0012009292840957642, 0.2195969671010971, 0.5487873554229736, 1.040542721748352, 1.1876410245895386, 0.8024929761886597, 0.15477438271045685, 0.22248002886772156, 1.2614836692810059, 0.5421775579452515, 0.9755250811576843, 1.2233673334121704, 0.4513419270515442, 1.289292573928833, 0.3228071928024292, 0.2438477873802185, 0.08685600757598877, 1.1846956014633179, 1.0843966007232666, 0.6359995603561401, 0.8751530647277832, 0.483951210975647, -0.15336334705352783, 0.5798133611679077, 0.9716594815254211, 0.1992405652999878, 0.8890909552574158, 1.0721380710601807, 0.3364386260509491, 1.0560476779937744, 1.223372459411621, 1.0663291215896606, 0.24267882108688354, 1.2117279767990112, 0.47036102414131165, 0.9338464736938477, 0.3571367859840393, 1.480293869972229, 1.3051095008850098, 0.701910138130188, 0.7699244618415833, 0.8773933053016663, 0.8537964224815369, 0.9269100427627563, 0.951264500617981, 1.371395230293274, -0.06739029288291931, 0.8482837080955505, 0.5365184545516968, 0.7111135125160217, 1.1604175567626953, -0.04924201965332031, 0.8171507120132446, 1.0030516386032104, 1.1421599388122559, 0.6477176547050476, 0.7116302847862244, 0.04381105303764343, 0.7390255928039551]"
adequate,"[2, 20, 4, 24, 13, 2, 8, 4]",34,"[1.2542363405227661, -0.01723921298980713, 0.06430598348379135, 0.6728878617286682, 0.6916336417198181, 0.2101951390504837, 0.5695958733558655, 0.3861314654350281, 1.0322970151901245, 0.7638005018234253, 0.6359661221504211, 0.2285311371088028, 0.1075228601694107, 1.3623394966125488, 0.6535075306892395, 0.26233139634132385, 1.8348685503005981, 0.5044775605201721, 2.014768123626709, 0.5789785981178284, 0.5230283737182617, 0.06856033205986023, 1.1470972299575806, 0.7981259822845459, 1.1021573543548584, 0.00686187669634819, 0.39747217297554016, -0.032038331031799316, 0.6217277646064758, 0.31696224212646484, 0.11363233625888824, 0.6333598494529724, 1.6283173561096191, 0.5763813853263855, 1.6695207357406616, 1.9823355674743652, 0.42993587255477905, 0.5449707508087158, 0.4254099428653717, 0.6543676853179932, 0.6902528405189514, 0.3771798014640808, 2.330793857574463, 1.971537470817566, 0.5276430249214172, 0.05770476162433624, 0.7364916801452637, 0.8815978765487671, 0.9509340524673462, 0.5686280727386475, 2.0230565071105957, 0.03309363126754761, 0.20269393920898438, 0.1955638974905014, 0.18150770664215088, 0.8317856788635254, -0.026070773601531982, 1.013452410697937, 0.6344895958900452, 0.9010812640190125, 0.10785733163356781, 0.4935123026371002, 0.04582110792398453, 1.203224539756775]"
advocate,"[2, 20, 28, 12, 18, 2, 8, 4]",34,"[0.5353386998176575, -0.03222665190696716, 0.7939623594284058, 0.4380704462528229, 1.3713843822479248, 0.19768543541431427, 0.18181779980659485, 0.7448155879974365, 1.388769268989563, 1.2593293190002441, 1.0678468942642212, 0.3677866756916046, 0.19279824197292328, 1.9335789680480957, 0.2846178412437439, 0.767785906791687, 0.8982253074645996, 0.8543996810913086, 0.8586015105247498, 0.27146273851394653, 0.26958218216896057, 0.00820579007267952, 0.8268365263938904, 0.9409529566764832, 0.5862613916397095, 0.5156450271606445, 0.9112557172775269, -0.029537618160247803, 1.058741807937622, 0.5946344137191772, 0.3759232759475708, 0.6136597394943237, 0.7413272857666016, 0.22640712559223175, 0.7390125393867493, 0.7952941656112671, 0.7596427202224731, 0.590949296951294, 0.7877072095870972, 0.6178375482559204, 0.44110772013664246, 0.6104910373687744, 0.9607552289962769, 0.7340523600578308, 1.2441630363464355, 0.5040993094444275, 1.3819786310195923, 1.4347175359725952, 0.4338449239730835, 1.3566949367523193, 0.8345064520835876, 0.1001817137002945, 0.497446745634079, 0.6322168707847595, 0.5107454657554626, 1.2067985534667969, 0.013694994151592255, 0.8213056921958923, 1.1964325904846191, 1.5443514585494995, 0.6472897529602051, 0.33511820435523987, 0.026938561350107193, 0.3716009557247162]"
allude,"[2, 14, 14, 13, 20, 4]",34,"[0.7894148230552673, -0.0019855648279190063, 0.6576828956604004, 0.22631457448005676, 1.1224199533462524, 0.23586896061897278, 0.3992335796356201, 0.7188374996185303, 1.1595882177352905, 0.9887905120849609, 0.977891743183136, 0.5483345985412598, 0.2524421215057373, 1.7473783493041992, 0.20273712277412415, 0.7239446640014648, 1.0295172929763794, 0.8507570028305054, 1.1823222637176514, 0.17134645581245422, 0.16359537839889526, -0.00015098229050636292, 0.6823258996009827, 0.6832649111747742, 0.41332346200942993, 0.41735097765922546, 0.9834492206573486, 0.05084820091724396, 1.128048300743103, 0.17679663002490997, 0.4807698726654053, 0.40184086561203003, 0.8775854110717773, 0.29586362838745117, 0.8119842410087585, 1.1848962306976318, 0.49501118063926697, 0.7146315574645996, 0.4466797113418579, 0.4820474088191986, 0.21218101680278778, 0.6326546669006348, 1.2980297803878784, 1.0977331399917603, 1.3201359510421753, 0.2809031307697296, 1.341498851776123, 1.4123446941375732, 0.364169180393219, 1.3246064186096191, 1.1288522481918335, 0.18901175260543823, 0.4246003329753876, 0.7375476956367493, 0.4579843580722809, 0.9083910584449768, 0.023458942770957947, 0.6154044270515442, 0.9597716331481934, 1.2990479469299316, 0.5038949251174927, 0.3267809748649597, 0.05413549020886421, 0.7386839389801025]"
ambivalent,"[2, 19, 10, 6, 28, 2, 14, 4, 5, 8]",34,"[0.47849100828170776, -0.020314306020736694, 0.9768153429031372, 0.48978784680366516, 1.4749078750610352, 0.0038085877895355225, 0.1302300989627838, 0.6753414869308472, 1.2608839273452759, 1.518273949623108, 0.8800254464149475, 0.43304574489593506, 0.27215251326560974, 1.7712900638580322, 0.4528389573097229, 0.8822188377380371, 1.0113890171051025, 0.5915230512619019, 0.8237109184265137, 0.29627281427383423, 0.1920521855354309, 0.053701773285865784, 1.1178514957427979, 1.2110774517059326, 0.6221181750297546, 0.8455360531806946, 0.6054974794387817, 0.012929841876029968, 0.8162944912910461, 1.0389727354049683, 0.38216808438301086, 0.7991892099380493, 0.7329105734825134, 0.2562466859817505, 0.7932565212249756, 0.7392975687980652, 1.0381356477737427, 0.2320798933506012, 1.2574814558029175, 0.8264296054840088, 0.5982758402824402, 0.6966441869735718, 1.0395773649215698, 0.7097033262252808, 0.941234827041626, 0.7536154389381409, 1.2184631824493408, 1.1270098686218262, 0.5633498430252075, 1.2530890703201294, 0.9539560079574585, 0.015968382358551025, 0.9121875762939453, 0.7982314229011536, 0.5274395942687988, 1.4415924549102783, 0.006491042673587799, 0.9399474859237671, 1.3393197059631348, 1.5384008884429932, 0.7471144199371338, 0.6056733727455139, 0.0191926471889019, 0.35706520080566406]"
apprehensive,"[2, 3, 3, 11, 4, 9, 4, 5, 7, 6, 28, 4]",34,"[0.928997278213501, -0.02603822946548462, 0.793834924697876, 0.511440634727478, 1.3177070617675781, 0.03489422798156738, 0.16935090720653534, 0.4994618892669678, 1.2665551900863647, 1.369678020477295, 0.7418694496154785, 0.784252405166626, 0.4657236933708191, 2.2283167839050293, 0.598476767539978, 0.7016959190368652, 1.4940917491912842, 0.6195738315582275, 1.3234820365905762, 0.32263320684432983, 0.19627705216407776, 0.0326162688434124, 1.599936604499817, 1.1749190092086792, 0.7705921530723572, 0.5614149570465088, 0.7925288677215576, 0.0035645365715026855, 1.192956805229187, 0.7705438733100891, 0.7317663431167603, 0.6843003034591675, 1.0095010995864868, 0.29553303122520447, 1.408379316329956, 1.2236360311508179, 0.7731212973594666, 0.446663498878479, 0.8850427865982056, 1.056975245475769, 0.5878432393074036, 1.121042013168335, 1.6942321062088013, 1.3678078651428223, 1.1732920408248901, 0.41266852617263794, 1.404308557510376, 1.5324379205703735, 0.7328120470046997, 1.186120867729187, 1.512738823890686, 0.026091694831848145, 1.0656079053878784, 0.9890608191490173, 0.37196290493011475, 1.3664171695709229, -0.02199000120162964, 1.0243268013000488, 1.1402080059051514, 1.760625958442688, 0.5007938742637634, 0.9620979428291321, 0.008683346211910248, 0.7653611898422241]"
authentic,"[2, 13, 8, 9, 4, 5, 8, 6, 18]",34,"[1.0282689332962036, 0.03701145201921463, 0.2834470868110657, 0.5168343186378479, 0.8736671805381775, 0.6828479766845703, 0.5946460366249084, 0.8002691864967346, 1.1361351013183594, 0.735619843006134, 1.005253553390503, 0.18536776304244995, 0.03814182057976723, 1.5068023204803467, 0.34219270944595337, 0.2896651327610016, 1.1790642738342285, 1.1392426490783691, 1.5556485652923584, 0.5275229215621948, 0.49362578988075256, 0.09944582730531693, 0.5935912728309631, 0.667527437210083, 0.8252934217453003, 0.05840781703591347, 0.6866488456726074, 0.07965606451034546, 0.8130887150764465, 0.2636643648147583, 0.15722256898880005, 0.43170925974845886, 1.3079030513763428, 0.4217238426208496, 1.0584914684295654, 1.4915928840637207, 0.3644320070743561, 0.8326529860496521, 0.3402726650238037, 0.5022385120391846, 0.3966333568096161, 0.3255866467952728, 1.7216854095458984, 1.3944801092147827, 0.8127912282943726, 0.1773110330104828, 0.8006828427314758, 1.1417063474655151, 0.5761966705322266, 0.997665524482727, 1.4697754383087158, 0.3472215533256531, 0.03486328572034836, 0.19295494258403778, 0.2116548717021942, 0.7035006880760193, 0.12497381865978241, 0.8198423385620117, 0.8248849511146545, 0.8428579568862915, 0.29980459809303284, 0.20427276194095612, 0.12493279576301575, 0.8548407554626465]"
biased,"[10, 6, 2, 7, 4, 20]",34,"[1.2823035717010498, 0.10492679476737976, 0.38486534357070923, 0.02450963854789734, 0.7142646312713623, 0.528418779373169, 0.979658305644989, 0.5272132754325867, 0.7165077328681946, 0.42084938287734985, 0.7168735861778259, 0.600980281829834, 0.2582862377166748, 1.3027918338775635, 0.25530850887298584, 0.4507294297218323, 1.3330119848251343, 0.8432477712631226, 1.8159918785095215, 0.21960334479808807, 0.2367611974477768, -0.02919631078839302, 0.6281570196151733, 0.25574713945388794, 0.35895276069641113, 0.12090369313955307, 0.89703369140625, 0.21171250939369202, 0.9725388884544373, -0.08298328518867493, 0.43998223543167114, 0.22952118515968323, 1.3565871715545654, 0.5080782175064087, 0.9966101050376892, 1.857349157333374, 0.07858804613351822, 0.8562850952148438, 0.023931095376610756, 0.38399168848991394, 0.038745198398828506, 0.5247968435287476, 1.913793683052063, 1.6500462293624878, 1.1495823860168457, 0.05179118365049362, 0.9376944899559021, 1.205094575881958, 0.4808538556098938, 1.0450177192687988, 1.6338176727294922, 0.43610745668411255, 0.20486143231391907, 0.6082233786582947, 0.26540407538414, 0.37995684146881104, 0.14321036636829376, 0.31103935837745667, 0.5821664333343506, 0.806325376033783, 0.272426962852478, 0.2951979637145996, 0.1197279840707779, 1.2990248203277588]"
compatible,"[18, 12, 19, 3, 2, 8, 6, 10, 14, 4]",34,"[1.268114686012268, -0.13442981243133545, 0.1144201010465622, 1.1183900833129883, 1.0800280570983887, -0.0655522495508194, 0.4043458104133606, 0.4458847641944885, 1.4205493927001953, 1.352142333984375, 0.7598334550857544, -0.14863497018814087, -0.00444301962852478, 1.5714693069458008, 1.016494631767273, 0.3369929790496826, 2.2414379119873047, 0.3098641633987427, 2.1793370246887207, 0.7234835624694824, 0.5450599193572998, 0.13905546069145203, 1.6687740087509155, 1.4937191009521484, 1.5130953788757324, 0.236042320728302, 0.07145765423774719, -0.1653728485107422, 0.3877016305923462, 0.9146512746810913, -0.15237265825271606, 1.1736449003219604, 1.9439067840576172, 0.7833734154701233, 2.083507776260376, 2.036543607711792, 1.0980709791183472, 0.08638906478881836, 1.1379607915878296, 0.9660013914108276, 1.2941646575927734, 0.22056680917739868, 2.7435390949249268, 2.2379300594329834, 0.19829294085502625, 0.3903106153011322, 0.6623105406761169, 0.6728242635726929, 1.404067039489746, 0.5981746912002563, 2.4414286613464355, -0.2141830027103424, 0.3760560154914856, 0.017722411081194878, 0.3166469931602478, 1.4010719060897827, -0.091265469789505, 1.5048942565917969, 1.0243816375732422, 1.1335234642028809, 0.25147899985313416, 0.7307347059249878, 8.150562644004822e-05, 1.2299808263778687]"
compelling,"[18, 12, 19, 3, 4, 14, 14, 6, 5, 17]",34,"[0.6727179288864136, 0.007348224520683289, 0.7970399856567383, 0.3938380479812622, 1.2352921962738037, 0.17141126096248627, 0.20408031344413757, 0.619390606880188, 1.1509673595428467, 1.2324219942092896, 0.7800894975662231, 0.5865180492401123, 0.3369162082672119, 1.839113712310791, 0.40636271238327026, 0.6485021710395813, 0.9913414716720581, 0.7406699061393738, 0.8881208300590515, 0.24745625257492065, 0.14269906282424927, 0.024541985243558884, 1.130013108253479, 0.9993807673454285, 0.5392852425575256, 0.6226309537887573, 0.7454934120178223, 0.04078187048435211, 1.0113095045089722, 0.6850921511650085, 0.5460132956504822, 0.5266145467758179, 0.7325921654701233, 0.20293453335762024, 0.873240053653717, 0.8553674221038818, 0.6856522560119629, 0.40214699506759644, 0.851334273815155, 0.8190975189208984, 0.35256871581077576, 0.8709765672683716, 1.1540452241897583, 0.9161255955696106, 1.020519733428955, 0.489558607339859, 1.1997673511505127, 1.2653340101242065, 0.485460489988327, 1.1847707033157349, 1.0096358060836792, 0.13874657452106476, 0.8244985938072205, 0.8366826176643372, 0.3966429829597473, 1.1276659965515137, 0.03576213866472244, 0.7856043577194214, 1.1303883790969849, 1.4722295999526978, 0.5761100649833679, 0.6219854950904846, 0.05209002643823624, 0.5044980049133301]"
concise,"[18, 12, 5, 18, 6, 7, 4]",34,"[0.9824849367141724, 0.07609918713569641, 0.15311583876609802, 0.5261966586112976, 0.7820755839347839, 0.8379743695259094, 0.630054235458374, 0.6978663206100464, 1.0835530757904053, 0.5813511610031128, 0.9596402049064636, 0.2405071258544922, 0.004120770841836929, 1.5677554607391357, 0.216506227850914, 0.051092978566884995, 1.1956028938293457, 1.157179594039917, 1.6030097007751465, 0.6520109176635742, 0.6785082817077637, 0.12455954402685165, 0.37577399611473083, 0.5318714380264282, 1.023813009262085, -0.2634911835193634, 0.7123317718505859, 0.11578850448131561, 0.8584771156311035, -0.03726006671786308, 0.12642410397529602, 0.257331907749176, 1.3936512470245361, 0.40279486775398254, 1.1163442134857178, 1.558593511581421, 0.05752449482679367, 1.031748652458191, 0.010603947564959526, 0.5409055948257446, 0.14434246718883514, 0.27185288071632385, 1.7092448472976685, 1.2682371139526367, 0.8916467428207397, -0.0952138677239418, 0.8236619830131531, 1.2096155881881714, 0.3625341057777405, 0.9235528707504272, 1.4501999616622925, 0.41017842292785645, -0.2273232638835907, 0.14714138209819794, -0.002311205491423607, 0.6272543668746948, 0.16947036981582642, 0.8969333171844482, 0.7594156861305237, 0.796649694442749, 0.1169051006436348, 0.02010314352810383, 0.13147976994514465, 0.7524919509887695]"
conclusive,"[18, 12, 5, 18, 14, 13, 7, 6, 28, 4]",34,"[0.6361828446388245, -0.036393895745277405, 0.627260148525238, 0.5697194933891296, 1.1821218729019165, 0.436875581741333, 0.255722314119339, 0.8497766852378845, 1.4328721761703491, 1.076971411705017, 1.180667519569397, 0.12252175807952881, 0.10229643434286118, 1.862112045288086, 0.2579667568206787, 0.6092404127120972, 0.9346200227737427, 1.1402366161346436, 0.9689721465110779, 0.4124361276626587, 0.4103432297706604, 0.11603099852800369, 0.6652706861495972, 0.8700852394104004, 0.7904184460639954, 0.4329812228679657, 0.8392741680145264, -0.06488630175590515, 1.0469518899917603, 0.5648277997970581, 0.26066774129867554, 0.575448751449585, 0.9407291412353516, 0.26603901386260986, 0.7293449640274048, 0.9659724831581116, 0.6988669633865356, 0.7863123416900635, 0.6359847187995911, 0.4777568280696869, 0.48249101638793945, 0.32951006293296814, 1.1267645359039307, 0.8993504643440247, 1.1236003637313843, 0.40273571014404297, 1.1669609546661377, 1.4569791555404663, 0.4649438261985779, 1.327322006225586, 0.9987698197364807, 0.1557263731956482, 0.26849162578582764, 0.4003637731075287, 0.44748491048812866, 1.032283067703247, 0.03853639215230942, 0.9380120635032654, 1.122423768043518, 1.3480066061019897, 0.5815843343734741, 0.16556787490844727, 0.081109419465065, 0.42841315269470215]"
contemplate,"[18, 12, 5, 8, 4, 19, 3, 14, 2, 8, 4]",34,"[0.8050846457481384, 0.0141228586435318, 0.2975761890411377, 0.5817037224769592, 1.0168852806091309, 0.3654208183288574, 0.3473159074783325, 0.6540887355804443, 1.2569665908813477, 0.9280514121055603, 0.8356500864028931, 0.24602247774600983, 0.04834389686584473, 1.6786794662475586, 0.40579718351364136, 0.30771493911743164, 1.2413196563720703, 0.8481124639511108, 1.244584321975708, 0.4893208146095276, 0.4144556522369385, 0.06474585831165314, 0.7804977297782898, 0.8865042924880981, 0.8989366888999939, 0.13426539301872253, 0.5970554351806641, 0.005041360855102539, 0.8233350515365601, 0.41119763255119324, 0.16484984755516052, 0.5154309272766113, 1.1290444135665894, 0.3473140001296997, 1.0644892454147339, 1.218963384628296, 0.48810431361198425, 0.6522371172904968, 0.4833276569843292, 0.6811515688896179, 0.462715744972229, 0.43900537490844727, 1.4879035949707031, 1.13918137550354, 0.7959600687026978, 0.18818069994449615, 0.9725509285926819, 1.218372106552124, 0.5865628719329834, 0.9996532201766968, 1.292883276939392, 0.17709186673164368, 0.1674836277961731, 0.23623012006282806, 0.1693897247314453, 0.955423891544342, 0.03406825661659241, 1.0344487428665161, 0.937057614326477, 1.170536756515503, 0.3283871114253998, 0.2074631303548813, 0.06581038981676102, 0.6247080564498901]"
convergent,"[18, 12, 5, 28, 4, 11, 17, 4, 5, 8]",34,"[0.8294550180435181, -0.010855823755264282, 0.7667921781539917, 0.37102317810058594, 1.0825285911560059, 0.22596687078475952, 0.2864430546760559, 0.4934564232826233, 1.0517895221710205, 1.0175637006759644, 0.7516272664070129, 0.7603564262390137, 0.46312808990478516, 1.886556625366211, 0.3959934711456299, 0.6674895882606506, 1.1852021217346191, 0.6963495016098022, 1.1762205362319946, 0.3328171968460083, 0.2520785331726074, 0.053487397730350494, 1.1722203493118286, 0.8412384986877441, 0.6520998477935791, 0.5185927152633667, 0.8964509963989258, 0.013728410005569458, 1.1502727270126343, 0.48361092805862427, 0.712709367275238, 0.4314412772655487, 0.9632415771484375, 0.26302701234817505, 1.0613421201705933, 1.0966800451278687, 0.4624803960323334, 0.5869079828262329, 0.6031395792961121, 0.756176233291626, 0.30681321024894714, 0.9475017786026001, 1.4589446783065796, 1.1644874811172485, 1.2496135234832764, 0.30195480585098267, 1.2631263732910156, 1.429092288017273, 0.5260255932807922, 1.1882182359695435, 1.2917556762695312, 0.12946490943431854, 0.9052788615226746, 0.9711072444915771, 0.40527790784835815, 1.0104708671569824, 0.013034157454967499, 0.8026878833770752, 0.9767860770225525, 1.4810274839401245, 0.4130610227584839, 0.7285060882568359, 0.051195789128541946, 0.6244446039199829]"
cynical,"[18, 21, 5, 6, 18, 2, 14]",34,"[0.9564380645751953, 0.02066679298877716, 0.39151355624198914, 0.46136194467544556, 0.8493444323539734, 0.6618445515632629, 0.47897255420684814, 0.7211931347846985, 1.036834716796875, 0.7381352782249451, 0.859130859375, 0.29279378056526184, 0.13952356576919556, 1.3775131702423096, 0.36180436611175537, 0.3822351396083832, 1.2014354467391968, 1.0068473815917969, 1.4631702899932861, 0.5041770339012146, 0.48511040210723877, 0.11895396560430527, 0.6974325776100159, 0.6667137145996094, 0.8211376070976257, 0.18384867906570435, 0.6532625555992126, 0.0470714271068573, 0.7772023677825928, 0.37260937690734863, 0.1844010353088379, 0.5190391540527344, 1.2860805988311768, 0.3769952654838562, 1.0444351434707642, 1.4426653385162354, 0.4264191687107086, 0.7849969267845154, 0.4198654890060425, 0.5434595346450806, 0.4641232490539551, 0.3766627013683319, 1.6694891452789307, 1.3456785678863525, 0.8616794347763062, 0.1663326770067215, 0.793264627456665, 1.1051669120788574, 0.6039248704910278, 0.9243713617324829, 1.4478811025619507, 0.316465824842453, 0.2367013394832611, 0.32340481877326965, 0.22110849618911743, 0.741522490978241, 0.11503767967224121, 0.8771539926528931, 0.824503481388092, 0.875140905380249, 0.3199937045574188, 0.3473507761955261, 0.13022826611995697, 0.7558317184448242]"
deficient,"[20, 4, 22, 6, 18, 6, 4, 5, 8]",34,"[0.8860373497009277, 0.0057624876499176025, 0.6993263363838196, 0.4461078941822052, 1.2390862703323364, 0.21168015897274017, 0.4296605885028839, 0.6176255941390991, 1.2431224584579468, 1.2381913661956787, 0.8147810101509094, 0.5222640037536621, 0.28663545846939087, 1.9376225471496582, 0.5082933902740479, 0.5467585325241089, 1.3539525270462036, 0.7673265337944031, 1.322962760925293, 0.3825514316558838, 0.24949435889720917, 0.015319403260946274, 1.244014859199524, 1.0517990589141846, 0.7500808238983154, 0.4320216774940491, 0.7087371349334717, 0.04106305539608002, 0.946116030216217, 0.7001670598983765, 0.48036473989486694, 0.6291495561599731, 1.063173532485962, 0.3555058538913727, 1.1491495370864868, 1.174309492111206, 0.6870086193084717, 0.48276275396347046, 0.7907753586769104, 0.9452271461486816, 0.4118175804615021, 0.866790771484375, 1.5687744617462158, 1.2615545988082886, 0.9932485818862915, 0.41452908515930176, 1.1838511228561401, 1.334101915359497, 0.591948390007019, 1.203011393547058, 1.4022538661956787, 0.1404109001159668, 0.7494248151779175, 0.7090869545936584, 0.2861371338367462, 1.2150212526321411, 0.0398988351225853, 0.9212915301322937, 1.140450119972229, 1.4884858131408691, 0.5007064938545227, 0.6810392141342163, 0.05978216603398323, 0.7108129262924194]"
definitive,"[20, 4, 22, 6, 5, 6, 8, 6, 28, 4]",34,"[0.734347403049469, -0.004087328910827637, 0.70456862449646, 0.5919849276542664, 1.415339469909668, 0.24785329401493073, 0.24630030989646912, 0.6926230192184448, 1.5342836380004883, 1.4085023403167725, 1.0289980173110962, 0.5800038576126099, 0.3040207624435425, 2.391310453414917, 0.5153244733810425, 0.5545425415039062, 1.3781124353408813, 0.906972348690033, 1.1965763568878174, 0.4917890429496765, 0.2879337668418884, 0.026816077530384064, 1.250929355621338, 1.1673139333724976, 0.9443765878677368, 0.4010069668292999, 0.8859695196151733, 0.009877309203147888, 1.2611589431762695, 0.6820425987243652, 0.5533301830291748, 0.6700059771537781, 1.062671422958374, 0.37079885601997375, 1.2274799346923828, 1.0485237836837769, 0.749117910861969, 0.6660998463630676, 0.7628267407417297, 1.0602502822875977, 0.5157122611999512, 0.8760924339294434, 1.5016299486160278, 1.1001827716827393, 1.3354562520980835, 0.34671324491500854, 1.4676076173782349, 1.678031325340271, 0.5939342975616455, 1.4811824560165405, 1.3974530696868896, 0.12479571998119354, 0.725303053855896, 0.7967723608016968, 0.2865435481071472, 1.4050050973892212, 0.023704230785369873, 1.16643488407135, 1.3024846315383911, 1.8032313585281372, 0.5081531405448914, 0.6261417269706726, 0.0010830052196979523, 0.4908463656902313]"
deliberate,"[20, 4, 14, 6, 10, 4, 11, 2, 8, 4]",34,"[1.0992107391357422, -0.05371168255805969, 0.3938291370868683, 0.582663893699646, 0.9454748630523682, 0.056840747594833374, 0.48988017439842224, 0.4346160292625427, 1.1003508567810059, 0.9894706010818481, 0.6880844831466675, 0.2275543361902237, 0.20217342674732208, 1.4488215446472168, 0.6026478409767151, 0.5899118781089783, 1.637406349182129, 0.45402422547340393, 1.7536430358886719, 0.40251195430755615, 0.358451783657074, 0.034596361219882965, 1.262502908706665, 0.9575282335281372, 0.8965413570404053, 0.3787248730659485, 0.4974631369113922, -0.0762576162815094, 0.6954692602157593, 0.5794841647148132, 0.16868990659713745, 0.7674522399902344, 1.4227218627929688, 0.5131568908691406, 1.4498395919799805, 1.708125352859497, 0.7033132314682007, 0.37826597690582275, 0.7545076012611389, 0.6090245842933655, 0.7702767848968506, 0.42383670806884766, 2.0434300899505615, 1.7282823324203491, 0.7026619911193848, 0.3498362600803375, 0.9011068940162659, 0.9763930439949036, 0.956092357635498, 0.7967156171798706, 1.7988229990005493, -0.03163236379623413, 0.4760908782482147, 0.4197333753108978, 0.4432397186756134, 0.9973304271697998, -0.033930450677871704, 0.9022193551063538, 0.8234251141548157, 1.1232374906539917, 0.3608144521713257, 0.6258149743080139, 0.033124543726444244, 1.0481125116348267]"
diminish,"[20, 6, 19, 6, 5, 6, 7, 9]",34,"[1.003674030303955, 0.0709569975733757, 0.5328236222267151, 0.3089025020599365, 0.7749791741371155, 0.30444467067718506, 0.5562513470649719, 0.39047950506210327, 0.6957502365112305, 0.7875561118125916, 0.3919978141784668, 0.6846191883087158, 0.3179502487182617, 1.330866813659668, 0.6198694109916687, 0.3535727560520172, 1.4098962545394897, 0.5817369818687439, 1.4316344261169434, 0.4571247100830078, 0.21105748414993286, -0.006581321358680725, 1.216009259223938, 0.7757531404495239, 0.654518187046051, 0.36634716391563416, 0.4772837460041046, 0.1326623111963272, 0.6149668097496033, 0.6204059720039368, 0.5256400108337402, 0.4661172926425934, 1.1698007583618164, 0.40791410207748413, 1.2378004789352417, 1.3259942531585693, 0.3820649981498718, 0.40920573472976685, 0.5702255368232727, 0.9491432905197144, 0.3942471742630005, 0.9231582880020142, 1.7856277227401733, 1.5018199682235718, 0.5770514011383057, 0.2783721387386322, 0.7035608291625977, 0.9218469262123108, 0.6724613904953003, 0.7716915607452393, 1.5541901588439941, 0.2645224332809448, 0.8890119194984436, 0.6666775345802307, 0.07056372612714767, 0.7726613879203796, 0.07845073938369751, 0.8054733276367188, 0.7469502687454224, 0.9906061291694641, 0.28290054202079773, 0.8069619536399841, 0.1021265983581543, 0.8520829677581787]"
disparate,"[20, 6, 7, 3, 2, 11, 2, 8, 4]",34,"[1.3057941198349, -0.027382612228393555, 0.24237623810768127, 0.7769383788108826, 0.8554713129997253, -0.0063005536794662476, 0.5196229219436646, 0.23191604018211365, 0.9289112091064453, 1.054982304573059, 0.4251793622970581, 0.2529946565628052, 0.20592628419399261, 1.2782440185546875, 0.9648240208625793, 0.3536713123321533, 2.079249143600464, 0.158820241689682, 2.0692639350891113, 0.6067942976951599, 0.3944920003414154, 0.053478047251701355, 1.687250018119812, 1.1876606941223145, 1.15474534034729, 0.3091590702533722, 0.11772644519805908, -0.07920470833778381, 0.34685903787612915, 0.8540938496589661, 0.16618525981903076, 0.912436842918396, 1.718367338180542, 0.6436770558357239, 1.9303520917892456, 1.9527032375335693, 0.7792738080024719, 0.11474423110485077, 0.946146547794342, 0.9733871221542358, 0.9934081435203552, 0.5676213502883911, 2.5511274337768555, 2.1345412731170654, 0.2208739072084427, 0.3212738335132599, 0.5741844773292542, 0.6225056648254395, 1.2929158210754395, 0.43301209807395935, 2.3295013904571533, -0.0839720070362091, 0.7530177235603333, 0.3130451738834381, 0.20067688822746277, 1.103212594985962, -0.045236602425575256, 1.1478140354156494, 0.7793779373168945, 0.9990549087524414, 0.2113480567932129, 0.9476384520530701, 0.04691700637340546, 1.2888168096542358]"
divergent,"[20, 6, 28, 4, 11, 17, 4, 5, 8]",34,"[1.0548843145370483, -0.03908665478229523, 0.6501568555831909, 0.3542845547199249, 1.0159834623336792, 0.08374728262424469, 0.3802875876426697, 0.35954251885414124, 0.9534873366355896, 0.979430615901947, 0.5509682297706604, 0.7789850234985352, 0.49844151735305786, 1.750490665435791, 0.5436975955963135, 0.6181277632713318, 1.5160948038101196, 0.4811553359031677, 1.5181655883789062, 0.3343382477760315, 0.20128852128982544, 0.009909085929393768, 1.4287419319152832, 0.901397168636322, 0.679523229598999, 0.4678898751735687, 0.7451865673065186, -0.012230277061462402, 0.9918646216392517, 0.496976763010025, 0.667229175567627, 0.5089483261108398, 1.1693682670593262, 0.35117223858833313, 1.3714239597320557, 1.4198105335235596, 0.478241890668869, 0.4573838710784912, 0.6303263902664185, 0.8570181131362915, 0.4039278030395508, 1.008658528327942, 1.886111855506897, 1.5501614809036255, 1.0454742908477783, 0.275575190782547, 1.144523024559021, 1.2678229808807373, 0.732790470123291, 0.9865304231643677, 1.6285274028778076, 0.0689021646976471, 1.003566026687622, 0.9484636187553406, 0.35009026527404785, 1.0052739381790161, -0.009431086480617523, 0.8340784311294556, 0.874319314956665, 1.389260172843933, 0.3170778751373291, 0.915275514125824, 0.053635530173778534, 0.9170675277709961]"
dubious,"[20, 13, 10, 6, 12, 13, 7]",34,"[0.6190075278282166, 0.0020777881145477295, 0.8559439778327942, 0.3769124746322632, 0.9435785412788391, 0.18297308683395386, 0.3345855474472046, 0.5239968299865723, 0.7838525176048279, 0.999406635761261, 0.6242284178733826, 0.19479528069496155, 0.23656141757965088, 0.984749436378479, 0.5630125403404236, 0.7959139347076416, 1.0187208652496338, 0.5587766170501709, 1.120615005493164, 0.41630876064300537, 0.217523992061615, 0.0896240770816803, 1.0652976036071777, 0.9471685290336609, 0.5805867314338684, 0.9090719223022461, 0.35963255167007446, 0.010811448097229004, 0.44460976123809814, 1.151179552078247, 0.2479143738746643, 0.8224213719367981, 1.0019896030426025, 0.4113104045391083, 0.8196781277656555, 1.035003900527954, 0.9981883764266968, 0.18295696377754211, 1.1226191520690918, 0.5665781497955322, 0.8752068281173706, 0.38382065296173096, 1.317935824394226, 1.1486644744873047, 0.46620410680770874, 0.7800166010856628, 0.6402652263641357, 0.6460888981819153, 0.8503776788711548, 0.8952211141586304, 1.2863984107971191, 0.12561652064323425, 0.9040522575378418, 0.548179030418396, 0.5555398464202881, 0.9404032230377197, 0.045610085129737854, 0.7191230654716492, 0.9040613174438477, 0.8749309778213501, 0.5994889140129089, 0.7295405268669128, 0.0712793692946434, 0.6150095462799072]"
empathetic,"[4, 19, 3, 2, 8, 9, 4, 8, 6, 18]",34,"[0.9381639957427979, 0.009255215525627136, 0.3352900743484497, 0.8562382459640503, 1.3140367269515991, 0.5579072833061218, 0.4401102662086487, 0.9442488551139832, 1.5846220254898071, 1.267736554145813, 1.2268704175949097, 0.02050456404685974, -0.07483755797147751, 1.9366488456726074, 0.5409821271896362, 0.3106071650981903, 1.3890215158462524, 1.107858657836914, 1.5131542682647705, 0.6603555083274841, 0.519331693649292, 0.14188596606254578, 0.8103093504905701, 1.1621854305267334, 1.142331600189209, 0.09755536913871765, 0.5124993324279785, -0.007922202348709106, 0.7437284588813782, 0.6607842445373535, -0.007921963930130005, 0.763982892036438, 1.3579449653625488, 0.4823939800262451, 1.254259705543518, 1.378411054611206, 0.7969906330108643, 0.6611566543579102, 0.8299378752708435, 0.8335781097412109, 0.622204601764679, 0.3094088137149811, 1.7547860145568848, 1.309800386428833, 0.7668466567993164, 0.369534969329834, 0.9333493113517761, 1.1329714059829712, 0.7067136764526367, 1.1690216064453125, 1.5614168643951416, 0.19369836151599884, 0.04657136648893356, 0.0971432626247406, 0.21118292212486267, 1.2425434589385986, 0.07068715989589691, 1.2225117683410645, 1.236626386642456, 1.2068524360656738, 0.4346811771392822, 0.21830692887306213, 0.07208345830440521, 0.7313123941421509]"
evoke,"[4, 28, 12, 16, 4]",34,"[0.6235159039497375, 0.06340540200471878, 0.9498435854911804, -0.014383725821971893, 1.041155457496643, 0.36454465985298157, 0.05050550401210785, 0.44510406255722046, 0.865734338760376, 0.7757620811462402, 0.7809885740280151, 1.2995051145553589, 0.7093818187713623, 2.1562130451202393, 0.12224312126636505, 0.9201875925064087, 0.724628210067749, 0.7693189382553101, 0.6671833992004395, -0.005095392465591431, -0.000633634626865387, -0.08624660968780518, 0.9603115320205688, 0.3881130814552307, 0.08724117279052734, 0.5457685589790344, 1.4982305765151978, 0.11012168228626251, 1.775213360786438, 0.07674480974674225, 1.2402938604354858, 0.054824069142341614, 0.35531070828437805, 0.015523791313171387, 0.7144032716751099, 0.7180263996124268, 0.157366544008255, 0.9175034165382385, 0.2056087702512741, 0.4858838617801666, 0.0012634769082069397, 1.3633285760879517, 0.7978062629699707, 0.6803203225135803, 2.007913112640381, 0.14615687727928162, 1.8389426469802856, 1.979162335395813, 0.2286829650402069, 1.5025571584701538, 0.6828228235244751, 0.3531341552734375, 1.091245412826538, 1.4920952320098877, 0.524235188961029, 0.7389066219329834, 0.048829153180122375, 0.29609787464141846, 0.8264217972755432, 1.7187432050704956, 0.45459502935409546, 0.7461801767349243, 0.006146229803562164, 0.46607011556625366]"
exemplary,"[4, 27, 4, 19, 3, 14, 2, 11, 21]",34,"[1.461678385734558, -0.07208004593849182, 0.3209148645401001, 0.6629239320755005, 0.9766619801521301, 0.05587954819202423, 0.5932626724243164, 0.3950801491737366, 1.1955815553665161, 1.0880762338638306, 0.5375845432281494, 0.4157596230506897, 0.2630314230918884, 1.7056643962860107, 0.856938362121582, 0.42763185501098633, 2.2113685607910156, 0.4813489317893982, 2.261164903640747, 0.5237463712692261, 0.34019482135772705, 0.038793452084064484, 1.6657694578170776, 1.1742304563522339, 1.1272339820861816, 0.3003982901573181, 0.3654569983482361, -0.08576235175132751, 0.7082973718643188, 0.6800114512443542, 0.28643208742141724, 0.8369901776313782, 1.835925579071045, 0.6334909796714783, 1.95063316822052, 2.1300716400146484, 0.7467612624168396, 0.3456146717071533, 0.7483705282211304, 0.9850807189941406, 0.8994097709655762, 0.6933466196060181, 2.741494655609131, 2.3213157653808594, 0.6195474863052368, 0.23095043003559113, 0.8848552107810974, 1.0788803100585938, 1.2030094861984253, 0.7568823099136353, 2.3923845291137695, -0.02653905749320984, 0.7291942238807678, 0.47463613748550415, 0.20275679230690002, 1.1337815523147583, -0.05141371488571167, 1.2296243906021118, 0.8868586421012878, 1.2321714162826538, 0.2686033546924591, 0.917146623134613, 0.07723355293273926, 1.3854120969772339]"
fluctuate,"[22, 14, 13, 18, 8, 13, 2, 8, 4]",34,"[0.046117931604385376, -0.026064693927764893, 1.300980567932129, 0.506682276725769, 2.087977647781372, 0.2261645644903183, -0.02244986593723297, 1.3207439184188843, 1.932349681854248, 1.9140111207962036, 1.8646905422210693, 0.2501339316368103, 0.14187784492969513, 2.816791534423828, 0.0882890373468399, 1.1051642894744873, 0.3393283486366272, 1.4516007900238037, 0.2058783769607544, 0.08421789854764938, 0.08421673625707626, 0.03031187877058983, 0.5842834115028381, 1.2388200759887695, 0.3582122325897217, 0.8077037930488586, 1.3159953355789185, -0.004565000534057617, 1.5313184261322021, 0.8535813689231873, 0.4964034855365753, 0.7128595113754272, 0.22837360203266144, 0.07819151133298874, 0.2524445950984955, 0.2064979076385498, 1.197175145149231, 0.7589980363845825, 1.1814554929733276, 0.5551497936248779, 0.3653079867362976, 0.5587412118911743, 0.20600783824920654, 0.17620348930358887, 1.8215473890304565, 0.9170454740524292, 2.007985830307007, 1.9294103384017944, 0.1517961323261261, 2.174349546432495, 0.19820436835289001, 0.13079887628555298, 0.46446287631988525, 0.8006213903427124, 0.8418022394180298, 1.6955538988113403, 0.07109913229942322, 0.7930373549461365, 1.7821249961853027, 2.1239588260650635, 1.1453109979629517, 0.12616464495658875, 0.011631038039922714, 0.028851166367530823]"
heterogeneous,"[9, 4, 8, 4, 11, 12, 17, 4, 5, 4, 12, 13, 7]",34,"[0.8761842846870422, -0.08016699552536011, 0.747803807258606, 0.5898597836494446, 1.0248881578445435, -0.12298251688480377, 0.23141126334667206, 0.30445632338523865, 1.0273473262786865, 1.2349568605422974, 0.5279952883720398, 0.2707323133945465, 0.43964141607284546, 1.3064618110656738, 0.7779502272605896, 0.8632282614707947, 1.5644054412841797, 0.23872435092926025, 1.4928967952728271, 0.43805116415023804, 0.1897503137588501, 0.06960444897413254, 1.6842191219329834, 1.175279140472412, 0.8563340306282043, 0.9594095945358276, 0.37239304184913635, -0.1476714313030243, 0.6381602883338928, 1.173087239265442, 0.35922524333000183, 0.988910973072052, 1.2453181743621826, 0.4902442395687103, 1.3982195854187012, 1.3920855522155762, 1.1149996519088745, 0.08321689069271088, 1.2971477508544922, 0.7176817655563354, 1.089976191520691, 0.5814965963363647, 1.9071332216262817, 1.5721871852874756, 0.6244386434555054, 0.7151892781257629, 0.8870729207992554, 0.7994680404663086, 1.1828229427337646, 0.8011940717697144, 1.7580145597457886, -0.11364790797233582, 1.1665616035461426, 0.7509838342666626, 0.6531969308853149, 1.2271870374679565, -0.06709010899066925, 0.943913996219635, 0.921966552734375, 1.2403162717819214, 0.5055961608886719, 1.1016331911087036, 0.01370885968208313, 0.8762869834899902]"
homogeneous,"[9, 12, 19, 12, 17, 4, 5, 4, 12, 13, 7]",34,"[0.8929254412651062, -0.07334764301776886, 0.7440609335899353, 0.6931977868080139, 1.0195999145507812, -0.09984640777111053, 0.2758280634880066, 0.3294227123260498, 0.9901940822601318, 1.2859777212142944, 0.45901304483413696, 0.12346480786800385, 0.37232518196105957, 1.116741418838501, 0.9131717085838318, 0.8315703868865967, 1.6285927295684814, 0.19191469252109528, 1.5331215858459473, 0.5624077916145325, 0.22486159205436707, 0.09743877500295639, 1.7993019819259644, 1.3069162368774414, 0.9919837117195129, 1.067739486694336, 0.15915262699127197, -0.14151567220687866, 0.4244539141654968, 1.4547386169433594, 0.21812942624092102, 1.1710063219070435, 1.420656442642212, 0.5815130472183228, 1.4877545833587646, 1.4616334438323975, 1.307913064956665, -0.05682063102722168, 1.5532528162002563, 0.7831435203552246, 1.3130650520324707, 0.49403277039527893, 2.0576586723327637, 1.6695181131362915, 0.3449747860431671, 0.8470160365104675, 0.6765542030334473, 0.5846461653709412, 1.3695480823516846, 0.71816086769104, 1.9022759199142456, -0.10104429721832275, 1.2335376739501953, 0.6378734111785889, 0.6424248218536377, 1.2474554777145386, -0.05080147087574005, 1.1069469451904297, 0.982544481754303, 1.13173508644104, 0.5678596496582031, 1.1614758968353271, 0.0230599083006382, 0.8981280326843262]"
illuminate,"[6, 14, 14, 13, 19, 6, 5, 2, 8, 4]",34,"[0.4932330846786499, -0.07209683954715729, 1.075285792350769, 0.782971978187561, 1.7990729808807373, -0.1383102685213089, 0.10743866115808487, 0.8400331139564514, 1.6596890687942505, 1.9955931901931763, 1.084922432899475, 0.07903480529785156, 0.18208758533000946, 2.018272876739502, 0.6665225028991699, 0.9734959602355957, 1.0867253541946411, 0.6262881755828857, 0.8709266185760498, 0.37358376383781433, 0.1347668468952179, 0.07170066237449646, 1.4736522436141968, 1.7222752571105957, 0.8187821507453918, 1.1245341300964355, 0.5458438396453857, -0.08806458115577698, 0.7985504865646362, 1.4844474792480469, 0.2008436769247055, 1.1702656745910645, 0.8616383075714111, 0.3822370171546936, 0.989827573299408, 0.76198410987854, 1.5944322347640991, 0.01777075231075287, 1.862631916999817, 0.9600449800491333, 1.0336589813232422, 0.5948469638824463, 1.2512518167495728, 0.8529834747314453, 0.8792324066162109, 1.1077910661697388, 1.291542649269104, 1.0810436010360718, 0.848150372505188, 1.4807147979736328, 1.09579336643219, -0.09481188654899597, 1.072418451309204, 0.6805113554000854, 0.7705991268157959, 1.8230167627334595, -0.036021679639816284, 1.2471647262573242, 1.6913068294525146, 1.8357902765274048, 0.9747416377067566, 0.7180947065353394, -0.013791773468255997, 0.3696684241294861]"
impartial,"[6, 19, 3, 2, 11, 8, 6, 2, 14]",34,"[0.6537919044494629, -0.015779584646224976, 0.8321179151535034, 0.7192879915237427, 1.5293580293655396, 0.03603549301624298, 0.10963517427444458, 0.750994086265564, 1.4121551513671875, 1.7023338079452515, 0.9035701751708984, 0.222188800573349, 0.14825797080993652, 1.8457679748535156, 0.7233996391296387, 0.7060312628746033, 1.2616771459579468, 0.6335702538490295, 1.0018632411956787, 0.3949795961380005, 0.14170421659946442, 0.090294748544693, 1.3958301544189453, 1.5109233856201172, 0.8028233647346497, 0.8013465404510498, 0.37412750720977783, 0.0024760067462921143, 0.6217183470726013, 1.312022089958191, 0.2511964738368988, 1.0180444717407227, 0.8883885741233826, 0.3387669026851654, 1.1045507192611694, 0.838141143321991, 1.322323203086853, 0.10803301632404327, 1.5128437280654907, 1.0466806888580322, 0.8675220012664795, 0.651665449142456, 1.3756071329116821, 1.0273956060409546, 0.6084551811218262, 0.8526998162269592, 1.022689700126648, 0.9526814222335815, 0.8293683528900146, 1.1616941690444946, 1.2706449031829834, 0.015346497297286987, 0.9384434223175049, 0.5446091294288635, 0.4231921136379242, 1.608512043952942, 0.012789599597454071, 1.1386831998825073, 1.4349606037139893, 1.5154001712799072, 0.7348377108573914, 0.7529003620147705, 0.023259297013282776, 0.5320202112197876]"
indisputable,"[6, 5, 20, 6, 7, 3, 13, 8, 2, 10, 14, 4]",34,"[1.196431279182434, -0.08487606048583984, 0.18772681057453156, 1.089900016784668, 1.0196112394332886, 0.08139650523662567, 0.540589451789856, 0.5186187028884888, 1.3699238300323486, 1.278941035270691, 0.8362339735031128, -0.2594859302043915, -0.028503432869911194, 1.428774118423462, 0.9372007846832275, 0.42181411385536194, 2.088310480117798, 0.4561266005039215, 2.098741054534912, 0.7483184933662415, 0.5729959607124329, 0.1634175181388855, 1.4743725061416626, 1.3989715576171875, 1.4679956436157227, 0.3531895875930786, 0.1476689577102661, -0.1467958688735962, 0.3948068618774414, 0.9807209968566895, -0.1964072585105896, 1.12540602684021, 1.9181687831878662, 0.7551521062850952, 1.8314521312713623, 1.9748809337615967, 1.0837266445159912, 0.2393546998500824, 1.147310495376587, 0.8034934997558594, 1.235369086265564, 0.09482741355895996, 2.5741660594940186, 2.095524311065674, 0.2368590235710144, 0.4520869851112366, 0.6241167783737183, 0.6780229806900024, 1.336354374885559, 0.7317005395889282, 2.3278534412384033, -0.1255355179309845, 0.3839135766029358, -0.028054382652044296, 0.40795233845710754, 1.3483765125274658, -0.058386847376823425, 1.4104334115982056, 1.0594203472137451, 1.0734484195709229, 0.3159712553024292, 0.624822735786438, 0.03819502890110016, 1.1352548599243164]"
legitimate,"[14, 4, 17, 6, 8, 6, 19, 2, 8, 4]",34,"[0.7844176292419434, -0.05634661018848419, 0.48418864607810974, 1.0097062587738037, 1.5324153900146484, -0.052490606904029846, 0.2198847085237503, 0.6806221604347229, 1.738207459449768, 1.7784159183502197, 0.943250834941864, -0.01312488317489624, 0.019053995609283447, 2.029778480529785, 0.8968212008476257, 0.4601423442363739, 1.7549116611480713, 0.5980387330055237, 1.4317054748535156, 0.6632900834083557, 0.33124375343322754, 0.07034558057785034, 1.5083168745040894, 1.6525065898895264, 1.2944188117980957, 0.48729759454727173, 0.2711235582828522, -0.0806434154510498, 0.5749107003211975, 1.199363112449646, -0.006385475397109985, 1.1632416248321533, 1.364973783493042, 0.5812538266181946, 1.5589896440505981, 1.2239229679107666, 1.3034716844558716, 0.18420827388763428, 1.3992199897766113, 1.2216624021530151, 1.0727016925811768, 0.4645533263683319, 1.9107017517089844, 1.3671612739562988, 0.509209930896759, 0.6687378883361816, 1.0047328472137451, 0.9809480309486389, 1.0525606870651245, 1.0720744132995605, 1.6703771352767944, -0.1081840991973877, 0.6114656329154968, 0.24850040674209595, 0.29898205399513245, 1.7506978511810303, -0.03527233004570007, 1.5614941120147705, 1.4488569498062134, 1.6010950803756714, 0.5499218106269836, 0.6089534163475037, -0.0197661854326725, 0.6240248680114746]"
mediocre,"[19, 4, 20, 6, 12, 18, 11, 4]",34,"[0.9158130884170532, -0.04465915262699127, 0.7122583985328674, 0.2544369101524353, 0.9957239627838135, 0.30984070897102356, 0.4415625333786011, 0.5858097076416016, 1.0880508422851562, 0.7858741283416748, 0.9311031699180603, 0.5862911939620972, 0.36878979206085205, 1.777928352355957, 0.2176932394504547, 0.7901867628097534, 1.095909833908081, 0.8261076211929321, 1.3264062404632568, 0.2562065124511719, 0.32689517736434937, 0.003308124840259552, 0.828417181968689, 0.5598499178886414, 0.5538274049758911, 0.4045325219631195, 1.071336269378662, -0.03791370987892151, 1.2578527927398682, 0.245919331908226, 0.6041871905326843, 0.3857233226299286, 1.0350388288497925, 0.3156692385673523, 0.9069601893424988, 1.3427436351776123, 0.40372031927108765, 0.7744250297546387, 0.35366225242614746, 0.32774618268013, 0.3182779550552368, 0.6990335583686829, 1.465494155883789, 1.2652324438095093, 1.417843222618103, 0.22942706942558289, 1.4003942012786865, 1.5563623905181885, 0.5060247182846069, 1.2595417499542236, 1.2482733726501465, 0.16217674314975739, 0.5345160365104675, 0.8533328175544739, 0.5183745622634888, 0.7444267868995667, -0.00017959624528884888, 0.5791852474212646, 0.8468406200408936, 1.3214677572250366, 0.46381044387817383, 0.4805501699447632, 0.07463335990905762, 0.8096319437026978]"
naive,"[5, 2, 6, 28, 4]",34,"[1.4290560483932495, 0.12168220430612564, 0.36612939834594727, 0.23813912272453308, 0.630962610244751, 0.20147013664245605, 0.5764507055282593, 0.0843023881316185, 0.6036276817321777, 0.60894376039505, 0.23110723495483398, 1.165734887123108, 0.5716633200645447, 1.7266967296600342, 0.5782641768455505, 0.3416956663131714, 1.8917137384414673, 0.3685993552207947, 1.8777310848236084, 0.24704919755458832, 0.18539464473724365, -0.01680620014667511, 1.5893685817718506, 0.6421971321105957, 0.6664533019065857, 0.034220192581415176, 0.7422631978988647, 0.21000312268733978, 1.0787935256958008, 0.059666622430086136, 0.8991994261741638, 0.2473985105752945, 1.332681655883789, 0.40567901730537415, 1.8098596334457397, 1.9247105121612549, -0.0027327388525009155, 0.6306133270263672, 0.07675249129533768, 0.9742876291275024, 0.18758298456668854, 1.3504533767700195, 2.296109199523926, 1.943527102470398, 1.0434892177581787, -0.1184682622551918, 1.166063666343689, 1.4244444370269775, 0.7068256139755249, 0.7514661550521851, 2.008178472518921, 0.25682559609413147, 0.8811925053596497, 1.0440478324890137, 0.09164108335971832, 0.6621651649475098, 0.04729598015546799, 0.7097609043121338, 0.49059852957725525, 1.2726000547409058, 0.009937725961208344, 0.9948185086250305, 0.008279625326395035, 1.3313673734664917]"
pertinent,"[3, 4, 11, 8, 6, 5, 4, 5, 8]",34,"[0.7421084642410278, 0.06130853295326233, 0.6725060939788818, 0.48515990376472473, 1.3271400928497314, 0.09037800878286362, 0.28080514073371887, 0.5195866823196411, 1.1475692987442017, 1.3744693994522095, 0.617665708065033, 0.7045475244522095, 0.3188191056251526, 1.9930999279022217, 0.6104909181594849, 0.3683721721172333, 1.3352388143539429, 0.5650250911712646, 1.084757924079895, 0.39333653450012207, 0.14615227282047272, 0.011652052402496338, 1.3825876712799072, 1.2228432893753052, 0.74691241979599, 0.41154634952545166, 0.5711795091629028, 0.1254168301820755, 0.8454822897911072, 0.7775850296020508, 0.5520812273025513, 0.6035364270210266, 0.908531129360199, 0.32246389985084534, 1.2136276960372925, 0.9318921566009521, 0.6615353226661682, 0.281451940536499, 0.9060357213020325, 1.243438720703125, 0.34427234530448914, 1.0688812732696533, 1.48369300365448, 1.0675462484359741, 0.8208377361297607, 0.3986634612083435, 1.1096084117889404, 1.2006584405899048, 0.5651546716690063, 1.0830658674240112, 1.3401106595993042, 0.12883956730365753, 0.9195722341537476, 0.7733542323112488, 0.1117873415350914, 1.3394412994384766, 0.05230920761823654, 1.0498985052108765, 1.1882431507110596, 1.5601588487625122, 0.43031445145606995, 0.7703605890274048, 0.031196171417832375, 0.5668530464172363]"
plausible,"[3, 14, 2, 13, 7, 6, 10, 14, 4]",34,"[1.102921485900879, -0.10273164510726929, 0.4531903862953186, 0.77508944272995, 1.1240020990371704, -0.016777008771896362, 0.23024147748947144, 0.5214512348175049, 1.2700914144515991, 1.3170356750488281, 0.8446220755577087, 0.18333736062049866, 0.18675117194652557, 1.6151020526885986, 0.728561282157898, 0.6719276309013367, 1.7516685724258423, 0.5240770578384399, 1.6504075527191162, 0.38101720809936523, 0.3077927827835083, 0.10066885501146317, 1.4717886447906494, 1.2162141799926758, 0.9164106845855713, 0.5386232733726501, 0.46597492694854736, -0.13594657182693481, 0.7246001362800598, 0.8194680213928223, 0.21910326182842255, 0.9297987222671509, 1.3313624858856201, 0.4779261648654938, 1.5330051183700562, 1.6485927104949951, 1.01869797706604, 0.31297147274017334, 1.0357203483581543, 0.7549916505813599, 0.9847974181175232, 0.4744335412979126, 2.1156394481658936, 1.7908812761306763, 0.6119282245635986, 0.5061590075492859, 0.9356576800346375, 1.0026086568832397, 1.0918829441070557, 0.8551516532897949, 1.8416697978973389, -0.13857924938201904, 0.6650688052177429, 0.40975064039230347, 0.4837631285190582, 1.2668195962905884, -0.08095087110996246, 1.1019421815872192, 1.0121426582336426, 1.277496576309204, 0.43934157490730286, 0.7369623184204102, 0.01899242401123047, 1.0323807001113892]"
proficient,"[3, 11, 12, 22, 6, 18, 6, 4, 5, 8]",34,"[0.42183858156204224, -0.017309129238128662, 0.9399722814559937, 0.6152276992797852, 1.6091587543487549, 0.13626055419445038, 0.16002461314201355, 0.8639842867851257, 1.5892376899719238, 1.6457723379135132, 1.052392840385437, 0.1603592038154602, 0.15482577681541443, 2.0679614543914795, 0.45931577682495117, 0.7284067869186401, 0.9055782556533813, 0.9538000226020813, 0.717126727104187, 0.3983781337738037, 0.21397443115711212, 0.06521963328123093, 1.0982942581176758, 1.3395369052886963, 0.7820982336997986, 0.8147657513618469, 0.6314754486083984, -0.0068069398403167725, 0.8955941796302795, 1.1539437770843506, 0.27187347412109375, 0.8701962828636169, 0.7672756910324097, 0.263837605714798, 0.7741492390632629, 0.5966943502426147, 1.1640241146087646, 0.3426421284675598, 1.3040274381637573, 0.9104926586151123, 0.6325000524520874, 0.5825486183166504, 0.9659253358840942, 0.6456804275512695, 0.9406651258468628, 0.8072342872619629, 1.2549723386764526, 1.2574645280838013, 0.5308114886283875, 1.4226734638214111, 0.8565653562545776, 0.08987623453140259, 0.6874915361404419, 0.598154604434967, 0.4928707182407379, 1.5325937271118164, 0.046081870794296265, 1.0590686798095703, 1.4926705360412598, 1.6766337156295776, 0.8473004698753357, 0.48123985528945923, 0.04372002184391022, 0.2448401153087616]"
prosper,"[3, 11, 12, 7, 3, 4, 11]",34,"[1.1237155199050903, 0.025021344423294067, 0.5235509872436523, 0.5794022679328918, 1.0649150609970093, -0.019823268055915833, 0.369093120098114, 0.2591001093387604, 0.968795657157898, 1.2860281467437744, 0.29276424646377563, 0.6926678419113159, 0.395754337310791, 1.711421251296997, 0.9524619579315186, 0.33150768280029297, 1.9161700010299683, 0.3158428966999054, 1.5791447162628174, 0.47077399492263794, 0.10957673192024231, 0.006773009896278381, 1.9252030849456787, 1.2833114862442017, 0.9244461059570312, 0.4291011691093445, 0.27526429295539856, 0.04139408469200134, 0.5858163833618164, 0.9821079969406128, 0.5376033782958984, 0.8016370534896851, 1.2995233535766602, 0.4753824472427368, 1.7598896026611328, 1.4384450912475586, 0.7538520693778992, 0.09440958499908447, 1.0072481632232666, 1.3704074621200562, 0.6557402610778809, 1.1618999242782593, 2.196639060974121, 1.8399934768676758, 0.39091020822525024, 0.40500468015670776, 0.8267213702201843, 0.907252311706543, 1.040662169456482, 0.678667426109314, 1.957768201828003, 0.04285484552383423, 1.1396814584732056, 0.7405316233634949, 0.06219460815191269, 1.2636632919311523, 0.009508654475212097, 1.128699541091919, 0.9787452816963196, 1.3912379741668701, 0.2862586975097656, 1.198045015335083, 0.04308793693780899, 0.9988154172897339]"
scrutiny,"[7, 18, 11, 13, 8, 6, 5, 21]",34,"[0.4580910801887512, 0.011065274477005005, 0.7312489151954651, 0.3416579067707062, 1.2992465496063232, 0.582082986831665, 0.2529758810997009, 1.0449427366256714, 1.3483372926712036, 1.065707802772522, 1.3336026668548584, 0.253508597612381, 0.08159534633159637, 1.8620715141296387, 0.07442569732666016, 0.648045003414154, 0.5593255162239075, 1.2548747062683105, 0.715964674949646, 0.21684421598911285, 0.25503748655319214, 0.05480296164751053, 0.32343173027038574, 0.7498563528060913, 0.4100642204284668, 0.3774353861808777, 1.0262941122055054, 0.05004507303237915, 1.1155972480773926, 0.3599187135696411, 0.24635359644889832, 0.44551342725753784, 0.6218616366386414, 0.15626740455627441, 0.37453693151474, 0.7028682231903076, 0.6101263761520386, 0.8426003456115723, 0.5619640350341797, 0.40484312176704407, 0.19562719762325287, 0.35068488121032715, 0.6881673336029053, 0.5528762340545654, 1.329774260520935, 0.4053392708301544, 1.2377777099609375, 1.4440118074417114, 0.19381950795650482, 1.5173351764678955, 0.6313192844390869, 0.2960858941078186, 0.14800512790679932, 0.5058053731918335, 0.483569473028183, 0.9596988558769226, 0.11361361294984818, 0.6361340284347534, 1.195737600326538, 1.2713834047317505, 0.647601306438446, 0.019079219549894333, 0.08051883429288864, 0.28919899463653564]"
skeptical,"[7, 16, 4, 3, 8, 6, 18, 2, 14]",34,"[0.6000582575798035, 0.016796916723251343, 0.7997892498970032, 0.3514827787876129, 1.377558946609497, 0.5916084051132202, 0.2168079912662506, 1.0375306606292725, 1.4359604120254517, 1.2059237957000732, 1.2384291887283325, 0.3783944249153137, 0.19638749957084656, 1.9730756282806396, 0.23770806193351746, 0.7189894914627075, 0.7226532697677612, 1.2700645923614502, 0.8262202143669128, 0.23525533080101013, 0.1889832615852356, 0.02258644998073578, 0.7149118781089783, 0.8416405916213989, 0.4119267463684082, 0.5595675706863403, 1.0405819416046143, 0.06250233948230743, 1.1713632345199585, 0.6248757243156433, 0.382880836725235, 0.5826199650764465, 0.6602083444595337, 0.1715208739042282, 0.58961421251297, 0.7473632097244263, 0.8130364418029785, 0.8010002374649048, 0.8023667335510254, 0.5435844659805298, 0.42912131547927856, 0.5941557884216309, 0.9210628271102905, 0.7270660996437073, 1.3873536586761475, 0.5438326597213745, 1.3399038314819336, 1.5260766744613647, 0.3835943639278412, 1.552966594696045, 0.7405338287353516, 0.3479405343532562, 0.5152103900909424, 0.6423265337944031, 0.4851151406764984, 1.0937200784683228, 0.12003925442695618, 0.694450318813324, 1.2523434162139893, 1.409406065940857, 0.7151161432266235, 0.36913710832595825, 0.08453672379255295, 0.3784257769584656]"
subtle,"[7, 13, 10, 8, 14, 4]",34,"[0.7855240702629089, -0.05538599193096161, 0.7066789269447327, 0.30222785472869873, 1.190883755683899, 0.24040748178958893, 0.2593228816986084, 0.6892566680908203, 1.2061998844146729, 0.9718199968338013, 1.127532958984375, 0.4973328709602356, 0.32082605361938477, 1.7871472835540771, 0.15785151720046997, 0.9354540109634399, 0.9907963275909424, 0.8274568915367126, 1.1587244272232056, 0.15805968642234802, 0.23804479837417603, -0.006535941734910011, 0.697607159614563, 0.6203501224517822, 0.3943409025669098, 0.5017318725585938, 1.108934998512268, -0.0583796501159668, 1.2800521850585938, 0.20326925814151764, 0.4995226562023163, 0.42722851037979126, 0.8380457758903503, 0.258902370929718, 0.7957565784454346, 1.253699541091919, 0.5526371598243713, 0.7855242490768433, 0.4986070692539215, 0.2727321684360504, 0.34745004773139954, 0.5396171808242798, 1.2234015464782715, 1.020076870918274, 1.4598640203475952, 0.3609762489795685, 1.4522850513458252, 1.5188000202178955, 0.5048452615737915, 1.3456305265426636, 1.085657000541687, 0.09503443539142609, 0.43051204085350037, 0.8160862922668457, 0.6643989086151123, 0.8945131897926331, -0.006883695721626282, 0.5231627225875854, 0.9600656032562256, 1.3323750495910645, 0.557498037815094, 0.3362698554992676, 0.028228934854269028, 0.737636923789978]"
succinct,"[7, 13, 18, 18, 6, 5, 18, 8]",34,"[0.5003900527954102, 0.031580276787281036, 0.7089239358901978, 0.48990198969841003, 1.3388757705688477, 0.6210153698921204, 0.30504322052001953, 1.0007559061050415, 1.3005889654159546, 1.21443510055542, 1.1843239068984985, 0.18561974167823792, 0.00404096394777298, 1.7610080242156982, 0.19539430737495422, 0.4913793206214905, 0.6701025366783142, 1.2657041549682617, 0.7859112620353699, 0.43797439336776733, 0.3377731442451477, 0.1644512414932251, 0.3624875843524933, 0.9361812472343445, 0.6664294600486755, 0.40363261103630066, 0.7184444665908813, 0.0896444320678711, 0.822877824306488, 0.5758631825447083, 0.1774049699306488, 0.48716092109680176, 0.7984445691108704, 0.1875515580177307, 0.5617184638977051, 0.6945139765739441, 0.6981338262557983, 0.7303669452667236, 0.7669652700424194, 0.6046294569969177, 0.20523914694786072, 0.32775163650512695, 0.9224796295166016, 0.6040844321250916, 0.990890622138977, 0.4834746718406677, 1.019537091255188, 1.1788080930709839, 0.22035129368305206, 1.366977334022522, 0.8538720011711121, 0.3788142204284668, 0.20730271935462952, 0.3702242076396942, 0.2569194734096527, 1.1033211946487427, 0.15747690200805664, 0.8443014025688171, 1.2812470197677612, 1.1663837432861328, 0.638604998588562, 0.08821982890367508, 0.1348487138748169, 0.30073070526123047]"
surplus,"[7, 13, 11, 3, 14, 13, 7]",34,"[0.7925847768783569, -0.01648445427417755, 0.7082120180130005, 0.35209447145462036, 0.917427659034729, 0.051201581954956055, 0.28707244992256165, 0.40109726786613464, 0.7652668952941895, 1.0451338291168213, 0.4411078095436096, 0.48562702536582947, 0.38919389247894287, 1.1974906921386719, 0.64033043384552, 0.6421096920967102, 1.263023853302002, 0.42716532945632935, 1.136710524559021, 0.3064567446708679, 0.04627981036901474, 0.01344665139913559, 1.4363306760787964, 0.9635446667671204, 0.5173338651657104, 0.7533613443374634, 0.4074665904045105, -0.007441043853759766, 0.5845322012901306, 0.9197675585746765, 0.4762047231197357, 0.7199695110321045, 0.93318110704422, 0.3541244566440582, 1.1134445667266846, 1.0747520923614502, 0.8017030954360962, 0.1461145132780075, 0.9906405210494995, 0.8387209177017212, 0.65660560131073, 0.7956541776657104, 1.5068118572235107, 1.3597462177276611, 0.5212141871452332, 0.5797567367553711, 0.7427816390991211, 0.8135654330253601, 0.8374146223068237, 0.8147110939025879, 1.407139778137207, 0.08321690559387207, 1.0872076749801636, 0.7365313172340393, 0.38257119059562683, 0.9668703079223633, 0.025429025292396545, 0.7398999929428101, 0.8401347994804382, 1.0878199338912964, 0.46661999821662903, 0.9658088088035583, 0.05346374958753586, 0.7664351463317871]"
tentative,"[8, 4, 5, 8, 2, 8, 6, 28, 4]",34,"[0.5027012228965759, 0.0021016597747802734, 0.6106947064399719, 0.601934552192688, 1.4192943572998047, 0.11848298460245132, 0.1273856908082962, 0.6789108514785767, 1.5161056518554688, 1.4180048704147339, 0.988080620765686, 0.34815317392349243, 0.13921108841896057, 2.169020891189575, 0.42422688007354736, 0.5111353397369385, 1.156438946723938, 0.7418195605278015, 0.9255881309509277, 0.39648139476776123, 0.2556772232055664, 0.01756545901298523, 1.0009757280349731, 1.1990017890930176, 0.8546504974365234, 0.32127925753593445, 0.7576155662536621, 0.013145789504051208, 1.0462645292282104, 0.6315444707870483, 0.3218495845794678, 0.6806432604789734, 0.8418933153152466, 0.29734864830970764, 1.0250380039215088, 0.810472846031189, 0.8142102360725403, 0.5344371795654297, 0.7819284200668335, 0.9148672819137573, 0.5062719583511353, 0.6370348334312439, 1.1346863508224487, 0.7510976791381836, 1.107857584953308, 0.3915391266345978, 1.4129682779312134, 1.4837117195129395, 0.509024977684021, 1.3463516235351562, 1.0710904598236084, 0.0711466372013092, 0.444257527589798, 0.5133160948753357, 0.2943267524242401, 1.4387041330337524, 0.012050271034240723, 1.0983672142028809, 1.266955018043518, 1.6776317358016968, 0.5160719156265259, 0.3756335377693176, -0.024509046226739883, 0.35803502798080444]"
tolerant,"[8, 12, 14, 4, 11, 2, 5, 8]",34,"[1.634546160697937, -0.03403109312057495, 0.3604329228401184, 0.42619723081588745, 0.6770308017730713, -0.10355846583843231, 0.6684873104095459, 0.06099005043506622, 0.5818427205085754, 0.8629185557365417, 0.04329881817102432, 0.8682831525802612, 0.5175501108169556, 1.304419755935669, 0.9294057488441467, 0.4163806736469269, 2.2491507530212402, 0.0157167986035347, 2.2819924354553223, 0.41174066066741943, 0.20026393234729767, -0.015425518155097961, 2.0523428916931152, 0.9702051281929016, 0.855270504951477, 0.3575851321220398, 0.25056561827659607, 0.015873894095420837, 0.5204547047615051, 0.5800917744636536, 0.6196326017379761, 0.6996510624885559, 1.7801504135131836, 0.58668053150177, 2.1584725379943848, 2.2223310470581055, 0.4532698094844818, 0.0965481549501419, 0.731051504611969, 1.106163740158081, 0.6385197043418884, 1.169287919998169, 2.9115405082702637, 2.499842405319214, 0.3827890455722809, 0.20037685334682465, 0.6768052577972412, 0.8023081421852112, 1.2176517248153687, 0.3781055808067322, 2.4975669384002686, -0.036745548248291016, 1.1887108087539673, 0.8143997192382812, 0.13296270370483398, 0.8759960532188416, -0.039974525570869446, 0.9567585587501526, 0.5800470113754272, 1.0485308170318604, 0.12685510516166687, 1.3795747756958008, 0.06425651907920837, 1.5962539911270142]"
undermine,"[13, 5, 20, 4, 11, 19, 6, 5, 4]",34,"[1.370558738708496, 0.0023025423288345337, 0.5572618842124939, 0.476693332195282, 0.9684789180755615, -0.032825276255607605, 0.5815874338150024, 0.2449692338705063, 0.8897379040718079, 1.1201664209365845, 0.33714064955711365, 0.7908285856246948, 0.4830114245414734, 1.6789472103118896, 0.9040817618370056, 0.47792595624923706, 2.050189971923828, 0.26419776678085327, 1.9339840412139893, 0.4173375964164734, 0.15501852333545685, -0.03349801152944565, 1.9565311670303345, 1.1350822448730469, 0.8501156568527222, 0.4618057310581207, 0.41071081161499023, 0.01094275712966919, 0.6987535357475281, 0.8316572308540344, 0.6748478412628174, 0.7486515045166016, 1.4875264167785645, 0.5488921403884888, 1.8656381368637085, 1.8019418716430664, 0.6411598324775696, 0.16612525284290314, 0.8854554891586304, 1.221164584159851, 0.6508892774581909, 1.203971266746521, 2.465578079223633, 2.112461566925049, 0.6120855808258057, 0.33877038955688477, 0.9237282872200012, 1.0557726621627808, 1.0744746923446655, 0.7447075843811035, 2.1914331912994385, 0.0069290101528167725, 1.2390719652175903, 0.8730066418647766, 0.18166375160217285, 1.1296550035476685, -0.025289207696914673, 1.0250221490859985, 0.8797469139099121, 1.3710334300994873, 0.29963141679763794, 1.2562800645828247, 0.04975508525967598, 1.28608238697052]"
unequivocal,"[13, 5, 4, 24, 13, 6, 28, 12, 18, 2, 14]",34,"[1.1893806457519531, -0.04891337454319, 0.6938648223876953, 0.49507850408554077, 1.0163966417312622, 0.20895452797412872, 0.3895293176174164, 0.44560492038726807, 1.0737191438674927, 1.0824555158615112, 0.6368316411972046, 0.7093768119812012, 0.4438701868057251, 1.716257095336914, 0.7136129140853882, 0.7330204248428345, 1.7790008783340454, 0.5909523963928223, 1.7702586650848389, 0.48767077922821045, 0.31297746300697327, 0.062321797013282776, 1.5906708240509033, 0.9985001683235168, 0.8752161264419556, 0.6134481430053711, 0.6400052309036255, -0.04319533705711365, 0.92409747838974, 0.8052629232406616, 0.6068084239959717, 0.7515034675598145, 1.4400570392608643, 0.462085098028183, 1.5502427816390991, 1.681722640991211, 0.7387930154800415, 0.4882744550704956, 0.873142421245575, 0.8902603387832642, 0.7916826605796814, 0.9475764036178589, 2.1513748168945312, 1.809006690979004, 0.9901160001754761, 0.41115155816078186, 1.0597480535507202, 1.2703285217285156, 1.004874587059021, 1.0282342433929443, 1.9019697904586792, 0.07348355650901794, 1.1022800207138062, 0.8717355132102966, 0.3970155119895935, 1.085861325263977, -0.03200392425060272, 1.0844392776489258, 0.9664028882980347, 1.398937702178955, 0.4361933767795563, 1.0026781558990479, 0.05183961242437363, 1.0011272430419922]"
acceleration,"[2, 18, 18, 4, 14, 4, 11, 2, 8, 6, 12, 5]",34,"[0.7195761799812317, -0.037878140807151794, 0.7146453857421875, 0.6216155886650085, 1.3205435276031494, 0.17112138867378235, 0.21782034635543823, 0.6964890956878662, 1.3468745946884155, 1.3887152671813965, 0.9068667888641357, 0.23853309452533722, 0.15109559893608093, 1.7465033531188965, 0.520781934261322, 0.666923999786377, 1.217690110206604, 0.7527108192443848, 1.165388822555542, 0.4156683683395386, 0.30705296993255615, 0.09833691269159317, 1.09694504737854, 1.201748251914978, 0.8220421075820923, 0.6138221621513367, 0.5367578268051147, -0.023012936115264893, 0.7610519528388977, 0.9045751690864563, 0.1978258192539215, 0.7885259985923767, 1.01590895652771, 0.3162664771080017, 1.013056755065918, 1.0700393915176392, 0.978602409362793, 0.36887991428375244, 1.0844619274139404, 0.767469048500061, 0.6955905556678772, 0.50035160779953, 1.397261142730713, 1.0776722431182861, 0.7769396305084229, 0.623105525970459, 1.031934380531311, 1.0718574523925781, 0.7152611017227173, 1.112013816833496, 1.249731421470642, 0.05212670564651489, 0.6244919896125793, 0.5183691382408142, 0.42625346779823303, 1.311893105506897, 0.0145927295088768, 1.0120545625686646, 1.2382020950317383, 1.3592329025268555, 0.6151825785636902, 0.525274395942688, 0.056359291076660156, 0.5544357895851135]"
biome,"[10, 6, 12, 19, 4]",34,"[0.7566789984703064, 0.0251723974943161, 0.619629979133606, 0.2689109444618225, 1.0941426753997803, 0.3194650709629059, 0.37901222705841064, 0.6089192628860474, 1.0929933786392212, 0.9451457858085632, 0.7663507461547852, 0.5916538834571838, 0.2660396099090576, 1.7815217971801758, 0.2973915636539459, 0.5132173299789429, 1.0963906049728394, 0.8124554753303528, 1.1915968656539917, 0.301969051361084, 0.21282437443733215, 0.001617971807718277, 0.8158646821975708, 0.7568891644477844, 0.5511007905006409, 0.3000366985797882, 0.8861215114593506, 0.10726012289524078, 1.0565062761306763, 0.308234840631485, 0.45922356843948364, 0.4000925123691559, 0.9453490376472473, 0.3117547035217285, 0.9456967711448669, 1.1449487209320068, 0.4572587311267853, 0.6697034239768982, 0.4299638569355011, 0.6749188899993896, 0.2755510210990906, 0.7269980907440186, 1.3389720916748047, 1.0485303401947021, 1.1374224424362183, 0.26556819677352905, 1.2160533666610718, 1.3770865201950073, 0.4321342706680298, 1.183957815170288, 1.170617938041687, 0.2603849768638611, 0.4698612689971924, 0.7041094899177551, 0.28303831815719604, 0.9281468987464905, 0.07046191394329071, 0.7194176912307739, 0.9331713914871216, 1.2574024200439453, 0.40749719738960266, 0.4343765079975128, 0.052927665412425995, 0.6442260146141052]"
chromosome,"[18, 9, 11, 12, 19, 12, 7, 12, 19, 4]",34,"[0.5225725769996643, -0.02031564712524414, 1.287087082862854, 0.3359459638595581, 1.471243977546692, -0.09294731914997101, 0.08719471096992493, 0.5146992206573486, 1.1149194240570068, 1.548506736755371, 0.7182742953300476, 0.7986129522323608, 0.5621224045753479, 2.0157196521759033, 0.5348900556564331, 1.0888217687606812, 1.0504212379455566, 0.5229700803756714, 0.7780535221099854, 0.18369248509407043, -0.014866642653942108, 0.024669405072927475, 1.4935243129730225, 1.2160134315490723, 0.4381111264228821, 1.1119534969329834, 0.8192172050476074, 0.02193455398082733, 1.083745002746582, 1.158249020576477, 0.8660855889320374, 0.7139561176300049, 0.6009727120399475, 0.21281205117702484, 0.9029819965362549, 0.7017519474029541, 1.0495840311050415, 0.196232408285141, 1.3133162260055542, 0.9026045799255371, 0.5718576908111572, 1.1606793403625488, 1.066097378730774, 0.8433344960212708, 1.2091768980026245, 0.8483018279075623, 1.4849151372909546, 1.3306044340133667, 0.6038575172424316, 1.4017397165298462, 0.9624813199043274, 0.052420854568481445, 1.4685790538787842, 1.2696675062179565, 0.6625887155532837, 1.4518556594848633, -0.01986423134803772, 0.7754941582679749, 1.3000099658966064, 1.824954867362976, 0.8193122744560242, 1.0293936729431152, 0.0171700119972229, 0.4659944176673889]"
decomposition,"[20, 4, 18, 12, 19, 3, 12, 7, 6, 8, 6, 12, 5]",34,"[0.9042924046516418, -0.06623600423336029, 0.7352619171142578, 0.7446492314338684, 1.2679080963134766, 0.1569928377866745, 0.4912927448749542, 0.664801299571991, 1.3564510345458984, 1.3710410594940186, 0.8247578740119934, -0.006133913993835449, 0.13646242022514343, 1.5472743511199951, 0.7460429668426514, 0.6348440051078796, 1.5014675855636597, 0.6833708882331848, 1.5904803276062012, 0.6757908463478088, 0.4029332399368286, 0.12401636689901352, 1.352400541305542, 1.3803201913833618, 1.1399028301239014, 0.7847779393196106, 0.3080562949180603, -0.09327226877212524, 0.5031121373176575, 1.2432379722595215, 0.08386334776878357, 1.0311503410339355, 1.5266480445861816, 0.5739611983299255, 1.3436115980148315, 1.4153635501861572, 1.1881928443908691, 0.2118310034275055, 1.3444597721099854, 0.8457344770431519, 1.0344055891036987, 0.34506797790527344, 1.9850460290908813, 1.5361769199371338, 0.5360265970230103, 0.7576829791069031, 0.8244737982749939, 0.8249202966690063, 1.0333137512207031, 1.0649439096450806, 1.7908567190170288, 0.029547512531280518, 0.7883861064910889, 0.4200594127178192, 0.469220370054245, 1.3321696519851685, 0.006634548306465149, 1.2338004112243652, 1.2556718587875366, 1.2297210693359375, 0.6332165598869324, 0.738867461681366, 0.08940283954143524, 0.780681848526001]"
element,"[4, 14, 4, 19, 4, 5, 8]",34,"[1.1387311220169067, 0.0695783868432045, 0.4389880895614624, 0.2800584137439728, 0.8616985082626343, 0.03957858681678772, 0.5484330654144287, 0.25327011942863464, 0.7177286148071289, 0.8826260566711426, 0.24168720841407776, 0.7968994379043579, 0.4026775360107422, 1.4389121532440186, 0.6104273200035095, 0.3531096279621124, 1.6414389610290527, 0.2886587381362915, 1.6147584915161133, 0.2999834418296814, 0.13496355712413788, -0.016911543905735016, 1.4663913249969482, 0.8687340617179871, 0.6423594951629639, 0.30137258768081665, 0.4527398347854614, 0.1685411036014557, 0.6794161200523376, 0.4556576907634735, 0.5498329997062683, 0.5012112855911255, 1.222069501876831, 0.44959673285484314, 1.5014764070510864, 1.5426931381225586, 0.38891124725341797, 0.2542601227760315, 0.575873076915741, 1.0339854955673218, 0.31579509377479553, 1.0253876447677612, 2.0186681747436523, 1.6257051229476929, 0.6381988525390625, 0.22189348936080933, 0.8562776446342468, 0.974823534488678, 0.7079004049301147, 0.7154135704040527, 1.759053349494934, 0.1437746286392212, 0.8419086337089539, 0.7406200170516968, 0.12682342529296875, 0.9148456454277039, 0.043076805770397186, 0.8084222674369812, 0.7048323154449463, 1.1332521438598633, 0.21735984086990356, 0.8830512166023254, 0.027368798851966858, 1.0727251768112183]"
empirical,"[4, 19, 3, 6, 11, 6, 18, 2, 14]",34,"[0.6925172209739685, -0.013788804411888123, 1.0634982585906982, 0.6992269158363342, 1.8058820962905884, 0.07870852947235107, 0.07318904250860214, 0.8432154059410095, 1.6805744171142578, 1.9284651279449463, 1.0301507711410522, 0.567772388458252, 0.3210122585296631, 2.504030704498291, 0.7109540700912476, 0.7984275817871094, 1.3411625623703003, 0.8685222864151001, 0.9526403546333313, 0.3603062331676483, 0.12994250655174255, 0.047754108905792236, 1.6596825122833252, 1.6107194423675537, 0.8402245044708252, 0.8182269334793091, 0.6591430902481079, 0.01686510443687439, 1.0545672178268433, 1.3310856819152832, 0.551771342754364, 0.9773176908493042, 0.8307285308837891, 0.25465652346611023, 1.1851295232772827, 0.7754946947097778, 1.290722370147705, 0.27723050117492676, 1.4804651737213135, 1.3243523836135864, 0.7293981909751892, 1.071581482887268, 1.3533670902252197, 1.013954997062683, 1.0756266117095947, 0.8228696584701538, 1.4733245372772217, 1.4734289646148682, 0.7108452320098877, 1.512863278388977, 1.197780728340149, 0.0377693772315979, 1.2039684057235718, 0.9015465378761292, 0.4069581627845764, 1.8424268960952759, 0.02672327309846878, 1.2764694690704346, 1.6928801536560059, 2.0301058292388916, 0.8334614634513855, 0.9270927906036377, 0.021586555987596512, 0.43928050994873047]"
entrepreneur,"[4, 5, 8, 11, 4, 3, 11, 4, 5, 4, 13, 11]",34,"[0.9279031753540039, -0.035408586263656616, 0.7741656303405762, 0.44552168250083923, 1.2376350164413452, -0.13155870139598846, 0.17403772473335266, 0.3535770773887634, 1.006859302520752, 1.3579821586608887, 0.5415419340133667, 0.7410382032394409, 0.5054793953895569, 1.9006664752960205, 0.6652286648750305, 0.6779327988624573, 1.4823966026306152, 0.3328894376754761, 1.2694730758666992, 0.22021324932575226, 0.048879217356443405, 0.008696485310792923, 1.7554351091384888, 1.2141062021255493, 0.5958532094955444, 0.6407302618026733, 0.6198824644088745, 0.003158465027809143, 0.9281002283096313, 0.8677726984024048, 0.7013228535652161, 0.705915629863739, 0.8799089193344116, 0.3003467321395874, 1.3975788354873657, 1.1538678407669067, 0.8256972432136536, 0.14799214899539948, 1.052108645439148, 1.0436463356018066, 0.5638564825057983, 1.1550464630126953, 1.7036867141723633, 1.4216605424880981, 0.8600747585296631, 0.5288701057434082, 1.18327796459198, 1.2015690803527832, 0.7950598001480103, 0.9734448194503784, 1.5081106424331665, -0.02895498275756836, 1.2337416410446167, 0.9836740493774414, 0.3898797631263733, 1.3214993476867676, -0.02561366558074951, 0.8484395742416382, 1.0299659967422485, 1.5871392488479614, 0.46164897084236145, 1.1323268413543701, 0.009782988578081131, 0.8601528406143188]"
gene,"[17, 4, 5, 4]",34,"[1.005354404449463, 0.05834675580263138, 0.5939190983772278, 0.12086474150419235, 0.8654277324676514, 0.11316263675689697, 0.40458837151527405, 0.2302960604429245, 0.7219482064247131, 0.7352278232574463, 0.4353911578655243, 1.048180103302002, 0.577862024307251, 1.786454677581787, 0.35271480679512024, 0.5692460536956787, 1.3793814182281494, 0.4083024561405182, 1.3785133361816406, 0.1276264786720276, 0.10283421725034714, -0.030866747722029686, 1.2235069274902344, 0.6041012406349182, 0.43784019351005554, 0.24627140164375305, 0.9637998342514038, 0.1411813348531723, 1.2371549606323242, 0.07235856354236603, 0.8573126196861267, 0.22700460255146027, 0.9418639540672302, 0.29343917965888977, 1.2726572751998901, 1.417935848236084, 0.1309797167778015, 0.6271178126335144, 0.2002149224281311, 0.71519935131073, 0.0966930240392685, 1.1556075811386108, 1.6396563053131104, 1.3510035276412964, 1.3389735221862793, 0.032822851091623306, 1.358771800994873, 1.500679850578308, 0.49320247769355774, 1.0066239833831787, 1.4559959173202515, 0.20948608219623566, 0.8275264501571655, 1.117211103439331, 0.30864831805229187, 0.7564477324485779, 0.0336991548538208, 0.5253152251243591, 0.6441060304641724, 1.3901180028915405, 0.2120814025402069, 0.7833261489868164, 0.005830276757478714, 0.9650413990020752]"
heredity,"[9, 4, 11, 4, 20, 6, 8, 21]",34,"[1.0454431772232056, -0.028643354773521423, 0.6135531067848206, 0.23992598056793213, 0.8503831028938293, 0.22488750517368317, 0.5494056940078735, 0.447332501411438, 0.8248530030250549, 0.6869595050811768, 0.7035860419273376, 0.46548834443092346, 0.3730144500732422, 1.3614544868469238, 0.3734835386276245, 0.7204093933105469, 1.2879258394241333, 0.5912643074989319, 1.583725929260254, 0.25261545181274414, 0.2581496834754944, 0.009522546082735062, 0.9720725417137146, 0.5775045156478882, 0.5053033232688904, 0.4957124590873718, 0.8402254581451416, -0.009047120809555054, 0.9236322641372681, 0.3574781119823456, 0.4736749529838562, 0.5071254372596741, 1.241297960281372, 0.43228569626808167, 1.1089191436767578, 1.58451247215271, 0.4821877181529999, 0.6012364625930786, 0.4742772579193115, 0.34713214635849, 0.5125565528869629, 0.5325106382369995, 1.7920619249343872, 1.5324643850326538, 1.0881484746932983, 0.2782382369041443, 1.0035818815231323, 1.1915878057479858, 0.7295204401016235, 0.9453048706054688, 1.578351378440857, 0.13842158019542694, 0.6496846675872803, 0.7552992701530457, 0.5110661387443542, 0.6544094085693359, 0.021454080939292908, 0.5386728644371033, 0.6805803775787354, 1.007210373878479, 0.40714776515960693, 0.6113036870956421, 0.08671603351831436, 1.0414403676986694]"
immigration,"[6, 19, 19, 6, 17, 11, 2, 8, 6, 12, 5]",34,"[0.3854658901691437, -0.03855980932712555, 1.2758197784423828, 0.7962057590484619, 2.13968563079834, -0.007552102208137512, 0.05900433659553528, 1.0377358198165894, 1.8396666049957275, 2.2908730506896973, 1.239311933517456, 0.15878024697303772, 0.15368753671646118, 2.289659261703491, 0.6538603901863098, 0.9046587944030762, 0.9368658065795898, 0.9034309387207031, 0.660453200340271, 0.38770997524261475, 0.1463199257850647, 0.0829390361905098, 1.4439294338226318, 1.921802043914795, 0.7789509296417236, 1.1940746307373047, 0.5563665628433228, -0.014846235513687134, 0.7654804587364197, 1.670827865600586, 0.21318095922470093, 1.133362054824829, 0.6867642402648926, 0.24995341897010803, 0.87074214220047, 0.4997607171535492, 1.717590093612671, 0.027431800961494446, 2.0399136543273926, 1.2147921323776245, 0.8886603116989136, 0.7045325040817261, 1.0445245504379272, 0.6228361129760742, 0.8804748058319092, 1.2780635356903076, 1.4130016565322876, 1.0838392972946167, 0.6518701314926147, 1.6724839210510254, 0.8651002049446106, 0.005687206983566284, 1.1805880069732666, 0.7939488291740417, 0.6456072330474854, 2.0808663368225098, 0.03968382626771927, 1.2952630519866943, 2.0352044105529785, 1.9487226009368896, 1.1042193174362183, 0.7027848958969116, 0.0389271154999733, 0.16788232326507568]"
imperialism,"[6, 19, 3, 4, 11, 6, 2, 14, 6, 7, 19]",34,"[0.8650655746459961, 0.03879896551370621, 0.5782644152641296, 0.7425967454910278, 1.1745684146881104, 0.25303465127944946, 0.40054357051849365, 0.5683865547180176, 1.1882946491241455, 1.337562918663025, 0.6629816889762878, 0.25956982374191284, 0.13963426649570465, 1.6404681205749512, 0.8176387548446655, 0.36534836888313293, 1.5396767854690552, 0.6467087268829346, 1.3783013820648193, 0.6761249303817749, 0.3125206232070923, 0.10860834270715714, 1.3771700859069824, 1.340993046760559, 1.0858304500579834, 0.5108676552772522, 0.2961261570453644, 0.04114244878292084, 0.5055586695671082, 1.121428370475769, 0.23937788605690002, 0.870736300945282, 1.2969543933868408, 0.4923144578933716, 1.3979713916778564, 1.203847050666809, 0.9370670318603516, 0.2881830930709839, 1.1544795036315918, 1.1432371139526367, 0.7985672354698181, 0.6473767757415771, 1.845436930656433, 1.3941744565963745, 0.4206821620464325, 0.5488038659095764, 0.7399029731750488, 0.8751356601715088, 0.895764946937561, 0.9286695718765259, 1.7328490018844604, 0.14921587705612183, 0.840244472026825, 0.43125876784324646, 0.1427227258682251, 1.3245747089385986, 0.05929667502641678, 1.2475612163543701, 1.1981946229934692, 1.2600675821304321, 0.45067158341407776, 0.7818337678909302, 0.07159290462732315, 0.6685354709625244]"
industrialization,"[6, 5, 20, 13, 7, 8, 11, 6, 2, 14, 6, 15, 2, 8, 6, 12, 5]",34,"[0.5268799662590027, -0.04637525975704193, 0.9722203016281128, 0.6779928207397461, 1.2746165990829468, 0.053446874022483826, 0.20148465037345886, 0.6190166473388672, 1.131058931350708, 1.4365158081054688, 0.8168131709098816, -0.0483928918838501, 0.16460098326206207, 1.2088842391967773, 0.632482647895813, 0.9491735100746155, 1.0347206592559814, 0.5304480791091919, 0.9814625978469849, 0.47111690044403076, 0.26184558868408203, 0.13476049900054932, 1.20682954788208, 1.296802282333374, 0.7921852469444275, 1.1427137851715088, 0.2912372052669525, -0.09127980470657349, 0.40501201152801514, 1.4584176540374756, 0.0785474181175232, 1.0303747653961182, 1.0025625228881836, 0.34610220789909363, 0.8539514541625977, 0.8547718524932861, 1.3879860639572144, 0.06846538931131363, 1.6050828695297241, 0.5972719192504883, 1.0453755855560303, 0.24777352809906006, 1.2391161918640137, 0.961337685585022, 0.46387940645217896, 1.038341760635376, 0.7687392830848694, 0.6398009657859802, 0.922067403793335, 1.0379787683486938, 1.201127529144287, -0.01302066445350647, 1.0256496667861938, 0.5113844871520996, 0.6968660354614258, 1.3646804094314575, 0.005534999072551727, 0.9640395045280457, 1.2805569171905518, 1.1630070209503174, 0.820266842842102, 0.7047502994537354, 0.0641663670539856, 0.4500018060207367]"
inertia,"[6, 5, 4, 11, 8, 6, 2]",34,"[0.33369261026382446, 0.037012696266174316, 0.9220157265663147, 0.27888092398643494, 1.3309322595596313, 0.17978782951831818, 0.09926596283912659, 0.7161911129951477, 1.13307523727417, 1.2373132705688477, 0.9054835438728333, 0.4919499158859253, 0.287181556224823, 1.807570219039917, 0.24433135986328125, 0.7392762303352356, 0.5980007648468018, 0.7767956256866455, 0.5326096415519714, 0.14128421247005463, 0.07630658894777298, 0.008237548172473907, 0.8081135153770447, 0.9116092920303345, 0.3338521122932434, 0.6578426361083984, 0.8583483695983887, 0.09312526881694794, 1.0134330987930298, 0.7028271555900574, 0.49432042241096497, 0.517653226852417, 0.41661781072616577, 0.12071051448583603, 0.49845069646835327, 0.4448204040527344, 0.7627786993980408, 0.430880606174469, 0.8643558025360107, 0.6242334842681885, 0.3050712049007416, 0.7272779941558838, 0.6293261647224426, 0.45945173501968384, 1.1476123332977295, 0.5787459015846252, 1.2962925434112549, 1.2830015420913696, 0.2979174852371216, 1.3006157875061035, 0.5679343938827515, 0.19285649061203003, 0.7165986895561218, 0.7907403707504272, 0.48565444350242615, 1.155171275138855, 0.07136291265487671, 0.6043850183486938, 1.1401138305664062, 1.4435499906539917, 0.6718683838844299, 0.45527374744415283, 0.03945836424827576, 0.2644776701927185]"
inflation,"[6, 5, 22, 14, 2, 8, 6, 12, 5]",34,"[0.731541633605957, 0.006384521722793579, 0.7269545793533325, 0.3547114133834839, 1.2036312818527222, 0.25543978810310364, 0.33151936531066895, 0.7120099663734436, 1.1463608741760254, 1.165221095085144, 0.7514288425445557, 0.45240893959999084, 0.19440549612045288, 1.6008243560791016, 0.3905259966850281, 0.5868648886680603, 1.01881742477417, 0.7732743620872498, 1.1103777885437012, 0.3400196433067322, 0.1980288326740265, 0.03528179973363876, 0.9340912103652954, 1.0031028985977173, 0.5653612613677979, 0.5937609076499939, 0.6303783655166626, 0.08142790198326111, 0.7739297747612, 0.6827505230903625, 0.325904905796051, 0.5835263133049011, 0.9388779997825623, 0.2787526249885559, 0.8907266855239868, 1.0390986204147339, 0.7677404880523682, 0.4164297580718994, 0.8850905299186707, 0.7339290380477905, 0.46553218364715576, 0.6465414762496948, 1.3142393827438354, 0.9752249121665955, 0.8531243801116943, 0.5600159168243408, 1.032271146774292, 1.0999888181686401, 0.548477292060852, 1.1556440591812134, 1.0986974239349365, 0.20387697219848633, 0.6602800488471985, 0.6194078922271729, 0.34704795479774475, 1.073520541191101, 0.05661485716700554, 0.8553202152252197, 1.1115103960037231, 1.2192091941833496, 0.592107892036438, 0.4910382032394409, 0.07284418493509293, 0.5765742063522339]"
migration,"[19, 6, 17, 11, 2, 8, 6, 12, 5]",34,"[1.0543447732925415, -0.039676085114479065, 0.6987764239311218, 0.6211953163146973, 1.1787885427474976, -0.06320361793041229, 0.4263434112071991, 0.40925782918930054, 1.0395190715789795, 1.3720197677612305, 0.5152320265769958, 0.3358231484889984, 0.2903764247894287, 1.3753924369812012, 0.8734109997749329, 0.6086863875389099, 1.6916354894638062, 0.30150875449180603, 1.6338651180267334, 0.501570999622345, 0.22408924996852875, 0.026921406388282776, 1.712386965751648, 1.3502787351608276, 0.8956121206283569, 0.7854076027870178, 0.22741937637329102, -0.02736338973045349, 0.4227537512779236, 1.200005054473877, 0.2804304361343384, 0.9760866761207581, 1.4062304496765137, 0.5450447797775269, 1.5377122163772583, 1.5120408535003662, 1.1267396211624146, -0.022245481610298157, 1.3356107473373413, 1.0402945280075073, 0.9806175827980042, 0.703525185585022, 2.144369602203369, 1.698691725730896, 0.35957953333854675, 0.7329113483428955, 0.7667101621627808, 0.6854766607284546, 1.1399869918823242, 0.805713415145874, 1.8848886489868164, -0.04474923014640808, 1.1551028490066528, 0.6459588408470154, 0.3659041225910187, 1.2869343757629395, -0.014453038573265076, 1.108935832977295, 1.1155691146850586, 1.1872410774230957, 0.530135452747345, 1.0337387323379517, 0.05135269835591316, 0.9787682294845581]"
momentum,"[19, 12, 19, 4, 5, 8, 13, 19]",34,"[0.5165096521377563, -0.027044862508773804, 0.8347541689872742, 0.5828524827957153, 1.4258620738983154, -0.05445532500743866, 0.14675672352313995, 0.609809160232544, 1.2226346731185913, 1.5749577283859253, 0.6424089670181274, 0.24922385811805725, 0.1690891534090042, 1.5804617404937744, 0.6680719256401062, 0.6203903555870056, 1.1117302179336548, 0.4587792456150055, 0.8624619841575623, 0.40214383602142334, 0.05162269249558449, 0.03799068182706833, 1.3672443628311157, 1.462440013885498, 0.7074918150901794, 0.8522994518280029, 0.343085378408432, 0.008724704384803772, 0.49863070249557495, 1.2151215076446533, 0.21576842665672302, 0.9274908900260925, 0.88035649061203, 0.34187051653862, 1.0442538261413574, 0.7135719060897827, 1.23640775680542, -0.023329392075538635, 1.469112515449524, 1.0294502973556519, 0.7735656499862671, 0.6637846231460571, 1.2885762453079224, 0.8999658823013306, 0.49465811252593994, 0.8757034540176392, 0.9303414225578308, 0.8119966387748718, 0.7850099802017212, 1.1122236251831055, 1.1446551084518433, 0.03701314330101013, 0.9974611401557922, 0.5530402660369873, 0.4062046408653259, 1.4784990549087524, 0.01695975661277771, 1.1147630214691162, 1.344271183013916, 1.4114928245544434, 0.6957777142524719, 0.7519876956939697, 0.016588065773248672, 0.41464370489120483]"
mutation,"[19, 13, 8, 2, 8, 6, 12, 5]",34,"[0.5044604539871216, 0.0014467835426330566, 0.9252632856369019, 0.552439272403717, 1.631489872932434, 0.07538957893848419, 0.1909492313861847, 0.7900557518005371, 1.4170153141021729, 1.72671639919281, 0.8637756109237671, 0.32988905906677246, 0.14783047139644623, 1.8303470611572266, 0.5688818693161011, 0.6603768467903137, 1.0421581268310547, 0.6777735948562622, 0.8583728671073914, 0.3809362053871155, 0.11769972741603851, 0.0330202579498291, 1.202120065689087, 1.4914559125900269, 0.6699269413948059, 0.8219143152236938, 0.5199462175369263, 0.0672231912612915, 0.683521568775177, 1.1397579908370972, 0.23015260696411133, 0.8703569769859314, 0.8200218081474304, 0.308320015668869, 0.8996637463569641, 0.7473763227462769, 1.2145228385925293, 0.1446542590856552, 1.4374279975891113, 1.0714505910873413, 0.6612279415130615, 0.6919242739677429, 1.1635468006134033, 0.715606153011322, 0.7554051876068115, 0.8755387663841248, 1.135567307472229, 1.0039591789245605, 0.6421456336975098, 1.356651782989502, 1.027373194694519, 0.09742498397827148, 0.8940915465354919, 0.627223014831543, 0.41310831904411316, 1.5824882984161377, 0.04576495289802551, 1.1096835136413574, 1.5384752750396729, 1.5532410144805908, 0.7850419282913208, 0.5940442085266113, 0.02519293874502182, 0.3350293040275574]"
nationalism,"[5, 2, 8, 6, 12, 5, 2, 14, 6, 7, 19]",34,"[0.5257558226585388, 0.00738738477230072, 0.9620739817619324, 0.4347493350505829, 1.2932519912719727, 0.1846502274274826, 0.26609352231025696, 0.6783262491226196, 1.075295090675354, 1.325506329536438, 0.7212545871734619, 0.24014641344547272, 0.18630655109882355, 1.3429789543151855, 0.5345244407653809, 0.7488945722579956, 0.9380770921707153, 0.6631225943565369, 0.9190061688423157, 0.4256991744041443, 0.1651107370853424, 0.0706663727760315, 1.065987467765808, 1.1955859661102295, 0.600452184677124, 0.9468034505844116, 0.4670512080192566, 0.03556053340435028, 0.5165190696716309, 1.2034132480621338, 0.22077539563179016, 0.8382385969161987, 0.8930433392524719, 0.3091631829738617, 0.7828260064125061, 0.8160250782966614, 1.12723708152771, 0.22164657711982727, 1.3330833911895752, 0.7578256130218506, 0.768790602684021, 0.502676784992218, 1.1836535930633545, 0.861787736415863, 0.5968520641326904, 0.8808103799819946, 0.8461987972259521, 0.823707640171051, 0.7234117984771729, 1.1228375434875488, 1.103866696357727, 0.1539016216993332, 0.9643280506134033, 0.6167616844177246, 0.47952982783317566, 1.2293833494186401, 0.06252901256084442, 0.9157992601394653, 1.250267744064331, 1.1746292114257812, 0.7431525588035583, 0.6588072776794434, 0.07968492805957794, 0.40463221073150635]"
periodic table,"[3, 4, 11, 6, 12, 20, 6, 18, 31, 8, 2, 10, 14, 4]",34,"[0.6723852753639221, -0.06516528129577637, 0.7930726408958435, 1.0500962734222412, 1.6939806938171387, 0.11106954514980316, 0.2201818823814392, 0.9284186363220215, 1.9509941339492798, 1.9049614667892456, 1.3963680267333984, -0.16126111149787903, 0.009833674877882004, 2.2286722660064697, 0.7017730474472046, 0.7756028175354004, 1.4611402750015259, 1.0025269985198975, 1.215194821357727, 0.5704662799835205, 0.474051833152771, 0.1622372567653656, 1.257807731628418, 1.631280779838562, 1.2564585208892822, 0.7464373707771301, 0.5221636295318604, -0.14473497867584229, 0.8604300618171692, 1.3249845504760742, 0.04022703319787979, 1.1483252048492432, 1.202852487564087, 0.48749154806137085, 1.1225917339324951, 1.1143364906311035, 1.4006000757217407, 0.3797646164894104, 1.4656237363815308, 0.9493268728256226, 1.067816972732544, 0.2772466242313385, 1.5376546382904053, 1.1696763038635254, 0.8801428079605103, 0.8068532943725586, 1.2422341108322144, 1.241302251815796, 0.8777878284454346, 1.4320240020751953, 1.421470284461975, -0.1109362244606018, 0.5352804660797119, 0.3391720652580261, 0.5929006934165955, 1.7992347478866577, -0.03498688340187073, 1.4375531673431396, 1.6601464748382568, 1.7798728942871094, 0.8080100417137146, 0.4040982723236084, 0.02952982485294342, 0.45233309268951416]"
predator,"[3, 11, 4, 20, 2, 8, 12, 11]",34,"[1.485872507095337, -0.041355475783348083, 0.19444908201694489, 0.4885447323322296, 0.7977303862571716, -0.04855935275554657, 0.6578594446182251, 0.20225003361701965, 0.8452836275100708, 0.9331154227256775, 0.24829444289207458, 0.5293904542922974, 0.2924535870552063, 1.339601755142212, 0.9264243841171265, 0.2482653260231018, 2.2606241703033447, 0.15712763369083405, 2.302943229675293, 0.4873541593551636, 0.22068291902542114, -0.04459989815950394, 1.8216733932495117, 1.0546783208847046, 0.9520153403282166, 0.1765848994255066, 0.2458808422088623, -0.005241185426712036, 0.4681457281112671, 0.5607154369354248, 0.28475233912467957, 0.8112321496009827, 1.8046653270721436, 0.6770567297935486, 2.074262857437134, 2.1979377269744873, 0.6109869480133057, 0.16237381100654602, 0.6972054839134216, 1.0657925605773926, 0.7773891687393188, 0.8119107484817505, 2.837305784225464, 2.441810131072998, 0.3222405016422272, 0.18657836318016052, 0.6700631380081177, 0.7621970772743225, 1.261371374130249, 0.49508610367774963, 2.505152463912964, -0.021286219358444214, 0.7554478049278259, 0.46678200364112854, 0.0842561200261116, 0.9623177647590637, -0.032193899154663086, 1.0412222146987915, 0.6755508184432983, 0.9976434111595154, 0.12666015326976776, 1.0893298387527466, 0.04213184863328934, 1.520942211151123]"
qualitative,"[24, 13, 2, 14, 6, 8, 2, 8, 6, 28, 4]",34,"[1.097110629081726, -0.07870830595493317, 0.2627148926258087, 0.7795897126197815, 0.9508451223373413, 0.0419648140668869, 0.37242794036865234, 0.44520020484924316, 1.2016392946243286, 1.107789397239685, 0.6826387643814087, 0.10836957395076752, 0.14331240952014923, 1.4701979160308838, 0.8240110278129578, 0.43719226121902466, 1.8886204957962036, 0.4126197397708893, 1.8881604671478271, 0.6093319654464722, 0.41572123765945435, 0.06725112348794937, 1.4760793447494507, 1.1611859798431396, 1.1467945575714111, 0.36036500334739685, 0.30444130301475525, -0.0925036072731018, 0.5512431859970093, 0.8021289706230164, 0.07088524848222733, 0.9623547196388245, 1.618283987045288, 0.614316463470459, 1.7074702978134155, 1.775177240371704, 0.8999416828155518, 0.310901403427124, 0.9325407147407532, 0.8211050033569336, 1.0675450563430786, 0.38099244236946106, 2.2998127937316895, 1.8819423913955688, 0.4677472412586212, 0.366181343793869, 0.7349657416343689, 0.8503298163414001, 1.184549331665039, 0.7122902870178223, 2.0162038803100586, -0.08028101921081543, 0.5667158365249634, 0.267645925283432, 0.3402923345565796, 1.1571834087371826, -0.054739102721214294, 1.2473841905593872, 0.8850658535957336, 1.114149570465088, 0.3032315969467163, 0.7105861306190491, 0.013291500508785248, 1.0506044626235962]"
quantitative,"[24, 13, 2, 5, 8, 6, 8, 2, 8, 6, 28, 4]",34,"[0.8262884616851807, -0.04855374991893768, 0.3338126838207245, 0.8800950646400452, 1.2449735403060913, 0.08309367299079895, 0.2067083716392517, 0.6374867558479309, 1.5075037479400635, 1.4032877683639526, 0.9005802869796753, 0.06320886313915253, 0.029395772144198418, 1.8467521667480469, 0.7219741344451904, 0.3826185464859009, 1.6122342348098755, 0.6278166770935059, 1.4345872402191162, 0.5837709307670593, 0.3940156102180481, 0.0959872230887413, 1.2636479139328003, 1.3289670944213867, 1.1669178009033203, 0.3226544260978699, 0.3747559189796448, -0.05714404582977295, 0.6591325998306274, 0.8446043729782104, 0.05058782547712326, 0.9511674642562866, 1.3214964866638184, 0.5064215660095215, 1.4511836767196655, 1.294041395187378, 0.9884046316146851, 0.3434840738773346, 1.0196378231048584, 0.9552253484725952, 0.9144375920295715, 0.38611164689064026, 1.8290234804153442, 1.371593952178955, 0.5896327495574951, 0.419816255569458, 0.9206454753875732, 1.040102481842041, 0.9284671545028687, 0.9398372173309326, 1.6178498268127441, -0.05382770299911499, 0.38696351647377014, 0.20934544503688812, 0.26688921451568604, 1.4033777713775635, -0.031434521079063416, 1.3572001457214355, 1.1629902124404907, 1.3754488229751587, 0.4215189814567566, 0.4723655879497528, -0.004401270300149918, 0.682217001914978]"
recession,"[11, 4, 18, 4, 7, 7, 6, 12, 5]",34,"[0.6238131523132324, 0.004074320197105408, 1.2112674713134766, 0.08123093098402023, 1.2281203269958496, 0.2880389392375946, 0.2638477683067322, 0.6044620871543884, 0.9271231889724731, 1.007534146308899, 0.8475956916809082, 0.9408026933670044, 0.5704516172409058, 1.8966002464294434, 0.16238412261009216, 1.0178282260894775, 0.7301199436187744, 0.8375529646873474, 0.8407652974128723, 0.15574339032173157, 0.1340133100748062, 0.024016495794057846, 0.950665295124054, 0.6920611262321472, 0.2553281784057617, 0.8141710162162781, 1.160697102546692, 0.04838442802429199, 1.3370084762573242, 0.5441609621047974, 0.9238778352737427, 0.31289371848106384, 0.6037113666534424, 0.0923127755522728, 0.6233428716659546, 0.8384743928909302, 0.5017362236976624, 0.6649289727210999, 0.6699488162994385, 0.5449033975601196, 0.12723474204540253, 1.0683705806732178, 0.9281328916549683, 0.7887809872627258, 1.5435296297073364, 0.5214385390281677, 1.5120207071304321, 1.5851249694824219, 0.29281148314476013, 1.4755438566207886, 0.8786517381668091, 0.22699883580207825, 1.0950509309768677, 1.296416997909546, 0.6202466487884521, 0.9511168599128723, 0.04362501949071884, 0.46766170859336853, 1.0702269077301025, 1.5492377281188965, 0.6760818362236023, 0.7436525225639343, 0.07617378234863281, 0.4917704164981842]"
reform,"[11, 4, 22, 12, 11, 19]",34,"[1.49030339717865, 0.06090514361858368, 0.33376526832580566, 0.2844398617744446, 0.6471912264823914, 0.004332005977630615, 0.6869519352912903, 0.07977377623319626, 0.4570649564266205, 0.8075444102287292, -0.04049867391586304, 0.9348529577255249, 0.47875499725341797, 1.2026820182800293, 0.9070448279380798, 0.2332291305065155, 2.0994691848754883, 0.06871675699949265, 2.0862538814544678, 0.4140470623970032, 0.11454549431800842, -0.04238609969615936, 1.9207894802093506, 0.9245207905769348, 0.75599205493927, 0.27032965421676636, 0.22868135571479797, 0.15611808001995087, 0.4495251178741455, 0.5748132467269897, 0.5933061242103577, 0.6267750263214111, 1.594149112701416, 0.5726396441459656, 1.9496328830718994, 1.9861912727355957, 0.3785162568092346, 0.10128434747457504, 0.6341094374656677, 1.2498416900634766, 0.48938465118408203, 1.2151203155517578, 2.689338445663452, 2.3220067024230957, 0.2971733808517456, 0.13490082323551178, 0.5672838687896729, 0.7008078694343567, 1.0615918636322021, 0.39116886258125305, 2.355849504470825, 0.10888756811618805, 1.15642511844635, 0.7549581527709961, -0.048081520944833755, 0.8265122771263123, 0.03201109170913696, 0.8983730673789978, 0.5625197291374207, 0.9697906374931335, 0.08639273792505264, 1.332604169845581, 0.07663608342409134, 1.4502888917922974]"
respiration,"[11, 4, 7, 3, 6, 11, 2, 8, 6, 12, 5]",34,"[1.106194257736206, -0.009494945406913757, 0.7221564054489136, 0.7196946144104004, 1.2441283464431763, -0.12263248860836029, 0.3724568486213684, 0.316750705242157, 1.0819683074951172, 1.5544624328613281, 0.3822035789489746, 0.48999109864234924, 0.3578299880027771, 1.5561208724975586, 1.0989153385162354, 0.5804349780082703, 1.989383339881897, 0.18762308359146118, 1.7236754894256592, 0.59405118227005, 0.19126632809638977, 0.02954990044236183, 2.088258981704712, 1.564587116241455, 1.0682802200317383, 0.822956919670105, 0.14102482795715332, 0.0005679726600646973, 0.45706236362457275, 1.4159290790557861, 0.3768221139907837, 1.0983935594558716, 1.5023822784423828, 0.5881392955780029, 1.8059866428375244, 1.5826292037963867, 1.2248448133468628, -0.09388187527656555, 1.496893286705017, 1.3549330234527588, 1.1218048334121704, 0.9341671466827393, 2.346870183944702, 1.8442821502685547, 0.3149571120738983, 0.7340261936187744, 0.8056570291519165, 0.7081847190856934, 1.3220516443252563, 0.8084845542907715, 2.1416006088256836, -0.058226317167282104, 1.4185404777526855, 0.7341379523277283, 0.2822510898113251, 1.4994089603424072, -0.025759249925613403, 1.3194953203201294, 1.2209351062774658, 1.4115588665008545, 0.5113667845726013, 1.289160966873169, 0.02433927357196808, 1.0029736757278442]"
sovereignty,"[7, 12, 28, 4, 11, 4, 6, 17, 5, 8, 21]",34,"[1.3797894716262817, -0.08831849694252014, 0.7285575270652771, 0.2754722535610199, 0.7517200112342834, 0.04494883120059967, 0.5098005533218384, 0.23165030777454376, 0.7132081389427185, 0.7237808704376221, 0.514064610004425, 0.7628865242004395, 0.6932482123374939, 1.4106166362762451, 0.6389235258102417, 0.9409008026123047, 1.7698599100112915, 0.3631972670555115, 1.9938795566558838, 0.30533963441848755, 0.1987016797065735, -0.0051072146743535995, 1.6925907135009766, 0.6669938564300537, 0.5786211490631104, 0.776322066783905, 0.826097846031189, -0.11242008209228516, 1.0235713720321655, 0.605920135974884, 0.820789098739624, 0.6471152901649475, 1.4598379135131836, 0.4940057098865509, 1.6214215755462646, 1.9857501983642578, 0.5869383811950684, 0.5140910148620605, 0.6907885670661926, 0.5353423357009888, 0.7764952778816223, 0.9292144775390625, 2.404498815536499, 2.1380913257598877, 1.0954270362854004, 0.3621620237827301, 1.0590133666992188, 1.2354927062988281, 1.1119638681411743, 0.8432661294937134, 2.093315362930298, -0.013074487447738647, 1.3249213695526123, 1.1648061275482178, 0.6481383442878723, 0.744540810585022, -0.06049886345863342, 0.6412687301635742, 0.6045894026756287, 1.1695036888122559, 0.35514238476753235, 1.2504494190216064, 0.061605390161275864, 1.3761645555496216]"
supply and demand,"[7, 13, 3, 3, 14, 21, 31, 2, 5, 20, 31, 20, 4, 19, 2, 5, 20]",34,"[-0.026556551456451416, 0.0036948323249816895, 1.7670879364013672, 0.28321555256843567, 1.8223809003829956, -0.004447460174560547, -0.0018493235111236572, 0.9671503305435181, 1.4394985437393188, 1.695042371749878, 1.3816580772399902, 0.4026297330856323, 0.49411410093307495, 2.2614471912384033, 0.22776257991790771, 1.4717227220535278, 0.23144713044166565, 1.0605237483978271, 0.06775495409965515, 0.042834945023059845, 0.03471701592206955, -0.008672596886754036, 1.062347173690796, 1.104731559753418, 0.18237566947937012, 1.5572372674942017, 1.213698387145996, 0.007222011685371399, 1.3755972385406494, 1.3761703968048096, 0.8507247567176819, 0.7320351600646973, 0.1832435429096222, 0.09055145829916, 0.17387250065803528, 0.18861722946166992, 1.248439073562622, 0.3955288231372833, 1.5288866758346558, 0.4897475242614746, 0.6136435866355896, 0.8350996971130371, 0.049147531390190125, 0.20811057090759277, 1.69516921043396, 1.2416363954544067, 1.893326997756958, 1.6146819591522217, 0.35375189781188965, 1.9695037603378296, 0.05938401073217392, 0.1467844396829605, 1.2947428226470947, 1.3438252210617065, 1.2419188022613525, 1.4977256059646606, 0.06525874137878418, 0.5277312397956848, 1.5839686393737793, 2.047797441482544, 1.3378499746322632, 0.5711845755577087, 0.032471343874931335, 0.04426795244216919]"
symbiosis,"[7, 21, 19, 10, 6, 12, 7, 6, 7]",34,"[0.462669312953949, 0.011678174138069153, 0.922438383102417, 0.36967986822128296, 1.1376756429672241, 0.38059937953948975, 0.3264896869659424, 0.8349741101264954, 1.0657705068588257, 1.0240836143493652, 1.0402144193649292, 0.10471974313259125, 0.1559486985206604, 1.3467767238616943, 0.32332879304885864, 0.8409571051597595, 0.6782207489013672, 0.9856852293014526, 0.8637665510177612, 0.3674066960811615, 0.22589173913002014, 0.0731087177991867, 0.6859391927719116, 0.864486038684845, 0.4856336712837219, 0.92075115442276, 0.6816343069076538, 0.01648402214050293, 0.7497318387031555, 0.9698606729507446, 0.20495909452438354, 0.640704870223999, 0.7905767560005188, 0.24893486499786377, 0.4856119453907013, 0.7961752414703369, 0.9519850015640259, 0.5065407752990723, 1.029811143875122, 0.3421454131603241, 0.6410900950431824, 0.23526422679424286, 0.9569659233093262, 0.8378024697303772, 0.8472577333450317, 0.7819883823394775, 0.9286357164382935, 0.9459568858146667, 0.5368508100509644, 1.3248661756515503, 0.9072487354278564, 0.23157575726509094, 0.6906400322914124, 0.6034526228904724, 0.6473172903060913, 0.9496040940284729, 0.07690465450286865, 0.6372843980789185, 1.1284996271133423, 1.0243196487426758, 0.7500417232513428, 0.3914054036140442, 0.10442471504211426, 0.4102543592453003]"
tyranny,"[8, 21, 11, 2, 5, 5, 21]",34,"[0.5828466415405273, 0.0025316327810287476, 0.6789823770523071, 0.5708001255989075, 1.3440371751785278, 0.1531771421432495, 0.1463266760110855, 0.6830335855484009, 1.3445683717727661, 1.3559989929199219, 0.9201545715332031, 0.2972865104675293, 0.19083304703235626, 1.7751529216766357, 0.4917678236961365, 0.5919521450996399, 1.0943495035171509, 0.6997478008270264, 0.9761660099029541, 0.3381648659706116, 0.18705296516418457, 0.025044206529855728, 1.0772289037704468, 1.1466870307922363, 0.6939027905464172, 0.5619125366210938, 0.6252990961074829, -0.01847800612449646, 0.8142174482345581, 0.7758276462554932, 0.265690416097641, 0.7300993204116821, 0.8655183911323547, 0.282084196805954, 0.9967230558395386, 0.8673451542854309, 0.9169250726699829, 0.38125693798065186, 0.9824580550193787, 0.8377863168716431, 0.597007155418396, 0.553425669670105, 1.2267553806304932, 0.8988167643547058, 0.9105793237686157, 0.5579216480255127, 1.141038179397583, 1.1318325996398926, 0.6392091512680054, 1.1687639951705933, 1.1154311895370483, 0.0593222975730896, 0.6539759635925293, 0.5373949408531189, 0.41660207509994507, 1.3298308849334717, 0.02607586234807968, 0.9866088628768921, 1.2122923135757446, 1.4034619331359863, 0.558396577835083, 0.5071643590927124, 0.01578519493341446, 0.463656485080719]"
urbanization,"[13, 11, 10, 2, 5, 6, 15, 2, 8, 6, 12, 5]",34,"[0.3457786440849304, -0.05031968653202057, 1.1472887992858887, 0.7458680868148804, 1.9876010417938232, -0.02814333140850067, 0.0890066847205162, 1.0349011421203613, 1.854421854019165, 2.073268413543701, 1.328431248664856, 0.00536799430847168, 0.04412031173706055, 2.1914193630218506, 0.5308422446250916, 0.9471970200538635, 0.9053834676742554, 0.9257335066795349, 0.6895609498023987, 0.3387106657028198, 0.20913006365299225, 0.0744929164648056, 1.1439961194992065, 1.6667954921722412, 0.7635743618011475, 1.0464062690734863, 0.6120477914810181, -0.04260265827178955, 0.8094130158424377, 1.435379147529602, 0.09113246947526932, 1.074204444885254, 0.7089080810546875, 0.25013336539268494, 0.6760500073432922, 0.5389671921730042, 1.580295205116272, 0.17447112500667572, 1.7658547163009644, 0.9124815464019775, 0.8188364505767822, 0.4680519700050354, 0.883362889289856, 0.5942201614379883, 0.9415451288223267, 1.1237865686416626, 1.3982264995574951, 1.1404244899749756, 0.6064752340316772, 1.6330578327178955, 0.7740393280982971, -0.03457799553871155, 0.8068519234657288, 0.6092352271080017, 0.7055819630622864, 1.8913697004318237, 0.0032407566905021667, 1.1764299869537354, 1.8856539726257324, 1.8594770431518555, 1.079507827758789, 0.3972768485546112, 0.03174005448818207, 0.19684761762619019]"
velocity,"[28, 4, 14, 12, 18, 6, 8, 21]",34,"[0.9886240363121033, -0.06411688029766083, 0.45601600408554077, 0.6400541067123413, 1.0391713380813599, 0.2503214180469513, 0.39605751633644104, 0.6194407343864441, 1.2792304754257202, 1.050571322441101, 0.8409103155136108, 0.13548433780670166, 0.15115481615066528, 1.5670933723449707, 0.6136841773986816, 0.5545344948768616, 1.5719901323318481, 0.7226243615150452, 1.6755163669586182, 0.5379676818847656, 0.4175477623939514, 0.07111217081546783, 1.1803207397460938, 1.0496917963027954, 0.9977158308029175, 0.4709607660770416, 0.5183764696121216, -0.07890880107879639, 0.7345863580703735, 0.7692385315895081, 0.14002157747745514, 0.8616830706596375, 1.4499917030334473, 0.5237814784049988, 1.3734462261199951, 1.5616061687469482, 0.8537072539329529, 0.47481751441955566, 0.8438687920570374, 0.6927856206893921, 0.9432141780853271, 0.3350551724433899, 1.9740077257156372, 1.5928099155426025, 0.7433347702026367, 0.38854509592056274, 0.8716564774513245, 1.0953081846237183, 0.9519302845001221, 0.9541624784469604, 1.7818708419799805, 0.04435563087463379, 0.4968903958797455, 0.386969655752182, 0.3903719186782837, 1.0773522853851318, -0.0053986310958862305, 1.102075219154358, 0.9799230098724365, 1.137439489364624, 0.44332921504974365, 0.5860151648521423, 0.05578059330582619, 0.8599358797073364]"
bildungsroman,"[10, 6, 14, 20, 13, 5, 17, 7, 11, 12, 19, 2, 5]",34,"[0.8291630148887634, -0.028030753135681152, 1.1342164278030396, 0.42679738998413086, 1.2378318309783936, -0.03258368372917175, 0.2482108175754547, 0.4679192304611206, 1.0300096273422241, 1.4023298025131226, 0.6433261632919312, 0.697356104850769, 0.5265065431594849, 1.7248132228851318, 0.656425416469574, 1.0529838800430298, 1.2859013080596924, 0.5199318528175354, 1.1525439023971558, 0.2830101549625397, 0.06924423575401306, 0.057307735085487366, 1.6047940254211426, 1.162208914756775, 0.552216649055481, 1.1181024312973022, 0.6476441621780396, -0.030666053295135498, 0.8697231411933899, 1.192417860031128, 0.7486186623573303, 0.7526729106903076, 0.8788452744483948, 0.26227328181266785, 1.1208150386810303, 1.0444297790527344, 1.0216858386993408, 0.22483064234256744, 1.3335461616516113, 0.8474104404449463, 0.6968541145324707, 1.0484126806259155, 1.488073468208313, 1.2971749305725098, 0.9391120672225952, 0.8528735041618347, 1.1970207691192627, 1.1108871698379517, 0.7983477115631104, 1.156800389289856, 1.3070814609527588, 0.03225976228713989, 1.5077067613601685, 1.1564146280288696, 0.6441977024078369, 1.3213839530944824, -0.030556589365005493, 0.7992973327636719, 1.1826554536819458, 1.568057894706726, 0.7217826843261719, 1.1269683837890625, 0.05655036121606827, 0.7022508382797241]"
catharsis,"[18, 2, 8, 9, 2, 11, 7, 6, 7]",34,"[0.5964218974113464, 0.07396227866411209, 1.1550344228744507, 0.1312360018491745, 1.260721206665039, 0.08480069041252136, 0.18126502633094788, 0.5023385882377625, 0.8078775405883789, 1.1469863653182983, 0.6680964231491089, 0.9270936250686646, 0.5340222120285034, 1.8519563674926758, 0.3359021544456482, 0.8944136500358582, 0.838416337966919, 0.6573232412338257, 0.7507637143135071, 0.13141383230686188, 0.05709973722696304, 0.007292050868272781, 1.203307032585144, 0.8454176783561707, 0.2725003957748413, 0.828752875328064, 0.8842898607254028, 0.152452751994133, 1.0566550493240356, 0.8028382062911987, 0.8932546377182007, 0.4176395833492279, 0.49218615889549255, 0.08535397797822952, 0.7582809329032898, 0.6782531142234802, 0.568677544593811, 0.41306638717651367, 0.8665193915367126, 0.8048840761184692, 0.20930272340774536, 1.1667670011520386, 0.9180278778076172, 0.8391807079315186, 1.1880680322647095, 0.6008826494216919, 1.3195605278015137, 1.373542070388794, 0.3743552267551422, 1.2210140228271484, 0.8886836767196655, 0.23240558803081512, 1.2278286218643188, 1.2270731925964355, 0.4894140660762787, 1.0978507995605469, 0.09539184719324112, 0.48941582441329956, 1.0285099744796753, 1.5303980112075806, 0.6727025508880615, 0.8780649900436401, 0.06553071737289429, 0.49954476952552795]"
didactic,"[20, 6, 20, 2, 18, 8, 6, 18]",34,"[0.734208881855011, 0.0888887420296669, 0.31269770860671997, 0.5015451312065125, 1.0810225009918213, 0.9742416143417358, 0.43964892625808716, 1.0679006576538086, 1.3072952032089233, 0.8649867177009583, 1.3181569576263428, 0.14320236444473267, -0.12072566151618958, 1.714674711227417, 0.15321026742458344, 0.19825568795204163, 0.7803772687911987, 1.4446673393249512, 1.0601369142532349, 0.4770556688308716, 0.5374112129211426, 0.12306206673383713, 0.1525106579065323, 0.6489436626434326, 0.733465850353241, -0.10423365980386734, 0.8292821645736694, 0.16589044034481049, 0.8538280725479126, 0.16545450687408447, 0.08990145474672318, 0.3413965404033661, 0.9060778021812439, 0.23529642820358276, 0.6482535004615784, 0.9543321132659912, 0.3534540832042694, 1.0325801372528076, 0.2981855273246765, 0.506247878074646, 0.11145418882369995, 0.2447768896818161, 1.10407292842865, 0.7652308344841003, 1.06920325756073, 0.1341000199317932, 0.9566618800163269, 1.268265962600708, 0.143342986702919, 1.288475513458252, 0.8805927038192749, 0.5228090882301331, -0.20256194472312927, 0.07454051077365875, 0.07403282821178436, 0.8190751671791077, 0.20860116183757782, 0.809173047542572, 1.0762993097305298, 0.9640797972679138, 0.39345893263816833, -0.1587313860654831, 0.14037638902664185, 0.43701398372650146]"
epistolary,"[4, 3, 6, 7, 8, 12, 14, 2, 11, 21]",34,"[2.0376012325286865, -0.05272839963436127, 0.4544546902179718, 0.22951087355613708, 0.3719884753227234, 0.05034932494163513, 0.9810926914215088, 0.010357886552810669, 0.227913498878479, 0.4448857307434082, 0.03223450854420662, 0.9041707515716553, 0.6710233688354492, 0.9180058240890503, 0.9759650230407715, 0.6512788534164429, 2.488420009613037, 0.09294411540031433, 2.8277573585510254, 0.4289326071739197, 0.276309609413147, -0.00963289849460125, 2.08769154548645, 0.5994465947151184, 0.7441217303276062, 0.5455151796340942, 0.30032405257225037, -0.011453092098236084, 0.5208614468574524, 0.6460323333740234, 0.7990894317626953, 0.6882489919662476, 2.1101086139678955, 0.7340249419212341, 2.215269088745117, 2.809293031692505, 0.36145225167274475, 0.25180014967918396, 0.584245502948761, 0.8165537118911743, 0.7957331538200378, 1.1112658977508545, 3.399024486541748, 3.127605438232422, 0.4371555745601654, 0.15250277519226074, 0.47352105379104614, 0.7358270287513733, 1.43186354637146, 0.26944500207901, 2.987710475921631, 0.03816685080528259, 1.4298698902130127, 0.9865913391113281, 0.2528555691242218, 0.46448880434036255, -0.02897927165031433, 0.660062313079834, 0.2911311089992523, 0.7014272212982178, 0.1546410173177719, 1.6032772064208984, 0.16098849475383759, 2.1166436672210693]"
juxtaposition,"[23, 13, 27, 8, 2, 3, 12, 7, 6, 8, 6, 12, 5]",34,"[0.5274661183357239, -0.07617734372615814, 1.1548075675964355, 0.8477067947387695, 1.9048411846160889, -0.17376010119915009, 0.14899693429470062, 0.8539336919784546, 1.741986870765686, 2.1125571727752686, 1.119232416152954, 0.04392930865287781, 0.15705402195453644, 2.0927066802978516, 0.7975446581840515, 0.9466266632080078, 1.3048430681228638, 0.712354302406311, 1.0781190395355225, 0.5246946215629578, 0.18871451914310455, 0.09757798165082932, 1.583677053451538, 1.860393762588501, 0.973290741443634, 1.1976786851882935, 0.4048025608062744, -0.0933225154876709, 0.653761088848114, 1.7122571468353271, 0.1621706783771515, 1.2622783184051514, 1.0376687049865723, 0.43771907687187195, 1.1326535940170288, 0.8712462782859802, 1.7247320413589478, 0.011042401194572449, 1.971592664718628, 1.1314538717269897, 1.1638319492340088, 0.5271728038787842, 1.4833884239196777, 1.057922601699829, 0.7180304527282715, 1.2227756977081299, 1.203181505203247, 0.978491485118866, 0.9559613466262817, 1.4782233238220215, 1.3420674800872803, -0.13880017399787903, 1.1761094331741333, 0.6595550775527954, 0.6856203079223633, 1.9757847785949707, -0.03447596728801727, 1.396296501159668, 1.7800967693328857, 1.8092087507247925, 0.9915449619293213, 0.816985547542572, 0.012705452740192413, 0.4199962019920349]"
monologue,"[19, 12, 5, 12, 14, 12, 17, 13, 4]",34,"[0.4603407382965088, -0.08213691413402557, 1.1314631700515747, 0.5934577584266663, 1.560545802116394, 0.06108616292476654, 0.11111930757761002, 0.7684768438339233, 1.5087872743606567, 1.585867166519165, 1.0748530626296997, 0.19619587063789368, 0.3253234624862671, 1.898071527481079, 0.49946093559265137, 1.037927269935608, 0.983352780342102, 0.7798051238059998, 0.8770343661308289, 0.41412389278411865, 0.21928760409355164, 0.07608070969581604, 1.2538031339645386, 1.3127851486206055, 0.7540882229804993, 1.1103196144104004, 0.7078907489776611, -0.12095224857330322, 0.9448403120040894, 1.2913044691085815, 0.3811980187892914, 0.9658617973327637, 0.8886194229125977, 0.33742183446884155, 0.8299946784973145, 0.7891890406608582, 1.314789056777954, 0.3109213709831238, 1.462177038192749, 0.7133432626724243, 0.9141697287559509, 0.5490785241127014, 1.1112059354782104, 0.7905272245407104, 1.112083911895752, 0.9720439910888672, 1.3085771799087524, 1.275593638420105, 0.7765946388244629, 1.4761987924575806, 1.017790675163269, -0.01760733127593994, 1.0451500415802002, 0.8338354229927063, 0.791273832321167, 1.4916402101516724, -0.013695210218429565, 1.0675795078277588, 1.4379173517227173, 1.6615207195281982, 0.8949256539344788, 0.6769001483917236, 0.016715753823518753, 0.3348316550254822]"
soliloquy,"[7, 12, 14, 6, 14, 12, 24, 13, 21]",34,"[1.4261901378631592, -0.06825555860996246, 0.32600298523902893, 0.43371033668518066, 0.5032927393913269, 0.27004846930503845, 0.6873013973236084, 0.40834492444992065, 0.8003748059272766, 0.5217270851135254, 0.6267229318618774, 0.302472859621048, 0.3176708221435547, 1.0244033336639404, 0.6409376859664917, 0.6161463856697083, 1.7879955768585205, 0.5425078272819519, 2.2539594173431396, 0.5144467353820801, 0.4125674068927765, 0.023887038230895996, 1.3059231042861938, 0.5807876586914062, 0.8246747851371765, 0.4623945355415344, 0.5022435784339905, -0.07850310206413269, 0.6349352598190308, 0.48888489603996277, 0.29121899604797363, 0.6984446048736572, 1.75962495803833, 0.6237003803253174, 1.604518175125122, 2.1557223796844482, 0.5728819370269775, 0.5464555025100708, 0.5375562310218811, 0.3985203206539154, 0.9204786419868469, 0.3809560239315033, 2.521827220916748, 2.270223617553711, 0.6614392995834351, 0.2838113307952881, 0.6208169460296631, 0.8834785223007202, 1.1335084438323975, 0.658193826675415, 2.157114028930664, 0.04478234052658081, 0.712456226348877, 0.49490615725517273, 0.4710431396961212, 0.5754525065422058, -0.026992350816726685, 0.7981011867523193, 0.48360276222229004, 0.6761033535003662, 0.24630437791347504, 0.8426142930984497, 0.08157186210155487, 1.4005883932113647]"
tragic flaw,"[8, 11, 2, 17, 6, 18, 31, 22, 14, 2, 26]",34,"[0.7010943293571472, 0.017812907695770264, 1.4870842695236206, -0.06502947211265564, 0.9995631575584412, 0.3175033926963806, 0.3090329170227051, 0.5084021091461182, 0.6548783779144287, 0.773952305316925, 0.8529344201087952, 1.0706404447555542, 0.8317299485206604, 1.6022648811340332, 0.20487412810325623, 1.4743001461029053, 0.708008885383606, 0.8470302820205688, 0.9436063170433044, 0.052825383841991425, 0.10204586386680603, -0.00034938566386699677, 1.1272451877593994, 0.3725699484348297, 0.020765095949172974, 1.3369228839874268, 1.332504391670227, 0.008409366011619568, 1.4716581106185913, 0.7795152068138123, 1.2215099334716797, 0.3515372574329376, 0.6125491261482239, 0.1220448687672615, 0.5420798063278198, 0.9691049456596375, 0.545612633228302, 0.7297766804695129, 0.7719209790229797, 0.25178050994873047, 0.42041972279548645, 1.1235398054122925, 0.9781203269958496, 1.0227402448654175, 1.81966233253479, 0.671198308467865, 1.5080983638763428, 1.5954288244247437, 0.459108829498291, 1.4882707595825195, 0.9109994769096375, 0.2453894168138504, 1.6177717447280884, 1.6882781982421875, 1.0004407167434692, 0.7107064723968506, 0.023308321833610535, 0.185664564371109, 0.8657128214836121, 1.46383535861969, 0.8140326738357544, 1.0362811088562012, 0.09371443837881088, 0.6213144063949585]"
attribution,"[2, 8, 8, 11, 6, 10, 13, 8, 6, 12, 5]",34,"[0.2645759582519531, -0.06174291670322418, 1.158904790878296, 0.6022502183914185, 1.9357081651687622, 0.032569512724876404, 0.0802718847990036, 1.1216944456100464, 1.7376011610031128, 1.919901967048645, 1.3222261667251587, -0.0460265576839447, 0.024860473349690437, 2.0122623443603516, 0.39738929271698, 0.9608824253082275, 0.6789636611938477, 1.0187373161315918, 0.6072936654090881, 0.25797486305236816, 0.15115013718605042, 0.0868038460612297, 0.9310978055000305, 1.5472122430801392, 0.5498836040496826, 1.086708664894104, 0.660497784614563, -0.020720452070236206, 0.7467017769813538, 1.3598610162734985, 0.02434851974248886, 1.0105011463165283, 0.5954623222351074, 0.1847415417432785, 0.4894619584083557, 0.44597822427749634, 1.5640058517456055, 0.22991827130317688, 1.7153750658035278, 0.712016224861145, 0.770475447177887, 0.32305076718330383, 0.7551366686820984, 0.5226735472679138, 0.9162976741790771, 1.167830228805542, 1.3184105157852173, 1.0827317237854004, 0.5079920291900635, 1.6395883560180664, 0.5992494821548462, 0.03262293338775635, 0.7525941729545593, 0.560556948184967, 0.7486845850944519, 1.7648676633834839, 0.03964008390903473, 1.0202561616897583, 1.8027933835983276, 1.6453009843826294, 1.0762920379638672, 0.3364920914173126, 0.06260675936937332, 0.17024601995944977]"
benchmark,"[10, 4, 5, 18, 9, 19, 2, 11, 16]",34,"[1.1346640586853027, -0.061607345938682556, 0.7569252848625183, 0.5302274823188782, 0.9729306697845459, 0.25364503264427185, 0.4503443241119385, 0.5574365854263306, 1.0430309772491455, 1.0086270570755005, 0.7314534187316895, 0.4160821735858917, 0.346438467502594, 1.5538477897644043, 0.553676962852478, 0.763627290725708, 1.4625943899154663, 0.7459970116615295, 1.6153032779693604, 0.4146968722343445, 0.41048070788383484, 0.15776848793029785, 1.302549123764038, 0.919291079044342, 0.8282987475395203, 0.6411067843437195, 0.6233053207397461, -0.04982483386993408, 0.8183417320251465, 0.7835579514503479, 0.4664824306964874, 0.687365710735321, 1.3344449996948242, 0.3530382812023163, 1.2690951824188232, 1.571042537689209, 0.7097194790840149, 0.5079476833343506, 0.8767457008361816, 0.6247597932815552, 0.6189855337142944, 0.6984208822250366, 1.923006534576416, 1.7101168632507324, 0.7873655557632446, 0.46673738956451416, 0.9460156559944153, 1.0788700580596924, 0.8122760057449341, 0.8925378322601318, 1.657854676246643, 0.07776671648025513, 0.839119553565979, 0.7347275614738464, 0.5185837149620056, 1.0108498334884644, -0.00015484541654586792, 0.861243724822998, 0.9747523069381714, 1.1996971368789673, 0.48785263299942017, 0.809450089931488, 0.12693773210048676, 0.9855352640151978]"
consequence,"[18, 12, 5, 7, 4, 24, 13, 4, 5, 18, 4]",34,"[1.1526647806167603, -0.05444449186325073, 0.24386775493621826, 0.5015901923179626, 0.6918702721595764, 0.5665574073791504, 0.558416485786438, 0.6135308146476746, 1.1072696447372437, 0.5547489523887634, 0.9529610276222229, 0.25316333770751953, 0.19330891966819763, 1.4871044158935547, 0.2448657751083374, 0.4026406705379486, 1.334527611732483, 0.9460423588752747, 1.7689857482910156, 0.49802929162979126, 0.6611425280570984, 0.1265655755996704, 0.6637181639671326, 0.4667649269104004, 0.9409780502319336, -0.020311661064624786, 0.848572850227356, -0.047119468450546265, 1.0348584651947021, -0.027769029140472412, 0.23088592290878296, 0.3946072459220886, 1.4556210041046143, 0.41462087631225586, 1.156219244003296, 1.7741751670837402, 0.1786239743232727, 0.956039309501648, 0.07850678265094757, 0.3289186358451843, 0.33371177315711975, 0.31539392471313477, 1.8903276920318604, 1.5549838542938232, 1.0827044248580933, -0.08652200549840927, 0.9412225484848022, 1.292490005493164, 0.5648096799850464, 0.8709267377853394, 1.6014587879180908, 0.16289885342121124, 0.00595110934227705, 0.3611176609992981, 0.33888310194015503, 0.6067463755607605, 0.03454435616731644, 0.792931318283081, 0.666637659072876, 0.9214126467704773, 0.16490767896175385, 0.23442360758781433, 0.10468323528766632, 0.949744701385498]"
elucidate,"[4, 14, 13, 18, 6, 20, 2, 8, 4]",34,"[0.5296372175216675, -0.005459681153297424, 0.6697558164596558, 0.6361053586006165, 1.6104885339736938, 0.3969917297363281, 0.2103925198316574, 1.0801031589508057, 1.7387984991073608, 1.5229572057724, 1.4914414882659912, 0.16661933064460754, -0.01788192242383957, 2.332256555557251, 0.29394328594207764, 0.6372801661491394, 0.9520928859710693, 1.2445814609527588, 0.8668695092201233, 0.3010578751564026, 0.2507232427597046, 0.03642655909061432, 0.6515889763832092, 1.1451139450073242, 0.6783782839775085, 0.34918466210365295, 1.007143497467041, -0.015994399785995483, 1.1727993488311768, 0.5543649196624756, 0.1811605840921402, 0.6897116303443909, 0.7803330421447754, 0.24132192134857178, 0.7584182024002075, 0.8100455403327942, 0.9015777111053467, 0.8231634497642517, 0.8184739351272583, 0.7035280466079712, 0.44903478026390076, 0.3831154704093933, 0.9867838621139526, 0.7651403546333313, 1.3490283489227295, 0.4894694685935974, 1.457126259803772, 1.6250419616699219, 0.40090838074684143, 1.6772593259811401, 0.9206036329269409, 0.15679438412189484, 0.1837427318096161, 0.37778952717781067, 0.4337114989757538, 1.4259111881256104, 0.05823873355984688, 0.9791272878646851, 1.474887728691101, 1.6724406480789185, 0.7129397392272949, 0.10741777718067169, 0.03106887824833393, 0.32839009165763855]"
explicate,"[4, 27, 3, 14, 6, 18, 2, 8, 4]",34,"[0.5630510449409485, -0.04426732659339905, 0.6742691993713379, 0.6738667488098145, 1.6167055368423462, 0.35304582118988037, 0.16272865235805511, 1.0212152004241943, 1.7968783378601074, 1.4987916946411133, 1.4106553792953491, 0.13044005632400513, 0.008935509249567986, 2.368882179260254, 0.2850537896156311, 0.5878656506538391, 0.9368382692337036, 1.252253770828247, 0.8627336621284485, 0.3641339838504791, 0.3453431725502014, 0.06618191301822662, 0.7414920330047607, 1.1653767824172974, 0.8141342997550964, 0.33907413482666016, 0.9112516641616821, -0.058388590812683105, 1.1645052433013916, 0.6119751334190369, 0.19146448373794556, 0.6816258430480957, 0.8232057690620422, 0.2299751341342926, 0.7934592962265015, 0.7904453873634338, 0.8965653777122498, 0.7342377305030823, 0.8174387216567993, 0.7348445653915405, 0.4425707757472992, 0.44156572222709656, 1.0276440382003784, 0.7718885540962219, 1.2727867364883423, 0.490816593170166, 1.449272871017456, 1.6077309846878052, 0.39466312527656555, 1.582305908203125, 0.8806877136230469, 0.12161573767662048, 0.16102105379104614, 0.37399566173553467, 0.41031578183174133, 1.3997002840042114, 0.03950193524360657, 1.067288875579834, 1.4485729932785034, 1.7028626203536987, 0.7047293186187744, 0.11151368170976639, 0.04593176394701004, 0.3314797580242157]"
extrapolate,"[4, 27, 8, 11, 2, 3, 12, 14, 2, 8, 4]",34,"[0.5193620920181274, -0.08355638384819031, 0.7577732801437378, 0.8271013498306274, 1.5843397378921509, 0.003400251269340515, 0.11588165909051895, 0.8691362142562866, 1.6739517450332642, 1.6805115938186646, 1.1640421152114868, -0.09906134009361267, 0.025972580537199974, 1.9367573261260986, 0.5595166683197021, 0.7425793409347534, 1.1176037788391113, 0.8331242203712463, 0.9850088953971863, 0.4292149543762207, 0.2828434705734253, 0.10140376538038254, 1.1132948398590088, 1.4544544219970703, 0.9103073477745056, 0.7581665515899658, 0.4952515959739685, -0.10882025957107544, 0.7169232964515686, 1.1453405618667603, 0.013842076063156128, 1.0034695863723755, 0.9343101978302002, 0.3521987199783325, 0.9688553214073181, 0.8352552652359009, 1.304671287536621, 0.24632008373737335, 1.4144141674041748, 0.7721883058547974, 0.9083493947982788, 0.2812381386756897, 1.273427963256836, 0.9689305424690247, 0.7338957786560059, 0.8446401953697205, 1.1178148984909058, 1.0435148477554321, 0.7340384721755981, 1.2679158449172974, 1.0861836671829224, -0.07386603951454163, 0.55165696144104, 0.3433029353618622, 0.5895816087722778, 1.606157898902893, -0.018061906099319458, 1.1825275421142578, 1.4556363821029663, 1.520858883857727, 0.7632650136947632, 0.4257083237171173, 0.027088310569524765, 0.41092464327812195]"
gauge,"[17, 2, 13, 17, 4]",34,"[0.5552870035171509, 0.017528221011161804, 1.2156274318695068, -0.005285035818815231, 1.2270021438598633, 0.13189628720283508, 0.06582340598106384, 0.4483020305633545, 0.88178950548172, 1.0151911973953247, 0.8392194509506226, 1.2355849742889404, 0.7825008630752563, 2.196274995803833, 0.08975864946842194, 1.14686119556427, 0.7105819582939148, 0.6930291056632996, 0.6788160800933838, -0.062089577317237854, -0.001589357852935791, -0.03463493287563324, 1.057981252670288, 0.5462284684181213, 0.07451166212558746, 0.8053610920906067, 1.4839149713516235, 0.07422183454036713, 1.779953122138977, 0.2821074426174164, 1.2305852174758911, 0.16148754954338074, 0.3325560986995697, 0.005592510104179382, 0.6114213466644287, 0.7217687368392944, 0.3584606945514679, 0.7835499048233032, 0.46210846304893494, 0.46655145287513733, 0.02209366485476494, 1.3076167106628418, 0.7931116819381714, 0.6659865379333496, 2.024275541305542, 0.3360048532485962, 1.890875220298767, 1.9331248998641968, 0.20292659103870392, 1.5742502212524414, 0.7004594802856445, 0.19506187736988068, 1.3024133443832397, 1.6249053478240967, 0.7053597569465637, 0.9651455879211426, 0.019495785236358643, 0.29966142773628235, 0.9722317457199097, 1.840116262435913, 0.5994113683700562, 0.843349814414978, 0.020215049386024475, 0.47232428193092346]"
qualify,"[24, 13, 2, 14, 6, 22, 21]",34,"[1.4401205778121948, 0.09128247201442719, 0.21331444382667542, 0.17742666602134705, 0.3450171649456024, 0.5402418971061707, 0.784803569316864, 0.3885989189147949, 0.5415821671485901, 0.19177505373954773, 0.5103342533111572, 0.44285494089126587, 0.2894580364227295, 0.8879332542419434, 0.5001168251037598, 0.4092790186405182, 1.557038426399231, 0.6617593765258789, 2.180433750152588, 0.4141242504119873, 0.3967409133911133, -0.012390950694680214, 0.9659882187843323, 0.2527123689651489, 0.626810610294342, 0.18989413976669312, 0.6009276509284973, 0.20450475811958313, 0.6310214996337891, 0.12558531761169434, 0.3308618366718292, 0.42757347226142883, 1.5975379943847656, 0.5879344344139099, 1.3765772581100464, 2.0500333309173584, 0.19131404161453247, 0.7098966240882874, 0.12278679013252258, 0.3884213864803314, 0.5603801012039185, 0.4436156153678894, 2.318857431411743, 2.0946996212005615, 0.6918302774429321, 0.0308082215487957, 0.48528873920440674, 0.7864961624145508, 0.8285715579986572, 0.5221176147460938, 1.9069496393203735, 0.3439529538154602, 0.4702562987804413, 0.47440817952156067, 0.29513058066368103, 0.24441346526145935, 0.13079692423343658, 0.49522608518600464, 0.2901645302772522, 0.42815303802490234, 0.11590167135000229, 0.6518978476524353, 0.1269351989030838, 1.3997892141342163]"
rebut,"[11, 4, 10, 13, 8]",34,"[1.2195320129394531, -0.030271485447883606, 0.4539468586444855, 0.22687608003616333, 0.6823813915252686, 0.13413122296333313, 0.6211100816726685, 0.3315136432647705, 0.6310932040214539, 0.5948445200920105, 0.5069863200187683, 0.5388631820678711, 0.363153874874115, 1.1289517879486084, 0.4612540006637573, 0.6635051965713501, 1.5318588018417358, 0.4175977110862732, 1.8607401847839355, 0.24768102169036865, 0.27847251296043396, 0.014786824584007263, 1.1359373331069946, 0.5562116503715515, 0.5135665535926819, 0.3561496436595917, 0.6387898921966553, 0.019779205322265625, 0.738479733467102, 0.28780028223991394, 0.39887329936027527, 0.5020266771316528, 1.3483474254608154, 0.46448859572410583, 1.3140734434127808, 1.8802590370178223, 0.3645366132259369, 0.4825925827026367, 0.43900761008262634, 0.40896105766296387, 0.4823688864707947, 0.6036999225616455, 2.045595407485962, 1.863932490348816, 0.7822991609573364, 0.24175843596458435, 0.8115285038948059, 0.9243866205215454, 0.8438191413879395, 0.7035595178604126, 1.7729899883270264, 0.09278088808059692, 0.5845028162002563, 0.636094331741333, 0.48059311509132385, 0.6034760475158691, 0.004268348217010498, 0.5082107186317444, 0.5157955288887024, 0.8483554124832153, 0.2626928985118866, 0.7044797539710999, 0.06650783121585846, 1.2731596231460571]"
reconcile,"[11, 4, 18, 12, 5, 18, 6, 14, 4]",34,"[1.1191273927688599, -0.05497625470161438, 0.3392760455608368, 0.5692393183708191, 0.8468614816665649, 0.4854416847229004, 0.5494450926780701, 0.6327688694000244, 1.2117942571640015, 0.7680255770683289, 0.8804261684417725, 0.22806954383850098, 0.17519113421440125, 1.5597684383392334, 0.3917360305786133, 0.45067015290260315, 1.4735686779022217, 0.9296102523803711, 1.7427637577056885, 0.5746332406997681, 0.5721560716629028, 0.1173035129904747, 0.8700709939002991, 0.7049220204353333, 1.0233516693115234, 0.17093271017074585, 0.6652628183364868, -0.0867883563041687, 0.8803591728210449, 0.3310568034648895, 0.19408991932868958, 0.5569422841072083, 1.5170483589172363, 0.43967777490615845, 1.2755612134933472, 1.748701572418213, 0.43505969643592834, 0.8238306641578674, 0.4092487394809723, 0.47728294134140015, 0.5160743594169617, 0.36422809958457947, 1.959230899810791, 1.6109395027160645, 0.9186726808547974, 0.14931151270866394, 0.9377362728118896, 1.2511190176010132, 0.7361481189727783, 0.9308090209960938, 1.663735270500183, 0.14748652279376984, 0.2035151720046997, 0.3632146418094635, 0.31004565954208374, 0.7982641458511353, 0.02463880181312561, 0.9897065758705139, 0.823491632938385, 1.0387954711914062, 0.30266302824020386, 0.36209237575531006, 0.1107732281088829, 0.9330704212188721]"
arbitrary,"[2, 11, 10, 6, 8, 11, 2, 11, 21]",34,"[0.3446773886680603, -0.043570756912231445, 1.033642292022705, 0.4780847728252411, 1.7915300130844116, 0.31354647874832153, 0.09662865847349167, 1.1710503101348877, 1.6797291040420532, 1.5907076597213745, 1.4988062381744385, 0.15923890471458435, 0.09631531685590744, 2.2092607021331787, 0.2225496470928192, 0.885421633720398, 0.589890718460083, 1.2659239768981934, 0.5939377546310425, 0.19765663146972656, 0.13682569563388824, 0.045604586601257324, 0.6779916882514954, 1.18060302734375, 0.43216046690940857, 0.7680345177650452, 1.0099542140960693, -0.007324308156967163, 1.123291254043579, 0.8752539753913879, 0.23000743985176086, 0.7506155371665955, 0.5285717248916626, 0.16402098536491394, 0.44437021017074585, 0.4947514832019806, 1.1590423583984375, 0.5915811657905579, 1.1791070699691772, 0.5781529545783997, 0.4904344081878662, 0.4270855486392975, 0.7317230701446533, 0.5613836646080017, 1.3285844326019287, 0.8277524709701538, 1.475121021270752, 1.4415209293365479, 0.33480319380760193, 1.769869327545166, 0.6039195656776428, 0.16934235394001007, 0.49321210384368896, 0.6691704988479614, 0.6761183142662048, 1.430691123008728, 0.0748281478881836, 0.810991108417511, 1.5926589965820312, 1.6155116558074951, 0.9165976643562317, 0.24771162867546082, 0.06028328835964203, 0.21879249811172485]"
cogent,"[18, 12, 17, 4, 5, 8]",34,"[1.0124400854110718, -0.009183824062347412, 0.33510419726371765, 0.3927890360355377, 0.7927780747413635, 0.19685246050357819, 0.5177617073059082, 0.39892441034317017, 0.8785743713378906, 0.7098513245582581, 0.5193610191345215, 0.3971859812736511, 0.26449477672576904, 1.330091953277588, 0.522308886051178, 0.33348655700683594, 1.4601287841796875, 0.49484601616859436, 1.6122121810913086, 0.44415032863616943, 0.30677103996276855, 1.1494383215904236e-05, 1.1210181713104248, 0.7603797316551208, 0.7761175036430359, 0.23502835631370544, 0.5549955368041992, 0.016920894384384155, 0.705775797367096, 0.3695298433303833, 0.2824212312698364, 0.5412390828132629, 1.3595631122589111, 0.48148518800735474, 1.3362033367156982, 1.580843448638916, 0.40889671444892883, 0.46852171421051025, 0.4623885154724121, 0.6775691509246826, 0.5090101361274719, 0.5600855946540833, 1.9458609819412231, 1.5954142808914185, 0.6767739057540894, 0.1687820702791214, 0.7927044630050659, 0.9688242673873901, 0.8030186891555786, 0.7431553602218628, 1.6850472688674927, 0.11540818214416504, 0.49595579504966736, 0.490772545337677, 0.25162816047668457, 0.7435814738273621, 0.02952868491411209, 0.8489982485771179, 0.6835883259773254, 0.9514007568359375, 0.20939677953720093, 0.594489574432373, 0.06143695116043091, 0.9673192501068115]"
cosmopolitan,"[18, 12, 7, 19, 12, 3, 12, 14, 6, 8, 2, 5]",34,"[0.7588509321212769, -0.05082111060619354, 0.7219359278678894, 0.762449324131012, 1.2139707803726196, 0.035682857036590576, 0.2696988582611084, 0.5337927341461182, 1.2172236442565918, 1.4430352449417114, 0.6537618041038513, 0.04101935029029846, 0.19823391735553741, 1.4083473682403564, 0.8618268370628357, 0.6198327541351318, 1.4674171209335327, 0.4486082196235657, 1.3538916110992432, 0.6200990080833435, 0.2505459785461426, 0.11468205600976944, 1.5891063213348389, 1.4536300897598267, 1.0621241331100464, 0.8992787599563599, 0.20233170688152313, -0.07582178711891174, 0.4439582824707031, 1.3823491334915161, 0.10179309546947479, 1.1155563592910767, 1.362731695175171, 0.537571132183075, 1.3557872772216797, 1.211032748222351, 1.309844970703125, 0.013387203216552734, 1.5192047357559204, 0.9289045333862305, 1.1456196308135986, 0.4347633719444275, 1.838729739189148, 1.4369983673095703, 0.3798372745513916, 0.8232750296592712, 0.7103642225265503, 0.6592670679092407, 1.1691267490386963, 0.933976411819458, 1.7164366245269775, -0.01607021689414978, 0.9897648692131042, 0.471253365278244, 0.5012284517288208, 1.3663091659545898, -0.004784077405929565, 1.2367441654205322, 1.2149451971054077, 1.245819091796875, 0.6157893538475037, 0.9052020311355591, 0.036700136959552765, 0.6796348690986633]"
denounce,"[20, 4, 5, 12, 13, 5, 18, 4]",34,"[0.7938815355300903, -0.022364288568496704, 0.4317809045314789, 0.6153852343559265, 1.0237160921096802, 0.3609047532081604, 0.3390674293041229, 0.65263831615448, 1.2494620084762573, 0.9771394729614258, 0.9461075067520142, 0.13530497252941132, 0.08942705392837524, 1.6377403736114502, 0.37648916244506836, 0.4606885612010956, 1.1654587984085083, 0.8448816537857056, 1.258812665939331, 0.451979398727417, 0.43621766567230225, 0.10315882414579391, 0.7951495051383972, 0.886185348033905, 0.8851404190063477, 0.23950684070587158, 0.6308833360671997, -0.0659116804599762, 0.8278776407241821, 0.47792667150497437, 0.15577432513237, 0.5778757333755493, 1.1320462226867676, 0.33455589413642883, 1.0087246894836426, 1.220951795578003, 0.5931193232536316, 0.6290435194969177, 0.5811042189598083, 0.5438936948776245, 0.506010890007019, 0.34687793254852295, 1.4072258472442627, 1.1540985107421875, 0.8648226261138916, 0.2946901321411133, 0.9663535952568054, 1.1883118152618408, 0.6216772794723511, 1.0061720609664917, 1.2684290409088135, 0.11121933162212372, 0.21194228529930115, 0.2728576958179474, 0.3537953794002533, 0.9777786135673523, 0.02358836680650711, 0.9406729936599731, 0.9456154108047485, 1.1761491298675537, 0.40755268931388855, 0.25235715508461, 0.07041555643081665, 0.6426591873168945]"
disseminate,"[20, 6, 7, 7, 4, 19, 6, 5, 2, 8, 4]",34,"[0.7310884594917297, -0.01475168764591217, 0.7334669232368469, 0.5172421932220459, 1.1892129182815552, 0.11405356973409653, 0.33028364181518555, 0.5503867864608765, 1.1674588918685913, 1.2133249044418335, 0.7705121636390686, 0.4532889127731323, 0.28088298439979553, 1.718946933746338, 0.5684648752212524, 0.6502945423126221, 1.3418594598770142, 0.609876275062561, 1.2843608856201172, 0.4461827278137207, 0.2863083481788635, 0.03359852731227875, 1.203587532043457, 1.1004209518432617, 0.8058951497077942, 0.5819637775421143, 0.636638879776001, 0.005805030465126038, 0.817358136177063, 0.7859081625938416, 0.37609049677848816, 0.6811896562576294, 1.084191083908081, 0.3961040675640106, 1.1442172527313232, 1.177259087562561, 0.7416296601295471, 0.38725754618644714, 0.9150354266166687, 0.8497650623321533, 0.6405767202377319, 0.6819720268249512, 1.5576097965240479, 1.2399653196334839, 0.89217209815979, 0.49852675199508667, 1.096854329109192, 1.1089738607406616, 0.7021331787109375, 1.1202605962753296, 1.3783091306686401, 0.07307809591293335, 0.8308878540992737, 0.6994167566299438, 0.4204493761062622, 1.2259206771850586, 0.012280330061912537, 0.9984583258628845, 1.1081290245056152, 1.3801910877227783, 0.48147860169410706, 0.6713899970054626, 0.04219947010278702, 0.6017174124717712]"
dogmatic,"[20, 12, 17, 19, 2, 8, 6, 18]",34,"[0.5494938492774963, 0.007449343800544739, 0.7765678763389587, 0.5262529253959656, 1.407188057899475, 0.5456238985061646, 0.33662858605384827, 1.1268033981323242, 1.5773638486862183, 1.2832310199737549, 1.320135235786438, 0.0029618442058563232, -0.02616656944155693, 1.8149700164794922, 0.3359699249267578, 0.6371801495552063, 0.8365797996520996, 1.274942398071289, 0.9382551908493042, 0.4187193512916565, 0.3491854667663574, 0.08747223764657974, 0.6627439856529236, 1.0641194581985474, 0.7086500525474548, 0.6076644659042358, 0.755664587020874, 0.013678893446922302, 0.8071770668029785, 0.9006766080856323, 0.05954843759536743, 0.7797348499298096, 0.9070486426353455, 0.24507418274879456, 0.6030217409133911, 0.8077505230903625, 1.0326792001724243, 0.694615364074707, 1.0262848138809204, 0.554962158203125, 0.5844900012016296, 0.23799346387386322, 1.0358113050460815, 0.8362574577331543, 1.0099878311157227, 0.6770218014717102, 1.1507192850112915, 1.237835168838501, 0.4727895259857178, 1.5357508659362793, 0.8956286311149597, 0.2528180181980133, 0.3432692885398865, 0.3275546431541443, 0.4835486114025116, 1.2409510612487793, 0.08933429419994354, 0.9641386270523071, 1.4269999265670776, 1.3218117952346802, 0.776614248752594, 0.18205924332141876, 0.10564098507165909, 0.345778226852417]"
eloquent,"[4, 14, 12, 24, 13, 4, 5, 8]",34,"[0.6410453915596008, -0.050410643219947815, 0.6992528438568115, 0.3447565734386444, 1.0298657417297363, 0.15290658175945282, 0.1346648782491684, 0.532051146030426, 1.127994418144226, 0.9802935719490051, 0.8194360136985779, 0.5421077013015747, 0.39311426877975464, 1.7283692359924316, 0.28614723682403564, 0.7593603134155273, 0.9675170183181763, 0.6639126539230347, 0.977652370929718, 0.2502601742744446, 0.18265502154827118, 0.030245628207921982, 0.9762060642242432, 0.7487553954124451, 0.5323203802108765, 0.5873629450798035, 0.9073601961135864, -0.04376921057701111, 1.1567059755325317, 0.4403519332408905, 0.5746141672134399, 0.46008220314979553, 0.7586148381233215, 0.23342010378837585, 0.8636279106140137, 0.9321779012680054, 0.6024461984634399, 0.5556579828262329, 0.6358513832092285, 0.4570930004119873, 0.41951116919517517, 0.7115280032157898, 1.1760170459747314, 0.9420186877250671, 1.2452609539031982, 0.3869149386882782, 1.3273924589157104, 1.390915036201477, 0.5087762475013733, 1.1983323097229004, 1.0027958154678345, 0.09822209179401398, 0.7146888375282288, 0.8588854074478149, 0.5478448271751404, 0.9604359269142151, -0.022035956382751465, 0.6854860782623291, 0.9027580618858337, 1.3759146928787231, 0.4583510458469391, 0.5666980743408203, 0.011251669377088547, 0.5391720533370972]"
endorse,"[4, 5, 20, 12, 11, 7, 4]",34,"[1.3174479007720947, 0.006241142749786377, 0.3714645504951477, 0.24938464164733887, 0.7163847088813782, 0.0759163498878479, 0.6578554511070251, 0.2168714702129364, 0.701578676700592, 0.6742373108863831, 0.29333844780921936, 0.7596238851547241, 0.40423327684402466, 1.3842837810516357, 0.6187214255332947, 0.4078640341758728, 1.8102821111679077, 0.34820741415023804, 1.9078476428985596, 0.32821017503738403, 0.1796453297138214, -0.037676356732845306, 1.3938424587249756, 0.7012603878974915, 0.6645826697349548, 0.2086203396320343, 0.5265207290649414, 0.0564645379781723, 0.724419891834259, 0.30785465240478516, 0.5570448637008667, 0.4585617184638977, 1.4107766151428223, 0.5166047811508179, 1.6091748476028442, 1.8470749855041504, 0.2708808183670044, 0.39996665716171265, 0.3623529076576233, 0.8438628911972046, 0.382555216550827, 0.9276508092880249, 2.280996799468994, 1.986877202987671, 0.7139205932617188, 0.12245915085077286, 0.8604332804679871, 1.0214964151382446, 0.829196572303772, 0.6662648916244507, 1.9864435195922852, 0.12755261361598969, 0.7284775376319885, 0.7192888855934143, 0.1562202274799347, 0.7162765264511108, 0.006351284682750702, 0.7103704810142517, 0.5423140525817871, 1.01524019241333, 0.1411210000514984, 0.8837742209434509, 0.05586371570825577, 1.2938745021820068]"
innovative,"[6, 5, 5, 12, 28, 2, 8, 6, 28, 4]",34,"[0.3559192717075348, -0.04150453209877014, 1.089035987854004, 0.5926121473312378, 1.5812982320785522, -0.0312318354845047, 0.05688028037548065, 0.7050691246986389, 1.5010905265808105, 1.614376187324524, 1.0601736307144165, 0.2753196656703949, 0.27820277214050293, 2.109203815460205, 0.44663846492767334, 1.0012977123260498, 0.9375966787338257, 0.7241538166999817, 0.6726070642471313, 0.3161678910255432, 0.2222999632358551, 0.06285111606121063, 1.1254552602767944, 1.2861156463623047, 0.728390634059906, 0.8954045176506042, 0.7568250894546509, -0.060283005237579346, 1.0133973360061646, 1.1818063259124756, 0.4940250813961029, 0.8566626310348511, 0.6342164278030396, 0.25869718194007874, 0.7535765171051025, 0.5655679106712341, 1.1672770977020264, 0.34189194440841675, 1.2694905996322632, 0.7772095203399658, 0.7204384803771973, 0.6793992519378662, 0.8414028882980347, 0.5692915320396423, 1.1491541862487793, 0.8271680474281311, 1.4937455654144287, 1.3976426124572754, 0.5461055636405945, 1.445278286933899, 0.7841085195541382, -0.010261297225952148, 0.8908206820487976, 0.7814149260520935, 0.6600627303123474, 1.5884977579116821, -0.022330164909362793, 0.9606432318687439, 1.3967565298080444, 1.8148138523101807, 0.8387287259101868, 0.5691877007484436, 0.0008916482329368591, 0.2589007318019867]"
lucid,"[14, 13, 18, 6, 20]",34,"[0.5216595530509949, 0.1200140118598938, 0.5521069169044495, 0.36387017369270325, 1.1780198812484741, 0.8175223469734192, 0.46798786520957947, 1.0876795053482056, 1.3084138631820679, 0.9977750778198242, 1.3508645296096802, 0.20018883049488068, -0.07093514502048492, 1.7886760234832764, 0.11195871978998184, 0.39144468307495117, 0.6096374988555908, 1.3565306663513184, 0.8231232762336731, 0.316849946975708, 0.288086473941803, 0.03994149714708328, 0.18478353321552277, 0.6925167441368103, 0.47482287883758545, 0.17018088698387146, 1.0099458694458008, 0.1708468645811081, 1.022842288017273, 0.26600581407546997, 0.16443079710006714, 0.3849119544029236, 0.7287747859954834, 0.22250261902809143, 0.400637149810791, 0.7651232481002808, 0.5146384835243225, 0.983778715133667, 0.4409201443195343, 0.4353002905845642, 0.1377885490655899, 0.25929078459739685, 0.8122754096984863, 0.6109958291053772, 1.2492597103118896, 0.3066955804824829, 1.146639347076416, 1.4235267639160156, 0.14638110995292664, 1.5520522594451904, 0.737348735332489, 0.47029319405555725, 0.024280283600091934, 0.26959794759750366, 0.24634698033332825, 0.9040176272392273, 0.18994943797588348, 0.6648194789886475, 1.1974183320999146, 1.139218807220459, 0.5535183548927307, -0.07010436058044434, 0.10717305541038513, 0.31946200132369995]"
nuanced,"[5, 13, 2, 5, 18, 4, 20]",34,"[1.1770031452178955, 0.08164309710264206, 0.11432871222496033, 0.489059180021286, 0.7525343894958496, 0.7813903093338013, 0.7712666988372803, 0.7540218830108643, 1.107506513595581, 0.5834512114524841, 0.9648099541664124, 0.20467129349708557, -0.08223900943994522, 1.4722092151641846, 0.3044453263282776, 0.08072178065776825, 1.4329122304916382, 1.0892689228057861, 1.8954129219055176, 0.5475651621818542, 0.6314429640769958, 0.10164802521467209, 0.4712185859680176, 0.5520415306091309, 0.9692571759223938, -0.2777618169784546, 0.6404876708984375, 0.15526244044303894, 0.7244791984558105, -0.062367331236600876, 0.02729199081659317, 0.3652114272117615, 1.5710177421569824, 0.46925607323646545, 1.241448998451233, 1.8144385814666748, 0.16132697463035583, 0.9560396671295166, 0.0459456592798233, 0.5262607932090759, 0.2103661447763443, 0.1946871280670166, 1.9538882970809937, 1.6064105033874512, 0.8163068294525146, -0.06983067840337753, 0.7803921103477478, 1.1126811504364014, 0.47142651677131653, 0.920629620552063, 1.696441650390625, 0.3764685392379761, -0.2790283262729645, 0.05165674537420273, 0.034931495785713196, 0.6504119634628296, 0.15336036682128906, 0.8711276054382324, 0.78696608543396, 0.7301999926567078, 0.14516456425189972, 0.027756648138165474, 0.11917845904827118, 1.0069942474365234]"
obsolete,"[12, 10, 7, 12, 14, 4, 8, 4]",34,"[0.49360543489456177, -0.02776235342025757, 0.6511819958686829, 0.3624051511287689, 1.2383966445922852, 0.30623283982276917, 0.14364442229270935, 0.7318699359893799, 1.341147780418396, 1.0370687246322632, 1.154008388519287, 0.41491371393203735, 0.23034682869911194, 1.9580399990081787, 0.10854383558034897, 0.6806355714797974, 0.7346643209457397, 0.9718979597091675, 0.7568720579147339, 0.234098419547081, 0.24168281257152557, 0.004464305937290192, 0.5232003927230835, 0.6840993165969849, 0.4833664894104004, 0.3275834023952484, 1.091848373413086, -0.029636859893798828, 1.28272545337677, 0.22901038825511932, 0.44904884696006775, 0.37788957357406616, 0.59096360206604, 0.18080765008926392, 0.5771281719207764, 0.7638440132141113, 0.49459949135780334, 0.8095256686210632, 0.40676358342170715, 0.4000474214553833, 0.20258793234825134, 0.5298030376434326, 0.8131930828094482, 0.6022369265556335, 1.4254038333892822, 0.3110925555229187, 1.466931700706482, 1.570375680923462, 0.28854405879974365, 1.4071316719055176, 0.7293350696563721, 0.14482375979423523, 0.23326891660690308, 0.6565808057785034, 0.48844048380851746, 0.9507478475570679, 0.020254753530025482, 0.638731062412262, 1.0321780443191528, 1.4347425699234009, 0.5055522918701172, 0.15522198379039764, 0.013808228075504303, 0.3628152012825012]"
partisan,"[3, 2, 11, 8, 6, 7, 2, 5]",34,"[0.9267290234565735, 0.032419152557849884, 0.6272673010826111, 0.4876024127006531, 1.1037065982818604, 0.08993276953697205, 0.2427663654088974, 0.4068533182144165, 0.9167782664299011, 1.2435545921325684, 0.4538041651248932, 0.7199529409408569, 0.3432362675666809, 1.6742005348205566, 0.7143512964248657, 0.40882694721221924, 1.4566680192947388, 0.4266892373561859, 1.2825884819030762, 0.3644804358482361, 0.16751232743263245, 0.04078197479248047, 1.5363260507583618, 1.1609348058700562, 0.7089235782623291, 0.465753972530365, 0.40760868787765503, 0.10029534995555878, 0.6444109678268433, 0.8298183679580688, 0.5237094759941101, 0.6393574476242065, 0.9956106543540955, 0.2851382791996002, 1.3787035942077637, 1.1545262336730957, 0.6947828531265259, 0.17876295745372772, 0.9568855166435242, 1.139356017112732, 0.49660223722457886, 1.041041612625122, 1.6878598928451538, 1.3864026069641113, 0.5624630451202393, 0.42773136496543884, 0.8810257315635681, 0.9206225275993347, 0.7402092218399048, 0.7717874050140381, 1.4860830307006836, 0.09850673377513885, 1.0357497930526733, 0.7670576572418213, 0.13319510221481323, 1.1962369680404663, 0.03293523192405701, 0.9511474370956421, 1.0216319561004639, 1.3150827884674072, 0.3913131654262543, 0.9431507587432861, 0.057195328176021576, 0.7785488367080688]"
pragmatic,"[3, 11, 2, 17, 19, 2, 8, 6, 18]",34,"[0.37099993228912354, 0.005214124917984009, 0.8755152821540833, 0.5463982820510864, 1.74803626537323, 0.4837753176689148, 0.19050422310829163, 1.2943644523620605, 1.7942954301834106, 1.5928122997283936, 1.546098232269287, 0.027009323239326477, -0.07217812538146973, 2.1672961711883545, 0.22484895586967468, 0.6709098815917969, 0.5922688841819763, 1.3756508827209473, 0.6275580525398254, 0.28213855624198914, 0.23861704766750336, 0.07309882342815399, 0.5443081259727478, 1.2252869606018066, 0.5701029300689697, 0.6018580198287964, 0.8971611261367798, 0.024010568857192993, 0.979260265827179, 0.8305230140686035, 0.055244434624910355, 0.7540310621261597, 0.620405912399292, 0.12901702523231506, 0.4360384941101074, 0.5053249597549438, 1.1329206228256226, 0.6790278553962708, 1.1351619958877563, 0.6306440830230713, 0.4107896089553833, 0.28508371114730835, 0.6966462135314941, 0.5070918202400208, 1.2222012281417847, 0.7430633306503296, 1.4025453329086304, 1.3804073333740234, 0.276406466960907, 1.7737993001937866, 0.6108928918838501, 0.23760873079299927, 0.2504858672618866, 0.38459810614585876, 0.5192108750343323, 1.473854899406433, 0.10021530091762543, 0.932437539100647, 1.6796692609786987, 1.5681371688842773, 0.9007359743118286, 0.05173374339938164, 0.08273295313119888, 0.1762593537569046]"
proliferate,"[3, 11, 12, 14, 6, 22, 4, 11, 2, 8, 4]",34,"[1.148542881011963, -0.0842915028333664, 0.3844413161277771, 0.5929349064826965, 0.9068419933319092, 0.01934334635734558, 0.3146452307701111, 0.3644908368587494, 1.0533968210220337, 1.0049349069595337, 0.5776614546775818, 0.3597344160079956, 0.30046629905700684, 1.493074893951416, 0.7234126329421997, 0.5651077628135681, 1.704366683959961, 0.4048171639442444, 1.7291383743286133, 0.38765913248062134, 0.2511906027793884, -0.0024063754826784134, 1.5641725063323975, 1.0140275955200195, 0.8158556222915649, 0.45488837361335754, 0.47806692123413086, -0.12425780296325684, 0.7112906575202942, 0.6551631689071655, 0.2992058992385864, 0.7676093578338623, 1.3465840816497803, 0.425044447183609, 1.622649908065796, 1.6501812934875488, 0.7383031845092773, 0.3216646909713745, 0.8255312442779541, 0.74658203125, 0.8697091341018677, 0.6323838233947754, 2.088561773300171, 1.8637807369232178, 0.625144362449646, 0.3795049786567688, 0.8623443245887756, 0.9808182120323181, 1.085220217704773, 0.6910876035690308, 1.8220938444137573, -0.0561678409576416, 0.7766767740249634, 0.5354801416397095, 0.4109359085559845, 1.0249638557434082, -0.04888966679573059, 0.9250432848930359, 0.7946992516517639, 1.1613199710845947, 0.32865551114082336, 0.8901922106742859, 0.033815741539001465, 1.0777342319488525]"
provincial,"[3, 11, 12, 28, 6, 5, 18, 6, 2, 14]",34,"[0.7396542429924011, -0.04350893199443817, 0.8818953037261963, 0.6810515522956848, 1.4580451250076294, -0.03377024829387665, 0.1496598720550537, 0.5753211975097656, 1.3469820022583008, 1.6575639247894287, 0.7022349238395691, 0.27738839387893677, 0.24058546125888824, 1.7406210899353027, 0.7713841199874878, 0.77810138463974, 1.465625286102295, 0.5142902135848999, 1.1604044437408447, 0.41893261671066284, 0.15491433441638947, 0.08795458823442459, 1.554731845855713, 1.5194306373596191, 0.8697866797447205, 0.8912384510040283, 0.3680269718170166, -0.049510687589645386, 0.6085907816886902, 1.35490882396698, 0.3028301000595093, 1.0550357103347778, 1.0689899921417236, 0.39142706990242004, 1.239194631576538, 1.0432562828063965, 1.3358234167099, 0.09357312321662903, 1.4836760759353638, 1.0623750686645508, 0.973053514957428, 0.6982477903366089, 1.5887491703033447, 1.166332483291626, 0.6115068197250366, 0.8544076681137085, 1.0251911878585815, 0.9870463609695435, 0.9801168441772461, 1.1036877632141113, 1.438037633895874, -0.029934167861938477, 1.0784991979599, 0.6011279225349426, 0.45713886618614197, 1.587401032447815, -0.0209820419549942, 1.2208240032196045, 1.3625893592834473, 1.5619163513183594, 0.7230554819107056, 0.862480103969574, 0.027047228068113327, 0.6013051271438599]"
rigorous,"[11, 6, 17, 12, 11, 12, 13, 7]",34,"[1.3191391229629517, -0.07068701088428497, 0.5768910646438599, 0.56686931848526, 0.8844718337059021, -0.13100500404834747, 0.5042857527732849, 0.15000012516975403, 0.740865170955658, 1.1550486087799072, 0.18932917714118958, 0.4051341414451599, 0.4414180517196655, 1.0696338415145874, 1.118944764137268, 0.6020104289054871, 2.1377103328704834, 0.008137427270412445, 2.071680784225464, 0.5707470774650574, 0.12322740256786346, -0.008024167269468307, 2.199767827987671, 1.2754565477371216, 0.9521192312240601, 0.794084370136261, 0.09365268051624298, -0.07888349890708923, 0.32539135217666626, 1.2670336961746216, 0.33813098073005676, 1.1433219909667969, 1.7509760856628418, 0.7126386165618896, 1.9994086027145386, 1.953319787979126, 1.1347404718399048, -0.12306873500347137, 1.345382571220398, 1.096181035041809, 1.2263951301574707, 0.8232887983322144, 2.732712984085083, 2.3211488723754883, 0.17304785549640656, 0.6594350934028625, 0.5281499028205872, 0.5227289795875549, 1.564445972442627, 0.5476680994033813, 2.4886679649353027, -0.07784530520439148, 1.405488133430481, 0.6761860847473145, 0.37820449471473694, 1.1238210201263428, -0.03715035319328308, 1.1091947555541992, 0.8240411281585693, 1.0358959436416626, 0.3779870867729187, 1.497597575187683, 0.02816004678606987, 1.3639626502990723]"
salient,"[7, 2, 14, 6, 4, 5, 8]",34,"[1.1820359230041504, 0.03675457090139389, 0.4560568630695343, 0.23103785514831543, 0.758495569229126, 0.1449166238307953, 0.49284207820892334, 0.27996137738227844, 0.6633579730987549, 0.7479897737503052, 0.3393348753452301, 0.897758960723877, 0.4693862795829773, 1.4532229900360107, 0.5484511256217957, 0.4619062840938568, 1.5832432508468628, 0.39003968238830566, 1.625760793685913, 0.287167489528656, 0.16504189372062683, -0.03484524413943291, 1.397565484046936, 0.6906775236129761, 0.540249228477478, 0.30098816752433777, 0.6295333504676819, 0.10987386107444763, 0.8499132990837097, 0.3262496292591095, 0.6871596574783325, 0.3953685164451599, 1.180884838104248, 0.3554256558418274, 1.4443422555923462, 1.5818397998809814, 0.2664634585380554, 0.4620358347892761, 0.42488333582878113, 0.8750661611557007, 0.28940367698669434, 1.0960993766784668, 1.9704073667526245, 1.650187611579895, 0.821028470993042, 0.1372310221195221, 0.9437196850776672, 1.1491374969482422, 0.7088745832443237, 0.7559345960617065, 1.6943085193634033, 0.16483135521411896, 0.9397255182266235, 0.8414761424064636, 0.17164868116378784, 0.7880824208259583, 0.02788325399160385, 0.7263662219047546, 0.6429365873336792, 1.1258618831634521, 0.20429635047912598, 0.9073655009269714, 0.054438941180706024, 1.0971695184707642]"
sanction,"[7, 2, 5, 18, 8, 6, 12, 5]",34,"[0.3358111083507538, 0.002623260021209717, 0.9969871640205383, 0.5095018148422241, 1.579746127128601, 0.23946186900138855, 0.1251692771911621, 0.8448583483695984, 1.3261696100234985, 1.5248584747314453, 0.9778491258621216, 0.3110193610191345, 0.15182721614837646, 1.89654541015625, 0.3283182978630066, 0.6477046608924866, 0.673978328704834, 0.9049591422080994, 0.576056718826294, 0.33962345123291016, 0.2170673906803131, 0.09963875263929367, 0.8588017225265503, 1.2868611812591553, 0.5984969735145569, 0.746193528175354, 0.6092036962509155, 0.03116317093372345, 0.7683197855949402, 0.9927753210067749, 0.2992539405822754, 0.6278297305107117, 0.6126452684402466, 0.11787232011556625, 0.6439715027809143, 0.5017095804214478, 0.9826663732528687, 0.3166100084781647, 1.2062138319015503, 0.841353178024292, 0.39857926964759827, 0.6137731075286865, 0.7287355661392212, 0.47650402784347534, 0.8841413259506226, 0.7934094071388245, 1.1908293962478638, 1.1289033889770508, 0.3402103781700134, 1.3517602682113647, 0.6785721182823181, 0.17889301478862762, 0.710657000541687, 0.6435137391090393, 0.4113216996192932, 1.4344598054885864, 0.08608449995517731, 0.9317237138748169, 1.4537010192871094, 1.477576494216919, 0.7996929287910461, 0.3935598134994507, 0.08884347975254059, 0.19577273726463318]"
superlative,"[7, 13, 3, 4, 11, 14, 2, 8, 6, 28, 4]",34,"[1.0454726219177246, -0.04095783829689026, 0.43168094754219055, 0.8362625241279602, 1.2263538837432861, 0.02679060399532318, 0.2784363925457001, 0.5012528896331787, 1.3732001781463623, 1.4282180070877075, 0.7353127002716064, 0.30979281663894653, 0.19235415756702423, 1.884052038192749, 0.8716914057731628, 0.461373507976532, 1.9086741209030151, 0.5085933208465576, 1.6905505657196045, 0.5674023628234863, 0.33963754773139954, 0.07403653115034103, 1.64631187915802, 1.3956372737884521, 1.176548719406128, 0.40108463168144226, 0.3559543490409851, -0.049029380083084106, 0.7079744935035706, 0.9563656449317932, 0.22121021151542664, 0.9936767816543579, 1.4565753936767578, 0.5462687015533447, 1.727158784866333, 1.5436882972717285, 0.9813802242279053, 0.2714529037475586, 1.0747807025909424, 1.1541240215301514, 0.972446858882904, 0.6734691858291626, 2.1945302486419678, 1.7418948411941528, 0.5963668823242188, 0.4159126579761505, 0.9427103996276855, 1.0595628023147583, 1.079312801361084, 0.8897020816802979, 1.9775570631027222, -0.06161421537399292, 0.7452573180198669, 0.4626751244068146, 0.25289735198020935, 1.4424455165863037, -0.032863080501556396, 1.3696587085723877, 1.148655891418457, 1.453676700592041, 0.378115177154541, 0.838211178779602, 0.0022693537175655365, 0.8894041776657104]"
systematic,"[7, 21, 7, 8, 4, 19, 2, 8, 6, 18]",34,"[0.7227227687835693, 0.008689448237419128, 0.4374912679195404, 0.7342312932014465, 1.357255220413208, 0.612229585647583, 0.3330158293247223, 1.0016224384307861, 1.6082247495651245, 1.257635474205017, 1.2550994157791138, 0.02994541823863983, -0.10057458281517029, 1.9401602745056152, 0.44492387771606445, 0.34658196568489075, 1.159249186515808, 1.1975860595703125, 1.1873669624328613, 0.5964802503585815, 0.4591485857963562, 0.10602649301290512, 0.648704469203949, 1.12442946434021, 0.9908660054206848, 0.16893605887889862, 0.6238301396369934, 0.005931928753852844, 0.766318142414093, 0.6630584001541138, 0.015796378254890442, 0.7074426412582397, 1.1081950664520264, 0.3554171025753021, 0.9941014647483826, 1.0287590026855469, 0.8197426199913025, 0.7426602840423584, 0.7846177220344543, 0.8039203882217407, 0.552428662776947, 0.28274983167648315, 1.353916883468628, 0.9665980339050293, 0.8839032649993896, 0.40321409702301025, 1.037166714668274, 1.2444909811019897, 0.5293599367141724, 1.3253449201583862, 1.2260767221450806, 0.2664729952812195, 0.09546469151973724, 0.12371550500392914, 0.18386432528495789, 1.2650212049484253, 0.0954846739768982, 1.16250741481781, 1.3239076137542725, 1.2661868333816528, 0.517481803894043, 0.12257225066423416, 0.08090311288833618, 0.46476271748542786]"
tangential,"[8, 2, 5, 17, 4, 5, 8, 6, 2, 14]",34,"[1.018194556236267, -0.04105174541473389, 0.6012089252471924, 0.4756045341491699, 1.1866451501846313, 0.0390453040599823, 0.33161813020706177, 0.5144395232200623, 1.1681767702102661, 1.2293424606323242, 0.6724826693534851, 0.539483904838562, 0.3365355134010315, 1.7140698432922363, 0.571027398109436, 0.6437643766403198, 1.5149158239364624, 0.5182058811187744, 1.4967501163482666, 0.3226965069770813, 0.17373304069042206, 0.01778590679168701, 1.3674753904342651, 1.0974056720733643, 0.6807467341423035, 0.5449158549308777, 0.6580100655555725, -0.020149827003479004, 0.8668791055679321, 0.6451067328453064, 0.43947431445121765, 0.6965305805206299, 1.1459283828735352, 0.38451382517814636, 1.3568905591964722, 1.4273767471313477, 0.7837385535240173, 0.39571332931518555, 0.9000359177589417, 0.8646552562713623, 0.6139750480651855, 0.8063064813613892, 1.874220371246338, 1.450559139251709, 0.898971438407898, 0.4531468451023102, 1.118860125541687, 1.1970926523208618, 0.8110455274581909, 1.027662754058838, 1.589605450630188, 0.02636486291885376, 0.8786156177520752, 0.718948245048523, 0.3918820321559906, 1.214394450187683, -0.0199795663356781, 0.9747354388237, 1.0413525104522705, 1.3801745176315308, 0.43768560886383057, 0.7819047570228577, 0.030573369935154915, 0.8934905529022217]"
unambiguous,"[13, 5, 2, 19, 10, 6, 17, 13, 12, 13, 7]",34,"[0.06724004447460175, -0.10923740267753601, 1.6037070751190186, 0.5216350555419922, 1.9372867345809937, -0.13085870444774628, -0.06448033452033997, 0.9861017465591431, 1.4478569030761719, 1.9607058763504028, 1.206977367401123, 0.0015197992324829102, 0.2531135082244873, 1.880298376083374, 0.4416573643684387, 1.3632621765136719, 0.4063614010810852, 0.8321115374565125, 0.2829233705997467, 0.17259079217910767, 0.03895469754934311, 0.08364861458539963, 1.2126573324203491, 1.5783195495605469, 0.34878191351890564, 1.643802285194397, 0.7187463045120239, -0.05131271481513977, 0.820706844329834, 1.798386573791504, 0.2946168780326843, 1.0919601917266846, 0.36744391918182373, 0.15051937103271484, 0.34458187222480774, 0.26238301396369934, 1.8117666244506836, -0.027938872575759888, 2.1126785278320312, 0.5292762517929077, 1.0413163900375366, 0.48383188247680664, 0.4749431610107422, 0.3933011293411255, 0.9397385120391846, 1.5267674922943115, 1.368959665298462, 0.9921466708183289, 0.6195951700210571, 1.6722280979156494, 0.34435775876045227, 0.005061507225036621, 1.3236563205718994, 0.9676185846328735, 1.1075053215026855, 1.7047568559646606, 0.019908279180526733, 0.7971599698066711, 1.7691398859024048, 1.7281209230422974, 1.352516531944275, 0.6851768493652344, 0.06599153578281403, 0.11482078582048416]"
unprecedented,"[13, 5, 3, 11, 4, 18, 4, 20, 4, 5, 8, 4, 20]",34,"[1.5501271486282349, -0.04866930842399597, 0.3501160740852356, 0.31832846999168396, 0.6223798394203186, 0.3153274655342102, 0.9471948742866516, 0.3989297151565552, 0.7764519453048706, 0.4834786653518677, 0.7083145380020142, 0.39054280519485474, 0.31722742319107056, 1.3017282485961914, 0.44653552770614624, 0.5455372333526611, 1.7396202087402344, 0.6556352376937866, 2.2392778396606445, 0.35526275634765625, 0.4213849902153015, 0.053907617926597595, 1.029917597770691, 0.4526335299015045, 0.7040606141090393, 0.1695009469985962, 0.7624644041061401, -0.049845725297927856, 0.8775774836540222, 0.0942276269197464, 0.4361084997653961, 0.44515562057495117, 1.7339611053466797, 0.6042856574058533, 1.4747514724731445, 2.328902244567871, 0.24544188380241394, 0.7415856719017029, 0.1850973516702652, 0.3104386627674103, 0.3984079957008362, 0.46442675590515137, 2.491356372833252, 2.2448675632476807, 0.9271775484085083, 0.0629238411784172, 0.8653286099433899, 1.1381871700286865, 0.863483190536499, 0.7727847099304199, 2.159457206726074, 0.11532701551914215, 0.3466935455799103, 0.5251455903053284, 0.3962990641593933, 0.4694455862045288, -0.0011082068085670471, 0.5334619283676147, 0.49724623560905457, 0.8355254530906677, 0.23263812065124512, 0.5883697867393494, 0.14027629792690277, 1.6124320030212402]"
verifiable,"[28, 4, 11, 6, 22, 6, 2, 10, 14, 4]",34,"[0.8595483899116516, -0.10296142101287842, 0.40775129199028015, 0.9789710640907288, 1.3570653200149536, 0.0047669559717178345, 0.18773353099822998, 0.697321355342865, 1.6406316757202148, 1.5372834205627441, 1.112404704093933, -0.09982040524482727, 0.0054948460310697556, 1.900177001953125, 0.6895598769187927, 0.6101627349853516, 1.6171607971191406, 0.678350031375885, 1.4576177597045898, 0.4744788408279419, 0.42965319752693176, 0.10763958841562271, 1.270190954208374, 1.411542296409607, 1.1570029258728027, 0.4339287281036377, 0.4236072897911072, -0.14416015148162842, 0.7418419122695923, 0.9201391339302063, -0.031063266098499298, 1.0340110063552856, 1.2831451892852783, 0.512473464012146, 1.384558081626892, 1.34140944480896, 1.1500946283340454, 0.2831195890903473, 1.1319016218185425, 0.8266915082931519, 1.0343923568725586, 0.2651309669017792, 1.8158565759658813, 1.4380053281784058, 0.6682063341140747, 0.5378792881965637, 1.0383787155151367, 1.064257025718689, 0.9501228332519531, 1.0491050481796265, 1.5797415971755981, -0.1519981026649475, 0.33620065450668335, 0.19555211067199707, 0.4913158714771271, 1.5109244585037231, -0.0694478303194046, 1.2956593036651611, 1.250657081604004, 1.4536560773849487, 0.5168485045433044, 0.4236140251159668, -0.011253874748945236, 0.7216333150863647]"
algorithm,"[2, 14, 17, 12, 11, 6, 8, 9, 19]",34,"[0.4867498278617859, -0.053241267800331116, 1.2800116539001465, 0.44290053844451904, 1.6354870796203613, -0.045125946402549744, 0.1485183835029602, 0.7635619640350342, 1.297654151916504, 1.6214015483856201, 0.8965857625007629, 0.31399354338645935, 0.34438812732696533, 1.7888507843017578, 0.5201095938682556, 1.0596050024032593, 0.8657082319259644, 0.7374151945114136, 0.799351155757904, 0.2851538062095642, 0.06027401611208916, 0.06626103073358536, 1.345742106437683, 1.3980144262313843, 0.5059718489646912, 1.2890022993087769, 0.6363688707351685, -0.03940629959106445, 0.8240976333618164, 1.4365780353546143, 0.4446467459201813, 0.9147070050239563, 0.7217937111854553, 0.2554965615272522, 0.7714279890060425, 0.7222033739089966, 1.3707772493362427, 0.10585707426071167, 1.6400599479675293, 0.77837073802948, 0.827207624912262, 0.7199475765228271, 1.1354994773864746, 0.8827713131904602, 0.8884782791137695, 1.115803599357605, 1.2391481399536133, 1.0436869859695435, 0.7122077941894531, 1.4221502542495728, 0.9940035939216614, 0.04655298590660095, 1.2501280307769775, 0.9578543901443481, 0.7761597633361816, 1.4769338369369507, 0.005975693464279175, 0.8896798491477966, 1.4650354385375977, 1.580915093421936, 0.9696096181869507, 0.8392249345779419, 0.06620818376541138, 0.4504393935203552]"
alliance,"[2, 14, 14, 6, 2, 5, 18, 4]",34,"[0.6950169801712036, -0.013617157936096191, 0.6061803102493286, 0.5690851807594299, 1.198180079460144, 0.5646066069602966, 0.30433154106140137, 0.9388635158538818, 1.3623862266540527, 1.0874406099319458, 1.2322441339492798, 0.08998666703701019, 0.0075259730219841, 1.6779847145080566, 0.2223357856273651, 0.5730631351470947, 0.8936635255813599, 1.1296517848968506, 1.068335771560669, 0.3747386038303375, 0.46880292892456055, 0.16164100170135498, 0.5058580040931702, 0.9173510670661926, 0.7423810958862305, 0.3659362196922302, 0.7443938255310059, -0.021210074424743652, 0.8631864786148071, 0.5278973579406738, 0.13182809948921204, 0.569718062877655, 0.9514809250831604, 0.2359602153301239, 0.6908168196678162, 1.037536382675171, 0.7292179465293884, 0.7151106595993042, 0.688284695148468, 0.45241251587867737, 0.42371034622192383, 0.2275198996067047, 1.1283698081970215, 0.866523027420044, 1.0269572734832764, 0.41317176818847656, 1.0598219633102417, 1.244642972946167, 0.39822161197662354, 1.298590064048767, 1.024359107017517, 0.19872044026851654, 0.14241769909858704, 0.26565220952033997, 0.42810022830963135, 1.055606722831726, 0.0550948865711689, 0.8987963199615479, 1.1694642305374146, 1.1788933277130127, 0.5868520736694336, 0.06168923154473305, 0.09883749485015869, 0.49186617136001587]"
artificial intelligence,"[2, 11, 8, 6, 22, 6, 18, 6, 2, 14, 31, 6, 5, 8, 4, 14, 14, 6, 17, 4, 5, 18, 4]",34,"[-0.13671623170375824, -0.06691661477088928, 1.7347931861877441, 0.5820491313934326, 2.1926822662353516, 0.030756667256355286, -0.013672605156898499, 1.401187777519226, 1.9769409894943237, 2.142421007156372, 1.954781413078308, -0.0376417338848114, 0.22155754268169403, 2.668614149093628, 0.2177894115447998, 1.4635965824127197, 0.20458342134952545, 1.4662797451019287, 0.041868656873703, 0.06202949583530426, 0.06770578026771545, 0.03685705363750458, 0.8963180780410767, 1.4134750366210938, 0.28425103425979614, 1.5362976789474487, 1.190981388092041, -0.08043023943901062, 1.3821734189987183, 1.569175124168396, 0.5222041606903076, 0.9868023991584778, 0.17080287635326385, 0.10419794172048569, 0.07083285599946976, 0.04446025192737579, 1.6865592002868652, 0.4666603207588196, 1.8103092908859253, 0.5347754955291748, 0.7539509534835815, 0.46701711416244507, -0.034379392862319946, 0.139982670545578, 1.6620147228240967, 1.4311888217926025, 1.9210419654846191, 1.6973724365234375, 0.2437887042760849, 2.269510507583618, -0.040462151169776917, -0.005855947732925415, 0.9931210279464722, 1.005925178527832, 1.2573010921478271, 1.9061051607131958, 0.030490092933177948, 0.7704111337661743, 1.9929074048995972, 2.1872034072875977, 1.526168942451477, 0.30858463048934937, 0.03178566321730614, -0.06707409024238586]"
atomic structure,"[2, 8, 12, 19, 6, 18, 31, 7, 8, 11, 13, 18, 8, 13, 11, 4]",34,"[0.4017840027809143, -0.08139193058013916, 1.6898982524871826, 0.41822361946105957, 1.6659666299819946, 0.07145218551158905, 0.2033776342868805, 0.9228575825691223, 1.353479027748108, 1.6359626054763794, 1.3479639291763306, 0.368950217962265, 0.4771715998649597, 2.0135140419006348, 0.32718169689178467, 1.6089444160461426, 0.6317925453186035, 1.0411838293075562, 0.6564803123474121, 0.16586899757385254, 0.17353247106075287, 0.09687202423810959, 1.1731200218200684, 1.1368708610534668, 0.37223684787750244, 1.5926564931869507, 1.06024169921875, -0.11081549525260925, 1.206620693206787, 1.4599717855453491, 0.7178056240081787, 0.9050427675247192, 0.6156599521636963, 0.18517842888832092, 0.4502387046813965, 0.6566251516342163, 1.356581687927246, 0.4221242070198059, 1.6272510290145874, 0.4392196834087372, 0.7880514860153198, 0.6933258771896362, 0.7505496740341187, 0.7510661482810974, 1.4923263788223267, 1.231740117073059, 1.5594758987426758, 1.44333016872406, 0.5363487005233765, 1.7951406240463257, 0.6907982230186462, 0.0026963353157043457, 1.3743526935577393, 1.2751740217208862, 1.2031195163726807, 1.4560338258743286, -0.014333173632621765, 0.6524022221565247, 1.5517594814300537, 1.8421754837036133, 1.2564868927001953, 0.7872556447982788, 0.0718688890337944, 0.3196697533130646]"
automation,"[2, 13, 8, 12, 19, 2, 8, 6, 12, 5]",34,"[0.7972441911697388, -0.024701714515686035, 0.7732893228530884, 0.7125964164733887, 1.4351515769958496, -0.11080481112003326, 0.25642141699790955, 0.4898875951766968, 1.2941399812698364, 1.7186447381973267, 0.5055517554283142, 0.39946165680885315, 0.2371046096086502, 1.7360594272613525, 0.9384781718254089, 0.5501075387001038, 1.6897618770599365, 0.31508705019950867, 1.3759267330169678, 0.5639188289642334, 0.1365121304988861, 0.045190148055553436, 1.79246187210083, 1.6770341396331787, 1.0127365589141846, 0.7896966934204102, 0.22688020765781403, 0.01867915689945221, 0.48425954580307007, 1.3362910747528076, 0.2682376205921173, 1.0735901594161987, 1.2866361141204834, 0.5050444006919861, 1.558611512184143, 1.1989928483963013, 1.286989688873291, -0.06098105013370514, 1.5441064834594727, 1.3519104719161987, 0.9856684803962708, 0.8435449600219727, 1.908255696296692, 1.3786691427230835, 0.4267324209213257, 0.8069729208946228, 0.9484900236129761, 0.812994122505188, 1.0766795873641968, 1.0341321229934692, 1.7198420763015747, -0.01884135603904724, 1.1885091066360474, 0.6179819703102112, 0.2958443760871887, 1.6742191314697266, -0.012399494647979736, 1.3922333717346191, 1.3963841199874878, 1.5439653396606445, 0.5945108532905579, 1.03104567527771, 0.0009992457926273346, 0.6700026988983154]"
capitalism,"[18, 2, 3, 6, 8, 2, 14, 6, 7, 19]",34,"[0.9460179805755615, 0.02265264093875885, 0.6543164849281311, 0.4464092254638672, 0.970902681350708, 0.23052199184894562, 0.433380126953125, 0.5122391581535339, 0.8355065584182739, 1.0387940406799316, 0.5502804517745972, 0.5116649866104126, 0.2843819856643677, 1.3408732414245605, 0.675121545791626, 0.5390975475311279, 1.3947498798370361, 0.5723794102668762, 1.4150488376617432, 0.4778141975402832, 0.23187966644763947, 0.0498763844370842, 1.3415929079055786, 0.9784454107284546, 0.7049750089645386, 0.6294988393783569, 0.4405815005302429, 0.07435762882232666, 0.5825330018997192, 0.8817825317382812, 0.39313429594039917, 0.712753176689148, 1.2224864959716797, 0.4054429233074188, 1.2601083517074585, 1.341132640838623, 0.7372196316719055, 0.32599782943725586, 0.9751721024513245, 0.8827224969863892, 0.6622894406318665, 0.7426689863204956, 1.8107521533966064, 1.5042232275009155, 0.5548349618911743, 0.508582592010498, 0.7050155401229858, 0.8401214480400085, 0.8454020023345947, 0.8611937761306763, 1.6149746179580688, 0.15842626988887787, 0.9826840758323669, 0.647939145565033, 0.2779499590396881, 0.9848438501358032, 0.053214628249406815, 0.9221837520599365, 0.9529623985290527, 1.0664499998092651, 0.4670850932598114, 0.8652897477149963, 0.0862981379032135, 0.8276441097259521]"
civil disobedience,"[18, 6, 28, 6, 14, 31, 20, 6, 7, 12, 10, 4, 20, 6, 4, 5, 18, 4]",34,"[1.315755844116211, -0.09803023934364319, 0.46028420329093933, 0.6341336369514465, 0.615653395652771, 0.3140730857849121, 0.6729098558425903, 0.5066676139831543, 0.9726188778877258, 0.6760696172714233, 0.814195990562439, 0.06210637092590332, 0.2445981651544571, 1.1481330394744873, 0.5862309336662292, 0.7743353843688965, 1.625368356704712, 0.7457585334777832, 2.000746726989746, 0.4928712248802185, 0.6183793544769287, 0.11774957925081253, 1.2517081499099731, 0.6721680760383606, 0.9878486394882202, 0.5842394232749939, 0.5983905792236328, -0.14877265691757202, 0.7296823859214783, 0.6349017024040222, 0.18515408039093018, 0.7811485528945923, 1.7434279918670654, 0.528385579586029, 1.3959126472473145, 2.006617546081543, 0.6295619010925293, 0.6089075207710266, 0.6737503409385681, 0.2967652976512909, 0.9178848266601562, 0.25101393461227417, 2.2687172889709473, 2.1130998134613037, 0.7404273748397827, 0.3305579721927643, 0.7068554759025574, 0.9187150001525879, 1.0395699739456177, 0.7579920291900635, 1.8835550546646118, 0.0015727877616882324, 0.5488021373748779, 0.3951343595981598, 0.6895041465759277, 0.7004557251930237, -0.03770962357521057, 0.8400589823722839, 0.6974138617515564, 0.9265384674072266, 0.41892749071121216, 0.6424177885055542, 0.1240130364894867, 1.1691733598709106]"
civil rights,"[18, 6, 28, 6, 14, 31, 11, 6, 17, 9, 8, 7]",34,"[0.8408412933349609, 0.019467055797576904, 1.3812662363052368, 0.12177906930446625, 0.9361363649368286, 0.06794251501560211, 0.3049493730068207, 0.33808737993240356, 0.5448382496833801, 1.038719892501831, 0.5302841663360596, 1.0346729755401611, 0.8461748957633972, 1.4043920040130615, 0.51137775182724, 1.311091661453247, 1.0639294385910034, 0.4870617985725403, 1.062683343887329, 0.1417730450630188, 0.07080046087503433, 0.04326913505792618, 1.635985255241394, 0.7254100441932678, 0.2508259415626526, 1.4028021097183228, 0.8493666648864746, 0.050172775983810425, 1.0693230628967285, 1.1408412456512451, 1.146256685256958, 0.6028419733047485, 0.7517387270927429, 0.23761172592639923, 0.879017174243927, 1.0686988830566406, 0.7651522755622864, 0.2940567135810852, 1.1289033889770508, 0.6746872663497925, 0.6029913425445557, 1.2330894470214844, 1.3514726161956787, 1.2399994134902954, 1.235748052597046, 0.7771438360214233, 1.1416701078414917, 1.194754719734192, 0.6722351312637329, 1.1274973154067993, 1.2047274112701416, 0.08376023173332214, 1.907681941986084, 1.5817347764968872, 0.8152998089790344, 0.9359949231147766, 0.0025043338537216187, 0.4675483703613281, 0.8775525093078613, 1.433101773262024, 0.759276270866394, 1.354274034500122, 0.0713062584400177, 0.718567967414856]"
conservation,"[18, 12, 5, 7, 4, 11, 28, 2, 8, 6, 12, 5]",34,"[0.7969856858253479, -0.011756673455238342, 0.5871524810791016, 0.6182068586349487, 1.1487869024276733, 0.2636006474494934, 0.3718002736568451, 0.6694055795669556, 1.2565730810165405, 1.184582233428955, 0.836364209651947, 0.18315470218658447, 0.13771608471870422, 1.5589969158172607, 0.5402178764343262, 0.549178957939148, 1.3052128553390503, 0.7598011493682861, 1.3470568656921387, 0.5199644565582275, 0.34723907709121704, 0.0911533534526825, 1.0665228366851807, 1.0910112857818604, 0.9183008670806885, 0.52602618932724, 0.4784395098686218, -0.021331042051315308, 0.6848161816596985, 0.8366618752479553, 0.11479286849498749, 0.7934591770172119, 1.237673282623291, 0.41363582015037537, 1.112596869468689, 1.234839916229248, 0.8600969314575195, 0.4292203187942505, 0.9608578085899353, 0.7635940313339233, 0.7023888826370239, 0.4099441170692444, 1.6190297603607178, 1.2606881856918335, 0.6776273250579834, 0.5140907168388367, 0.8585362434387207, 1.0019103288650513, 0.7841086387634277, 1.0182914733886719, 1.481551170349121, 0.08839741349220276, 0.5341014862060547, 0.43555158376693726, 0.3739888370037079, 1.160334825515747, 0.03627094626426697, 1.0645902156829834, 1.1197024583816528, 1.1760163307189941, 0.49932050704956055, 0.5232462882995605, 0.06084877625107765, 0.6283528208732605]"
discrimination,"[20, 6, 7, 18, 11, 6, 19, 6, 5, 2, 8, 6, 12, 5]",34,"[0.8040279150009155, -0.0145234614610672, 0.654913067817688, 0.6833091974258423, 1.1699609756469727, 0.32324832677841187, 0.4657331109046936, 0.6520530581474304, 1.2442758083343506, 1.2125442028045654, 0.8022258877754211, 0.04929013550281525, 0.09629513323307037, 1.4544637203216553, 0.6608121395111084, 0.5636187791824341, 1.3705296516418457, 0.7525872588157654, 1.4232985973358154, 0.6872963905334473, 0.4045848250389099, 0.10995077341794968, 1.1173402070999146, 1.2128292322158813, 1.0691092014312744, 0.6177126169204712, 0.3514244556427002, -0.03635552525520325, 0.5333922505378723, 1.0813837051391602, 0.05787789821624756, 0.8736429810523987, 1.3856253623962402, 0.49306920170783997, 1.1850237846374512, 1.283851146697998, 0.9978046417236328, 0.373981237411499, 1.124462366104126, 0.8181562423706055, 0.8495972752571106, 0.3539224863052368, 1.7136672735214233, 1.3097118139266968, 0.5301640033721924, 0.6471750736236572, 0.7888293862342834, 0.8381520509719849, 0.9018480777740479, 1.0608338117599487, 1.615862250328064, 0.15894807875156403, 0.6339685916900635, 0.3702467083930969, 0.37284722924232483, 1.2130374908447266, 0.05477959290146828, 1.1285210847854614, 1.1946560144424438, 1.1260783672332764, 0.5481937527656555, 0.5877849459648132, 0.08660725504159927, 0.6505926847457886]"
electron,"[4, 14, 4, 18, 8, 11, 12, 5]",34,"[0.27436184883117676, -0.05505155026912689, 1.3483420610427856, 0.4970496892929077, 1.9717636108398438, -0.07048885524272919, -0.013581186532974243, 0.8907604217529297, 1.6300715208053589, 1.887434959411621, 1.2226834297180176, 0.5258733630180359, 0.36297541856765747, 2.6211094856262207, 0.29209068417549133, 1.118182897567749, 0.6681663990020752, 0.9075024724006653, 0.40583688020706177, 0.1318913847208023, 0.09189753234386444, 0.03378479182720184, 1.18574857711792, 1.4144879579544067, 0.48959454894065857, 0.9881362318992615, 1.0421684980392456, -0.01764613389968872, 1.3530192375183105, 1.0808286666870117, 0.6634873747825623, 0.7599987983703613, 0.4101228713989258, 0.09213367849588394, 0.6633079648017883, 0.39051902294158936, 1.1620773077011108, 0.3741375207901001, 1.3869482278823853, 0.8733178377151489, 0.44074589014053345, 0.9776686429977417, 0.6007394790649414, 0.3934454321861267, 1.5084528923034668, 0.9258211851119995, 1.8542847633361816, 1.7023468017578125, 0.3249328136444092, 1.7852964401245117, 0.5193809270858765, 0.027761191129684448, 0.9829732179641724, 1.0965392589569092, 0.7677414417266846, 1.7473028898239136, 0.014735102653503418, 0.8718147873878479, 1.6740522384643555, 2.17421817779541, 1.0371639728546143, 0.6112674474716187, 0.008804317563772202, 0.17123091220855713]"
equilibrium,"[4, 24, 13, 6, 14, 6, 10, 11, 6, 13, 19]",34,"[0.6244234442710876, -0.07197581231594086, 0.7872012853622437, 0.6251173615455627, 1.101421594619751, 0.1931239664554596, 0.25343382358551025, 0.7108817100524902, 1.124622106552124, 1.1251848936080933, 0.9627596735954285, -0.10016033053398132, 0.09954307228326797, 1.2614898681640625, 0.4825165867805481, 0.847638726234436, 0.9409282207489014, 0.762910008430481, 1.0663912296295166, 0.43322134017944336, 0.31700414419174194, 0.11826538294553757, 1.015181064605713, 1.0405197143554688, 0.7199701070785522, 0.9208400845527649, 0.47876274585723877, -0.1038866639137268, 0.5750169157981873, 1.111549735069275, 0.06659816205501556, 0.8653998970985413, 1.0158538818359375, 0.324040949344635, 0.8296691179275513, 0.9469165205955505, 1.1468397378921509, 0.2871819734573364, 1.2500247955322266, 0.3640396296977997, 0.9326183199882507, 0.15402710437774658, 1.2929813861846924, 1.1538565158843994, 0.5693838596343994, 0.8459856510162354, 0.7819584608078003, 0.8170748949050903, 0.8006635904312134, 1.0804866552352905, 1.1855515241622925, 0.04150831699371338, 0.7169839143753052, 0.4037899971008301, 0.6976950168609619, 1.084123134613037, 0.008486472070217133, 0.8347030282020569, 1.1032265424728394, 1.0277090072631836, 0.7147178649902344, 0.5483298897743225, 0.0764138400554657, 0.5496057271957397]"
genetic variation,"[17, 4, 5, 4, 8, 6, 18, 31, 28, 2, 11, 6, 2, 8, 6, 12, 5]",34,"[0.45360952615737915, -0.040290698409080505, 1.4523974657058716, 0.35017991065979004, 1.512905240058899, 0.16367360949516296, 0.2224673181772232, 0.7994991540908813, 1.3031890392303467, 1.4025335311889648, 1.2374953031539917, 0.4470251798629761, 0.4679756164550781, 1.9816226959228516, 0.3028150498867035, 1.3138643503189087, 0.6857897639274597, 0.9987426400184631, 0.7285085916519165, 0.2292604148387909, 0.2507982552051544, 0.05113723874092102, 1.095382571220398, 0.9793694615364075, 0.4327014982700348, 1.2662919759750366, 1.063538670539856, -0.0673811137676239, 1.2392772436141968, 1.1876121759414673, 0.7235680818557739, 0.699499785900116, 0.6320337057113647, 0.16771045327186584, 0.4688788950443268, 0.6703141331672668, 1.0749542713165283, 0.5437420606613159, 1.2301570177078247, 0.49933257699012756, 0.6248012185096741, 0.7425470948219299, 0.7590657472610474, 0.7097697257995605, 1.519620418548584, 0.9544129967689514, 1.5469964742660522, 1.507327914237976, 0.4700990915298462, 1.6946171522140503, 0.7223991751670837, 0.07748487591743469, 1.254150390625, 1.1744588613510132, 0.9546650648117065, 1.3025628328323364, 0.009302273392677307, 0.6473528146743774, 1.3962152004241943, 1.7500030994415283, 1.0261023044586182, 0.6762886643409729, 0.07607564330101013, 0.3266839385032654]"
globalization,"[17, 14, 12, 10, 2, 14, 6, 15, 2, 8, 6, 12, 5]",34,"[0.5605763792991638, -0.07287265360355377, 0.9373142123222351, 0.6438688039779663, 1.6217443943023682, 0.18906550109386444, 0.21957726776599884, 0.972512423992157, 1.5862863063812256, 1.6187658309936523, 1.2722615003585815, -0.006250590085983276, 0.04569545388221741, 1.7860488891601562, 0.478196382522583, 0.8915814757347107, 1.0226017236709595, 0.9596225023269653, 1.0092222690582275, 0.4001745581626892, 0.29626405239105225, 0.07571110874414444, 1.0061320066452026, 1.3570799827575684, 0.7219371199607849, 0.9079805612564087, 0.6325458288192749, -0.07851096987724304, 0.7383117079734802, 1.1680526733398438, 0.03956391289830208, 0.9538722634315491, 0.9426125884056091, 0.2840515673160553, 0.777980387210846, 0.9272059202194214, 1.3325800895690918, 0.38984280824661255, 1.4273152351379395, 0.6211034059524536, 0.8525211811065674, 0.2660825848579407, 1.1538294553756714, 0.9460082650184631, 0.9018840789794922, 0.9787172079086304, 1.2157858610153198, 1.0870020389556885, 0.7420034408569336, 1.52967369556427, 1.055901050567627, 0.048682332038879395, 0.6617679595947266, 0.4727456867694855, 0.6973933577537537, 1.5019258260726929, 0.022945478558540344, 1.0380678176879883, 1.5725464820861816, 1.458127737045288, 0.9032111763954163, 0.3933767080307007, 0.05878801271319389, 0.4281949996948242]"
innovation,"[6, 5, 5, 12, 28, 2, 8, 6, 12, 5]",34,"[0.3200554847717285, 0.01006212830543518, 1.1957203149795532, 0.48312780261039734, 1.5999788045883179, -0.08453433215618134, 0.08184093981981277, 0.7015209197998047, 1.2967382669448853, 1.708579182624817, 0.8043330907821655, 0.37080907821655273, 0.2625499367713928, 1.7930364608764648, 0.5155922174453735, 0.9156766533851624, 0.8151968717575073, 0.6077220439910889, 0.5997276306152344, 0.2905447483062744, 0.09925684332847595, 0.03876651078462601, 1.2478142976760864, 1.4138638973236084, 0.5593015551567078, 1.1026966571807861, 0.5382601618766785, 0.06530241668224335, 0.6993155479431152, 1.352698564529419, 0.4068148136138916, 0.8542032837867737, 0.5821031928062439, 0.20931917428970337, 0.7218611836433411, 0.48042115569114685, 1.2541611194610596, 0.0548747256398201, 1.5463207960128784, 0.9491481781005859, 0.7140583992004395, 0.7690315246582031, 0.8055422306060791, 0.5430363416671753, 0.7978293895721436, 1.0503735542297363, 1.2409545183181763, 1.019765019416809, 0.5694111585617065, 1.3126684427261353, 0.7038866877555847, 0.07089647650718689, 1.1428947448730469, 0.835192084312439, 0.6117280125617981, 1.6058377027511597, 0.041808463633060455, 0.9391771554946899, 1.4639196395874023, 1.6156799793243408, 0.9115753173828125, 0.7001913785934448, 0.02460797131061554, 0.21253089606761932]"
integration,"[6, 5, 8, 4, 17, 11, 2, 8, 6, 12, 5]",34,"[1.3385087251663208, -0.0735364556312561, 0.39141905307769775, 0.7159411311149597, 0.9389971494674683, -0.025362268090248108, 0.6211155652999878, 0.3093828856945038, 0.9689105749130249, 1.1197683811187744, 0.44161659479141235, 0.12712746858596802, 0.20653967559337616, 1.135130763053894, 0.9398266673088074, 0.4641822278499603, 2.0345492362976074, 0.1886490434408188, 2.156951427459717, 0.6170104146003723, 0.3748055398464203, 0.05492357909679413, 1.7000070810317993, 1.2529683113098145, 1.114311933517456, 0.530914306640625, 0.10961365699768066, -0.08955979347229004, 0.2671452760696411, 1.003251075744629, 0.09652755409479141, 1.0237970352172852, 1.8459842205047607, 0.7202023863792419, 1.8738855123519897, 2.0322823524475098, 1.0134700536727905, 0.01911957561969757, 1.1410131454467773, 0.8892182111740112, 1.103574514389038, 0.45703330636024475, 2.6857197284698486, 2.1687870025634766, 0.1738710105419159, 0.5324081182479858, 0.5604191422462463, 0.5421251654624939, 1.362127423286438, 0.5535966157913208, 2.3754236698150635, -0.08780616521835327, 0.8471424579620361, 0.34702423214912415, 0.3238164186477661, 1.1164761781692505, -0.041159018874168396, 1.149022102355957, 0.8776826858520508, 0.9157125353813171, 0.34087619185447693, 0.993624210357666, 0.06454173475503922, 1.3404253721237183]"
jurisdiction,"[23, 13, 11, 6, 7, 20, 6, 18, 8, 6, 12, 5]",34,"[0.34531891345977783, -0.02369868755340576, 1.1845778226852417, 0.5415509343147278, 1.675120234489441, 0.10846225917339325, 0.19220952689647675, 0.896482527256012, 1.452081322669983, 1.6944373846054077, 1.1263333559036255, 0.22542360424995422, 0.190225288271904, 2.032614231109619, 0.4731397032737732, 0.9018479585647583, 0.7547717094421387, 0.942939043045044, 0.5951572060585022, 0.349181205034256, 0.1824154555797577, 0.0487678200006485, 1.1407521963119507, 1.3938939571380615, 0.598296046257019, 1.061103105545044, 0.7086513042449951, -0.008896738290786743, 0.8345495462417603, 1.3159559965133667, 0.3683292865753174, 0.8364952802658081, 0.6345189809799194, 0.18294930458068848, 0.6541150212287903, 0.49648916721343994, 1.2091001272201538, 0.30289679765701294, 1.501853585243225, 0.8495659828186035, 0.6460670232772827, 0.6380506157875061, 0.7763162851333618, 0.6390981078147888, 0.9711905717849731, 1.0171313285827637, 1.2867021560668945, 1.1840146780014038, 0.4936239719390869, 1.5446040630340576, 0.725581705570221, 0.10569049417972565, 0.9843851923942566, 0.7895801663398743, 0.6365991830825806, 1.5520910024642944, 0.05468807369470596, 0.8996219038963318, 1.5989822149276733, 1.7079107761383057, 0.9948983788490295, 0.5809222459793091, 0.07623700052499771, 0.18715855479240417]"
market economy,"[19, 2, 11, 16, 4, 8, 31, 4, 18, 12, 5, 12, 19, 21]",34,"[0.8544886708259583, -0.08789201080799103, 1.0615992546081543, 0.41036176681518555, 1.1384705305099487, 0.1460438072681427, 0.20287805795669556, 0.5320003032684326, 1.1817197799682617, 1.1332786083221436, 0.9635787010192871, 0.6348869800567627, 0.6169772148132324, 1.9101653099060059, 0.43289613723754883, 1.2124552726745605, 1.2708052396774292, 0.7410520315170288, 1.2946460247039795, 0.2526615262031555, 0.2358488142490387, 0.0751631036400795, 1.3851490020751953, 0.838718831539154, 0.620195746421814, 1.0121809244155884, 1.028869390487671, -0.13901618123054504, 1.372992753982544, 0.8379290103912354, 0.8102271556854248, 0.6920192837715149, 1.0175007581710815, 0.30491551756858826, 1.0667469501495361, 1.2623937129974365, 0.8570733070373535, 0.612275242805481, 0.9241967797279358, 0.4750381112098694, 0.7379286289215088, 0.841362714767456, 1.4935013055801392, 1.3427916765213013, 1.5332387685775757, 0.5728636980056763, 1.4897617101669312, 1.5891997814178467, 0.7855565547943115, 1.3745418787002563, 1.3953273296356201, 0.022205442190170288, 1.1893097162246704, 1.2416313886642456, 0.8739093542098999, 1.123604416847229, -0.055502280592918396, 0.7129071950912476, 1.0428712368011475, 1.6291604042053223, 0.6692211627960205, 0.9380548596382141, 0.027142390608787537, 0.7466744184494019]"
neutron,"[5, 4, 13, 8, 11, 12, 5]",34,"[0.3823147416114807, 0.0008547604084014893, 0.9682980179786682, 0.4749508798122406, 1.5737693309783936, -0.034735023975372314, 0.10882780700922012, 0.7195671200752258, 1.3369905948638916, 1.6255156993865967, 0.8406140804290771, 0.41745617985725403, 0.22541314363479614, 1.9762225151062012, 0.4316195249557495, 0.7015119791030884, 0.8285089731216431, 0.6697521805763245, 0.6227660179138184, 0.2668638229370117, 0.074552983045578, 0.03375530242919922, 1.1242847442626953, 1.325627326965332, 0.5566322803497314, 0.7777624726295471, 0.6121717691421509, 0.06245291233062744, 0.8324728608131409, 1.0115361213684082, 0.41752517223358154, 0.7169891595840454, 0.5635110139846802, 0.19110406935214996, 0.7685075402259827, 0.4893198013305664, 1.031363606452942, 0.173362135887146, 1.2631151676177979, 0.9703986644744873, 0.43694233894348145, 0.8099002838134766, 0.8664919137954712, 0.5622788071632385, 0.870808482170105, 0.7904256582260132, 1.2710347175598145, 1.1384310722351074, 0.42149972915649414, 1.3003966808319092, 0.761677622795105, 0.07519981265068054, 0.8483487367630005, 0.7402646541595459, 0.42910999059677124, 1.5215257406234741, 0.034542351961135864, 0.8939363360404968, 1.3907321691513062, 1.6284385919570923, 0.7557024955749512, 0.5976729393005371, 0.02281254529953003, 0.28111809492111206]"
proton,"[3, 11, 12, 8, 12, 5]",34,"[0.9322158694267273, 0.003542482852935791, 0.48454466462135315, 0.514430582523346, 1.0998080968856812, -0.00475725531578064, 0.25743457674980164, 0.3520473539829254, 0.9781357645988464, 1.2565468549728394, 0.32723891735076904, 0.5898211002349854, 0.27863144874572754, 1.590785026550293, 0.7849858999252319, 0.3216696083545685, 1.6198269128799438, 0.2913375496864319, 1.4093372821807861, 0.42789381742477417, 0.11793314665555954, 0.017311230301856995, 1.5713891983032227, 1.2650408744812012, 0.8030590415000916, 0.4027191996574402, 0.3106979727745056, 0.0769691914319992, 0.5510370135307312, 0.8010601997375488, 0.37379252910614014, 0.7370210886001587, 1.168593168258667, 0.39595597982406616, 1.5260998010635376, 1.2868232727050781, 0.7717823386192322, 0.11552470177412033, 0.9673364162445068, 1.1899462938308716, 0.6266263723373413, 0.9263478517532349, 1.8705706596374512, 1.4398597478866577, 0.43384408950805664, 0.4107169508934021, 0.8124308586120605, 0.8439201712608337, 0.9064347743988037, 0.7270629405975342, 1.6511894464492798, 0.06764861941337585, 0.9080621004104614, 0.5807033181190491, 0.10053262859582901, 1.2348055839538574, 0.013644479215145111, 1.081239104270935, 0.9865929484367371, 1.2797045707702637, 0.3348461389541626, 0.9135657548904419, 0.028219174593687057, 0.8372796773910522]"
ratification,"[11, 2, 8, 6, 22, 6, 18, 2, 8, 6, 12, 5]",34,"[0.5277224183082581, -0.018951356410980225, 0.9104169607162476, 0.5262280702590942, 1.4326828718185425, 0.24114616215229034, 0.18951691687107086, 0.824087917804718, 1.3312087059020996, 1.4505908489227295, 0.9560714364051819, 0.20846115052700043, 0.13914866745471954, 1.6686170101165771, 0.4744035601615906, 0.7554145455360413, 0.932490348815918, 0.8588870763778687, 0.9036300778388977, 0.3558675944805145, 0.21675118803977966, 0.07999856770038605, 0.9700397253036499, 1.2177067995071411, 0.6467031836509705, 0.7896010279655457, 0.5651673674583435, 0.024226635694503784, 0.7126138210296631, 1.0524523258209229, 0.1779707968235016, 0.8176983594894409, 0.8444134593009949, 0.276245653629303, 0.7380174398422241, 0.7937769293785095, 1.1017502546310425, 0.3064378499984741, 1.2279670238494873, 0.7645035982131958, 0.6982409954071045, 0.4775528311729431, 1.078787088394165, 0.7975615859031677, 0.8152874708175659, 0.7903575301170349, 1.0069963932037354, 0.9873225092887878, 0.6210136413574219, 1.2462571859359741, 0.9449858665466309, 0.13489477336406708, 0.7107532620429993, 0.5390591621398926, 0.50702303647995, 1.3251017332077026, 0.06060894951224327, 0.9373136162757874, 1.3370829820632935, 1.3364806175231934, 0.7684637308120728, 0.4903034567832947, 0.07382196187973022, 0.3726001977920532]"
segregation,"[7, 4, 17, 11, 4, 17, 2, 8, 6, 12, 5]",34,"[0.9687683582305908, -0.05975279211997986, 0.8254551887512207, 0.5404936671257019, 1.2920889854431152, -0.02559983730316162, 0.42871543765068054, 0.538573682308197, 1.2245088815689087, 1.3995940685272217, 0.7052600383758545, 0.3336738348007202, 0.3236567974090576, 1.6152606010437012, 0.7083371877670288, 0.7765501737594604, 1.5568524599075317, 0.5044556260108948, 1.568873643875122, 0.4193568825721741, 0.23126022517681122, 0.018974021077156067, 1.5441867113113403, 1.2617942094802856, 0.8106549978256226, 0.8213796019554138, 0.4755568504333496, -0.04828783869743347, 0.6743003129959106, 1.093919038772583, 0.33127322793006897, 0.9302150011062622, 1.293600082397461, 0.48110830783843994, 1.3398171663284302, 1.4377837181091309, 1.094092607498169, 0.17770762741565704, 1.2513537406921387, 0.901348352432251, 0.8708823323249817, 0.6823780536651611, 1.9146335124969482, 1.525242567062378, 0.7096197605133057, 0.7294191718101501, 1.0215699672698975, 0.9683488607406616, 0.9752317667007446, 1.0410319566726685, 1.663131833076477, -0.0316714346408844, 1.048410415649414, 0.7325527667999268, 0.5134168267250061, 1.3411117792129517, -0.015577733516693115, 1.014296293258667, 1.1908811330795288, 1.3654916286468506, 0.6296404600143433, 0.9131945371627808, 0.055107537657022476, 0.889808177947998]"
socialism,"[7, 12, 18, 6, 2, 14, 6, 7, 19]",34,"[0.69623863697052, 0.004579558968544006, 0.8492377400398254, 0.4036076068878174, 1.1744048595428467, 0.2860923111438751, 0.3717123866081238, 0.6675226092338562, 1.0142089128494263, 1.15472412109375, 0.7767552137374878, 0.31179332733154297, 0.19586093723773956, 1.410240888595581, 0.5039304494857788, 0.673229992389679, 1.0580298900604248, 0.7500941753387451, 1.090535283088684, 0.422610878944397, 0.2499615103006363, 0.05834512412548065, 1.0546398162841797, 1.0337612628936768, 0.6112640500068665, 0.730620801448822, 0.5725613832473755, 0.025628909468650818, 0.6089181303977966, 0.9763697981834412, 0.30628702044487, 0.7325186133384705, 0.9632320404052734, 0.3063230812549591, 0.9043890237808228, 1.0183000564575195, 0.8827969431877136, 0.39394640922546387, 1.0703552961349487, 0.7373948097229004, 0.620360791683197, 0.574127197265625, 1.339940071105957, 1.100553035736084, 0.6875309944152832, 0.6720842123031616, 0.8852307796478271, 0.9507603645324707, 0.6527221202850342, 1.0902372598648071, 1.2544866800308228, 0.18816478550434113, 0.8393101096153259, 0.6104679107666016, 0.3980950117111206, 1.0986452102661133, 0.06932272017002106, 0.8337390422821045, 1.1440788507461548, 1.1572973728179932, 0.6430962085723877, 0.6541439294815063, 0.10142216086387634, 0.5660890340805054]"
sustainability,"[7, 13, 7, 8, 2, 6, 5, 2, 10, 6, 14, 6, 8, 21]",34,"[0.8914052248001099, -0.07568329572677612, 0.7460254430770874, 0.6044204831123352, 1.066687822341919, 0.11573509871959686, 0.40276119112968445, 0.5804829001426697, 1.0316956043243408, 1.0492374897003174, 0.8068525791168213, 0.02394971251487732, 0.23756377398967743, 1.1597380638122559, 0.6744389533996582, 0.9149748086929321, 1.3975774049758911, 0.5711212754249573, 1.6236422061920166, 0.5222769975662231, 0.38569167256355286, 0.09495378285646439, 1.3377370834350586, 1.0672144889831543, 0.8275335431098938, 0.959045946598053, 0.3774991035461426, -0.14545589685440063, 0.4896494150161743, 1.2115895748138428, 0.08662781864404678, 1.0465035438537598, 1.4567174911499023, 0.5020484328269958, 1.2570393085479736, 1.5214412212371826, 1.137810468673706, 0.2801249623298645, 1.2944097518920898, 0.5042756795883179, 1.1863161325454712, 0.19840314984321594, 1.8507051467895508, 1.6424258947372437, 0.5356155037879944, 0.8026426434516907, 0.6813693046569824, 0.7458748817443848, 1.1899089813232422, 0.8976373672485352, 1.7537627220153809, -0.04407292604446411, 0.8703024387359619, 0.5137805342674255, 0.7608795762062073, 1.079823613166809, -0.00768858939409256, 0.9357912540435791, 1.002652645111084, 0.970543622970581, 0.6312384605407715, 0.7871169447898865, 0.06058460846543312, 0.8860656023025513]"
theoretical,"[8, 9, 4, 12, 11, 4, 8, 6, 18, 2, 14]",34,"[0.7650406956672668, -0.03478780388832092, 0.7601813673973083, 0.5040777921676636, 1.2844665050506592, 0.12323865294456482, 0.2725154161453247, 0.6174261569976807, 1.2640331983566284, 1.3090791702270508, 0.8070611953735352, 0.3619432747364044, 0.26304927468299866, 1.7441234588623047, 0.5055978894233704, 0.7050546407699585, 1.297391653060913, 0.7260321378707886, 1.2533206939697266, 0.3515160381793976, 0.23044267296791077, 0.06441816687583923, 1.1763546466827393, 1.12358820438385, 0.7285433411598206, 0.6432684063911438, 0.6193954348564148, -0.02509257197380066, 0.8597047924995422, 0.8415793776512146, 0.33353760838508606, 0.7379074096679688, 1.0453064441680908, 0.3557124137878418, 1.0702017545700073, 1.198341965675354, 0.9018163084983826, 0.3838445246219635, 0.970644474029541, 0.7823390960693359, 0.6611577272415161, 0.6260427236557007, 1.5214080810546875, 1.2013658285140991, 0.8785111904144287, 0.5823428630828857, 1.1153682470321655, 1.1537081003189087, 0.7373367547988892, 1.1318109035491943, 1.3325670957565308, 0.05988132953643799, 0.7100356221199036, 0.6262359023094177, 0.45913732051849365, 1.2544269561767578, 0.005972124636173248, 0.9485905170440674, 1.1263312101364136, 1.3810876607894897, 0.5768924355506897, 0.6318150758743286, 0.0559578537940979, 0.6739325523376465]"
totalitarianism,"[8, 12, 8, 2, 14, 6, 8, 2, 11, 6, 2, 5, 6, 7, 19]",34,"[0.8621494770050049, -0.03634481132030487, 0.7460243701934814, 0.7140936255455017, 1.350921630859375, 0.021084368228912354, 0.32966727018356323, 0.550880491733551, 1.2527623176574707, 1.524349570274353, 0.6346583962440491, 0.22747661173343658, 0.19328871369361877, 1.595008134841919, 0.8802641034126282, 0.5970913767814636, 1.654400110244751, 0.44755467772483826, 1.4951722621917725, 0.6246966123580933, 0.23419667780399323, 0.09123209863901138, 1.62552011013031, 1.540475606918335, 1.0377662181854248, 0.8016165494918823, 0.2563803195953369, -0.03563854098320007, 0.43329918384552, 1.3391716480255127, 0.18788927793502808, 1.1026211977005005, 1.4131255149841309, 0.5255928039550781, 1.5052164793014526, 1.3173766136169434, 1.2694817781448364, 0.10312850773334503, 1.4881441593170166, 1.1263278722763062, 1.051060676574707, 0.6038252115249634, 1.9819890260696411, 1.488292932510376, 0.4279780983924866, 0.7974025011062622, 0.8097907900810242, 0.8121737241744995, 1.1343382596969604, 1.0122090578079224, 1.8525148630142212, -0.005148708820343018, 1.0491830110549927, 0.5208358764648438, 0.369191974401474, 1.5067520141601562, -0.003941282629966736, 1.3335213661193848, 1.3102765083312988, 1.368799090385437, 0.6054224967956543, 0.9370686411857605, 0.033998116850852966, 0.7445380687713623]"
anaphora,"[2, 5, 2, 3, 9, 12, 11, 2]",34,"[0.8002204298973083, 0.019912391901016235, 0.679667592048645, 0.4337467551231384, 1.0334991216659546, 0.004877418279647827, 0.23059183359146118, 0.3807821571826935, 0.8268842101097107, 1.2130160331726074, 0.40614914894104004, 0.657123863697052, 0.34395724534988403, 1.490788459777832, 0.6677392721176147, 0.5016531944274902, 1.31951105594635, 0.3674919605255127, 1.1549813747406006, 0.31017595529556274, 0.1151828020811081, 0.03596252202987671, 1.4633499383926392, 1.1117174625396729, 0.6190230846405029, 0.5925545692443848, 0.38973468542099, 0.09431429207324982, 0.6236858367919922, 0.8626784682273865, 0.4788246154785156, 0.6424028873443604, 0.9072494506835938, 0.30440959334373474, 1.2049442529678345, 1.0706045627593994, 0.7244109511375427, 0.08551789820194244, 0.9955989718437195, 1.0016785860061646, 0.5608692765235901, 0.9510941505432129, 1.5566083192825317, 1.3122997283935547, 0.5263537168502808, 0.503239631652832, 0.8330615758895874, 0.8282567262649536, 0.7262359857559204, 0.7597085237503052, 1.343156099319458, 0.0777101218700409, 1.0537642240524292, 0.7502011060714722, 0.2314649522304535, 1.1256169080734253, 0.02279943972826004, 0.8678656220436096, 0.9419485926628113, 1.2338584661483765, 0.42349299788475037, 0.9328452944755554, 0.0540328249335289, 0.705196738243103]"
dystopia,"[20, 21, 7, 8, 12, 3, 6, 2]",34,"[1.136462926864624, 0.014213904738426208, 0.6324647665023804, 0.4271109998226166, 1.0133938789367676, 0.06994682550430298, 0.41908952593803406, 0.32546520233154297, 0.8752447366714478, 1.154895305633545, 0.3423793911933899, 0.7871826887130737, 0.43181484937667847, 1.6139051914215088, 0.8082494139671326, 0.47769707441329956, 1.7801419496536255, 0.3624650239944458, 1.6661715507507324, 0.44467031955718994, 0.1820414960384369, 0.013467524200677872, 1.7029188871383667, 1.129028081893921, 0.7987722158432007, 0.5495437979698181, 0.41897302865982056, 0.09261184930801392, 0.706272542476654, 0.8546438813209534, 0.6179184913635254, 0.704593300819397, 1.3282153606414795, 0.45510318875312805, 1.5963324308395386, 1.5436265468597412, 0.7040220499038696, 0.2210196554660797, 0.8942539095878601, 1.1817944049835205, 0.6651212573051453, 1.068015694618225, 2.124011993408203, 1.6876511573791504, 0.652737021446228, 0.37302666902542114, 0.8822210431098938, 1.0114071369171143, 0.9374407529830933, 0.8200956583023071, 1.8977035284042358, 0.0963323563337326, 1.2052758932113647, 0.8355219960212708, 0.13589993119239807, 1.1402766704559326, 0.01313716173171997, 1.0324907302856445, 0.942505419254303, 1.3084063529968262, 0.37714332342147827, 1.1038416624069214, 0.05940468981862068, 1.0121139287948608]"
hubris,"[9, 13, 10, 11, 6, 7]",34,"[1.1668776273727417, 0.04026693105697632, 0.18217724561691284, 0.3517806828022003, 0.48549702763557434, 0.45643919706344604, 0.7075856924057007, 0.44158655405044556, 0.6011359691619873, 0.4033638834953308, 0.5323766469955444, 0.24156177043914795, 0.10924910753965378, 0.7990761995315552, 0.48096781969070435, 0.32492324709892273, 1.350982904434204, 0.6120163202285767, 1.8294408321380615, 0.5155304670333862, 0.4489820599555969, 0.045638978481292725, 0.7723161578178406, 0.46118786931037903, 0.7205460071563721, 0.15343372523784637, 0.4199129343032837, 0.11356402933597565, 0.4415712356567383, 0.27399787306785583, 0.06955508142709732, 0.4618299603462219, 1.4717473983764648, 0.5136638879776001, 1.198229432106018, 1.7343850135803223, 0.2982434630393982, 0.5572482943534851, 0.3279855251312256, 0.4078179895877838, 0.5073755383491516, 0.27738577127456665, 1.9875924587249756, 1.7288846969604492, 0.3849013149738312, 0.14521898329257965, 0.3988361954689026, 0.5762537121772766, 0.775026798248291, 0.5225054621696472, 1.7147561311721802, 0.27164337038993835, 0.2627512514591217, 0.23012001812458038, 0.22447803616523743, 0.4198821187019348, 0.09364891797304153, 0.5774387121200562, 0.47222647070884705, 0.4079863429069519, 0.14969702064990997, 0.4600313603878021, 0.12193979322910309, 1.0992425680160522]"
stream of consciousness,"[7, 8, 11, 4, 2, 19, 31, 12, 22, 31, 18, 12, 5, 7, 18, 6, 12, 13, 7, 5, 4, 7, 7]",34,"[-0.36834144592285156, -0.03290587663650513, 2.2116446495056152, 0.17777195572853088, 1.9955748319625854, -0.004911959171295166, -0.025777146220207214, 1.0742988586425781, 1.4065557718276978, 1.769357442855835, 1.8791224956512451, 0.4964313805103302, 0.6168139576911926, 2.5736451148986816, 0.03305862098932266, 1.987867832183838, -0.12660571932792664, 1.241046667098999, -0.24651777744293213, -0.0681600272655487, -0.07755038142204285, -0.06029456853866577, 0.8077179789543152, 0.9300155639648438, -0.11185497045516968, 1.8324801921844482, 1.6071724891662598, -0.07986804842948914, 1.8363102674484253, 1.443906545639038, 1.158539056777954, 0.6719616055488586, -0.12744030356407166, 0.07826506346464157, -0.24048149585723877, -0.10567745566368103, 1.3567193746566772, 0.5995606184005737, 1.5230472087860107, 0.21597996354103088, 0.5977168679237366, 0.8383152484893799, -0.5019623041152954, -0.10521061718463898, 2.3177525997161865, 1.449559211730957, 2.279232978820801, 1.998007893562317, 0.13998927175998688, 2.5301718711853027, -0.26560479402542114, 0.09090231359004974, 1.5284326076507568, 1.708020806312561, 1.5675146579742432, 1.5131868124008179, 0.02849443256855011, 0.2486647665500641, 1.6692044734954834, 2.287994861602783, 1.5777803659439087, 0.570268452167511, -0.013007339090108871, -0.12902265787124634]"
tragic hero,"[8, 11, 2, 17, 6, 18, 31, 9, 4, 11, 12]",34,"[0.7725614905357361, 0.011902138590812683, 1.4515211582183838, 0.0911015123128891, 1.0663169622421265, 0.19319839775562286, 0.31210044026374817, 0.4190634489059448, 0.7402382493019104, 1.0496809482574463, 0.7792021036148071, 1.1024879217147827, 0.8592361807823181, 1.7929461002349854, 0.4112164378166199, 1.348751187324524, 1.0185133218765259, 0.7370337247848511, 1.0193917751312256, 0.14675191044807434, 0.09745234996080399, 0.021048475056886673, 1.4632952213287354, 0.6358919739723206, 0.2384871393442154, 1.2840758562088013, 1.1404246091842651, 0.0074868351221084595, 1.3636412620544434, 0.9830008745193481, 1.2658566236495972, 0.46968206763267517, 0.6804286241531372, 0.18688637018203735, 0.7928525805473328, 0.9854210615158081, 0.6344611048698425, 0.5773096084594727, 0.9235861897468567, 0.6121710538864136, 0.4428693354129791, 1.287562370300293, 1.1728498935699463, 1.1504266262054443, 1.622678518295288, 0.6921821236610413, 1.4524030685424805, 1.5454331636428833, 0.5428400039672852, 1.402883768081665, 1.1250146627426147, 0.15430644154548645, 1.768916368484497, 1.7019932270050049, 0.8275448083877563, 0.9658316373825073, 0.009457282721996307, 0.36312243342399597, 0.9674440622329712, 1.6345398426055908, 0.7673525214195251, 1.2417871952056885, 0.07874257862567902, 0.631794810295105]"
