answer,word_ids,vocab_size,predicted_profiles
choose,"[18, 9, 12, 12, 7, 4]",34,"[0.5187271237373352, 1.6024653911590576, 0.39600813388824463, 0.03352494165301323, 0.49098092317581177, 1.470511555671692, 0.9955410957336426, 0.67948317527771, 0.4491989016532898, 0.3670349419116974, 0.004207317717373371, 0.36134785413742065, 0.6471700072288513, 0.9959323406219482, -0.0007599028758704662, 0.6857803463935852, 0.7438315153121948, 0.6903761625289917, 0.06278614699840546, 1.623490810394287, 0.5934873819351196, 0.297070175409317, 0.5273029804229736, 0.567579984664917, 0.9310610294342041, 0.8281018733978271, 1.0890889167785645, 1.1433560848236084, 1.2760311365127563, 1.2686448097229004, 1.1933799982070923, 0.5795227289199829, 0.9241006374359131, 0.8967458009719849, 1.013899803161621, 0.5824083089828491, 0.5067838430404663, 0.5932530164718628, 0.10334643721580505, 0.1813361644744873, 0.48132312297821045, 0.27481189370155334, 0.4749631881713867, 0.6400783061981201, 1.1803127527236938, 0.45252346992492676, 1.6193156242370605, 1.0890929698944092, 1.6298844814300537, 0.9537431001663208, 0.011805582791566849, 0.22191384434700012, 0.5767016410827637, 1.1114298105239868, 1.4259690046310425, 0.49857938289642334, 0.3013153076171875, 0.013402692973613739, 0.9458520412445068, 0.31729865074157715, 0.15845182538032532, 0.6846020817756653, 0.00536583736538887, 0.336911141872406]"
compare,"[18, 12, 19, 3, 2, 11, 4]",34,"[0.49714383482933044, 1.99501633644104, 1.1261438131332397, 0.16287949681282043, 0.7933846116065979, 0.9451670050621033, 0.3263445198535919, 0.8473486304283142, 1.3417357206344604, 0.15729853510856628, 0.004265625029802322, 1.483973503112793, 1.1271930932998657, 0.6891459226608276, -0.0011373963207006454, 2.8276889324188232, 1.0759458541870117, 0.26631972193717957, 0.014388330280780792, 0.8647883534431458, 1.6819067001342773, 1.5296635627746582, 0.5430113077163696, 0.45761430263519287, 0.3870646059513092, 0.9503335952758789, 0.47150689363479614, 1.3610855340957642, 0.47377559542655945, 0.8038519024848938, 1.5192466974258423, 0.44997137784957886, 1.046892523765564, 0.25851696729660034, 0.38882678747177124, 0.024608314037322998, 2.191987991333008, 1.2202526330947876, 0.06197658181190491, 0.40269923210144043, 2.0607261657714844, 0.2507133185863495, 0.4496256709098816, 0.2553710341453552, 0.7829294204711914, 0.40481144189834595, 1.966504454612732, 0.4208739399909973, 1.873639702796936, 0.7656319737434387, 0.04709390550851822, 1.05532705783844, 1.1410104036331177, 1.513401985168457, 0.31002309918403625, 0.3802904784679413, 0.18122921884059906, -0.006965775042772293, 1.155656337738037, 1.1859946250915527, 1.1145477294921875, 1.6893212795257568, 0.07405637204647064, 0.3166268765926361]"
complete,"[18, 12, 19, 3, 14, 4, 8, 4]",34,"[0.5138900279998779, 1.967306137084961, 0.8691794872283936, 0.14306753873825073, 0.7133111357688904, 1.2076287269592285, 0.6141902208328247, 0.758892297744751, 1.0255966186523438, 0.31646430492401123, 0.0154369305819273, 1.1242121458053589, 0.9710224866867065, 0.7880090475082397, 0.0007765628397464752, 2.0281524658203125, 1.0362259149551392, 0.44638529419898987, 0.03622261434793472, 1.1932681798934937, 1.3202892541885376, 1.132403016090393, 0.5158771872520447, 0.5542798638343811, 0.6003845930099487, 0.9530258178710938, 0.75640869140625, 1.298215627670288, 0.8228676319122314, 1.0361473560333252, 1.5034335851669312, 0.5509357452392578, 1.0596234798431396, 0.5102912783622742, 0.6609554290771484, 0.2337382733821869, 1.5759299993515015, 1.043931484222412, 0.0987355187535286, 0.31735342741012573, 1.551979899406433, 0.27313244342803955, 0.49926406145095825, 0.40819501876831055, 1.006842017173767, 0.40738075971603394, 1.8897879123687744, 0.68556809425354, 1.7869517803192139, 0.8685518503189087, 0.040524356067180634, 0.7638993263244629, 0.9422523379325867, 1.4510774612426758, 0.7551872730255127, 0.4824078679084778, 0.24394311010837555, 0.007153064012527466, 1.0929778814315796, 0.9011016488075256, 0.8105741143226624, 1.350666880607605, 0.08743925392627716, 0.37879636883735657]"
connect,"[18, 12, 5, 5, 4, 18, 8]",34,"[0.25158804655075073, 2.6727302074432373, 0.9174707531929016, 0.03576518967747688, 0.5615161061286926, 1.4286189079284668, 0.8222675919532776, 1.02260422706604, 0.9498572945594788, 0.582856297492981, 0.03585048392415047, 1.0581833124160767, 1.0263099670410156, 0.8127996325492859, -0.007401729933917522, 2.0057969093322754, 1.6610987186431885, 0.5125730037689209, 0.08162525296211243, 1.4740663766860962, 1.2195911407470703, 0.9770746231079102, 0.35662877559661865, 0.18012383580207825, 0.4236203730106354, 1.6303317546844482, 0.9625157713890076, 1.3931078910827637, 0.7711621522903442, 1.2583916187286377, 1.6838953495025635, 1.074422001838684, 1.7766562700271606, 0.6516094207763672, 0.6239591240882874, 0.033279839903116226, 1.4453877210617065, 0.9096258282661438, 0.06737276166677475, 0.29375892877578735, 1.3265975713729858, 0.5373205542564392, 0.19400492310523987, 0.522381067276001, 1.3331111669540405, 0.46493232250213623, 2.587345838546753, 1.0886518955230713, 2.2662715911865234, 1.3180238008499146, 0.014176392927765846, 0.8827118277549744, 1.3528329133987427, 1.470108151435852, 1.067680835723877, 0.06045520305633545, 0.4827795624732971, -0.0006122477352619171, 1.1469533443450928, 0.7465571761131287, 0.7431239485740662, 1.5795820951461792, 0.011701945215463638, 0.07181718945503235]"
correct,"[18, 12, 11, 11, 4, 18, 8]",34,"[0.3770782947540283, 2.366832733154297, 0.7640385031700134, 0.06547200679779053, 0.5584867596626282, 1.479069471359253, 0.9353146553039551, 0.944419801235199, 0.774905800819397, 0.43584179878234863, 0.021640995517373085, 0.8684866428375244, 0.9280635118484497, 0.9387566447257996, -0.009542977437376976, 1.570595622062683, 1.3148325681686401, 0.5931819677352905, 0.08191336691379547, 1.564574122428894, 1.0448849201202393, 0.7897024154663086, 0.459785133600235, 0.3068804144859314, 0.560844361782074, 1.3117634057998657, 1.019106149673462, 1.357773780822754, 0.9505342245101929, 1.286555290222168, 1.578369140625, 0.806613564491272, 1.45534348487854, 0.7768436670303345, 0.8094913363456726, 0.09943607449531555, 1.1331007480621338, 0.826370894908905, 0.08861055970191956, 0.23834991455078125, 1.0749270915985107, 0.4173942804336548, 0.28347063064575195, 0.5842506885528564, 1.343396544456482, 0.5311908721923828, 2.343306303024292, 1.0871528387069702, 2.0996196269989014, 1.2193232774734497, 0.024840375408530235, 0.6344535946846008, 1.1047676801681519, 1.4516122341156006, 1.189555048942566, 0.18573811650276184, 0.4409601092338562, 0.011952221393585205, 1.1238521337509155, 0.5856583118438721, 0.50271075963974, 1.2963916063308716, 0.009135480970144272, 0.17875893414020538]"
create,"[18, 11, 4, 2, 8, 4]",34,"[0.8109385967254639, 1.8908993005752563, 1.109275460243225, -0.04535876214504242, 0.313044935464859, 1.4405242204666138, 0.8254978656768799, 0.49025434255599976, 0.8601418137550354, 0.23196512460708618, 0.009080532006919384, 1.0608255863189697, 1.3514084815979004, 0.723504900932312, -0.007439096923917532, 1.5682123899459839, 0.6094712018966675, 0.371906042098999, 0.043776631355285645, 1.7128427028656006, 1.2979445457458496, 0.866051435470581, 0.3717074990272522, 0.9401493072509766, 1.2252287864685059, 0.5817147493362427, 1.3667417764663696, 1.190285563468933, 1.2237865924835205, 1.6401580572128296, 1.1601049900054932, 0.4093836545944214, 0.757779598236084, 0.5254000425338745, 1.1108092069625854, 0.183536097407341, 1.2718052864074707, 1.073819875717163, 0.1349930465221405, 0.07250212132930756, 0.7037092447280884, 0.0939158946275711, 0.5537228584289551, 0.9509352445602417, 1.3868687152862549, 0.28281715512275696, 2.1213295459747314, 1.281277060508728, 2.140462636947632, 1.0899490118026733, 0.017942184582352638, 0.059517405927181244, 0.442505806684494, 1.5799806118011475, 1.2963154315948486, 0.6256520748138428, 0.1507941633462906, -0.009763313457369804, 1.268201470375061, 0.42264845967292786, 0.12153420597314835, 0.8661759495735168, -0.037137314677238464, 0.1982232928276062]"
decide,"[20, 4, 18, 6, 20, 4]",34,"[0.2626211941242218, 1.6054432392120361, 1.6946908235549927, 0.09288555383682251, -0.011184539645910263, 0.8406782746315002, 0.5327160954475403, 0.1838996857404709, 2.0200705528259277, 0.6052042245864868, 0.05977161228656769, 1.3771228790283203, 1.0259966850280762, 0.09233911335468292, -0.0010361596941947937, 2.744131565093994, 0.7898908853530884, 0.09804704040288925, 0.0289536714553833, 1.0720841884613037, 2.465961456298828, 1.4342265129089355, 0.14308395981788635, 0.7080385684967041, 0.7971856594085693, 1.0418658256530762, 0.9865536093711853, 0.436536580324173, 0.49640586972236633, 1.143532395362854, 0.3888493776321411, 1.1094366312026978, 1.2551895380020142, 0.22072535753250122, 0.47418683767318726, 0.07425859570503235, 2.222198486328125, 0.46022939682006836, 0.40540793538093567, 0.43518584966659546, 2.031027317047119, 0.1612764596939087, 0.8468521237373352, 0.6974490880966187, 0.9311957359313965, -0.01830437406897545, 1.6950352191925049, 1.2941968441009521, 1.531917691230774, 1.0066637992858887, 0.08544586598873138, 0.1977817863225937, 0.3753122389316559, 0.7127970457077026, 1.1819236278533936, 0.494343638420105, 0.10131914913654327, -0.003856740891933441, 0.5457872748374939, 0.6353353261947632, 0.4172235131263733, 0.41682934761047363, 0.03825739026069641, 0.21261924505233765]"
describe,"[20, 4, 7, 18, 11, 6, 10, 4]",34,"[0.2109895646572113, 2.4941365718841553, 0.8570770621299744, 0.11113625764846802, 0.4957636892795563, 1.4432947635650635, 0.8463824987411499, 0.9820383787155151, 1.0094168186187744, 0.6342187523841858, 0.03702623397111893, 0.8123286962509155, 0.8112910985946655, 0.8714791536331177, -0.01060219295322895, 1.843398094177246, 1.56479012966156, 0.608484148979187, 0.06953580677509308, 1.4593027830123901, 1.253462791442871, 0.8034144639968872, 0.4080943465232849, 0.17655882239341736, 0.5083235502243042, 1.6053094863891602, 0.9767169952392578, 1.2932201623916626, 0.8197529315948486, 1.202817440032959, 1.4432419538497925, 1.2096586227416992, 1.7751234769821167, 0.7256366014480591, 0.6785693168640137, 0.11325830966234207, 1.2633310556411743, 0.6181007623672485, 0.07007601112127304, 0.3395804762840271, 1.2149193286895752, 0.5334546566009521, 0.22728146612644196, 0.5617175102233887, 1.25471031665802, 0.514282763004303, 2.376108407974243, 1.1757957935333252, 2.1076555252075195, 1.3720393180847168, 0.043412476778030396, 0.7566748857498169, 1.1907275915145874, 1.2126293182373047, 1.2544194459915161, 0.1264006644487381, 0.5061464905738831, -0.0065070874989032745, 0.9931411743164062, 0.5142589807510376, 0.5408637523651123, 1.2720072269439697, 0.03091626614332199, 0.14436614513397217]"
detail,"[20, 4, 8, 2, 6, 14]",34,"[0.9570090770721436, 1.001924753189087, 2.2707176208496094, 0.2635234594345093, 0.640771210193634, 0.49074020981788635, 0.006970822811126709, 0.24090981483459473, 2.9674394130706787, -0.1358739137649536, -0.02967330999672413, 2.3240230083465576, 1.5111039876937866, 0.22668935358524323, -0.0010026260279119015, 4.633272171020508, -0.051519960165023804, -0.06790214776992798, -0.026872873306274414, 0.569307804107666, 3.2730553150177, 2.655550003051758, 0.635665237903595, 1.604702115058899, 1.0056989192962646, -0.13867563009262085, 0.5899490118026733, 0.755213737487793, 0.4602717459201813, 0.8131352066993713, 0.8041033148765564, -0.2225203812122345, -0.12548187375068665, -0.08253726363182068, 0.49184486269950867, -0.049540333449840546, 3.8196606636047363, 1.6157888174057007, 0.5473911166191101, 0.45614662766456604, 3.5055530071258545, -0.18119581043720245, 1.5591130256652832, 0.45793837308883667, 0.5503151416778564, 0.04214362055063248, 1.1784436702728271, 0.23565658926963806, 1.299769401550293, 0.3003098964691162, 0.06881259381771088, 0.341349333524704, 0.1178489550948143, 1.3392738103866577, 0.008313365280628204, 1.2754414081573486, -0.13494469225406647, -0.008256422355771065, 1.0378358364105225, 1.9570388793945312, 1.1193181276321411, 0.9716900587081909, 0.10999846458435059, 0.7205983996391296]"
develop,"[20, 4, 28, 4, 14, 12, 3]",34,"[0.3669144809246063, 1.4469794034957886, 1.6488090753555298, 0.4902864396572113, 0.7076913118362427, 0.4493253827095032, -0.04214627295732498, 0.42983126640319824, 2.2337586879730225, 0.12266437709331512, 0.020113512873649597, 2.1867220401763916, 1.1131969690322876, 0.13732564449310303, 0.0025358637794852257, 4.036391258239746, 0.8264673948287964, -0.10550206899642944, -0.0007483232766389847, 0.3379848003387451, 2.606410503387451, 2.4062018394470215, 0.38639307022094727, 0.674368143081665, 0.21673467755317688, 0.7706438302993774, 0.20640414953231812, 0.8508139848709106, 0.039694055914878845, 0.42258259654045105, 0.9917764663696289, 0.38186436891555786, 0.7966152429580688, -0.12267616391181946, -0.017352130264043808, -0.1473539173603058, 3.2535481452941895, 1.3079960346221924, 0.16771097481250763, 0.6417207717895508, 3.3931665420532227, 0.09745648503303528, 0.8586469888687134, 0.06703117489814758, 0.4137066602706909, 0.052656807005405426, 1.475386381149292, 0.19702672958374023, 1.4084506034851074, 0.38957637548446655, 0.07521097362041473, 1.0794504880905151, 0.7985804677009583, 1.2128524780273438, -0.0097099170088768, 0.6552373170852661, 0.0045090289786458015, -0.011872297152876854, 0.906711757183075, 1.832654595375061, 1.5654168128967285, 1.5021425485610962, 0.3152966797351837, 0.5853028297424316]"
different,"[20, 6, 22, 22, 4, 11, 4, 5, 8]",34,"[0.6979053020477295, 2.390045166015625, 0.18611499667167664, 0.0025913044810295105, 0.8152984380722046, 2.0046324729919434, 1.3080559968948364, 1.2236559391021729, 0.10803977400064468, 0.28899824619293213, -0.011519948951900005, 0.40516695380210876, 0.8187330961227417, 1.5136157274246216, -0.004247186705470085, 0.5978976488113403, 1.1060385704040527, 1.0446124076843262, 0.10009762644767761, 2.050717353820801, 0.284183531999588, 0.34780174493789673, 0.7543806433677673, 0.4783339500427246, 0.923448920249939, 1.059082269668579, 1.264509916305542, 1.7657867670059204, 1.5714569091796875, 1.5320922136306763, 2.0166478157043457, 0.4209463596343994, 1.1188793182373047, 1.2384369373321533, 1.323224425315857, 0.39060837030410767, 0.41007131338119507, 0.9669492244720459, 0.000843048095703125, 0.09334026277065277, 0.4175069332122803, 0.4171702265739441, 0.2668300271034241, 0.6902511119842529, 1.6308038234710693, 0.828827977180481, 2.3288393020629883, 1.1475175619125366, 2.2089083194732666, 1.3020437955856323, 0.024311013519763947, 0.5235021114349365, 1.1025359630584717, 1.737620234489441, 1.5394431352615356, 0.3884655833244324, 0.5206795930862427, 0.005869265645742416, 1.429670810699463, 0.41114920377731323, 0.23157015442848206, 1.2591755390167236, 0.008400503545999527, 0.3183196783065796]"
discover,"[20, 6, 7, 18, 12, 28, 4, 11]",34,"[0.12689979374408722, 2.864062547683716, 0.3801223337650299, -0.017350081354379654, 0.5403106808662415, 2.091240406036377, 1.4641895294189453, 1.337320327758789, 0.48223960399627686, 1.028393030166626, 0.04147784411907196, 0.1518663763999939, 0.4594261944293976, 1.2820252180099487, -0.007454657461494207, 0.7246682643890381, 2.0740768909454346, 1.2100224494934082, 0.10222229361534119, 2.0402631759643555, 0.4634400010108948, 0.12718868255615234, 0.5137463212013245, -0.00862036645412445, 0.6764231324195862, 2.1247847080230713, 1.3367609977722168, 1.4742642641067505, 1.3079510927200317, 1.515283226966858, 1.753660798072815, 1.6718274354934692, 2.336881399154663, 1.349190592765808, 1.0312659740447998, 0.32685959339141846, 0.415853887796402, 0.21343810856342316, 0.035696469247341156, 0.19528096914291382, 0.4281841516494751, 1.0019043684005737, 0.11622493714094162, 0.8037843704223633, 1.759590744972229, 0.7560893893241882, 2.774320363998413, 1.7684423923492432, 2.304206609725952, 1.8033132553100586, 0.026704564690589905, 0.7269250750541687, 1.4407366514205933, 1.0553672313690186, 2.1586532592773438, 0.014570429921150208, 0.9777739644050598, 0.023094825446605682, 0.9704170227050781, 0.07612541317939758, 0.2154337763786316, 1.053782343864441, -0.009903833270072937, 0.05031784251332283]"
example,"[4, 27, 2, 19, 3, 14, 4]",34,"[0.4918515682220459, 1.8466955423355103, 1.4852652549743652, 0.3246060907840729, 0.6183248162269592, 1.0873748064041138, 0.4512070119380951, 0.6162237524986267, 1.9720286130905151, 0.33562299609184265, 0.020898882299661636, 1.705588459968567, 1.0960670709609985, 0.5667718648910522, 0.00612964853644371, 3.2187180519104004, 0.9244070053100586, 0.28290343284606934, 0.030957534909248352, 1.1153290271759033, 2.2676637172698975, 1.824031114578247, 0.48670539259910583, 0.7540650367736816, 0.6469802856445312, 0.9652255773544312, 0.7270123362541199, 1.087355136871338, 0.6562572717666626, 1.0084489583969116, 1.2743207216262817, 0.6166914701461792, 1.0385128259658813, 0.381454199552536, 0.5790396928787231, 0.09241221100091934, 2.536653995513916, 1.1182612180709839, 0.19802120327949524, 0.49654620885849, 2.652024507522583, 0.19458559155464172, 0.7916518449783325, 0.4339278042316437, 0.8892285823822021, 0.26339080929756165, 1.9036725759506226, 0.7803425788879395, 1.799537181854248, 0.8468716144561768, 0.08484389632940292, 0.7323951721191406, 0.7861031293869019, 1.3430161476135254, 0.7250188589096069, 0.6379607915878296, 0.1861605942249298, -0.00681670568883419, 1.0773069858551025, 1.2687231302261353, 1.0175102949142456, 1.2739516496658325, 0.23154884576797485, 0.4999387562274933]"
explain,"[4, 27, 3, 14, 2, 6, 5]",34,"[0.6757610440254211, 2.129251480102539, 1.0400803089141846, -0.007095649838447571, 0.41916707158088684, 1.6652500629425049, 0.9184415340423584, 0.6914836764335632, 1.0846282243728638, 0.39622384309768677, 0.02158512733876705, 1.0254292488098145, 1.219443678855896, 0.8745088577270508, 0.006584371440112591, 1.7078015804290771, 0.8235658407211304, 0.5732635259628296, 0.06483975797891617, 1.7767220735549927, 1.418178915977478, 0.8980515003204346, 0.44979313015937805, 0.8090015649795532, 1.0937124490737915, 0.9961754083633423, 1.3511906862258911, 1.296241283416748, 1.3033498525619507, 1.5661672353744507, 1.3598843812942505, 0.6199759244918823, 1.0525615215301514, 0.7615535259246826, 1.1540255546569824, 0.2840348780155182, 1.2915183305740356, 1.071916937828064, 0.22592288255691528, 0.22847041487693787, 1.146891713142395, 0.2281019389629364, 0.5822494626045227, 0.872815728187561, 1.3973833322525024, 0.4079970419406891, 2.2067251205444336, 1.3449492454528809, 2.1574866771698, 1.1886931657791138, 0.020367123186588287, 0.24233411252498627, 0.7140159606933594, 1.5542782545089722, 1.4288402795791626, 0.5259289741516113, 0.23544453084468842, -0.005324920639395714, 1.2887861728668213, 0.5323119163513184, 0.26053386926651, 1.016027808189392, 0.005619015544652939, 0.2768475413322449]"
explore,"[4, 27, 3, 14, 12, 11, 4]",34,"[0.5156492590904236, 2.518941879272461, 0.7708689570426941, 0.01181904599070549, 0.5574603080749512, 1.6723077297210693, 1.0134865045547485, 0.977473258972168, 0.6938843131065369, 0.411391943693161, 0.019206037744879723, 0.8753708600997925, 1.0928106307983398, 1.018424391746521, 0.001958707347512245, 1.3783881664276123, 1.1912320852279663, 0.6793309450149536, 0.09136830270290375, 1.785908579826355, 1.0102331638336182, 0.7324399948120117, 0.4923221170902252, 0.43164968490600586, 0.8334109783172607, 1.282848596572876, 1.2584118843078613, 1.5127288103103638, 1.2252540588378906, 1.5058233737945557, 1.672392725944519, 0.7661471366882324, 1.3182753324508667, 0.8568857312202454, 1.0355786085128784, 0.14286857843399048, 1.0565507411956787, 0.9520280361175537, 0.12107637524604797, 0.217097207903862, 0.9222191572189331, 0.3679439425468445, 0.2960439920425415, 0.7051301002502441, 1.517971158027649, 0.5507581233978271, 2.4301159381866455, 1.2872340679168701, 2.3068463802337646, 1.3052769899368286, 0.01339777372777462, 0.5628523230552673, 1.0754343271255493, 1.6344834566116333, 1.3956652879714966, 0.28725409507751465, 0.3862699270248413, 0.0005448684096336365, 1.321092963218689, 0.5331671833992004, 0.3467654585838318, 1.330431342124939, -0.002469118684530258, 0.22124233841896057]"
finally,"[22, 6, 5, 2, 14, 14, 21]",34,"[0.6391937732696533, 2.1110949516296387, 0.897773265838623, 0.09893028438091278, 0.6349618434906006, 1.4967457056045532, 0.8785327672958374, 0.8948718309402466, 1.1402451992034912, 0.24422410130500793, 0.0027051360812038183, 0.9933403730392456, 1.0817917585372925, 1.00376296043396, -0.0031788982450962067, 1.7840039730072021, 0.8638511896133423, 0.695797324180603, 0.06981129199266434, 1.5685737133026123, 1.2727597951889038, 0.9834955930709839, 0.5981287956237793, 0.6692676544189453, 0.7830374240875244, 0.9057210683822632, 1.0564894676208496, 1.3868775367736816, 1.1581617593765259, 1.3122220039367676, 1.5262938737869263, 0.4323996305465698, 0.9559949636459351, 0.7667776942253113, 0.9408898949623108, 0.11277644336223602, 1.4295705556869507, 1.0397435426712036, 0.23520638048648834, 0.2457941472530365, 1.3707911968231201, 0.29461002349853516, 0.6241989135742188, 0.6023043394088745, 1.2508950233459473, 0.5379838943481445, 2.013559579849243, 0.9788399338722229, 2.039618492126465, 1.081841230392456, 0.0356934629380703, 0.4808659851551056, 0.846436083316803, 1.5024831295013428, 1.0208091735839844, 0.5018113255500793, 0.35990071296691895, -0.011132927611470222, 1.2987250089645386, 0.7958226203918457, 0.5077933669090271, 1.1468017101287842, 0.07409506291151047, 0.29919254779815674]"
first,"[22, 6, 11, 7, 8]",34,"[0.6286051273345947, 1.835819125175476, 1.67491614818573, 0.04850434884428978, 0.4019957184791565, 1.0511184930801392, 0.4556516706943512, 0.4836187958717346, 1.7045881748199463, 0.27844172716140747, 0.023139989003539085, 1.6540298461914062, 1.4236375093460083, 0.38942843675613403, 0.0006243539974093437, 3.0354561805725098, 0.833911657333374, 0.08329934626817703, 0.01539300475269556, 1.158632755279541, 2.132540702819824, 1.5851030349731445, 0.33375537395477295, 0.8217142820358276, 0.8464927077293396, 0.8267079591751099, 0.9860565662384033, 1.0215041637420654, 0.7049459218978882, 1.254689335823059, 1.0824145078659058, 0.5256396532058716, 0.9109236001968384, 0.18534037470817566, 0.6318957805633545, 0.02539568394422531, 2.3290278911590576, 1.2516083717346191, 0.17644111812114716, 0.28206294775009155, 1.9275298118591309, 0.14511190354824066, 0.6444228887557983, 0.6942931413650513, 1.02731454372406, 0.07891066372394562, 2.0665836334228516, 0.8703716993331909, 2.0368120670318604, 0.9908610582351685, 0.0364396870136261, 0.3948073983192444, 0.6489521265029907, 1.4862866401672363, 0.61331707239151, 0.5365936160087585, 0.11772406101226807, -0.004404919221997261, 1.159590721130371, 0.9349572062492371, 0.6535114049911499, 1.1851508617401123, 0.00801469013094902, 0.19183850288391113]"
idea,"[6, 20, 4, 2]",34,"[0.8789518475532532, 1.6901267766952515, 1.5746327638626099, -0.01151147112250328, 0.21443572640419006, 1.2945882081985474, 0.6080537438392639, 0.3259468674659729, 1.4260367155075073, 0.20064792037010193, 0.01368395984172821, 1.4242671728134155, 1.5628955364227295, 0.4495341181755066, -0.0039844876155257225, 2.3455018997192383, 0.43136781454086304, 0.13428711891174316, 0.024746214970946312, 1.5667941570281982, 1.944991946220398, 1.2291359901428223, 0.29594290256500244, 1.0990334749221802, 1.3454941511154175, 0.4847830533981323, 1.4264522790908813, 1.0116550922393799, 1.073857307434082, 1.65779447555542, 0.8944956660270691, 0.3655003309249878, 0.6061857342720032, 0.2950029671192169, 0.9911393523216248, 0.06770597398281097, 1.881418228149414, 1.2256027460098267, 0.19906564056873322, 0.1354842483997345, 1.2232991456985474, -0.005152028053998947, 0.7208037972450256, 1.022119164466858, 1.251822829246521, 0.07569404691457748, 2.064356565475464, 1.2712275981903076, 2.1190993785858154, 1.0272060632705688, 0.028516504913568497, -0.03195476159453392, 0.23340260982513428, 1.5760712623596191, 1.1014949083328247, 0.7578314542770386, 0.01891418918967247, -0.009310619905591011, 1.266042709350586, 0.641136646270752, 0.18064136803150177, 0.7998830080032349, -0.024793149903416634, 0.21620455384254456]"
imagine,"[6, 19, 2, 17, 6, 5, 4]",34,"[0.6255814433097839, 2.1586718559265137, 1.1217321157455444, 0.1813010424375534, 0.9047881960868835, 1.1586579084396362, 0.5522459745407104, 1.0105863809585571, 1.3005471229553223, 0.04594054073095322, -0.010389996692538261, 1.5193030834197998, 1.1501902341842651, 0.8952299952507019, -0.002197453286498785, 2.7694180011749268, 1.073926568031311, 0.36518770456314087, 0.034920670092105865, 1.1398998498916626, 1.6021143198013306, 1.50795578956604, 0.6424841284751892, 0.4968649744987488, 0.4904807507991791, 0.9851559400558472, 0.6890700459480286, 1.4577232599258423, 0.6924971342086792, 1.0030131340026855, 1.7461670637130737, 0.3164588510990143, 1.0268586874008179, 0.46300655603408813, 0.6238569021224976, 0.06070353835821152, 2.1145288944244385, 1.330045223236084, 0.028989069163799286, 0.3628789186477661, 2.0128262042999268, 0.2544131278991699, 0.4097731113433838, 0.3584698736667633, 0.9840996265411377, 0.4969441592693329, 2.202770948410034, 0.5711544752120972, 2.107093334197998, 0.9094982743263245, 0.056143783032894135, 1.0427616834640503, 1.194432258605957, 1.7233530282974243, 0.5472607016563416, 0.37480345368385315, 0.1997043639421463, -0.020995335653424263, 1.3319416046142578, 1.2002208232879639, 1.0182522535324097, 1.7477903366088867, 0.061231829226017, 0.3274238705635071]"
important,"[6, 19, 3, 12, 11, 8, 2, 5, 8]",34,"[0.4144895374774933, 2.7380144596099854, 0.8433405756950378, 0.08036257326602936, 0.9734849333763123, 1.3397505283355713, 0.5609567761421204, 1.213950276374817, 0.8630139231681824, 0.28961241245269775, -0.0012915360275655985, 1.2888238430023193, 1.1306426525115967, 0.9929629564285278, -0.0027755661867558956, 2.377974033355713, 1.650989294052124, 0.5337803959846497, 0.05777665600180626, 1.1616780757904053, 1.1791678667068481, 1.249316930770874, 0.5433325171470642, 0.1987047791481018, 0.26461368799209595, 1.3754627704620361, 0.606651782989502, 1.7743923664093018, 0.6076478958129883, 0.9804741740226746, 2.102097749710083, 0.653998613357544, 1.4967650175094604, 0.513370931148529, 0.5213904976844788, -0.05298348516225815, 1.7703531980514526, 1.3714547157287598, -0.010468438267707825, 0.35399043560028076, 1.7360055446624756, 0.4608112573623657, 0.1750400960445404, 0.23164865374565125, 1.0776008367538452, 0.5709670782089233, 2.5779693126678467, 0.5502846240997314, 2.3102564811706543, 1.0998600721359253, 0.01671591028571129, 1.3284157514572144, 1.5656391382217407, 1.83042573928833, 0.5424467921257019, 0.14054827392101288, 0.4126880466938019, 0.014460712671279907, 1.370110034942627, 1.187459111213684, 1.1528483629226685, 2.125800371170044, 0.048137955367565155, 0.16981758177280426]"
improve,"[6, 19, 3, 11, 12, 28, 4]",34,"[0.390316903591156, 3.0572361946105957, 0.655226469039917, 0.08033771812915802, 0.8308858871459961, 1.7734264135360718, 1.0120890140533447, 1.4385579824447632, 0.7263085246086121, 0.4581848680973053, 0.010844441130757332, 0.951274037361145, 0.9910950660705566, 1.2621104717254639, 0.004978083074092865, 1.7165729999542236, 1.7532769441604614, 0.8503103256225586, 0.0927753746509552, 1.7170555591583252, 0.9808156490325928, 0.8433829545974731, 0.6196011900901794, 0.13412785530090332, 0.5009191632270813, 1.7251574993133545, 0.9922735691070557, 1.8308905363082886, 1.0173743963241577, 1.3192138671875, 2.162304639816284, 0.9114382266998291, 1.760058879852295, 0.949118435382843, 0.8387642502784729, 0.04757069796323776, 1.2163145542144775, 1.0079762935638428, -0.0002502351999282837, 0.3008929491043091, 1.235114336013794, 0.5958950519561768, 0.11522477865219116, 0.47278329730033875, 1.5276179313659668, 0.8013452887535095, 2.8954484462738037, 1.1150851249694824, 2.567073106765747, 1.4407347440719604, 0.019358614459633827, 1.1255686283111572, 1.5752657651901245, 1.7145452499389648, 1.2757970094680786, 0.08427157253026962, 0.6204670667648315, -0.01059754192829132, 1.42276132106781, 0.7615116834640503, 0.6785650253295898, 1.872414231300354, 0.03342841565608978, 0.15065637230873108]"
information,"[6, 5, 22, 12, 11, 19, 2, 8, 6, 12, 5]",34,"[0.3795596659183502, 2.878572702407837, 0.0843987688422203, 0.028272267431020737, 0.9083254337310791, 1.9811954498291016, 1.314091444015503, 1.5772298574447632, 0.05963338166475296, 0.4746989607810974, -0.0034714459907263517, 0.3538780212402344, 0.6114476919174194, 1.6014786958694458, 0.0004093511961400509, 0.5566173791885376, 1.7433550357818604, 1.1409574747085571, 0.10819891095161438, 2.0056729316711426, 0.12327482551336288, 0.236463725566864, 0.7368453741073608, 0.0453689843416214, 0.5038958787918091, 1.666991949081421, 1.0817697048187256, 1.885520100593567, 1.3458855152130127, 1.4060648679733276, 2.295607328414917, 0.8302057981491089, 1.7267285585403442, 1.2963265180587769, 1.082794189453125, 0.21159350872039795, 0.33068978786468506, 0.7286036610603333, -0.011624574661254883, 0.12494923174381256, 0.42376232147216797, 0.7757689952850342, -0.029309481382369995, 0.5315839052200317, 1.6761094331741333, 0.965077817440033, 2.7766003608703613, 1.2423253059387207, 2.414454698562622, 1.5146691799163818, -0.0009250417351722717, 1.0014361143112183, 1.6094690561294556, 1.6404286623001099, 1.5234602689743042, 0.07486796379089355, 0.8400028347969055, 0.012502212077379227, 1.3164294958114624, 0.3960696756839752, 0.4407382011413574, 1.6228870153427124, 0.004168946295976639, 0.13848763704299927]"
learn,"[14, 4, 2, 11, 5]",34,"[0.8413580060005188, 2.129598379135132, 1.1949132680892944, -0.0617154985666275, 0.3623170256614685, 1.6236053705215454, 0.8221781849861145, 0.6479369401931763, 0.9743896126747131, 0.2562968134880066, 0.011642535217106342, 1.2188595533370972, 1.576904058456421, 0.7526242733001709, -0.00016684597358107567, 1.916703701019287, 0.6757004261016846, 0.32371264696121216, 0.04258573800325394, 1.9138377904891968, 1.460551142692566, 1.0027090311050415, 0.36039575934410095, 0.8998658657073975, 1.2669107913970947, 0.7599254846572876, 1.5138627290725708, 1.3439342975616455, 1.321047067642212, 1.801429271697998, 1.3727517127990723, 0.42695367336273193, 0.8353807926177979, 0.5768954157829285, 1.1894376277923584, 0.13460835814476013, 1.4991357326507568, 1.3075264692306519, 0.08788194507360458, 0.1019560918211937, 0.8721380233764648, 0.12866610288619995, 0.4349173307418823, 1.0620479583740234, 1.5020278692245483, 0.2646971642971039, 2.44537353515625, 1.399910807609558, 2.4468917846679688, 1.1995675563812256, -0.004557155072689056, 0.16006986796855927, 0.6114252209663391, 1.850606083869934, 1.266688585281372, 0.5434316396713257, 0.16016434133052826, 0.0014405809342861176, 1.5150984525680542, 0.5490541458129883, 0.23633842170238495, 1.1486248970031738, -0.037308093160390854, 0.18679314851760864]"
middle,"[19, 6, 20, 20, 14, 4]",34,"[0.5371814966201782, 2.2772629261016846, 0.7299849987030029, 0.02110223099589348, 0.4513990879058838, 1.786618947982788, 1.1092798709869385, 0.8954440951347351, 0.7986868023872375, 0.4730810225009918, 0.017113925889134407, 0.677635908126831, 0.9568215608596802, 1.046968698501587, 5.644978955388069e-05, 1.1680231094360352, 1.0724916458129883, 0.756924033164978, 0.08413995802402496, 1.9038934707641602, 1.0249966382980347, 0.559707522392273, 0.4919697046279907, 0.5145586729049683, 1.0059329271316528, 1.191301703453064, 1.3554258346557617, 1.3259247541427612, 1.319914698600769, 1.5710564851760864, 1.468153476715088, 0.7986190319061279, 1.2571743726730347, 0.9985682368278503, 1.1262664794921875, 0.28192368149757385, 0.8928927779197693, 0.7434764504432678, 0.14178335666656494, 0.2157621532678604, 0.8002780675888062, 0.3466825485229492, 0.4237101078033447, 0.8322007656097412, 1.488638997077942, 0.5355000495910645, 2.2911581993103027, 1.4274349212646484, 2.1328439712524414, 1.3303626775741577, 0.04866449534893036, 0.33815237879753113, 0.8563777208328247, 1.4432575702667236, 1.657400131225586, 0.3475619852542877, 0.36835795640945435, 0.004959244281053543, 1.1751279830932617, 0.34590619802474976, 0.13960669934749603, 0.9601137638092041, 0.008578017354011536, 0.21460917592048645]"
next,"[5, 4, 27, 8]",34,"[0.3479140102863312, 1.4424055814743042, 1.8441083431243896, 0.22245697677135468, 0.43011099100112915, 0.5775341987609863, 0.18412485718727112, 0.36391863226890564, 2.378872871398926, 0.29320263862609863, 0.023242749273777008, 1.8954709768295288, 1.0739657878875732, 0.12686787545681, -0.004004189744591713, 3.791797399520874, 0.775254487991333, -0.011995628476142883, 0.01516994833946228, 0.5806045532226562, 2.6987557411193848, 2.0495309829711914, 0.31584110856056213, 0.7581228017807007, 0.4427703022956848, 0.7874938249588013, 0.48833686113357544, 0.6890319585800171, 0.19582587480545044, 0.6883588433265686, 0.8031692504882812, 0.5709429383277893, 0.9105021953582764, 0.018339265137910843, 0.17230351269245148, -0.04845195263624191, 3.0477044582366943, 1.0401568412780762, 0.40073055028915405, 0.5903964638710022, 2.9911656379699707, 0.13115112483501434, 0.9840043187141418, 0.3064688444137573, 0.5877048969268799, 0.02098499983549118, 1.5246562957763672, 0.4685631990432739, 1.4534271955490112, 0.6077046394348145, 0.08452240377664566, 0.6347828507423401, 0.6784730553627014, 1.0146377086639404, 0.2601188123226166, 0.6008259654045105, 0.042820218950510025, -0.007299523800611496, 0.7318302989006042, 1.4571627378463745, 1.1254545450210571, 1.083366870880127, 0.11674952507019043, 0.38611850142478943]"
notice,"[5, 12, 8, 6, 18, 4]",34,"[0.361783891916275, 1.6105657815933228, 1.600256323814392, 0.13582104444503784, 0.26152971386909485, 0.8029159903526306, 0.4278865456581116, 0.3455003798007965, 1.860374927520752, 0.40994444489479065, 0.04078282043337822, 1.5027222633361816, 1.0526604652404785, 0.24684573709964752, -0.004000082612037659, 2.9788355827331543, 0.8241598606109619, 0.07481351494789124, 0.017957711592316628, 0.913019597530365, 2.292670488357544, 1.5524502992630005, 0.2989950478076935, 0.6854275465011597, 0.6902868747711182, 0.9208781719207764, 0.7969759702682495, 0.6716550588607788, 0.4677038788795471, 1.0303486585617065, 0.6733900308609009, 0.8460284471511841, 1.0696496963500977, 0.2039974182844162, 0.43017467856407166, 0.09802435338497162, 2.3042213916778564, 0.7386294603347778, 0.263685405254364, 0.40409842133522034, 2.1079349517822266, 0.16958828270435333, 0.7235424518585205, 0.5524342060089111, 0.8480241298675537, 0.08688699454069138, 1.6884266138076782, 1.00009286403656, 1.6021199226379395, 0.9077501893043518, 0.06625860929489136, 0.40319696068763733, 0.5473069548606873, 0.9309062957763672, 0.8106223344802856, 0.4847638010978699, 0.09881868958473206, -0.006656749173998833, 0.7592528462409973, 0.8400817513465881, 0.6444597840309143, 0.8188050985336304, 0.04170208424329758, 0.2755598723888397]"
observe,"[12, 10, 7, 4, 11, 28, 4]",34,"[0.48215195536613464, 2.4513285160064697, 1.0819523334503174, 0.03850824013352394, 0.3375294804573059, 1.71127450466156, 1.0511685609817505, 0.7982978224754333, 1.0895649194717407, 0.661480188369751, 0.047013696283102036, 0.914725661277771, 1.0802558660507202, 0.8333730697631836, -0.004250519908964634, 1.737644910812378, 1.2600001096725464, 0.6093281507492065, 0.07159115374088287, 1.8512969017028809, 1.4615293741226196, 0.8150672912597656, 0.3767450749874115, 0.5452169179916382, 0.9797461628913879, 1.4293521642684937, 1.395230770111084, 1.252233624458313, 1.2153126001358032, 1.623811960220337, 1.3606784343719482, 1.0575494766235352, 1.5760018825531006, 0.8285893797874451, 1.011748194694519, 0.25036323070526123, 1.2925877571105957, 0.7478597164154053, 0.14706479012966156, 0.24985407292842865, 1.0719656944274902, 0.38210901618003845, 0.487547367811203, 0.8997739553451538, 1.5389102697372437, 0.39263778924942017, 2.442779064178467, 1.5207808017730713, 2.309824228286743, 1.4437527656555176, 0.03456524759531021, 0.3344775140285492, 0.878531813621521, 1.3819787502288818, 1.6287224292755127, 0.3865211606025696, 0.3846258223056793, 0.00235588476061821, 1.1428354978561401, 0.44438090920448303, 0.28857165575027466, 0.9592803120613098, 0.012090586125850677, 0.1991652548313141]"
order,"[12, 11, 20, 4, 11]",34,"[0.4106978178024292, 1.6483232975006104, 1.2341418266296387, 0.06839019060134888, 0.3408280611038208, 0.9608495235443115, 0.5728113055229187, 0.4928283095359802, 1.3412396907806396, 0.37857943773269653, 0.021948592737317085, 1.219757080078125, 1.047991156578064, 0.3963504731655121, -0.0035141254775226116, 2.3389480113983154, 0.8275947570800781, 0.2248048484325409, 0.04017092287540436, 1.088890552520752, 1.7096805572509766, 1.2222974300384521, 0.3031123876571655, 0.6000387668609619, 0.6576804518699646, 0.8285403251647949, 0.8934592008590698, 0.8554611206054688, 0.6173380613327026, 1.061877965927124, 0.9311968684196472, 0.6252291202545166, 0.988263726234436, 0.3312559127807617, 0.5501304864883423, 0.010749243199825287, 1.7734543085098267, 0.8494374752044678, 0.19952477514743805, 0.2724752724170685, 1.5601239204406738, 0.19341187179088593, 0.5492579340934753, 0.5591741800308228, 0.9717365503311157, 0.17906449735164642, 1.7614792585372925, 0.8635122776031494, 1.675305724143982, 0.9274970293045044, 0.049258120357990265, 0.3005054295063019, 0.5968823432922363, 1.1216552257537842, 0.7555125951766968, 0.4592764377593994, 0.1896878033876419, 0.013982031494379044, 0.8740094900131226, 0.7428964972496033, 0.49800533056259155, 0.8575328588485718, 0.017689812928438187, 0.23502111434936523]"
organize,"[12, 11, 17, 2, 5, 6, 15, 4]",34,"[0.5043784976005554, 2.159299373626709, 1.0214684009552002, 0.11478893458843231, 0.6545926332473755, 1.3322607278823853, 0.7559922933578491, 0.8856145739555359, 1.231662631034851, 0.3346259891986847, 0.0061289058066904545, 1.1868672370910645, 0.9864798784255981, 0.880394697189331, 0.0017942450940608978, 2.2840590476989746, 1.1181814670562744, 0.4598107933998108, 0.047753866761922836, 1.4052562713623047, 1.491066575050354, 1.1518561840057373, 0.5129099488258362, 0.5029302835464478, 0.6757686138153076, 1.1384698152542114, 0.8991894721984863, 1.2737183570861816, 0.835685133934021, 1.1889880895614624, 1.5036998987197876, 0.6692763566970825, 1.2387158870697021, 0.649531364440918, 0.7654578685760498, 0.22662782669067383, 1.67533278465271, 0.9633766412734985, 0.10653264820575714, 0.3257429003715515, 1.6322003602981567, 0.3113042414188385, 0.42373234033584595, 0.5168834924697876, 1.1399357318878174, 0.45754316449165344, 2.213348627090454, 0.9835490584373474, 2.0600497722625732, 1.077648639678955, 0.06104017049074173, 0.7024729251861572, 0.9979725480079651, 1.423945426940918, 1.0346019268035889, 0.3653777837753296, 0.28661033511161804, -0.011839848011732101, 1.1378610134124756, 0.810607373714447, 0.6760579347610474, 1.2993087768554688, 0.03922945261001587, 0.28793060779571533]"
predict,"[3, 11, 4, 20, 6, 18, 8]",34,"[0.3341943919658661, 2.1594953536987305, 1.3096123933792114, 0.10132262110710144, 0.4025759696960449, 1.1940876245498657, 0.7103821635246277, 0.7103742361068726, 1.4715465307235718, 0.48704105615615845, 0.03692964091897011, 1.2814295291900635, 1.0224491357803345, 0.5715977549552917, -0.008239349350333214, 2.439115524291992, 1.2467097043991089, 0.3376537263393402, 0.0569780059158802, 1.2619143724441528, 1.82770574092865, 1.228865146636963, 0.32079678773880005, 0.4319326877593994, 0.6116557121276855, 1.2755615711212158, 0.9943343997001648, 1.0400099754333496, 0.6758992671966553, 1.194318175315857, 1.1780633926391602, 0.9812206029891968, 1.453383207321167, 0.5104132294654846, 0.6158537864685059, 0.020293600857257843, 1.7947895526885986, 0.7647477984428406, 0.17813928425312042, 0.34005337953567505, 1.696038007736206, 0.3796962797641754, 0.44003474712371826, 0.6201845407485962, 1.1615638732910156, 0.29956555366516113, 2.1925735473632812, 1.1560683250427246, 1.9657788276672363, 1.2145776748657227, 0.06363676488399506, 0.5521001219749451, 0.9116362929344177, 1.2236324548721313, 1.0856306552886963, 0.25493574142456055, 0.3397675156593323, -0.00148116797208786, 0.9420272707939148, 0.6977848410606384, 0.553561806678772, 1.123544692993164, 0.01457102969288826, 0.15141768753528595]"
problem,"[3, 11, 12, 10, 14, 4, 19]",34,"[0.45003122091293335, 1.857085108757019, 1.2669826745986938, 0.3249303996562958, 0.8902297019958496, 0.7319438457489014, 0.26549258828163147, 0.8115933537483215, 1.6796259880065918, 0.13633252680301666, 0.004400831181555986, 1.7690212726593018, 0.9672166109085083, 0.5740006566047668, 0.0005260864272713661, 3.431318521499634, 1.0898767709732056, 0.17061710357666016, 0.013076377101242542, 0.6299290060997009, 2.002962827682495, 1.8676378726959229, 0.5856781005859375, 0.4952886998653412, 0.23760607838630676, 0.9669432640075684, 0.29833924770355225, 1.1813185214996338, 0.24303075671195984, 0.6021897196769714, 1.454022765159607, 0.4077797830104828, 1.025301218032837, 0.2316509187221527, 0.20331743359565735, 0.033610306680202484, 2.6689376831054688, 1.2333526611328125, 0.0972958654165268, 0.4909226596355438, 2.693366050720215, 0.24966521561145782, 0.6385514736175537, 0.07341963052749634, 0.6283630728721619, 0.35038456320762634, 1.805782437324524, 0.2564007341861725, 1.7016053199768066, 0.6093938946723938, 0.06656061857938766, 1.2019327878952026, 1.1185070276260376, 1.3677812814712524, 0.14960235357284546, 0.5046068429946899, 0.16241362690925598, 0.002251807600259781, 1.0475095510482788, 1.6027911901474, 1.3982959985733032, 1.667985200881958, 0.16155099868774414, 0.512149453163147]"
question,"[24, 13, 4, 7, 8, 6, 12, 5]",34,"[0.5534387826919556, 2.644199848175049, 0.3750014901161194, -0.0018733106553554535, 0.7647688984870911, 2.0314438343048096, 1.292161226272583, 1.214806079864502, 0.32777151465415955, 0.5221227407455444, 0.001976266037672758, 0.4667591154575348, 0.9181395769119263, 1.4214088916778564, -0.004595328588038683, 0.7870421409606934, 1.4079809188842773, 0.9743797779083252, 0.08794793486595154, 2.107048511505127, 0.43623673915863037, 0.3713287115097046, 0.6564787030220032, 0.40398550033569336, 0.8193272352218628, 1.3149577379226685, 1.3198292255401611, 1.743354320526123, 1.5150891542434692, 1.6007320880889893, 2.0484988689422607, 0.7181582450866699, 1.406890630722046, 1.1874115467071533, 1.2586392164230347, 0.3258586823940277, 0.5461241006851196, 0.935447096824646, 0.02513870596885681, 0.1412552148103714, 0.4987691342830658, 0.5418891310691833, 0.22903494536876678, 0.7618445158004761, 1.6803406476974487, 0.7398568987846375, 2.592243194580078, 1.2346124649047852, 2.3618533611297607, 1.4332256317138672, -0.0012643523514270782, 0.5759656429290771, 1.2373476028442383, 1.7384178638458252, 1.5546419620513916, 0.2588512599468231, 0.620416522026062, 0.01470492035150528, 1.3425334692001343, 0.3623836636543274, 0.3261696696281433, 1.3724960088729858, 0.005060974508523941, 0.20533037185668945]"
reason,"[11, 4, 2, 7, 12, 5]",34,"[0.6210670471191406, 2.083494186401367, 0.9828161597251892, -0.027151646092534065, 0.469607412815094, 1.5129318237304688, 0.7921184301376343, 0.6932898163795471, 0.9078639149665833, 0.3545520007610321, 0.010679391212761402, 1.0448675155639648, 1.2598567008972168, 0.7769120931625366, -0.0011971155181527138, 1.7649532556533813, 0.8715332746505737, 0.41424456238746643, 0.04697266221046448, 1.664224624633789, 1.2640362977981567, 0.9148901700973511, 0.3871126174926758, 0.6617420315742493, 0.9745882153511047, 0.9213064908981323, 1.2256816625595093, 1.3107435703277588, 1.1388353109359741, 1.4874330759048462, 1.413690447807312, 0.5657765865325928, 1.0197117328643799, 0.6201266646385193, 0.9781582951545715, 0.2342209815979004, 1.3459217548370361, 1.086946964263916, 0.08730600774288177, 0.19305206835269928, 1.0351550579071045, 0.21036593616008759, 0.397117018699646, 0.805518627166748, 1.3441002368927002, 0.2951759994029999, 2.193983554840088, 1.2045670747756958, 2.1490461826324463, 1.1193722486495972, 0.010487793013453484, 0.3186348080635071, 0.7742756009101868, 1.5920754671096802, 1.1616368293762207, 0.40161117911338806, 0.225538969039917, -0.0010919608175754547, 1.2758241891860962, 0.5720508098602295, 0.4291786551475525, 1.153655767440796, -0.015480924397706985, 0.20792537927627563]"
require,"[11, 4, 24, 13, 6, 11, 4]",34,"[0.5541260838508606, 1.6605058908462524, 1.2530570030212402, 0.011908117681741714, 0.1808852255344391, 1.1967463493347168, 0.716844916343689, 0.3460821211338043, 1.262367606163025, 0.410128653049469, 0.034745194017887115, 1.1181795597076416, 1.185869574546814, 0.43137097358703613, -0.003217220539227128, 2.08840012550354, 0.6050220727920532, 0.21668343245983124, 0.03357793390750885, 1.404624104499817, 1.6929064989089966, 0.9719855785369873, 0.27127015590667725, 0.7406005859375, 1.0018832683563232, 0.8067936897277832, 1.219018816947937, 0.8495640754699707, 0.9609076976776123, 1.334870457649231, 0.8003974556922913, 0.7204256057739258, 0.8932281732559204, 0.41425368189811707, 0.8539110422134399, 0.1284385621547699, 1.5466140508651733, 0.8634568452835083, 0.18007424473762512, 0.2761150002479553, 1.2304898500442505, 0.1014414057135582, 0.5415520668029785, 0.8444253206253052, 1.1041854619979858, 0.11253403127193451, 1.8253920078277588, 1.2289862632751465, 1.7971090078353882, 1.0339890718460083, 0.039115358144044876, 0.1098097711801529, 0.3949551284313202, 1.1855281591415405, 1.1631767749786377, 0.4933187961578369, 0.08757275342941284, 0.005480192601680756, 1.0109652280807495, 0.43329131603240967, 0.24122919142246246, 0.6584120988845825, -0.01235838234424591, 0.23045668005943298]"
similar,"[7, 6, 19, 6, 14, 2, 11]",34,"[0.43672803044319153, 0.6612937450408936, 2.5109994411468506, 0.5690217018127441, 0.48703691363334656, 0.10283343493938446, -0.01654677838087082, 0.07089710235595703, 3.6643295288085938, 0.18822897970676422, 0.034430842846632004, 2.3489596843719482, 0.7961344718933105, -0.03104219026863575, 0.0059684691950678825, 5.156219005584717, 0.2566699683666229, -0.08954602479934692, -0.023824844509363174, 0.16747981309890747, 3.9535202980041504, 2.803629159927368, 0.5860973000526428, 1.2644785642623901, 0.5932314395904541, 0.3668535053730011, 0.1688934564590454, 0.18863274157047272, 0.06023569405078888, 0.34357255697250366, 0.15550640225410461, 0.5132517218589783, 0.3267805576324463, -0.10955286026000977, 0.11709341406822205, -0.0030127763748168945, 4.070444107055664, 0.7331371903419495, 0.5993529558181763, 0.7514791488647461, 4.388391017913818, 0.035777054727077484, 1.629875659942627, 0.24356526136398315, 0.24442830681800842, -0.0005020289681851864, 0.7310028672218323, 0.3795366883277893, 0.662756085395813, 0.29140251874923706, 0.19997233152389526, 0.4872455596923828, 0.1769038587808609, 0.4875584840774536, 0.19287121295928955, 1.0972425937652588, 0.004682219587266445, 0.004244964569807053, 0.44405248761177063, 1.7332652807235718, 1.161881446838379, 0.5039153099060059, 0.24008649587631226, 0.8340778350830078]"
solution,"[7, 12, 14, 13, 8, 6, 12, 5]",34,"[0.4321143925189972, 2.0884180068969727, 0.8073365688323975, 0.05524544045329094, 0.728641152381897, 1.326346755027771, 0.7348195314407349, 0.9220209717750549, 0.8703320622444153, 0.3443840444087982, 0.002120454329997301, 0.9508630037307739, 0.9431627988815308, 0.9005728960037231, -0.009863441810011864, 1.8337318897247314, 1.1909446716308594, 0.5131439566612244, 0.05490921437740326, 1.349328875541687, 1.052598237991333, 0.9621344804763794, 0.48668450117111206, 0.4143693149089813, 0.5635440945625305, 1.077422857284546, 0.8608595132827759, 1.3482038974761963, 0.8620791435241699, 1.1146668195724487, 1.5561485290527344, 0.5951082706451416, 1.1875824928283691, 0.6340799331665039, 0.6908760070800781, 0.17488166689872742, 1.4145253896713257, 1.0058499574661255, 0.08533111214637756, 0.2574033737182617, 1.3103914260864258, 0.37036582827568054, 0.4000183343887329, 0.4667799770832062, 1.1464717388153076, 0.40360501408576965, 2.10955548286438, 0.8065782189369202, 1.9844495058059692, 1.0281505584716797, 0.018474893644452095, 0.715395987033844, 1.0471113920211792, 1.4724557399749756, 0.8905711770057678, 0.3051636219024658, 0.36724913120269775, 0.00906495749950409, 1.101245403289795, 0.8629729747772217, 0.710443377494812, 1.3610737323760986, 0.010544918477535248, 0.21560397744178772]"
succeed,"[7, 13, 18, 18, 4, 4, 20]",34,"[0.15198925137519836, 2.7023937702178955, 0.5768945217132568, 0.026110973209142685, 0.40813305974006653, 1.8958560228347778, 1.3358489274978638, 1.054181694984436, 0.548469066619873, 0.9277932047843933, 0.046375587582588196, 0.33869078755378723, 0.6248847246170044, 1.0824663639068604, -0.00917220301926136, 0.8866466283798218, 1.7883785963058472, 0.9391869306564331, 0.12854717671871185, 1.9386701583862305, 0.638980507850647, 0.27745723724365234, 0.37328627705574036, 0.1395697295665741, 0.7375990152359009, 1.8491830825805664, 1.3259735107421875, 1.317288875579834, 1.2823779582977295, 1.564890742301941, 1.5798673629760742, 1.487065076828003, 2.09623122215271, 1.1662790775299072, 0.9882129430770874, 0.31794846057891846, 0.5365976691246033, 0.37369394302368164, 0.12842150032520294, 0.19622410833835602, 0.4792269170284271, 0.7263318300247192, 0.13546979427337646, 0.7712405920028687, 1.6712470054626465, 0.5678543448448181, 2.53999924659729, 1.7690162658691406, 2.2847156524658203, 1.6914997100830078, 0.00393439456820488, 0.48011839389801025, 1.215491533279419, 1.1157948970794678, 1.987803339958191, 0.1431979387998581, 0.723870038986206, -0.0043792929500341415, 0.9565141797065735, 0.1351204216480255, 0.24000531435012817, 0.9895668029785156, 0.0054562948644161224, 0.05754603073000908]"
understand,"[13, 5, 20, 4, 11, 7, 8, 2, 5, 20]",34,"[0.4609692394733429, 2.376230239868164, 0.9289747476577759, 0.06339424848556519, 0.660359263420105, 1.3424590826034546, 0.7129038572311401, 0.9481931328773499, 0.9226896166801453, 0.3718065619468689, 0.01114612352102995, 1.092197060585022, 1.0722476243972778, 0.8766798973083496, 0.0001969989389181137, 2.0376718044281006, 1.3126643896102905, 0.5080653429031372, 0.05713226646184921, 1.3947818279266357, 1.2302093505859375, 1.043960452079773, 0.477760374546051, 0.4113299548625946, 0.6074504852294922, 1.2176264524459839, 0.9128127098083496, 1.4366830587387085, 0.8336126804351807, 1.2061856985092163, 1.6506057977676392, 0.7249972820281982, 1.313871145248413, 0.5983543992042542, 0.7045993804931641, 0.12441019713878632, 1.4823700189590454, 1.0800176858901978, 0.0793646052479744, 0.2543714940547943, 1.3788111209869385, 0.3778038024902344, 0.33098602294921875, 0.5091869831085205, 1.2450827360153198, 0.45985549688339233, 2.296844959259033, 0.872602105140686, 2.1101186275482178, 1.1697858572006226, 0.0060630496591329575, 0.7624534964561462, 1.1380218267440796, 1.58070707321167, 0.8806259632110596, 0.3167479932308197, 0.37258195877075195, 0.014960099011659622, 1.2369850873947144, 0.8652856349945068, 0.7182654142379761, 1.5069482326507568, 0.024900689721107483, 0.22683516144752502]"
wonder,"[26, 12, 5, 20, 4, 11]",34,"[0.5463302731513977, 2.0424346923828125, 0.8492962718009949, 0.02720501646399498, 0.6902215480804443, 1.2161778211593628, 0.6370102763175964, 0.8877938389778137, 0.824608564376831, 0.23804768919944763, 0.004042297601699829, 1.0882065296173096, 1.1182873249053955, 0.7860625982284546, 0.0005440814420580864, 1.9772403240203857, 1.0474402904510498, 0.4065459966659546, 0.03426307067275047, 1.3275517225265503, 1.2152092456817627, 1.0662883520126343, 0.4606825113296509, 0.5035179853439331, 0.6612905859947205, 0.9198671579360962, 0.8949311375617981, 1.3423041105270386, 0.8083711862564087, 1.1388225555419922, 1.5487173795700073, 0.42548465728759766, 0.9831699132919312, 0.5045325756072998, 0.704827070236206, 0.08214987069368362, 1.5320569276809692, 1.1232714653015137, 0.09287063032388687, 0.2211417406797409, 1.2916961908340454, 0.26977235078811646, 0.38183924555778503, 0.5136901140213013, 1.154883623123169, 0.38696998357772827, 2.1206562519073486, 0.7780675888061523, 1.974958896636963, 0.9729120135307312, 0.01479971781373024, 0.6192807555198669, 0.9659819602966309, 1.5971641540527344, 0.7541206479072571, 0.36842405796051025, 0.2706013321876526, 0.03580963984131813, 1.2629637718200684, 0.9250695705413818, 0.6887008547782898, 1.3855290412902832, 0.005793668329715729, 0.250164270401001]"
achieve,"[2, 18, 9, 6, 4, 28, 4]",34,"[1.0345865488052368, 1.8843128681182861, 1.303192138671875, -0.011496443301439285, 0.4013066291809082, 1.5567539930343628, 0.7974227666854858, 0.49079418182373047, 1.0479817390441895, 0.16239255666732788, 0.005223952233791351, 1.2522244453430176, 1.5622599124908447, 0.7972316145896912, -0.011204173788428307, 1.966391921043396, 0.4036492109298706, 0.33042997121810913, 0.03179345652461052, 1.8336435556411743, 1.5523428916931152, 1.101863980293274, 0.4668547213077545, 1.152588963508606, 1.4564547538757324, 0.420939564704895, 1.5283620357513428, 1.304124355316162, 1.4006532430648804, 1.8070220947265625, 1.2499562501907349, 0.2437063753604889, 0.5586020946502686, 0.5413724780082703, 1.2675561904907227, 0.2090693563222885, 1.5772987604141235, 1.3708754777908325, 0.09799814224243164, 0.052216462790966034, 0.9381130933761597, 0.0015532635152339935, 0.6881116628646851, 1.0814409255981445, 1.4424980878829956, 0.252331018447876, 2.1506505012512207, 1.2830357551574707, 2.268853187561035, 1.0990309715270996, 0.00666392594575882, 0.025935489684343338, 0.3413723111152649, 1.8390177488327026, 1.2941068410873413, 0.8178597092628479, 0.06005767360329628, -0.002284906804561615, 1.4845681190490723, 0.6566386222839355, 0.19810058176517487, 0.9452586770057678, -0.012388713657855988, 0.3396305441856384]"
addition,"[2, 20, 20, 6, 8, 6, 12, 5]",34,"[0.23046530783176422, 2.82012677192688, 0.5027940273284912, 0.07255065441131592, 0.6226164698600769, 1.8440288305282593, 1.1924854516983032, 1.2504266500473022, 0.5979068875312805, 0.638213574886322, 0.019668400287628174, 0.5279883146286011, 0.7211567163467407, 1.2226145267486572, -0.0006895652040839195, 1.0616918802261353, 1.7349374294281006, 0.9093546867370605, 0.12792900204658508, 1.8537845611572266, 0.6467388868331909, 0.44915515184402466, 0.48666390776634216, 0.06109823286533356, 0.5844562649726868, 1.7479934692382812, 1.1715071201324463, 1.5525538921356201, 1.179353952407837, 1.4061763286590576, 1.8201743364334106, 1.1878105401992798, 1.821542501449585, 1.1333487033843994, 0.9329052567481995, 0.12208178639411926, 0.6901774406433105, 0.6159778237342834, 0.06811512261629105, 0.2521873414516449, 0.8249648809432983, 0.7082282900810242, 0.0706663429737091, 0.6257306337356567, 1.6261075735092163, 0.6996307969093323, 2.6576967239379883, 1.4478095769882202, 2.26731538772583, 1.565415382385254, 0.015414604917168617, 0.7954712510108948, 1.4128336906433105, 1.4213029146194458, 1.6392755508422852, 0.03543280065059662, 0.7246554493904114, -0.013671407476067543, 1.089704155921936, 0.41095879673957825, 0.35359376668930054, 1.4081363677978516, 0.017396077513694763, 0.0996803343296051]"
citizen,"[18, 6, 8, 6, 15, 4, 5]",34,"[0.09268389642238617, 1.79509437084198, 1.6048763990402222, 0.16650159657001495, 0.16146773099899292, 0.7846115231513977, 0.38051700592041016, 0.4166939854621887, 2.098973512649536, 0.5887681245803833, 0.053434889763593674, 1.442833423614502, 0.9029299020767212, 0.14211052656173706, -0.0009447252377867699, 3.178157091140747, 1.1362377405166626, 0.10021212697029114, 0.03455112874507904, 0.804006040096283, 2.4150872230529785, 1.515397310256958, 0.13433179259300232, 0.4164147973060608, 0.4553394615650177, 1.3201918601989746, 0.7066817283630371, 0.5976793169975281, 0.25551456212997437, 0.8518192768096924, 0.6189702749252319, 1.2402369976043701, 1.4607348442077637, 0.20589980483055115, 0.2533978521823883, -0.06513617187738419, 2.380173683166504, 0.5399888157844543, 0.31247085332870483, 0.5520459413528442, 2.4475507736206055, 0.29551777243614197, 0.632128119468689, 0.4837576150894165, 0.7493845224380493, 0.04647339880466461, 1.846989393234253, 1.0523698329925537, 1.577836513519287, 1.0233186483383179, 0.12086951732635498, 0.5580028891563416, 0.7557304501533508, 0.7733203768730164, 0.8418688178062439, 0.2882973849773407, 0.1613176316022873, -0.0036696940660476685, 0.5646642446517944, 0.8283726572990417, 0.7021178603172302, 0.8361338376998901, 0.06228671967983246, 0.163364976644516]"
community,"[18, 12, 19, 19, 13, 5, 6, 8, 21]",34,"[0.5948188900947571, 2.543084144592285, 0.29638099670410156, 0.08139725029468536, 0.9840693473815918, 1.8964943885803223, 1.1828781366348267, 1.3629153966903687, 0.3464195430278778, 0.34861862659454346, -0.00965815968811512, 0.5438469052314758, 0.8077406883239746, 1.5152747631072998, -0.005113356281071901, 1.0138463973999023, 1.3684104681015015, 1.016589879989624, 0.08077079057693481, 1.8702253103256226, 0.5075005888938904, 0.5751492381095886, 0.8463560342788696, 0.3702875077724457, 0.6611445546150208, 1.2047512531280518, 1.0430872440338135, 1.808332085609436, 1.3566784858703613, 1.394917368888855, 2.1559839248657227, 0.5351032018661499, 1.3370901346206665, 1.1718111038208008, 1.148192286491394, 0.3456684648990631, 0.726612389087677, 0.9735205769538879, -0.011363223195075989, 0.15248626470565796, 0.7909679412841797, 0.5566645860671997, 0.2666313052177429, 0.5729628801345825, 1.5342926979064941, 0.8573096990585327, 2.4244954586029053, 0.9785541296005249, 2.2303318977355957, 1.293912649154663, 0.013859106227755547, 0.8030329942703247, 1.326185941696167, 1.7374820709228516, 1.3131513595581055, 0.310857892036438, 0.6138219237327576, 0.01015722006559372, 1.3784372806549072, 0.5979041457176208, 0.5001525282859802, 1.53266441822052, 0.03509707748889923, 0.3269179165363312]"
continent,"[18, 12, 5, 8, 6, 5, 4, 5, 8]",34,"[0.2830473780632019, 1.418691873550415, 1.3395088911056519, 0.20605747401714325, 0.5190422534942627, 0.4669828712940216, 0.12181714922189713, 0.4560381770133972, 1.7948930263519287, 0.22441419959068298, 0.020802173763513565, 1.5154590606689453, 0.8543803691864014, 0.2689267098903656, -0.0061288028955459595, 3.1734912395477295, 0.8528989553451538, 0.052631109952926636, 0.014047013595700264, 0.4528803527355194, 2.0955722332000732, 1.6900277137756348, 0.3340941071510315, 0.5410013794898987, 0.24961645901203156, 0.761863112449646, 0.27711620926856995, 0.7935304641723633, 0.09872181713581085, 0.4596906900405884, 0.9006830453872681, 0.5398141145706177, 0.8597942590713501, 0.0392998568713665, 0.10585759580135345, -0.04732605069875717, 2.4462928771972656, 0.8995417356491089, 0.28812044858932495, 0.5160149335861206, 2.5334553718566895, 0.15566952526569366, 0.7316840887069702, 0.10551445931196213, 0.44880497455596924, 0.15960288047790527, 1.3599199056625366, 0.2543402910232544, 1.2384971380233765, 0.5240194797515869, 0.09774906933307648, 0.780131995677948, 0.7947938442230225, 0.9699549674987793, 0.10681784898042679, 0.47746050357818604, 0.06679600477218628, 0.006118267774581909, 0.6828765869140625, 1.2976828813552856, 1.0884974002838135, 1.1583068370819092, 0.0861634910106659, 0.37927448749542236]"
energy,"[4, 5, 4, 11, 17, 21]",34,"[0.2578107714653015, 1.652685523033142, 1.3263479471206665, 0.14116734266281128, 0.4695989191532135, 0.7637357711791992, 0.41661256551742554, 0.5714172720909119, 1.7010858058929443, 0.40369001030921936, 0.028811367228627205, 1.3860019445419312, 0.8499447107315063, 0.3789840340614319, -0.003748689079657197, 2.8733556270599365, 0.9786419868469238, 0.18032540380954742, 0.0258423313498497, 0.7963529825210571, 1.9824544191360474, 1.4415600299835205, 0.37645208835601807, 0.4585719704627991, 0.3453289866447449, 1.0065516233444214, 0.5538936853408813, 0.8113678693771362, 0.3091312646865845, 0.7190213799476624, 0.9830901622772217, 0.7391599416732788, 1.10928475856781, 0.2571955919265747, 0.30386117100715637, 0.0008327364921569824, 2.1378190517425537, 0.7663580775260925, 0.23726388812065125, 0.4428665041923523, 2.1578826904296875, 0.2627963125705719, 0.6256147027015686, 0.30874112248420715, 0.7174932360649109, 0.19142407178878784, 1.6303658485412598, 0.614978015422821, 1.482081413269043, 0.8368229866027832, 0.09618495404720306, 0.6621243953704834, 0.7957414984703064, 0.9571495652198792, 0.514250636100769, 0.3546368181705475, 0.2131045013666153, 0.002616800367832184, 0.7366588711738586, 0.9649403691291809, 0.8168733716011047, 1.0063011646270752, 0.05696827918291092, 0.2790042459964752]"
equal,"[4, 24, 13, 2, 14]",34,"[0.5258631110191345, 1.2855281829833984, 1.3136297464370728, 0.20635415613651276, 0.38311678171157837, 0.8785102367401123, 0.3922608196735382, 0.3556939363479614, 1.6841167211532593, 0.26412442326545715, 0.006712953560054302, 1.3101719617843628, 1.0251882076263428, 0.33902496099472046, 0.0012381752021610737, 2.628699541091919, 0.5688765048980713, 0.17717522382736206, 0.010603930801153183, 0.9524616003036499, 1.933576226234436, 1.4456645250320435, 0.3662128448486328, 0.8477147817611694, 0.7867059707641602, 0.5773570537567139, 0.7920944690704346, 0.7259424924850464, 0.5999183654785156, 0.9273816347122192, 0.7143804430961609, 0.4743136763572693, 0.6545524597167969, 0.2838147282600403, 0.5205209851264954, 0.18348318338394165, 2.0984792709350586, 0.8906195163726807, 0.22523659467697144, 0.33309343457221985, 1.9204097986221313, 0.09447775781154633, 0.8160245418548584, 0.5049986839294434, 0.752856969833374, 0.07010518014431, 1.3633054494857788, 0.7249013781547546, 1.3919271230697632, 0.6942301988601685, 0.07660359144210815, 0.23000302910804749, 0.3553941249847412, 1.026353359222412, 0.6663376092910767, 0.6899356245994568, 0.09323978424072266, -0.014473183080554008, 0.8416441679000854, 0.9338794350624084, 0.6105020046234131, 0.6901649236679077, 0.10012882947921753, 0.4214533567428589]"
globe,"[17, 14, 12, 10, 4]",34,"[0.44273263216018677, 1.8004697561264038, 0.8657234311103821, 0.06566844880580902, 0.45393601059913635, 1.1503461599349976, 0.6996818780899048, 0.6462517380714417, 0.8976829051971436, 0.34767404198646545, 0.016826331615447998, 0.9521573781967163, 0.936082124710083, 0.6641600131988525, -0.00856763031333685, 1.7039881944656372, 0.9112658500671387, 0.3792998194694519, 0.04660438001155853, 1.240613341331482, 1.140281319618225, 0.8763633966445923, 0.3938097059726715, 0.4674328863620758, 0.6366664171218872, 0.9547302722930908, 0.9319971203804016, 1.073628306388855, 0.8345167636871338, 1.0780384540557861, 1.1767911911010742, 0.6844779253005981, 1.0813112258911133, 0.530473530292511, 0.681094229221344, 0.19653990864753723, 1.3310266733169556, 0.8175190091133118, 0.09473717212677002, 0.2699841856956482, 1.1696633100509644, 0.27546778321266174, 0.39931589365005493, 0.5573223233222961, 1.0528556108474731, 0.27019986510276794, 1.8049168586730957, 0.9187296032905579, 1.7429251670837402, 0.9270502328872681, 0.023627132177352905, 0.4700900614261627, 0.8047731518745422, 1.2355855703353882, 0.9325346350669861, 0.34204357862472534, 0.22873800992965698, -0.0014107748866081238, 0.9925763607025146, 0.6396515965461731, 0.5485714673995972, 1.0385280847549438, 0.011104106903076172, 0.2476123869419098]"
habitat,"[9, 2, 10, 6, 8, 2, 8]",34,"[0.501078724861145, 2.0925495624542236, 1.1677355766296387, 0.12936364114284515, 0.6698307394981384, 1.1806796789169312, 0.5991146564483643, 0.870905339717865, 1.319958209991455, 0.331138551235199, 0.017533807083964348, 1.2739273309707642, 1.0342284440994263, 0.7630668878555298, 0.0011663869954645634, 2.465596914291382, 1.2040458917617798, 0.43285250663757324, 0.03674757480621338, 1.1900242567062378, 1.5812078714370728, 1.2808855772018433, 0.5261554718017578, 0.5345540046691895, 0.5826125144958496, 1.1353081464767456, 0.7870868444442749, 1.248569369316101, 0.7177026271820068, 1.0571238994598389, 1.3831815719604492, 0.695161759853363, 1.2658408880233765, 0.48298487067222595, 0.619668185710907, 0.1932390183210373, 1.8996751308441162, 1.0191503763198853, 0.080046646296978, 0.29597869515419006, 1.6852997541427612, 0.3884170651435852, 0.4956851601600647, 0.47771593928337097, 1.0566192865371704, 0.3930804133415222, 2.0780370235443115, 0.7922244071960449, 1.9790986776351929, 1.0409603118896484, 0.04243207350373268, 0.7825492024421692, 1.0375126600265503, 1.383943796157837, 0.7827813029289246, 0.4022118151187897, 0.35677459836006165, -0.024267535656690598, 1.1199722290039062, 0.9334707856178284, 0.7636150121688843, 1.3438732624053955, 0.03535321354866028, 0.2620890438556671]"
insect,"[6, 5, 7, 4, 18, 8]",34,"[0.18614280223846436, 2.6180529594421387, 1.0545985698699951, 0.035333942621946335, 0.35395118594169617, 1.5687023401260376, 0.9790971875190735, 0.8464586138725281, 1.1240283250808716, 0.7675971388816833, 0.05357527732849121, 0.9718399047851562, 1.0211782455444336, 0.7082135677337646, -0.00768921198323369, 1.870545744895935, 1.631929636001587, 0.5407884120941162, 0.08954644203186035, 1.574838399887085, 1.3611514568328857, 0.8396297693252563, 0.28489556908607483, 0.2242141216993332, 0.5310392379760742, 1.7178263664245605, 1.1739600896835327, 1.231811761856079, 0.8973532915115356, 1.3810217380523682, 1.4340897798538208, 1.2871971130371094, 1.8939588069915771, 0.722673773765564, 0.7290078401565552, 0.017281509935855865, 1.3402552604675293, 0.7182915806770325, 0.12959371507167816, 0.3319457769393921, 1.2952260971069336, 0.5712124705314636, 0.26790568232536316, 0.7245750427246094, 1.4464137554168701, 0.3809874653816223, 2.5717179775238037, 1.3755685091018677, 2.192946195602417, 1.4551445245742798, 0.028164198622107506, 0.6121422052383423, 1.197953224182129, 1.2904973030090332, 1.3551230430603027, 0.03498321771621704, 0.5437017679214478, -0.015025997534394264, 0.9705150723457336, 0.4534587264060974, 0.5110121965408325, 1.255149245262146, 0.009622085839509964, 0.015656597912311554]"
mammal,"[19, 2, 19, 19, 2, 14]",34,"[0.48671755194664, 2.4970860481262207, 0.59456866979599, 0.03485223278403282, 0.7342876195907593, 1.552653431892395, 0.8667412400245667, 1.1757783889770508, 0.5725347399711609, 0.3568737804889679, 0.00463011022657156, 0.8221796751022339, 1.000196099281311, 1.1023541688919067, 0.0007276441901922226, 1.365598440170288, 1.3936190605163574, 0.7407823801040649, 0.06203644350171089, 1.5694799423217773, 0.7851680517196655, 0.7501569986343384, 0.5707519054412842, 0.2991243898868561, 0.515775203704834, 1.2654906511306763, 0.9437088370323181, 1.6003129482269287, 1.0026772022247314, 1.2499217987060547, 1.8715876340866089, 0.6300311088562012, 1.3848158121109009, 0.7995858788490295, 0.8419428467750549, 0.11504487693309784, 1.0582051277160645, 0.9987561702728271, 0.026852786540985107, 0.15144050121307373, 0.8632231950759888, 0.5193181037902832, 0.19005520641803741, 0.5137447714805603, 1.3171110153198242, 0.6169785857200623, 2.4007503986358643, 0.8815382122993469, 2.2130050659179688, 1.2143510580062866, 0.012038353830575943, 0.7963336110115051, 1.282490849494934, 1.6496225595474243, 0.9548330307006836, 0.1935821920633316, 0.5564149022102356, 0.003486059606075287, 1.3145121335983276, 0.6516647934913635, 0.600642204284668, 1.5397030115127563, 0.016047336161136627, 0.13921719789505005]"
map,"[19, 2, 3]",34,"[0.27420923113822937, 1.9519625902175903, 1.0639773607254028, 0.07403057813644409, 0.4146743416786194, 0.9882374405860901, 0.5551066994667053, 0.727875292301178, 1.1112821102142334, 0.39172041416168213, 0.028410738334059715, 1.1616743803024292, 1.0039719343185425, 0.48564091324806213, -0.0017283689230680466, 2.119368314743042, 1.1583311557769775, 0.29386013746261597, 0.050335243344306946, 0.9814637303352356, 1.4557348489761353, 1.1044631004333496, 0.2719830870628357, 0.29838964343070984, 0.38617032766342163, 1.1940853595733643, 0.7548478245735168, 1.0527245998382568, 0.5386073589324951, 0.9118836522102356, 1.105089783668518, 0.8148137331008911, 1.322327733039856, 0.3550032377243042, 0.39639148116111755, -0.08471164852380753, 1.6633268594741821, 0.8213790059089661, 0.14217694103717804, 0.317011296749115, 1.4900351762771606, 0.411176472902298, 0.3176649212837219, 0.4514949321746826, 0.9933950901031494, 0.24695129692554474, 1.9672690629959106, 0.8854460120201111, 1.791141390800476, 0.9906245470046997, 0.01419227384030819, 0.6776580810546875, 0.9738190770149231, 1.180280327796936, 0.7213569283485413, 0.20474527776241302, 0.3678874373435974, -0.012378258630633354, 0.9045578241348267, 0.7478207349777222, 0.6731587052345276, 1.2008953094482422, 0.00833127275109291, 0.09252393990755081]"
material,"[19, 2, 8, 4, 11, 6, 2, 14]",34,"[0.5596893429756165, 2.2967300415039062, 1.3874205350875854, 0.1047612726688385, 0.69602370262146, 1.2477023601531982, 0.5901114344596863, 0.9768356084823608, 1.448944330215454, 0.2635285556316376, -0.0004939448554068804, 1.548816442489624, 1.3312820196151733, 0.7256503105163574, 0.0034668557345867157, 2.856903553009033, 1.2188037633895874, 0.37006619572639465, 0.0344240628182888, 1.2808539867401123, 1.836914300918579, 1.543330430984497, 0.4823092520236969, 0.5587384700775146, 0.6547642946243286, 1.0908699035644531, 0.879147469997406, 1.3647419214248657, 0.7289332151412964, 1.210593581199646, 1.5636658668518066, 0.5233062505722046, 1.168642282485962, 0.4402226507663727, 0.6457990407943726, -0.04264729470014572, 2.2608861923217773, 1.2578562498092651, 0.10525061190128326, 0.31617671251296997, 1.9478023052215576, 0.3144705593585968, 0.46627679467201233, 0.5465197563171387, 1.1518467664718628, 0.36338913440704346, 2.3797922134399414, 0.8006661534309387, 2.2941930294036865, 1.1374528408050537, 0.03544076904654503, 0.7729098796844482, 1.0670126676559448, 1.6481659412384033, 0.6466367840766907, 0.3952372372150421, 0.29674017429351807, 0.0029048919677734375, 1.3227272033691406, 1.0895946025848389, 0.8244612812995911, 1.5384182929992676, 0.03928356617689133, 0.18766608834266663]"
mayor,"[19, 2, 21, 12, 11]",34,"[0.47415730357170105, 1.7689090967178345, 1.7116763591766357, 0.17785975337028503, 0.6098565459251404, 0.7599285840988159, 0.2270645797252655, 0.5944503545761108, 1.9240455627441406, 0.23252558708190918, 0.014051220379769802, 1.822622537612915, 1.2887511253356934, 0.3466571569442749, -0.003129376797005534, 3.635242223739624, 0.9643551111221313, 0.00896117091178894, 0.00020823441445827484, 0.7746843099594116, 2.399317502975464, 1.9149805307388306, 0.39959120750427246, 0.6623938083648682, 0.5406594276428223, 0.890477180480957, 0.5838321447372437, 1.026944875717163, 0.34531378746032715, 0.9098219275474548, 1.131364107131958, 0.5361611843109131, 0.9910857677459717, 0.060379594564437866, 0.30194440484046936, -0.05135417729616165, 2.7681772708892822, 1.2299989461898804, 0.17172867059707642, 0.41315436363220215, 2.5159695148468018, 0.15423525869846344, 0.6588581800460815, 0.40614786744117737, 0.7502697706222534, 0.125822052359581, 1.9283696413040161, 0.5788822770118713, 1.8620951175689697, 0.8081006407737732, 0.04734809696674347, 0.7372790575027466, 0.8183058500289917, 1.3867377042770386, 0.29732227325439453, 0.4965597987174988, 0.11193501949310303, 0.013211585581302643, 1.0779283046722412, 1.3067623376846313, 1.065562129020691, 1.4198075532913208, 0.055935561656951904, 0.2925678491592407]"
ocean,"[12, 18, 4, 2, 5]",34,"[0.7304246425628662, 1.6671762466430664, 1.263732671737671, 0.007423281669616699, 0.35145455598831177, 1.0996639728546143, 0.4993114471435547, 0.36019840836524963, 1.1581199169158936, 0.22889584302902222, 0.019503679126501083, 1.3009120225906372, 1.3908768892288208, 0.4778124988079071, -0.00336210778914392, 2.239840269088745, 0.5572472810745239, 0.10648222267627716, 0.02520720474421978, 1.293672800064087, 1.6077916622161865, 1.1929194927215576, 0.2799795866012573, 0.9048780202865601, 1.0657837390899658, 0.5301884412765503, 1.0981419086456299, 1.034157395362854, 0.9147392511367798, 1.3255534172058105, 1.0269243717193604, 0.44453752040863037, 0.6952584981918335, 0.2591361701488495, 0.8064045906066895, 0.20427250862121582, 1.7670139074325562, 1.2044199705123901, 0.13156229257583618, 0.19573692977428436, 1.2964191436767578, -0.007700107991695404, 0.5687536001205444, 0.7564059495925903, 1.069011926651001, 0.05914740264415741, 1.841245174407959, 1.0106867551803589, 1.8983399868011475, 0.8538564443588257, 0.012688156217336655, 0.15877565741539001, 0.4295578896999359, 1.5144596099853516, 0.8743723630905151, 0.6308026313781738, -0.02902614139020443, -0.0008861683309078217, 1.2033464908599854, 0.7492477297782898, 0.481584370136261, 1.0101860761642456, -0.0021949969232082367, 0.26767680048942566]"
reptile,"[11, 4, 3, 8, 6, 14, 4]",34,"[0.7606555223464966, 2.1207034587860107, 1.1680997610092163, 0.010001648217439651, 0.5113102793693542, 1.4773485660552979, 0.7783780694007874, 0.7104063630104065, 1.038969874382019, 0.24566370248794556, 0.00985434278845787, 1.2254269123077393, 1.3623497486114502, 0.7803280353546143, -0.004912014119327068, 2.0318877696990967, 0.8725012540817261, 0.41353639960289, 0.03953847289085388, 1.6183810234069824, 1.4605273008346558, 1.0826398134231567, 0.4672029912471771, 0.812317967414856, 1.033721685409546, 0.8198574781417847, 1.2371366024017334, 1.3390061855316162, 1.1036971807479858, 1.5254504680633545, 1.407715916633606, 0.4143078029155731, 0.9457178115844727, 0.5318981409072876, 0.9927318096160889, 0.09686677157878876, 1.5856374502182007, 1.2090898752212524, 0.09172908961772919, 0.1793336123228073, 1.1469624042510986, 0.19679248332977295, 0.5309470891952515, 0.8209387063980103, 1.3250246047973633, 0.38871610164642334, 2.337310791015625, 1.1272789239883423, 2.276364803314209, 1.1190237998962402, 0.01639956422150135, 0.4294951260089874, 0.7141228914260864, 1.651037335395813, 1.1324381828308105, 0.5470105409622192, 0.21234756708145142, -0.013507474213838577, 1.3447579145431519, 0.6732531189918518, 0.38820117712020874, 1.1972198486328125, -0.004140734672546387, 0.20732012391090393]"
season,"[7, 4, 2, 7, 12, 5]",34,"[0.5543755888938904, 2.10349702835083, 0.905764102935791, -0.013096638023853302, 0.4725245535373688, 1.5241219997406006, 0.8117719292640686, 0.689144492149353, 0.8931165933609009, 0.40849319100379944, 0.010189960710704327, 0.9801095724105835, 1.1928386688232422, 0.7830657362937927, 9.02954488992691e-05, 1.6785624027252197, 0.9340188503265381, 0.44277840852737427, 0.048943594098091125, 1.6402089595794678, 1.1850281953811646, 0.8415486812591553, 0.379121333360672, 0.597028374671936, 0.9163629412651062, 0.9832205772399902, 1.1989787817001343, 1.311335802078247, 1.1204460859298706, 1.4347740411758423, 1.4296975135803223, 0.6466636657714844, 1.078354835510254, 0.6555578112602234, 0.9516861438751221, 0.2510503828525543, 1.2714980840682983, 1.0320266485214233, 0.08819641172885895, 0.2271886169910431, 1.0494298934936523, 0.2465600222349167, 0.3674840033054352, 0.7757368087768555, 1.3267934322357178, 0.2984694540500641, 2.1698930263519287, 1.1788192987442017, 2.061901569366455, 1.111454725265503, 0.014776879921555519, 0.35242047905921936, 0.831078827381134, 1.558408498764038, 1.1628552675247192, 0.35493284463882446, 0.26558345556259155, -0.0018318518996238708, 1.196730613708496, 0.5451806783676147, 0.46013057231903076, 1.1569560766220093, -0.009213536977767944, 0.2135758399963379]"
subtraction,"[7, 13, 10, 8, 11, 2, 18, 8, 6, 12, 5]",34,"[0.3012318015098572, 1.7087891101837158, 1.2549844980239868, 0.3506529629230499, 0.8195805549621582, 0.9846044778823853, 0.5670436024665833, 0.8417291045188904, 1.9024875164031982, 0.4093133509159088, 0.02354305237531662, 1.2783706188201904, 0.45521456003189087, 0.7397388219833374, -0.008096140809357166, 3.0691721439361572, 1.3070963621139526, 0.4890279173851013, 0.038704030215740204, 0.8673282265663147, 1.9576067924499512, 1.4836724996566772, 0.7157101631164551, 0.46989789605140686, 0.23530299961566925, 1.1429206132888794, 0.43796178698539734, 1.0064072608947754, 0.4604552686214447, 0.6291896104812622, 1.1989314556121826, 0.8800970315933228, 1.2952463626861572, 0.5617467164993286, 0.41243037581443787, 0.19194655120372772, 2.2352042198181152, 0.6620953679084778, 0.12712927162647247, 0.5817408561706543, 2.6082119941711426, 0.538085401058197, 0.7636536955833435, 0.2496412992477417, 0.7610182762145996, 0.46955248713493347, 1.6883853673934937, 0.5066083669662476, 1.4009777307510376, 0.8783191442489624, 0.11348380148410797, 1.0048861503601074, 1.0826199054718018, 0.897620439529419, 0.6265335083007812, 0.5065694451332092, 0.42745184898376465, 0.013742834329605103, 0.7076808214187622, 1.1978331804275513, 0.965960681438446, 1.164353847503662, 0.14014200866222382, 0.5504425168037415]"
temperature,"[8, 4, 19, 3, 4, 11, 2, 8, 13, 11, 4]",34,"[0.5063487887382507, 2.5705726146698, 0.4576520025730133, 0.0757589191198349, 0.8789969682693481, 1.6559686660766602, 0.9491865038871765, 1.2149533033370972, 0.4482942223548889, 0.3411615192890167, 0.010985968634486198, 0.7240308523178101, 0.8799213171005249, 1.2906774282455444, -0.009358375333249569, 1.3176615238189697, 1.4179702997207642, 0.8345246315002441, 0.0873965173959732, 1.5952974557876587, 0.6621326804161072, 0.6696921586990356, 0.71378493309021, 0.27060598134994507, 0.516094446182251, 1.2744094133377075, 0.9057866930961609, 1.7415133714675903, 1.1051064729690552, 1.211924433708191, 2.03521990776062, 0.6129379272460938, 1.379892110824585, 0.9077383875846863, 0.9272637963294983, 0.1873978227376938, 0.8991824388504028, 1.0322247743606567, -0.016347646713256836, 0.2085297405719757, 0.9304405450820923, 0.4650491774082184, 0.22468027472496033, 0.4519439935684204, 1.3687275648117065, 0.7558382153511047, 2.3418655395507812, 0.8029487133026123, 2.1680805683135986, 1.2286185026168823, 0.014284266158938408, 0.9003996849060059, 1.3055261373519897, 1.67368483543396, 1.0460560321807861, 0.21957935392856598, 0.5165191292762756, -0.0025349725037813187, 1.305465817451477, 0.6827012300491333, 0.6088045239448547, 1.6355983018875122, 0.03468006104230881, 0.253168523311615]"
weather,"[26, 4, 2, 8, 9, 4, 11]",34,"[0.4214444160461426, 2.446112632751465, 0.516375720500946, 0.0008878558874130249, 0.6097010374069214, 1.6680001020431519, 1.0027354955673218, 1.0936846733093262, 0.4170258641242981, 0.4664556086063385, 0.011031134985387325, 0.603440523147583, 0.9037855863571167, 1.0805608034133911, -0.008676166646182537, 1.0883054733276367, 1.4169669151306152, 0.7909449338912964, 0.08093173801898956, 1.7171448469161987, 0.6459619998931885, 0.5377821922302246, 0.4891301095485687, 0.29843834042549133, 0.6744621992111206, 1.2885470390319824, 1.1242765188217163, 1.5302705764770508, 1.1204760074615479, 1.3620251417160034, 1.7223668098449707, 0.7839270830154419, 1.4436476230621338, 0.8963073492050171, 0.9192556738853455, 0.17581146955490112, 0.787445604801178, 0.8215852379798889, 0.025764718651771545, 0.1290503740310669, 0.5516409873962402, 0.503442645072937, 0.18170863389968872, 0.6237583160400391, 1.4608845710754395, 0.6005627512931824, 2.38397216796875, 1.0924627780914307, 2.2045743465423584, 1.304869532585144, -0.002538725733757019, 0.5590606331825256, 1.1176592111587524, 1.5109281539916992, 1.2628793716430664, 0.2194681614637375, 0.5809531211853027, 0.023433838039636612, 1.2160691022872925, 0.4526274502277374, 0.3687323331832886, 1.3148913383483887, -0.018714698031544685, 0.150639146566391]"
author,"[2, 13, 8, 9, 12, 11]",34,"[0.47142836451530457, 2.0552027225494385, 0.9345513582229614, 0.10720999538898468, 0.8647745251655579, 1.0894423723220825, 0.5024683475494385, 0.949479341506958, 1.02538001537323, 0.20064112544059753, -0.0054813167080283165, 1.2567893266677856, 1.0418989658355713, 0.8176882863044739, -0.009146039374172688, 2.3439958095550537, 1.1777830123901367, 0.3497878909111023, 0.03492109477519989, 1.0634570121765137, 1.3173309564590454, 1.2811155319213867, 0.5309236645698547, 0.3895323872566223, 0.38473159074783325, 0.9510061740875244, 0.6061394810676575, 1.4169098138809204, 0.575322151184082, 0.9133250713348389, 1.6938477754592896, 0.41305774450302124, 1.0953001976013184, 0.4377216696739197, 0.4845268428325653, 0.0680936798453331, 1.814765214920044, 1.202272891998291, 0.06434397399425507, 0.28938567638397217, 1.657659649848938, 0.31344425678253174, 0.39317816495895386, 0.28832340240478516, 0.9411370754241943, 0.3898475468158722, 2.0559070110321045, 0.44847238063812256, 1.9384840726852417, 0.8527392745018005, 0.02625075727701187, 0.9370470643043518, 1.1435235738754272, 1.6306565999984741, 0.42579448223114014, 0.3143457770347595, 0.30936378240585327, 0.02801605314016342, 1.178201675415039, 1.1618646383285522, 0.9958272576332092, 1.6718800067901611, 0.03215266764163971, 0.28202712535858154]"
beginning,"[10, 4, 17, 6, 5, 5, 6, 5, 17]",34,"[0.9708676338195801, 2.031996250152588, 0.6923627853393555, -0.01689830794930458, 0.6611246466636658, 1.915493130683899, 1.1733444929122925, 0.95703125, 0.4734860062599182, 0.14320950210094452, -0.020865358412265778, 0.7499556541442871, 1.2240464687347412, 1.2524374723434448, -0.007666364777833223, 1.1127153635025024, 0.723392128944397, 0.7334883213043213, 0.07048672437667847, 2.128131866455078, 0.7482950687408447, 0.6173423528671265, 0.6452396512031555, 0.9051778316497803, 1.2719978094100952, 0.6142834424972534, 1.5296990871429443, 1.5439313650131226, 1.6221009492874146, 1.7903345823287964, 1.6947187185287476, 0.18713344633579254, 0.7163442969322205, 1.0010944604873657, 1.456214189529419, 0.3209761381149292, 0.8674497008323669, 1.2386609315872192, 0.008952558040618896, 0.015505999326705933, 0.4106351435184479, 0.26136213541030884, 0.4129832684993744, 1.001373291015625, 1.6165443658828735, 0.5803003907203674, 2.336434841156006, 1.2705283164978027, 2.3185276985168457, 1.251610517501831, 0.011796992272138596, 0.20462195575237274, 0.6647151112556458, 1.8851302862167358, 1.4803462028503418, 0.6394435167312622, 0.3597653806209564, -0.0027441494166851044, 1.5662901401519775, 0.4561862051486969, 0.07059107720851898, 1.0621765851974487, -0.021671464666724205, 0.27255529165267944]"
chapter,"[18, 9, 2, 3, 8, 4, 11]",34,"[0.580440104007721, 1.4923629760742188, 1.0757559537887573, 0.11377248167991638, 0.5115123987197876, 1.0507022142410278, 0.555378794670105, 0.5739586353302002, 1.293792724609375, 0.2547914981842041, 0.009193467907607555, 1.1147481203079224, 0.9636862277984619, 0.6466611623764038, 0.004184555262327194, 2.1987128257751465, 0.6953742504119873, 0.3321184515953064, 0.022591257467865944, 1.1536964178085327, 1.594894289970398, 1.163134217262268, 0.48503196239471436, 0.7483358383178711, 0.7726700901985168, 0.661150336265564, 0.7915534973144531, 1.0048669576644897, 0.7780506610870361, 1.0150856971740723, 1.0393606424331665, 0.4639667868614197, 0.7948566675186157, 0.44842302799224854, 0.6923578977584839, 0.27426064014434814, 1.6511099338531494, 0.8896050453186035, 0.14804476499557495, 0.26177409291267395, 1.532941460609436, 0.17225204408168793, 0.6250805854797363, 0.5247166156768799, 0.9083504676818848, 0.3153752386569977, 1.6002635955810547, 0.7291478514671326, 1.5516409873962402, 0.8190377354621887, 0.05984026938676834, 0.3615381419658661, 0.5604948401451111, 1.2162834405899048, 0.744336724281311, 0.6195850372314453, 0.19429965317249298, -0.001824401319026947, 0.9485908150672913, 0.7316872477531433, 0.4862680435180664, 0.8770554065704346, 0.03591369837522507, 0.3766949772834778]"
character,"[18, 9, 2, 11, 2, 18, 8, 4, 11]",34,"[0.6014734506607056, 2.1255667209625244, 0.653971254825592, 0.08031980693340302, 0.7487470507621765, 1.5593898296356201, 0.900836169719696, 1.0018147230148315, 0.8024522066116333, 0.3205905854701996, 0.0023552982602268457, 0.7605574131011963, 0.9012277126312256, 1.1676989793777466, -0.007882185280323029, 1.5450576543807983, 1.0643770694732666, 0.7254841327667236, 0.06621882319450378, 1.6534583568572998, 0.9449342489242554, 0.807316780090332, 0.6875647902488708, 0.5721051096916199, 0.7585338354110718, 0.9739123582839966, 1.0287539958953857, 1.486106038093567, 1.1424297094345093, 1.3089714050292969, 1.6655783653259277, 0.5553556680679321, 1.1172288656234741, 0.8729457259178162, 1.0135469436645508, 0.30870914459228516, 1.109994649887085, 0.9473820328712463, 0.03243175148963928, 0.14255397021770477, 1.0260776281356812, 0.3558778762817383, 0.44205442070961, 0.6015031337738037, 1.3229042291641235, 0.650285542011261, 2.1030070781707764, 0.9008337259292603, 1.9640052318572998, 1.1300334930419922, 0.046774331480264664, 0.5211628079414368, 0.953445553779602, 1.5458834171295166, 1.1188786029815674, 0.4335584044456482, 0.4422645568847656, 0.005712650716304779, 1.2179911136627197, 0.6319474577903748, 0.4212034344673157, 1.2064356803894043, 0.02352725714445114, 0.36402663588523865]"
ending,"[4, 5, 20, 6, 5, 17]",34,"[0.3318256437778473, 1.6952518224716187, 1.1795625686645508, 0.15024946630001068, 0.4579717814922333, 0.8641442060470581, 0.47072869539260864, 0.5661724209785461, 1.5307936668395996, 0.33243948221206665, 0.030080391094088554, 1.2480452060699463, 0.8883153200149536, 0.475067675113678, -0.005880660377442837, 2.5250775814056396, 0.936484694480896, 0.22157223522663116, 0.0494515523314476, 0.9394311904907227, 1.8018429279327393, 1.3100441694259644, 0.3265242278575897, 0.570219874382019, 0.517511248588562, 0.9414829015731812, 0.6864491105079651, 0.8887125253677368, 0.49520909786224365, 0.8559700846672058, 1.0701689720153809, 0.6759669184684753, 1.0169273614883423, 0.33399665355682373, 0.4136790335178375, 0.08220610022544861, 1.9841928482055664, 0.8145626783370972, 0.3329162895679474, 0.4294513165950775, 1.961476445198059, 0.19420595467090607, 0.6728600263595581, 0.3512856662273407, 0.8289225101470947, 0.20306915044784546, 1.679351806640625, 0.7642685174942017, 1.5386481285095215, 0.7706674337387085, 0.07858127355575562, 0.5523096323013306, 0.7745586633682251, 1.11683189868927, 0.6964794993400574, 0.432643324136734, 0.14782249927520752, 0.005435828119516373, 0.850132405757904, 1.0034343004226685, 0.7899424433708191, 1.0891658067703247, 0.05814431607723236, 0.2941102683544159]"
fable,"[22, 2, 10, 14, 4]",34,"[0.37586718797683716, 1.5610840320587158, 0.9991979598999023, 0.2785460948944092, 0.6869565844535828, 0.7029193043708801, 0.2223188430070877, 0.5904735922813416, 1.314110517501831, 0.16547653079032898, 0.00999525934457779, 1.3603036403656006, 0.8766160011291504, 0.4724331498146057, -0.005833824165165424, 2.609468698501587, 0.9193695783615112, 0.18721048533916473, 0.016846345737576485, 0.6825551390647888, 1.5319498777389526, 1.5089552402496338, 0.40089690685272217, 0.492939829826355, 0.30425968766212463, 0.8117949962615967, 0.4134730100631714, 0.9971880912780762, 0.3444831967353821, 0.5707463026046753, 1.1033800840377808, 0.43310704827308655, 0.90827476978302, 0.182199627161026, 0.255964457988739, 0.10166363418102264, 2.0995898246765137, 1.0466245412826538, 0.08617213368415833, 0.434980571269989, 2.0889220237731934, 0.1939563751220703, 0.5730702877044678, 0.148543581366539, 0.5897549986839294, 0.21093253791332245, 1.4974950551986694, 0.3122769594192505, 1.4715032577514648, 0.5774036049842834, 0.03594987839460373, 0.9261455535888672, 0.8482377529144287, 1.1634907722473145, 0.3024371862411499, 0.4947684407234192, 0.13237883150577545, -0.013548258692026138, 0.8564066886901855, 1.2975215911865234, 1.1405024528503418, 1.2805997133255005, 0.15951044857501984, 0.42180365324020386]"
fact,"[22, 2, 18, 8]",34,"[0.33112582564353943, 2.3729135990142822, 0.5429517030715942, 0.02727484330534935, 0.6257736682891846, 1.5207277536392212, 0.9367416501045227, 1.054953932762146, 0.5128404498100281, 0.5177637934684753, 0.020340410992503166, 0.5845703482627869, 0.7925747632980347, 1.0353351831436157, -0.010517144575715065, 1.1721996068954468, 1.485633373260498, 0.7536036968231201, 0.08099387586116791, 1.5394315719604492, 0.6425368785858154, 0.5792194604873657, 0.47269681096076965, 0.23277464509010315, 0.4583883583545685, 1.3890172243118286, 0.9867958426475525, 1.4307340383529663, 0.9739205837249756, 1.1913455724716187, 1.6466727256774902, 0.8975530862808228, 1.5690499544143677, 0.8366197943687439, 0.8181306719779968, 0.17129871249198914, 0.8176935315132141, 0.7737361788749695, 0.04212629050016403, 0.16328208148479462, 0.6774492263793945, 0.589712381362915, 0.18473538756370544, 0.5445551872253418, 1.3219586610794067, 0.582667887210846, 2.248439073562622, 0.989644467830658, 2.030013084411621, 1.302595615386963, 0.01683548092842102, 0.7141221165657043, 1.232433795928955, 1.3961231708526611, 1.1691765785217285, 0.15201760828495026, 0.6161714792251587, -0.00030549243092536926, 1.0774309635162354, 0.4976726770401001, 0.49083125591278076, 1.2786903381347656, -0.0008516237139701843, 0.11456187069416046]"
fiction,"[22, 6, 18, 8, 6, 12, 5]",34,"[0.30777233839035034, 2.5758206844329834, 0.5573479533195496, 0.04731984809041023, 0.6341455578804016, 1.6634618043899536, 1.0526498556137085, 1.1174627542495728, 0.6096819043159485, 0.5443958044052124, 0.022994443774223328, 0.6091524362564087, 0.7574010491371155, 1.1294121742248535, -0.010827374644577503, 1.2474020719528198, 1.57236647605896, 0.7786357402801514, 0.09145292639732361, 1.6725223064422607, 0.740538477897644, 0.5648061633110046, 0.49093198776245117, 0.18424279987812042, 0.522743821144104, 1.5365115404129028, 1.0621659755706787, 1.4742145538330078, 1.0686413049697876, 1.3081821203231812, 1.7123736143112183, 0.9839297533035278, 1.667750358581543, 0.9431749582290649, 0.8757845163345337, 0.15494471788406372, 0.8506250381469727, 0.7153131365776062, 0.047494076192379, 0.2196940779685974, 0.8281129598617554, 0.5962761044502258, 0.16260507702827454, 0.5661357641220093, 1.4131498336791992, 0.6355485320091248, 2.4755802154541016, 1.1940414905548096, 2.186633825302124, 1.4024146795272827, 0.031052833423018456, 0.7498777508735657, 1.2879383563995361, 1.4010077714920044, 1.3673677444458008, 0.08098122477531433, 0.615178108215332, -0.009417582303285599, 1.09352707862854, 0.4259324371814728, 0.44488346576690674, 1.3367671966552734, 0.0035187266767024994, 0.10958220809698105]"
illustrator,"[6, 14, 14, 13, 7, 8, 11, 2, 8, 12, 11]",34,"[0.44980910420417786, 2.9151511192321777, 0.7782376408576965, 0.08731812238693237, 0.9002169966697693, 2.008779287338257, 1.2159039974212646, 1.4114304780960083, 0.8590326309204102, 0.583077609539032, 0.008368143811821938, 0.7634717226028442, 0.9429893493652344, 1.3607921600341797, -0.003275606781244278, 1.6821980476379395, 1.787022590637207, 1.0078132152557373, 0.08885806798934937, 1.9613356590270996, 0.9560670852661133, 0.752108097076416, 0.7557759284973145, 0.2678286135196686, 0.5949980616569519, 1.7113925218582153, 1.2159045934677124, 1.8130576610565186, 1.2813829183578491, 1.5513811111450195, 2.162508487701416, 0.9278628826141357, 1.7777992486953735, 1.1030529737472534, 1.106135606765747, 0.12202467024326324, 1.1333732604980469, 0.960008442401886, 0.015341028571128845, 0.22194057703018188, 1.1858800649642944, 0.738444447517395, 0.2346220314502716, 0.7150367498397827, 1.6973023414611816, 0.8044435977935791, 2.8860015869140625, 1.1757724285125732, 2.5155627727508545, 1.6080338954925537, 0.030929239466786385, 0.8630168437957764, 1.4901355504989624, 1.7157981395721436, 1.3306156396865845, 0.14441704750061035, 0.813801646232605, 0.01782998815178871, 1.4121958017349243, 0.5955728888511658, 0.5350772142410278, 1.6157138347625732, 0.023663684725761414, 0.17953047156333923]"
moral,"[19, 12, 11, 2, 14]",34,"[0.5821948051452637, 1.196117639541626, 1.7470911741256714, 0.29456424713134766, 0.490461140871048, 0.49848172068595886, 0.16204944252967834, 0.29908663034439087, 2.364428997039795, 0.07606103271245956, 0.0012311660684645176, 1.8673220872879028, 1.1730979681015015, 0.18557046353816986, -0.001961415633559227, 3.6583118438720703, 0.42134788632392883, 0.008119821548461914, -0.006726762279868126, 0.5939563512802124, 2.61531662940979, 2.0447065830230713, 0.4376356899738312, 1.0232051610946655, 0.6154460310935974, 0.36119088530540466, 0.4953019618988037, 0.683029055595398, 0.33067023754119873, 0.7044775485992432, 0.7071817517280579, 0.20546631515026093, 0.3926839828491211, -0.001909647136926651, 0.2570754289627075, -0.11378409713506699, 2.9640603065490723, 1.1197741031646729, 0.43056273460388184, 0.43924030661582947, 2.82053804397583, 0.03066401742398739, 1.1440889835357666, 0.3049415349960327, 0.5252715349197388, 0.07334326952695847, 1.2405414581298828, 0.3812037706375122, 1.3111799955368042, 0.45245444774627686, 0.0840008407831192, 0.42909127473831177, 0.36085519194602966, 1.0621293783187866, 0.14456778764724731, 0.8538165092468262, 0.027374807745218277, -0.014631679281592369, 0.8720303177833557, 1.4559434652328491, 0.9914954304695129, 0.9061731696128845, 0.1552845984697342, 0.5103186368942261]"
narrator,"[5, 2, 11, 11, 2, 8, 12, 11]",34,"[0.620140790939331, 1.885574221611023, 1.1502976417541504, 0.1519688218832016, 0.7370083928108215, 1.1792758703231812, 0.5502651333808899, 0.850062370300293, 1.2735223770141602, 0.082055002450943, -0.01660330966114998, 1.3939812183380127, 1.1532031297683716, 0.7914478778839111, -0.008621340617537498, 2.5754358768463135, 0.8927843570709229, 0.33843567967414856, 0.03504783660173416, 1.2285549640655518, 1.634947657585144, 1.4346157312393188, 0.5574608445167542, 0.6277388334274292, 0.6434273719787598, 0.729405403137207, 0.797580361366272, 1.317469835281372, 0.7401336431503296, 1.1138845682144165, 1.4940234422683716, 0.27091485261917114, 0.8670210838317871, 0.49667268991470337, 0.6851846575737, 0.06962154060602188, 1.9802440404891968, 1.232149600982666, 0.056421227753162384, 0.2729858160018921, 1.7986944913864136, 0.19658499956130981, 0.5032517910003662, 0.4949147701263428, 1.0345362424850464, 0.40671947598457336, 2.031550884246826, 0.6457657814025879, 1.9564388990402222, 0.9108092188835144, 0.04454423114657402, 0.6635053157806396, 0.8974331617355347, 1.626449704170227, 0.597870945930481, 0.4917447566986084, 0.21680057048797607, 0.014237504452466965, 1.2138210535049438, 1.1174330711364746, 0.8010016083717346, 1.416193962097168, 0.04407433420419693, 0.3466216027736664]"
nonfiction,"[5, 12, 5, 22, 6, 18, 8, 6, 12, 5]",34,"[0.5061081051826477, 2.574890613555908, 0.3841208517551422, 0.06563660502433777, 0.7334996461868286, 1.956498384475708, 1.2787673473358154, 1.2222204208374023, 0.4565962553024292, 0.49812158942222595, 0.00962871965020895, 0.43591976165771484, 0.7162436842918396, 1.4304399490356445, -0.007474997080862522, 0.9217666387557983, 1.4267468452453613, 1.0099210739135742, 0.10198026895523071, 2.0067007541656494, 0.5285080671310425, 0.39209234714508057, 0.6806067228317261, 0.35035091638565063, 0.7733107209205627, 1.413478136062622, 1.2395836114883423, 1.6370933055877686, 1.428564190864563, 1.5021532773971558, 1.8896757364273071, 0.8503618240356445, 1.5139329433441162, 1.212245225906372, 1.2025096416473389, 0.32583415508270264, 0.5962749719619751, 0.7582581639289856, 0.012262746691703796, 0.15954944491386414, 0.604895830154419, 0.5786482691764832, 0.22547650337219238, 0.6983973979949951, 1.5953587293624878, 0.8062748312950134, 2.4883179664611816, 1.3124855756759644, 2.2274930477142334, 1.464951753616333, 0.04049667343497276, 0.6570811867713928, 1.2301095724105835, 1.5281908512115479, 1.655794382095337, 0.25823986530303955, 0.6549221873283386, -0.006777210161089897, 1.240801215171814, 0.34719544649124146, 0.2984439730644226, 1.2326968908309937, 0.020960822701454163, 0.2397938370704651]"
opinion,"[12, 3, 6, 5, 6, 12, 5]",34,"[0.34390270709991455, 1.8854478597640991, 1.3268874883651733, 0.11601307988166809, 0.522331953048706, 0.774022102355957, 0.27147969603538513, 0.6504577398300171, 1.6065888404846191, 0.2199089229106903, 0.0015787208685651422, 1.602176308631897, 1.2263838052749634, 0.3267948031425476, -0.001575656235218048, 3.069464921951294, 0.9792639017105103, 0.07569196820259094, 0.020578520372509956, 0.7792640924453735, 1.9877405166625977, 1.7234525680541992, 0.270092636346817, 0.46763116121292114, 0.37248703837394714, 0.9645166397094727, 0.5722500681877136, 1.0232033729553223, 0.2849791347980499, 0.8021821975708008, 1.179693341255188, 0.5515139102935791, 1.0369312763214111, 0.14434228837490082, 0.24120669066905975, -0.15484777092933655, 2.462414503097534, 1.1384642124176025, 0.2383718192577362, 0.4405023157596588, 2.287712335586548, 0.1844339370727539, 0.5399755239486694, 0.30009108781814575, 0.7524157166481018, 0.1322055608034134, 1.905185341835022, 0.5925902128219604, 1.7790085077285767, 0.7594923377037048, 0.050075121223926544, 0.8149162530899048, 0.9551605582237244, 1.3558754920959473, 0.3779548406600952, 0.33502092957496643, 0.10171997547149658, -0.005244828760623932, 0.962011992931366, 1.281434416770935, 1.0885356664657593, 1.4285495281219482, 0.0559980645775795, 0.22048521041870117]"
poem,"[3, 12, 4, 19]",34,"[0.6562958359718323, 1.5810941457748413, 1.3594673871994019, 0.17886841297149658, 0.6009585857391357, 0.9363277554512024, 0.43570148944854736, 0.5444594621658325, 1.50681471824646, 0.12182056903839111, 0.0038061707746237516, 1.5611029863357544, 1.2171212434768677, 0.5195844769477844, 0.00037440424785017967, 2.7599387168884277, 0.6303359270095825, 0.17256292700767517, 0.018349504098296165, 1.0186011791229248, 1.9307005405426025, 1.563920259475708, 0.488482803106308, 0.8349212408065796, 0.7014617919921875, 0.5599851608276367, 0.775013267993927, 1.0614006519317627, 0.6654460430145264, 1.031895399093628, 1.1769441366195679, 0.23945188522338867, 0.6364679336547852, 0.26733267307281494, 0.6077240705490112, 0.03439711406826973, 2.205862522125244, 1.2492495775222778, 0.19690176844596863, 0.3284737765789032, 2.0025455951690674, 0.09310074895620346, 0.7165563702583313, 0.4828748106956482, 0.8568052053451538, 0.2336149960756302, 1.732840895652771, 0.5990293622016907, 1.717863917350769, 0.708166778087616, 0.048121269792318344, 0.5703347325325012, 0.6420219540596008, 1.4692033529281616, 0.4938596487045288, 0.6874861121177673, 0.07138067483901978, 0.01689896360039711, 1.1176025867462158, 1.1557366847991943, 0.8137145042419434, 1.189229130744934, 0.08632254600524902, 0.41322019696235657]"
rhyme,"[11, 9, 21, 19, 4]",34,"[0.629830539226532, 1.4067922830581665, 1.4528727531433105, 0.19444306194782257, 0.3878714144229889, 1.053367257118225, 0.5725309252738953, 0.37792032957077026, 1.8072596788406372, 0.2969540059566498, 0.014594228006899357, 1.4027987718582153, 1.0556843280792236, 0.4874713122844696, 0.0016718218103051186, 2.7344372272491455, 0.5012784004211426, 0.22394561767578125, 0.019525842741131783, 1.2212671041488647, 2.154665231704712, 1.4585769176483154, 0.4640062749385834, 0.975312352180481, 0.9679343700408936, 0.5848661661148071, 0.9622024297714233, 0.7999856472015381, 0.7858928442001343, 1.1933231353759766, 0.8218372464179993, 0.47360387444496155, 0.7058370113372803, 0.4173848032951355, 0.7425897717475891, 0.2380850613117218, 2.0899510383605957, 0.9068478941917419, 0.2372705042362213, 0.3104667067527771, 1.9935637712478638, 0.08465871214866638, 0.8980096578598022, 0.6810450553894043, 0.9750657081604004, 0.20779691636562347, 1.605452060699463, 0.9522196650505066, 1.5789464712142944, 0.8582161068916321, 0.09215369820594788, 0.194644957780838, 0.34388360381126404, 1.1194900274276733, 0.9162380695343018, 0.7772344946861267, 0.09502102434635162, -0.008375965058803558, 0.9059638381004333, 0.8720393180847168, 0.4782443046569824, 0.6557202339172363, 0.09939439594745636, 0.4647839069366455]"
setting,"[7, 4, 8, 8, 6, 5, 17]",34,"[0.3056914806365967, 2.4242377281188965, 0.8504826426506042, 0.024210382252931595, 0.5359607338905334, 1.607897162437439, 1.0936347246170044, 0.9422092437744141, 0.9134824275970459, 0.6218249201774597, 0.025905966758728027, 0.8506287336349487, 0.9116456508636475, 0.8692091107368469, -0.007163235917687416, 1.609107494354248, 1.4628422260284424, 0.6640180349349976, 0.08650422096252441, 1.6296077966690063, 1.1426481008529663, 0.7661333084106445, 0.4057444632053375, 0.33977171778678894, 0.6226711273193359, 1.3986148834228516, 1.1676617860794067, 1.2781298160552979, 1.0311663150787354, 1.3639280796051025, 1.5692681074142456, 0.9199377298355103, 1.555997610092163, 0.8506453037261963, 0.8426517248153687, 0.09293306618928909, 1.2019176483154297, 0.7534143328666687, 0.1456766575574875, 0.2602919638156891, 1.0645376443862915, 0.5155996680259705, 0.32505571842193604, 0.6688047647476196, 1.4405053853988647, 0.45865869522094727, 2.421128511428833, 1.2638921737670898, 2.1686184406280518, 1.3589283227920532, 0.036461953073740005, 0.49175825715065, 1.100873589515686, 1.338265299797058, 1.3572005033493042, 0.1481202095746994, 0.5581033825874329, 0.005047425627708435, 1.0332716703414917, 0.44903329014778137, 0.4186607599258423, 1.1833524703979492, 0.002128802239894867, 0.09047150611877441]"
title,"[8, 6, 8, 14, 4]",34,"[0.7784969806671143, 1.591513752937317, 1.43218195438385, 0.025098148733377457, 0.35056841373443604, 1.0606378316879272, 0.5033707022666931, 0.39668866991996765, 1.3124357461929321, 0.1510014533996582, 0.01027457695454359, 1.4536552429199219, 1.4193540811538696, 0.4250824749469757, -0.0029838918708264828, 2.4023711681365967, 0.4885910451412201, 0.13192762434482574, 0.009336831979453564, 1.2450202703475952, 1.807911992073059, 1.315448522567749, 0.33083686232566833, 0.949924111366272, 1.025803804397583, 0.4423191249370575, 1.0833321809768677, 0.9951171875, 0.830133318901062, 1.2931296825408936, 0.9222885966300964, 0.249370276927948, 0.5388827323913574, 0.21762359142303467, 0.7946252226829529, -0.024550341069698334, 1.961614966392517, 1.2161778211593628, 0.17013327777385712, 0.234381765127182, 1.4514538049697876, 0.0628872811794281, 0.669762134552002, 0.7794348001480103, 1.0111621618270874, 0.11157466471195221, 1.882366418838501, 0.9238633513450623, 1.926996111869812, 0.8694413304328918, 0.027973618358373642, 0.2767398953437805, 0.4005298912525177, 1.4626123905181885, 0.765188455581665, 0.6965066194534302, 0.02667994424700737, -0.0012572146952152252, 1.1791155338287354, 0.8417406678199768, 0.4598005414009094, 0.9270806908607483, 0.0161522775888443, 0.23790231347084045]"
agree,"[2, 17, 11, 4, 4]",34,"[0.779863178730011, 1.7985972166061401, 0.9194183349609375, -0.019490528851747513, 0.4328780472278595, 1.4239367246627808, 0.8352681398391724, 0.594709038734436, 0.6806914210319519, 0.19071799516677856, 0.003085831878706813, 0.9358023405075073, 1.2546379566192627, 0.7698245048522949, -0.00971213635057211, 1.375065803527832, 0.579698920249939, 0.4286549687385559, 0.047709137201309204, 1.6356197595596313, 1.0788594484329224, 0.7726513147354126, 0.4268190860748291, 0.8114511966705322, 1.062612533569336, 0.545937180519104, 1.306228518486023, 1.2160701751708984, 1.2032442092895508, 1.5014163255691528, 1.2476935386657715, 0.2511412501335144, 0.6626479625701904, 0.5763089656829834, 1.060640811920166, 0.10919252783060074, 1.1140222549438477, 1.0876578092575073, 0.10713113844394684, 0.09517421573400497, 0.63336580991745, 0.12283015251159668, 0.4805447459220886, 0.8541864156723022, 1.3050532341003418, 0.33598923683166504, 1.9810806512832642, 1.096816897392273, 2.039738178253174, 1.0223438739776611, 0.008777804672718048, 0.16064156591892242, 0.5049157738685608, 1.5533194541931152, 1.1222318410873413, 0.5567837357521057, 0.17067909240722656, 0.009808838367462158, 1.2835971117019653, 0.4767264127731323, 0.18663263320922852, 0.9123142957687378, -0.021174177527427673, 0.22224634885787964]"
alphabetical,"[2, 14, 3, 9, 2, 10, 4, 8, 6, 18, 2, 14]",34,"[0.4631543755531311, 3.1703310012817383, 0.511681079864502, 0.042439352720975876, 0.9254627227783203, 2.075601100921631, 1.237426996231079, 1.5231151580810547, 0.47933924198150635, 0.59725022315979, 0.02056652121245861, 0.6695525646209717, 0.9261610507965088, 1.5054523944854736, -0.012084891088306904, 1.330838918685913, 1.9484195709228516, 1.0205224752426147, 0.10141035914421082, 2.0295896530151367, 0.5906139016151428, 0.5757756233215332, 0.6844346523284912, 0.15876542031764984, 0.6141244173049927, 1.8620495796203613, 1.2340325117111206, 1.9983984231948853, 1.3325541019439697, 1.5349839925765991, 2.311163902282715, 1.0329170227050781, 1.9611384868621826, 1.1414052248001099, 1.0656559467315674, 0.20728088915348053, 0.9058243036270142, 1.0144383907318115, -0.057195067405700684, 0.20868484675884247, 0.8266247510910034, 0.7437402606010437, 0.10723711550235748, 0.6172127723693848, 1.7308506965637207, 0.8618062138557434, 3.024386405944824, 1.234444260597229, 2.713438034057617, 1.6047333478927612, -0.002745244652032852, 1.0648614168167114, 1.6378564834594727, 1.8201391696929932, 1.5361716747283936, 0.09642630815505981, 0.7835080027580261, -0.012014681473374367, 1.4969594478607178, 0.6121147871017456, 0.6215237379074097, 1.8339992761611938, 0.006257928907871246, 0.15209108591079712]"
antonym,"[2, 5, 8, 12, 5, 21, 19]",34,"[0.2902611494064331, 2.3717453479766846, 1.20956552028656, 0.14908970892429352, 0.7175597548484802, 1.02970290184021, 0.4011995196342468, 0.9495143294334412, 1.4482094049453735, 0.400206983089447, 0.015286981128156185, 1.5117223262786865, 1.106027603149414, 0.6282373666763306, -0.0023485366255044937, 3.022170305252075, 1.4622949361801147, 0.2852509021759033, 0.03952395170927048, 0.9480627179145813, 1.7957521677017212, 1.576425552368164, 0.3995427191257477, 0.2919677793979645, 0.25466519594192505, 1.355494737625122, 0.5449913144111633, 1.336040735244751, 0.33009135723114014, 0.8711710572242737, 1.6214945316314697, 0.8092448711395264, 1.5082367658615112, 0.340042382478714, 0.319998174905777, -0.07408172637224197, 2.3041834831237793, 1.1517854928970337, 0.11973397433757782, 0.4581104516983032, 2.3237152099609375, 0.3944850564002991, 0.4046808183193207, 0.26996350288391113, 0.9301554560661316, 0.3426443338394165, 2.3200478553771973, 0.620746374130249, 2.024031400680542, 0.9928507804870605, 0.04727906733751297, 1.1415839195251465, 1.3209861516952515, 1.4710147380828857, 0.4662002623081207, 0.24256941676139832, 0.3050021827220917, 0.010101910680532455, 1.0789357423782349, 1.3540252447128296, 1.2344462871551514, 1.746207356452942, 0.08561553061008453, 0.21577244997024536]"
because,"[10, 4, 18, 2, 13, 7, 4]",34,"[0.6383687257766724, 1.8087059259414673, 0.7527716755867004, 0.02077413722872734, 0.39752525091171265, 1.6723377704620361, 1.0582857131958008, 0.650010347366333, 0.7974172234535217, 0.47390562295913696, 0.013763985596597195, 0.5335813164710999, 0.8730779886245728, 0.9722968935966492, -0.009297174401581287, 1.1183010339736938, 0.8113415241241455, 0.6506309509277344, 0.05034956708550453, 1.8816003799438477, 0.9686639308929443, 0.4756084680557251, 0.4821063280105591, 0.6906233429908752, 1.1305993795394897, 0.9428609609603882, 1.3765946626663208, 1.1338180303573608, 1.4115585088729858, 1.5455539226531982, 1.182481288909912, 0.6923100352287292, 1.0549492835998535, 0.9097875952720642, 1.1824061870574951, 0.5006992220878601, 0.7588423490524292, 0.6932611465454102, 0.09800561517477036, 0.14127002656459808, 0.594026505947113, 0.2943709194660187, 0.5023385882377625, 0.8973064422607422, 1.3761732578277588, 0.4187484085559845, 1.8832796812057495, 1.3194422721862793, 1.8572911024093628, 1.2179144620895386, 0.03583149611949921, 0.06619303673505783, 0.5519257187843323, 1.252629280090332, 1.581984519958496, 0.5056812167167664, 0.3219150900840759, -0.02663382515311241, 1.046344518661499, 0.19413943588733673, 0.08581873029470444, 0.6004392504692078, -0.006936807185411453, 0.2924046814441681]"
blend,"[10, 14, 4, 5, 20]",34,"[0.2783491909503937, 1.587586760520935, 1.503748893737793, 0.22703440487384796, 0.44897782802581787, 0.5035926699638367, 0.11188578605651855, 0.3944718539714813, 2.0333144664764404, 0.2853027880191803, 0.02046426385641098, 1.671638011932373, 1.0236212015151978, 0.17859317362308502, -0.0037093430291861296, 3.367128372192383, 0.8337804079055786, 0.001740962266921997, 0.01922672800719738, 0.5646708607673645, 2.356478214263916, 1.8648103475570679, 0.2532029449939728, 0.6515406370162964, 0.35775554180145264, 0.8231968879699707, 0.4048888087272644, 0.751105546951294, 0.09015239030122757, 0.6010442972183228, 0.9097861051559448, 0.591438889503479, 0.9504231214523315, 0.016328824684023857, 0.10673867166042328, -0.05028244107961655, 2.7106101512908936, 0.973307192325592, 0.41145315766334534, 0.5356953144073486, 2.714904308319092, 0.0825687125325203, 0.8719950914382935, 0.16920629143714905, 0.5200880169868469, 0.056741222739219666, 1.5037435293197632, 0.425917387008667, 1.385785698890686, 0.5514284372329712, 0.07700610905885696, 0.749959409236908, 0.7224186658859253, 1.0366500616073608, 0.25212985277175903, 0.5469735860824585, 0.033638522028923035, 0.010413307696580887, 0.7089440226554871, 1.4495086669921875, 1.1748019456863403, 1.1460179090499878, 0.11746276915073395, 0.38262125849723816]"
compound,"[18, 12, 19, 3, 12, 13, 5, 20]",34,"[0.5936310291290283, 2.1286706924438477, 0.787787139415741, 0.18550975620746613, 1.119611144065857, 1.1906136274337769, 0.5227670073509216, 1.046415090560913, 0.9471179842948914, 0.1312956064939499, -0.02578095719218254, 1.2126622200012207, 1.0491091012954712, 1.014419674873352, -0.012858782894909382, 2.436065196990967, 1.2136386632919312, 0.48900875449180603, 0.038714393973350525, 1.0638641119003296, 1.1169140338897705, 1.3511581420898438, 0.6688616871833801, 0.5112019777297974, 0.47508689761161804, 0.9059079885482788, 0.5358766913414001, 1.634928822517395, 0.719646692276001, 0.8983222842216492, 1.944071888923645, 0.33058276772499084, 1.0094609260559082, 0.5307548642158508, 0.555303692817688, 0.2606297731399536, 1.9251954555511475, 1.4379158020019531, 0.027882292866706848, 0.3406773805618286, 1.8245160579681396, 0.2945517301559448, 0.4870148003101349, 0.1744324266910553, 0.9254153370857239, 0.5146988034248352, 2.0036044120788574, 0.31197628378868103, 1.933355450630188, 0.7204303741455078, 0.015584424138069153, 1.1990745067596436, 1.2357909679412842, 1.7743982076644897, 0.4949081838130951, 0.505068838596344, 0.2549898028373718, -0.0018573291599750519, 1.3154919147491455, 1.4567774534225464, 1.2891334295272827, 1.8891807794570923, 0.07627911120653152, 0.43715572357177734]"
consonant,"[18, 12, 5, 7, 12, 5, 2, 5, 8]",34,"[0.2894796133041382, 2.504960536956787, 0.8063909411430359, 0.0796932727098465, 0.8018478751182556, 1.2744731903076172, 0.6485550403594971, 1.0739198923110962, 0.8934677243232727, 0.42092862725257874, 0.004805530421435833, 1.1337169408798218, 0.9998571872711182, 0.845477819442749, -0.008098273538053036, 2.2955985069274902, 1.5887775421142578, 0.46973729133605957, 0.06059301272034645, 1.167237639427185, 1.1302458047866821, 1.1881414651870728, 0.41677728295326233, 0.18065594136714935, 0.27691978216171265, 1.4365113973617554, 0.6785117983818054, 1.533732533454895, 0.5858300924301147, 0.9890087842941284, 1.797260046005249, 0.7838830947875977, 1.554740071296692, 0.5273293852806091, 0.45048001408576965, -0.04164338856935501, 1.7377653121948242, 1.1260348558425903, 0.05093587189912796, 0.34091803431510925, 1.6485048532485962, 0.5312788486480713, 0.2059631198644638, 0.2893218994140625, 1.136505126953125, 0.4748927056789398, 2.431412935256958, 0.7405493855476379, 2.119957685470581, 1.0852552652359009, 0.01652311347424984, 1.13107168674469, 1.45197331905365, 1.5593630075454712, 0.6873008012771606, 0.14056675136089325, 0.49737972021102905, -0.007285021245479584, 1.1451058387756348, 1.0921987295150757, 1.1029083728790283, 1.7836613655090332, 0.042515598237514496, 0.16529639065265656]"
contraction,"[18, 12, 5, 8, 11, 2, 18, 8, 6, 12, 5]",34,"[0.23709362745285034, 2.445544958114624, 0.7339800596237183, 0.13082566857337952, 0.6804547309875488, 1.494606614112854, 0.9351661801338196, 1.136291742324829, 0.9217368960380554, 0.5837947130203247, 0.026024604216217995, 0.7387357950210571, 0.6824091672897339, 1.0157519578933716, -0.008813602849841118, 1.73944091796875, 1.6459654569625854, 0.743932843208313, 0.08550959825515747, 1.4527226686477661, 0.9944876432418823, 0.7836530208587646, 0.5571619272232056, 0.16057544946670532, 0.3951264023780823, 1.6004416942596436, 0.8845599889755249, 1.361391544342041, 0.8540482521057129, 1.1381630897521973, 1.6035646200180054, 1.0754344463348389, 1.7374029159545898, 0.843028724193573, 0.6659176349639893, 0.11129695922136307, 1.1852914094924927, 0.6437538862228394, 0.040034614503383636, 0.2872258722782135, 1.2594438791275024, 0.6556386947631836, 0.2517884373664856, 0.4796830415725708, 1.299318552017212, 0.6295756697654724, 2.354501247406006, 1.0648062229156494, 2.0085604190826416, 1.3393194675445557, 0.033776916563510895, 0.8765328526496887, 1.28732168674469, 1.204607367515564, 1.1670502424240112, 0.14387920498847961, 0.6485414505004883, -0.0019191727042198181, 1.0173828601837158, 0.6122190952301025, 0.5968598127365112, 1.3252160549163818, 0.038539789617061615, 0.17370307445526123]"
definition,"[20, 4, 22, 6, 5, 6, 8, 6, 12, 5]",34,"[0.4994828701019287, 2.3371572494506836, 0.7199562191963196, 0.05128278210759163, 0.6366561055183411, 1.5746912956237793, 0.9223328828811646, 1.0235157012939453, 0.7677512168884277, 0.3274613618850708, 0.006819943897426128, 0.8879479169845581, 0.9723374843597412, 1.0575863122940063, -0.0022452357225120068, 1.5498151779174805, 1.162033200263977, 0.6391942501068115, 0.08369661867618561, 1.6561405658721924, 1.007599115371704, 0.8025134801864624, 0.5166268348693848, 0.39689090847969055, 0.6654598712921143, 1.1784240007400513, 1.0704365968704224, 1.4318658113479614, 1.0766339302062988, 1.3191943168640137, 1.657530665397644, 0.6379239559173584, 1.2510666847229004, 0.8446910977363586, 0.9410635232925415, 0.15476559102535248, 1.146574854850769, 0.968320369720459, 0.06773901730775833, 0.24677422642707825, 1.1069988012313843, 0.36580026149749756, 0.28727883100509644, 0.6060516834259033, 1.342342734336853, 0.5408533215522766, 2.334517478942871, 1.1045879125595093, 2.1824567317962646, 1.2241311073303223, 0.03133564814925194, 0.6500465273857117, 1.0868103504180908, 1.556219220161438, 1.2229732275009155, 0.2660967707633972, 0.3668670058250427, -0.0011077150702476501, 1.2132998704910278, 0.6653392910957336, 0.47659212350845337, 1.3178592920303345, 0.019163906574249268, 0.19638237357139587]"
dictionary,"[20, 6, 18, 8, 6, 12, 5, 2, 11, 21]",34,"[0.48922252655029297, 2.4790406227111816, 1.0763425827026367, 0.13806766271591187, 0.7836771607398987, 1.4889466762542725, 0.798952043056488, 1.1375031471252441, 1.2538871765136719, 0.3408738076686859, 0.009078227914869785, 1.2572489976882935, 1.0432254076004028, 1.030872106552124, -0.008491236716508865, 2.4823129177093506, 1.412344217300415, 0.5738298892974854, 0.06634433567523956, 1.4737564325332642, 1.493890643119812, 1.2769585847854614, 0.6201539635658264, 0.40906447172164917, 0.593307375907898, 1.313198208808899, 0.9126760363578796, 1.5207384824752808, 0.877334475517273, 1.2822238206863403, 1.7770408391952515, 0.7287191152572632, 1.4238890409469604, 0.7256914377212524, 0.7489055395126343, 0.0495479591190815, 1.8429087400436401, 1.0754286050796509, 0.036405034363269806, 0.2963194251060486, 1.7282792329788208, 0.45553746819496155, 0.36696454882621765, 0.5235745906829834, 1.2913687229156494, 0.6075894832611084, 2.5111236572265625, 0.9629383087158203, 2.277984619140625, 1.2674587965011597, 0.04980502277612686, 0.903593122959137, 1.2518635988235474, 1.6087086200714111, 0.9505594372749329, 0.292161226272583, 0.4626680016517639, -0.0020230598747730255, 1.288188099861145, 0.9348124265670776, 0.7708845734596252, 1.616127848625183, 0.049309566617012024, 0.24901697039604187]"
digraph,"[20, 6, 17, 11, 2, 3, 9]",34,"[0.3655112385749817, 2.247434139251709, 0.7359112501144409, 0.11914551258087158, 0.7987347841262817, 1.4210566282272339, 0.8644869923591614, 1.1638768911361694, 0.9106172919273376, 0.4294154644012451, 0.007894632406532764, 0.8602402210235596, 0.7478992938995361, 1.02540123462677, -0.0023730359971523285, 1.7586003541946411, 1.4465042352676392, 0.7319097518920898, 0.0618077851831913, 1.335427165031433, 1.0827568769454956, 0.8983759880065918, 0.6037644147872925, 0.2710684537887573, 0.44383713603019714, 1.3796566724777222, 0.847118616104126, 1.449177861213684, 0.8388453722000122, 1.0575109720230103, 1.6506603956222534, 0.7884385585784912, 1.4889620542526245, 0.8021281361579895, 0.6624376773834229, 0.13032513856887817, 1.3221540451049805, 0.7844752073287964, 0.06906890869140625, 0.2604386508464813, 1.3132438659667969, 0.6424323320388794, 0.3336164355278015, 0.42839738726615906, 1.2461615800857544, 0.653762698173523, 2.2217795848846436, 0.8959296345710754, 1.9632235765457153, 1.1629401445388794, 0.028353426605463028, 0.9102790951728821, 1.2471449375152588, 1.3304963111877441, 1.0071219205856323, 0.2418280988931656, 0.6566886305809021, 0.00039799511432647705, 1.07373046875, 0.749459981918335, 0.6520569920539856, 1.4167968034744263, 0.03007747232913971, 0.2567044496536255]"
disagree,"[20, 6, 7, 2, 17, 11, 4, 4]",34,"[0.6113172173500061, 1.8220391273498535, 1.2291690111160278, 0.1163080483675003, 0.700374960899353, 1.0708930492401123, 0.4705878794193268, 0.7097156047821045, 1.3997248411178589, 0.1415419578552246, -0.005788752809166908, 1.457934856414795, 1.1849260330200195, 0.6600323915481567, -0.006649091374129057, 2.7765276432037354, 0.8366566896438599, 0.23832541704177856, 0.024548301473259926, 1.12142014503479, 1.7197924852371216, 1.4760740995407104, 0.5243635773658752, 0.6894383430480957, 0.7200435400009155, 0.7602107524871826, 0.8048370480537415, 1.2370072603225708, 0.7137376070022583, 1.0775760412216187, 1.3993154764175415, 0.3815637230873108, 0.8401520252227783, 0.36555230617523193, 0.6190253496170044, 0.1638995110988617, 2.1210780143737793, 1.2405548095703125, 0.08863470703363419, 0.3203279376029968, 1.8948018550872803, 0.1295330822467804, 0.5700140595436096, 0.46767503023147583, 0.9486827254295349, 0.2898213267326355, 1.9216727018356323, 0.6863196492195129, 1.9228315353393555, 0.8311687707901001, 0.04354378208518028, 0.6578004956245422, 0.8349176049232483, 1.532717227935791, 0.6186632513999939, 0.5355952978134155, 0.09200720489025116, -0.006125889718532562, 1.187026023864746, 1.1124508380889893, 0.8571176528930664, 1.39913010597229, 0.03611872345209122, 0.36480170488357544]"
glossary,"[17, 14, 12, 7, 7, 2, 11, 21]",34,"[0.3468191921710968, 2.5651402473449707, 1.0111703872680664, 0.08487652242183685, 0.7758114337921143, 1.5349444150924683, 0.8815300464630127, 1.2271555662155151, 1.200201153755188, 0.5634995698928833, 0.02549702301621437, 1.1176835298538208, 0.960883378982544, 0.970673143863678, -0.006452598143368959, 2.3181204795837402, 1.621074914932251, 0.6777157783508301, 0.050034135580062866, 1.527732491493225, 1.3784822225570679, 1.122701644897461, 0.6301458477973938, 0.26190465688705444, 0.46808555722236633, 1.6274213790893555, 0.9945399165153503, 1.5059030055999756, 0.8917974233627319, 1.2521324157714844, 1.7925001382827759, 0.9235950708389282, 1.6988879442214966, 0.7353155016899109, 0.7213731408119202, 0.06366884708404541, 1.6990842819213867, 0.8950811624526978, 0.01025824248790741, 0.29170694947242737, 1.552918553352356, 0.6362048983573914, 0.30536484718322754, 0.554287850856781, 1.3774762153625488, 0.6176830530166626, 2.556979179382324, 0.9871463775634766, 2.2899885177612305, 1.3558958768844604, 0.03937161713838577, 0.9335013628005981, 1.3765755891799927, 1.4302033185958862, 0.9854104518890381, 0.16112343966960907, 0.6353893876075745, -0.007161945104598999, 1.2224018573760986, 0.773659348487854, 0.759395182132721, 1.535396933555603, 0.021455541253089905, 0.20018833875656128]"
homophone,"[9, 12, 19, 12, 3, 9, 12, 5, 4]",34,"[0.5685009360313416, 2.6759328842163086, 0.5096328854560852, 0.09739598631858826, 1.1669673919677734, 1.51374089717865, 0.7879782319068909, 1.3821829557418823, 0.5344761610031128, 0.26673606038093567, -0.004377835430204868, 1.0335320234298706, 0.9359372854232788, 1.304058313369751, -0.0015470157377421856, 1.8406150341033936, 1.6446913480758667, 0.6990722417831421, 0.05405889451503754, 1.4605988264083862, 0.7334439754486084, 1.0115364789962769, 0.761501133441925, 0.27287158370018005, 0.3790709972381592, 1.367074728012085, 0.645575225353241, 1.8954814672470093, 0.9034265279769897, 1.0383676290512085, 2.323221206665039, 0.5448364019393921, 1.4459809064865112, 0.7585921883583069, 0.6830167174339294, 0.317042738199234, 1.4274961948394775, 1.2827293872833252, -0.07588186860084534, 0.2652990221977234, 1.2981685400009155, 0.5704494118690491, 0.25631260871887207, 0.24223092198371887, 1.2552576065063477, 0.6887436509132385, 2.5224175453186035, 0.5551364421844482, 2.3148365020751953, 1.0019102096557617, -0.019286520779132843, 1.4171481132507324, 1.6349799633026123, 1.896070957183838, 0.781351625919342, 0.28896182775497437, 0.5310509204864502, 0.0008855871856212616, 1.4378806352615356, 1.2165164947509766, 1.1563867330551147, 2.1649532318115234, 0.04375648498535156, 0.34076040983200073]"
incorrect,"[6, 5, 18, 12, 11, 11, 4, 18, 8]",34,"[0.30148330330848694, 2.9374139308929443, 0.5303261280059814, 0.08138671517372131, 0.7473108172416687, 1.7631515264511108, 1.1079816818237305, 1.3776267766952515, 0.5451415181159973, 0.48054471611976624, 0.010676423087716103, 0.7558497190475464, 0.8449102640151978, 1.2603853940963745, -0.008762847632169724, 1.4233030080795288, 1.801637887954712, 0.8391952514648438, 0.11186382174491882, 1.7541050910949707, 0.7322686910629272, 0.6834662556648254, 0.5613692402839661, 0.035363733768463135, 0.4195188879966736, 1.7410624027252197, 1.0302140712738037, 1.7421969175338745, 1.0209113359451294, 1.3428077697753906, 2.0741796493530273, 1.0043914318084717, 1.8573030233383179, 1.0439964532852173, 0.8484057188034058, 0.015044763684272766, 0.9988413453102112, 0.8481439352035522, 0.019674822688102722, 0.24230381846427917, 0.9880740642547607, 0.6789767742156982, 0.06498165428638458, 0.5258852243423462, 1.566028118133545, 0.7707844376564026, 2.849620819091797, 1.2006162405014038, 2.482245922088623, 1.4824875593185425, 0.01387980580329895, 1.019704818725586, 1.6001056432724, 1.671804666519165, 1.3646165132522583, 0.021236196160316467, 0.6979000568389893, 0.005533471703529358, 1.2685964107513428, 0.6771817207336426, 0.6111450791358948, 1.753068208694458, 0.020178377628326416, 0.1282215416431427]"
plural,"[3, 14, 13, 11, 2, 14]",34,"[0.42663276195526123, 1.6752657890319824, 1.4417439699172974, 0.19175362586975098, 0.38952261209487915, 0.9936335682868958, 0.6053398847579956, 0.527489960193634, 1.8442898988723755, 0.4329041540622711, 0.030155446380376816, 1.367987036705017, 0.9903419017791748, 0.42837783694267273, 0.002548009157180786, 2.7545969486236572, 0.9109179973602295, 0.2735733985900879, 0.03239406645298004, 1.1137489080429077, 2.090259313583374, 1.3779869079589844, 0.3946957290172577, 0.6180891394615173, 0.624529242515564, 0.9783310890197754, 0.8565987944602966, 0.879568338394165, 0.657760500907898, 0.9931013584136963, 0.8926697373390198, 0.8160547018051147, 1.0737565755844116, 0.37063834071159363, 0.5413678288459778, -0.017196141183376312, 2.08842396736145, 0.7482284307479858, 0.2533608376979828, 0.39955687522888184, 2.0837509632110596, 0.340726375579834, 0.6812993884086609, 0.5408418774604797, 0.9537984728813171, 0.1915520429611206, 1.7184340953826904, 0.8985176086425781, 1.594515323638916, 0.9525099992752075, 0.08291201293468475, 0.40886086225509644, 0.641379714012146, 1.0511022806167603, 0.7649710774421692, 0.5201545357704163, 0.33419671654701233, -0.017175201326608658, 0.8568669557571411, 0.8079753518104553, 0.591392457485199, 0.8568819165229797, 0.09080959856510162, 0.3464348316192627]"
possessive,"[3, 12, 7, 7, 4, 7, 7, 6, 28, 4]",34,"[0.30288875102996826, 3.2103800773620605, 0.345798134803772, -0.018206272274255753, 0.6712658405303955, 2.4934802055358887, 1.796088695526123, 1.5049968957901, 0.3489854335784912, 0.9833523035049438, 0.03998951613903046, 0.2373778074979782, 0.701013445854187, 1.5675586462020874, -0.010742721147835255, 0.6338043212890625, 1.9930446147918701, 1.343652367591858, 0.12457588315010071, 2.4750378131866455, 0.4165719747543335, 0.09960971027612686, 0.6590831279754639, 0.08946222066879272, 0.8199197053909302, 2.1330726146698, 1.6700267791748047, 1.8383795022964478, 1.7543525695800781, 1.866023063659668, 2.1495182514190674, 1.4046409130096436, 2.2480413913726807, 1.56852388381958, 1.3881019353866577, 0.2625962793827057, 0.38842350244522095, 0.539814293384552, 0.03523731976747513, 0.19083146750926971, 0.3347954750061035, 0.9568878412246704, 0.06688761711120605, 0.9648218154907227, 2.1178014278411865, 0.9379014372825623, 3.102529764175415, 1.8925601243972778, 2.7210214138031006, 1.9714726209640503, 0.009561114013195038, 0.6871414184570312, 1.5889501571655273, 1.4684191942214966, 2.283017635345459, 0.02498188614845276, 1.0422171354293823, 0.0071660540997982025, 1.2877023220062256, 0.019064437597990036, 0.20505525171756744, 1.2366129159927368, -0.01146751269698143, 0.09138523787260056]"
prefix,"[3, 11, 4, 22, 6, 27]",34,"[0.299260675907135, 0.9453294277191162, 2.2116050720214844, 0.3799777328968048, 0.30487731099128723, 0.34631186723709106, 0.23946025967597961, 0.14629361033439636, 3.3028781414031982, 0.4121742248535156, 0.038441188633441925, 1.9504280090332031, 0.7225372791290283, 0.027833357453346252, 0.004098938778042793, 4.371036529541016, 0.4394661784172058, 0.01535460352897644, -0.011660274118185043, 0.46176207065582275, 3.5205469131469727, 2.2777631282806396, 0.41815340518951416, 0.9760046005249023, 0.6280149817466736, 0.689278244972229, 0.45048093795776367, 0.19886566698551178, 0.15377943217754364, 0.5195712447166443, 0.24839460849761963, 0.7625771760940552, 0.720321536064148, 0.09653469920158386, 0.21395479142665863, 0.04916265234351158, 3.4183576107025146, 0.4673255681991577, 0.635139524936676, 0.7327578067779541, 3.7388806343078613, 0.11034650355577469, 1.382136344909668, 0.33651190996170044, 0.4186013340950012, 0.03787519782781601, 0.9820793867111206, 0.6504094004631042, 0.8756431341171265, 0.5639334321022034, 0.2003755122423172, 0.3741714656352997, 0.2726627588272095, 0.3811113238334656, 0.539120078086853, 0.8055112957954407, 0.05054708570241928, -0.012424366548657417, 0.32974767684936523, 1.2677736282348633, 0.8847365379333496, 0.34983164072036743, 0.15760697424411774, 0.6174052357673645]"
singular,"[7, 6, 5, 17, 13, 14, 2, 11]",34,"[0.5682972073554993, 1.375163197517395, 1.6500871181488037, 0.20845748484134674, 0.5377517342567444, 0.943918764591217, 0.5418261289596558, 0.45656126737594604, 2.19572377204895, 0.34171074628829956, 0.019988352432847023, 1.5130090713500977, 0.9822139739990234, 0.45694389939308167, 0.0015085535123944283, 3.2715024948120117, 0.6123069524765015, 0.24439820647239685, 0.014765772968530655, 1.0674277544021606, 2.469886064529419, 1.6832953691482544, 0.5539377331733704, 0.910037636756897, 0.8666058778762817, 0.6903461217880249, 0.8511049151420593, 0.7490212917327881, 0.7033408880233765, 1.015792727470398, 0.8464784026145935, 0.58365797996521, 0.7683597803115845, 0.4184337854385376, 0.6911508440971375, 0.24450141191482544, 2.461099147796631, 0.8296936750411987, 0.2609415054321289, 0.38024893403053284, 2.422597885131836, 0.1572217345237732, 0.9678874015808105, 0.6147685050964355, 0.9083164930343628, 0.19928638637065887, 1.4769562482833862, 0.8321800231933594, 1.4298310279846191, 0.8576391935348511, 0.1255357712507248, 0.26925981044769287, 0.41306498646736145, 1.0455893278121948, 0.8518246412277222, 0.7037205696105957, 0.16455496847629547, -0.007954096421599388, 0.8150274157524109, 0.9827427864074707, 0.5604141354560852, 0.6681718230247498, 0.06867144256830215, 0.5182905793190002]"
suffix,"[7, 13, 22, 22, 6, 27]",34,"[0.40999215841293335, 1.8357648849487305, 1.0116667747497559, 0.10504908859729767, 0.5713542699813843, 1.42385995388031, 1.0037096738815308, 0.7438824772834778, 1.375722050666809, 0.6202946305274963, 0.03378986567258835, 0.7708301544189453, 0.6461949944496155, 0.8758811950683594, -0.003958327230066061, 1.9268510341644287, 1.074396014213562, 0.6587705612182617, 0.04861341416835785, 1.4960380792617798, 1.4272760152816772, 0.8315086364746094, 0.5970989465713501, 0.5774334669113159, 0.8124675750732422, 1.2027361392974854, 1.0831724405288696, 0.9401766061782837, 1.0506186485290527, 1.2274386882781982, 1.144136905670166, 1.0030473470687866, 1.3030451536178589, 0.853862464427948, 0.9288588166236877, 0.4463402330875397, 1.3445446491241455, 0.515712320804596, 0.1564759761095047, 0.29002127051353455, 1.3732595443725586, 0.4365701377391815, 0.6265779733657837, 0.6740111112594604, 1.2019456624984741, 0.4437751770019531, 1.8477003574371338, 1.213779091835022, 1.6731057167053223, 1.1987141370773315, 0.0852886214852333, 0.3772575557231903, 0.6935370564460754, 0.9322580099105835, 1.4732178449630737, 0.4006116986274719, 0.4380685091018677, 0.0028003863990306854, 0.8499034643173218, 0.4243236780166626, 0.30367034673690796, 0.6614888310432434, 0.01646251603960991, 0.35215070843696594]"
syllable,"[7, 21, 14, 14, 2, 10, 14, 4]",34,"[0.3578670024871826, 1.9849201440811157, 1.1870970726013184, 0.24946771562099457, 0.6693869829177856, 1.0107700824737549, 0.4667294919490814, 0.6883019208908081, 1.5989896059036255, 0.3779318630695343, 0.033034611493349075, 1.4664695262908936, 0.9602816104888916, 0.5605815649032593, 0.0014185784384608269, 2.829892873764038, 1.1302310228347778, 0.29887574911117554, 0.038226932287216187, 0.9873384237289429, 1.8224577903747559, 1.4759459495544434, 0.45319393277168274, 0.456257700920105, 0.38583651185035706, 1.1838918924331665, 0.6445497870445251, 1.148828387260437, 0.5618135929107666, 0.8421233892440796, 1.314061164855957, 0.7771143913269043, 1.2370973825454712, 0.3663193881511688, 0.43758484721183777, 0.09380430728197098, 2.1528332233428955, 1.0085721015930176, 0.15057073533535004, 0.5088707208633423, 2.3254027366638184, 0.31003835797309875, 0.5796914100646973, 0.29541337490081787, 0.8557662963867188, 0.28461599349975586, 1.857979416847229, 0.6785563230514526, 1.7548458576202393, 0.830473005771637, 0.05740645155310631, 0.9250247478485107, 0.9995795488357544, 1.2518620491027832, 0.6118243336677551, 0.41348302364349365, 0.23101924359798431, -0.01336454413831234, 0.9956724643707275, 1.1673749685287476, 1.0669052600860596, 1.3850040435791016, 0.1522679179906845, 0.4253833591938019]"
synonym,"[7, 21, 5, 12, 5, 21, 19]",34,"[0.179662823677063, 2.366361141204834, 1.3427681922912598, 0.1556437909603119, 0.5908981561660767, 0.9835203289985657, 0.39566758275032043, 0.8797839879989624, 1.679184913635254, 0.5073619484901428, 0.025552552193403244, 1.5671699047088623, 1.0730054378509521, 0.45831525325775146, 0.0014260243624448776, 3.1974081993103027, 1.512107253074646, 0.24248622357845306, 0.03157739341259003, 0.8935134410858154, 2.036675453186035, 1.6220623254776, 0.33054277300834656, 0.2208186686038971, 0.1944400519132614, 1.5231314897537231, 0.5555275082588196, 1.1630125045776367, 0.23045386373996735, 0.8252865076065063, 1.4214292764663696, 0.9854159355163574, 1.6565898656845093, 0.30759480595588684, 0.23777663707733154, -0.12657251954078674, 2.410555601119995, 0.987336277961731, 0.16308929026126862, 0.5265461206436157, 2.492039203643799, 0.43457359075546265, 0.4314029812812805, 0.2963106632232666, 0.8671987652778625, 0.2662920653820038, 2.30172061920166, 0.7262375950813293, 1.9703913927078247, 1.0508038997650146, 0.06364744156599045, 1.130775809288025, 1.288917899131775, 1.2654842138290405, 0.5350557565689087, 0.16870324313640594, 0.31012895703315735, 0.00022215396165847778, 0.9330795407295227, 1.2598856687545776, 1.1967003345489502, 1.5782122611999512, 0.08768348395824432, 0.1684304177761078]"
vowel,"[28, 12, 26, 4, 14]",34,"[1.046662449836731, 1.6545559167861938, 1.2644305229187012, 0.07707926630973816, 0.5861296653747559, 1.2243629693984985, 0.590032696723938, 0.45217984914779663, 1.224216103553772, 0.008988887071609497, 0.0018612355925142765, 1.5578322410583496, 1.562880039215088, 0.6222435832023621, -0.004434780217707157, 2.4967143535614014, 0.3534737229347229, 0.2152949869632721, 0.019943194463849068, 1.4267635345458984, 1.700942873954773, 1.3951613903045654, 0.5813810229301453, 1.1505900621414185, 1.1568634510040283, 0.27399295568466187, 1.1348390579223633, 1.2750216722488403, 1.1330299377441406, 1.411037802696228, 1.282994270324707, 0.06479579210281372, 0.3794982433319092, 0.3678026795387268, 0.9978893995285034, 0.17611628770828247, 1.990267038345337, 1.5295138359069824, 0.06854675710201263, 0.15981921553611755, 1.5707951784133911, -0.018445875495672226, 0.8114098310470581, 0.7804304361343384, 1.1333751678466797, 0.20975112915039062, 1.8077983856201172, 0.8537842035293579, 1.9565297365188599, 0.7429734468460083, 0.004759985953569412, 0.3148157596588135, 0.37543296813964844, 1.7648332118988037, 0.7710575461387634, 0.9047120809555054, -0.02249813638627529, -0.025656631216406822, 1.4575691223144531, 1.1005985736846924, 0.6026166677474976, 1.1435203552246094, 0.07032451778650284, 0.47456037998199463]"
accurate,"[2, 18, 18, 13, 11, 2, 8, 4]",34,"[0.378406822681427, 2.4374194145202637, 0.5396714806556702, 0.042750101536512375, 0.6626988649368286, 1.6138434410095215, 0.9931813478469849, 1.108432650566101, 0.4977295398712158, 0.5432032942771912, 0.019053934141993523, 0.5514483451843262, 0.7754367589950562, 1.1615536212921143, -0.007127480581402779, 1.0962618589401245, 1.4640604257583618, 0.8491442203521729, 0.0737423226237297, 1.6440401077270508, 0.6781441569328308, 0.5478135347366333, 0.5433918237686157, 0.2523440718650818, 0.6152031421661377, 1.387980341911316, 1.022213101387024, 1.4950207471847534, 1.1048835515975952, 1.2896699905395508, 1.7013367414474487, 0.9101563692092896, 1.5726021528244019, 0.9132649302482605, 0.9271382689476013, 0.2631274163722992, 0.7462868094444275, 0.711755096912384, 0.029296867549419403, 0.15053515136241913, 0.6770212650299072, 0.5784482955932617, 0.18994560837745667, 0.5922455787658691, 1.4000967741012573, 0.6663803458213806, 2.2765815258026123, 1.0564273595809937, 2.077636480331421, 1.3523532152175903, 0.017180979251861572, 0.6650616526603699, 1.18911612033844, 1.4093918800354004, 1.277024507522583, 0.18843470513820648, 0.6145729422569275, 0.005912113934755325, 1.1485908031463623, 0.40088334679603577, 0.4123005270957947, 1.2721350193023682, 0.009570050984621048, 0.17412157356739044]"
analyze,"[2, 5, 2, 14, 21, 15, 4]",34,"[0.48725461959838867, 1.7919764518737793, 1.0500319004058838, 0.17106814682483673, 0.509950578212738, 1.2441701889038086, 0.7277622818946838, 0.6830189228057861, 1.2965561151504517, 0.3521416187286377, 0.014800702221691608, 1.0497525930404663, 0.9014660120010376, 0.7698231339454651, -0.00838762242347002, 2.1197123527526855, 0.8794955015182495, 0.4716700315475464, 0.05030343309044838, 1.3046740293502808, 1.523897409439087, 1.1294007301330566, 0.4737342894077301, 0.6034069061279297, 0.7783036231994629, 0.9128466844558716, 0.926322340965271, 1.0448329448699951, 0.8832981586456299, 1.1599196195602417, 1.1390056610107422, 0.6496291160583496, 1.0719468593597412, 0.6275320649147034, 0.7592316269874573, 0.24681603908538818, 1.645196557044983, 0.8149398565292358, 0.13921019434928894, 0.3060217797756195, 1.5934813022613525, 0.243928924202919, 0.580971896648407, 0.5763001441955566, 1.0724648237228394, 0.3814972937107086, 1.7966331243515015, 0.9456982612609863, 1.7579386234283447, 1.0237897634506226, 0.07114668935537338, 0.4422703683376312, 0.7144666910171509, 1.188113808631897, 1.029791235923767, 0.4864835739135742, 0.23954693973064423, -0.01667186990380287, 0.9624093770980835, 0.731001079082489, 0.534749448299408, 0.9133650064468384, 0.0763230100274086, 0.3397703468799591]"
apply,"[2, 3, 3, 14, 21]",34,"[0.18935222923755646, 2.217233896255493, 0.9068922996520996, 0.05421987548470497, 0.34752148389816284, 1.3378713130950928, 0.862831175327301, 0.7804593443870544, 1.0923272371292114, 0.6528563499450684, 0.055507391691207886, 0.8472241163253784, 0.8254073858261108, 0.6386100053787231, -0.0016334392130374908, 1.6026182174682617, 1.3549546003341675, 0.5746805667877197, 0.07364196330308914, 1.3819233179092407, 1.3577892780303955, 0.7542721033096313, 0.31877705454826355, 0.23414835333824158, 0.42310622334480286, 1.4900914430618286, 1.016831874847412, 1.0994240045547485, 0.7838321924209595, 1.1496392488479614, 1.1968016624450684, 1.1350224018096924, 1.6225125789642334, 0.6281375288963318, 0.6235112547874451, -0.03463374823331833, 1.1665939092636108, 0.5081664323806763, 0.20892944931983948, 0.32934337854385376, 1.2560168504714966, 0.5633337497711182, 0.36531686782836914, 0.578887939453125, 1.2329280376434326, 0.4013019800186157, 2.129112720489502, 1.2169198989868164, 1.8678227663040161, 1.2452847957611084, 0.05265963822603226, 0.5810279846191406, 1.0147393941879272, 1.048194408416748, 1.1765844821929932, 0.14836439490318298, 0.5293326377868652, 0.006985407322645187, 0.8546074032783508, 0.4218024015426636, 0.40947484970092773, 1.0072232484817505, 0.035483382642269135, 0.11202481389045715]"
arrange,"[2, 11, 11, 2, 5, 17, 4]",34,"[0.5454405546188354, 2.1347813606262207, 0.8552741408348083, 0.015043307095766068, 0.472655713558197, 1.5063347816467285, 0.8691998720169067, 0.7456763982772827, 0.7654762268066406, 0.4160398244857788, 0.020294593647122383, 0.8386421203613281, 1.1133432388305664, 0.8255781531333923, -0.00556178716942668, 1.4881854057312012, 1.0663394927978516, 0.48305821418762207, 0.06869687139987946, 1.6391873359680176, 1.055617332458496, 0.7050009965896606, 0.3721492290496826, 0.5587981343269348, 0.8636758327484131, 1.033892273902893, 1.2225922346115112, 1.2822365760803223, 1.098190426826477, 1.4316911697387695, 1.4101662635803223, 0.671284556388855, 1.1723384857177734, 0.6687309741973877, 0.9484056234359741, 0.1720324009656906, 1.0875929594039917, 0.9591246843338013, 0.10178818553686142, 0.19087257981300354, 0.8855775594711304, 0.2875575125217438, 0.339202344417572, 0.7462409734725952, 1.357157826423645, 0.3648059070110321, 2.2266335487365723, 1.1843336820602417, 2.0757367610931396, 1.1695811748504639, 0.01480165682733059, 0.3136477470397949, 0.7975792288780212, 1.4897922277450562, 1.1988266706466675, 0.3464756906032562, 0.30689239501953125, 0.0003016665577888489, 1.2157856225967407, 0.48729950189590454, 0.3441195487976074, 1.1109331846237183, -0.004997029900550842, 0.16405552625656128]"
audience,"[2, 13, 20, 6, 4, 5, 18, 4]",34,"[0.14793244004249573, 1.8407244682312012, 1.4488685131072998, 0.1285230666399002, 0.18671874701976776, 0.8845632076263428, 0.44107335805892944, 0.3906083106994629, 1.7302788496017456, 0.6463875770568848, 0.044083766639232635, 1.2383055686950684, 0.9322388172149658, 0.22059141099452972, -0.0032601316925138235, 2.7725894451141357, 1.151016354560852, 0.11104364693164825, 0.034553296864032745, 0.9216710925102234, 2.0532660484313965, 1.3032053709030151, 0.1299910545349121, 0.3806194067001343, 0.531414270401001, 1.3196295499801636, 0.776879608631134, 0.6785134077072144, 0.3757081627845764, 0.9390132427215576, 0.6950384974479675, 1.2429052591323853, 1.490177869796753, 0.2431580275297165, 0.3238546550273895, 0.04220061004161835, 2.026085376739502, 0.5961686372756958, 0.23807181417942047, 0.4800444543361664, 2.0356061458587646, 0.28667885065078735, 0.537289559841156, 0.5048788785934448, 0.8041471242904663, 0.024162139743566513, 1.8189702033996582, 1.056410551071167, 1.6048109531402588, 1.0499773025512695, 0.07209792733192444, 0.5094420909881592, 0.7098658084869385, 0.8553566932678223, 0.9218817353248596, 0.29508617520332336, 0.15349847078323364, -0.011224489659070969, 0.6460725665092468, 0.7372583150863647, 0.6808280348777771, 0.852878987789154, 0.06015504151582718, 0.18971315026283264]"
category,"[18, 2, 8, 4, 17, 12, 11, 21]",34,"[0.4451943635940552, 2.2852890491485596, 1.580769419670105, 0.18135319650173187, 0.7804394960403442, 0.9487033486366272, 0.33520540595054626, 0.9319495558738708, 1.8133535385131836, 0.21201539039611816, -0.002759154187515378, 1.928227186203003, 1.327638864517212, 0.5410395860671997, -0.003405794268473983, 3.7880923748016357, 1.3282402753829956, 0.11287393420934677, 0.009888836182653904, 0.9173991084098816, 2.2683749198913574, 2.03108549118042, 0.47993695735931396, 0.47487276792526245, 0.4012610614299774, 1.2039520740509033, 0.5405580997467041, 1.3360594511032104, 0.2995684742927551, 0.9410193562507629, 1.5933494567871094, 0.5755261182785034, 1.2740992307662964, 0.18104106187820435, 0.27117881178855896, -0.10539866238832474, 2.914940595626831, 1.3553884029388428, 0.10461384057998657, 0.4752724766731262, 2.667992353439331, 0.27428263425827026, 0.5229127407073975, 0.2938166856765747, 0.8869133591651917, 0.29542043805122375, 2.3704097270965576, 0.5347917079925537, 2.2015678882598877, 0.9516011476516724, 0.056536875665187836, 1.1698389053344727, 1.2460564374923706, 1.636479377746582, 0.28616711497306824, 0.3783124089241028, 0.20286141335964203, -0.006838468834757805, 1.2523741722106934, 1.5128980875015259, 1.331994891166687, 1.881512999534607, 0.07838618010282516, 0.27911147475242615]"
classify,"[18, 14, 2, 7, 7, 6, 22, 21]",34,"[0.41988399624824524, 2.5401039123535156, 0.4951134920120239, -0.0027660205960273743, 0.5094680786132812, 2.2828757762908936, 1.595350742340088, 1.1517667770385742, 0.5997562408447266, 0.8839832544326782, 0.037987444549798965, 0.14446008205413818, 0.622689425945282, 1.3688266277313232, -0.01494605652987957, 0.6356314420700073, 1.4833168983459473, 1.2112330198287964, 0.08816780149936676, 2.3693435192108154, 0.6816758513450623, 0.1196945458650589, 0.5801575183868408, 0.4072243571281433, 1.1370247602462769, 1.664285659790039, 1.707736611366272, 1.4178698062896729, 1.779215693473816, 1.883736252784729, 1.592766284942627, 1.2248775959014893, 1.8184479475021362, 1.4465348720550537, 1.4533827304840088, 0.5068382024765015, 0.34721601009368896, 0.3469352722167969, 0.0643407478928566, 0.10446220636367798, 0.2147657722234726, 0.7371443510055542, 0.2864433825016022, 1.083362102508545, 1.881662368774414, 0.7882348299026489, 2.529968023300171, 1.9341058731079102, 2.311429262161255, 1.798029899597168, 0.05031166598200798, 0.2290007472038269, 0.997661828994751, 1.1483107805252075, 2.3402187824249268, 0.24078364670276642, 0.8162522912025452, -0.004994196817278862, 1.1118285655975342, -0.16853690147399902, -0.07508592307567596, 0.6230291724205017, -0.026041751727461815, 0.15013529360294342]"
combine,"[18, 12, 19, 10, 6, 5, 4]",34,"[0.5799200534820557, 2.4295921325683594, 0.11704137921333313, 0.05399059131741524, 0.7517319321632385, 1.950411081314087, 1.2775753736495972, 1.2402665615081787, 0.06933426856994629, 0.41306620836257935, -0.006345081143081188, 0.28637024760246277, 0.7417857646942139, 1.4925421476364136, -0.004157410003244877, 0.41210508346557617, 1.2855479717254639, 1.0733940601348877, 0.08627569675445557, 1.9848220348358154, 0.13134849071502686, 0.2610005736351013, 0.7283135652542114, 0.3713280260562897, 0.7948027849197388, 1.1976659297943115, 1.1647714376449585, 1.7031152248382568, 1.4817742109298706, 1.4564484357833862, 1.976397156715393, 0.6206486821174622, 1.3288546800613403, 1.2360166311264038, 1.197838544845581, 0.42232707142829895, 0.2682150602340698, 0.7988134622573853, -0.021920382976531982, 0.08171017467975616, 0.2699072062969208, 0.5664337873458862, 0.2030184268951416, 0.6917811632156372, 1.604387879371643, 0.8291938304901123, 2.3511617183685303, 1.1462153196334839, 2.1298937797546387, 1.2951327562332153, -0.006941128522157669, 0.5963965654373169, 1.2176377773284912, 1.6201223134994507, 1.5568585395812988, 0.3317694365978241, 0.6385871767997742, -0.002506151795387268, 1.305315375328064, 0.3450504243373871, 0.30609631538391113, 1.2897213697433472, 0.025534145534038544, 0.2593039572238922]"
conclusion,"[18, 12, 5, 18, 14, 13, 7, 6, 12, 5]",34,"[0.1765686571598053, 2.391371965408325, 0.8178884387016296, 0.060685593634843826, 0.44288766384124756, 1.6336205005645752, 1.1050360202789307, 0.9339482188224792, 1.0829849243164062, 0.8264710903167725, 0.04211242124438286, 0.5244106650352478, 0.6288974285125732, 0.9242759943008423, -0.008465103805065155, 1.5256198644638062, 1.567502737045288, 0.7931804656982422, 0.07339011132717133, 1.7009891271591187, 1.1396900415420532, 0.596432089805603, 0.4342116713523865, 0.225351482629776, 0.6772529482841492, 1.6979877948760986, 1.211685061454773, 1.1351114511489868, 1.0657527446746826, 1.3562513589859009, 1.2707558870315552, 1.4058066606521606, 1.8261858224868774, 0.9635750651359558, 0.8763331174850464, 0.2231476604938507, 0.9762974977493286, 0.3345448076725006, 0.11604393273591995, 0.2692214548587799, 1.05367112159729, 0.6699814796447754, 0.32092010974884033, 0.7366213798522949, 1.4270976781845093, 0.5328832268714905, 2.3072309494018555, 1.4992737770080566, 1.9456120729446411, 1.5266658067703247, 0.059512436389923096, 0.4947130084037781, 1.0553017854690552, 0.9669160842895508, 1.701500654220581, 0.11182252317667007, 0.6577371954917908, 0.013355892151594162, 0.8654622435569763, 0.21453437209129333, 0.24989795684814453, 0.8369304537773132, -0.000258374959230423, 0.17158162593841553]"
contrast,"[18, 12, 5, 8, 11, 2, 7, 8]",34,"[0.48085111379623413, 1.7516404390335083, 1.3743822574615479, 0.1260574758052826, 0.5132318139076233, 1.0213141441345215, 0.47307172417640686, 0.5523520708084106, 1.626250982284546, 0.3473932445049286, 0.016101496294140816, 1.3514031171798706, 1.0946940183639526, 0.49478456377983093, -0.0017714696004986763, 2.8216917514801025, 0.9195895195007324, 0.2247246354818344, 0.02009490132331848, 1.0957955121994019, 1.9352627992630005, 1.4393949508666992, 0.4109228551387787, 0.6892868876457214, 0.6976693272590637, 0.8874324560165405, 0.8044454455375671, 0.9952352046966553, 0.6336647272109985, 1.0575156211853027, 1.0527151823043823, 0.6536837220191956, 1.0203946828842163, 0.3254603147506714, 0.5714728236198425, 0.17694583535194397, 2.0809755325317383, 0.9771952629089355, 0.15075944364070892, 0.3349754810333252, 1.9319452047348022, 0.20927906036376953, 0.6344137191772461, 0.545501708984375, 0.9404253363609314, 0.2113126963376999, 1.8175126314163208, 0.7972808480262756, 1.7365920543670654, 0.9405221343040466, 0.06124793738126755, 0.47861650586128235, 0.7102819681167603, 1.2317508459091187, 0.7002756595611572, 0.5084607005119324, 0.19040150940418243, -0.008265845477581024, 0.9590154886245728, 0.9056382179260254, 0.6959611773490906, 1.0410085916519165, 0.03382057696580887, 0.3142789304256439]"
contribute,"[18, 12, 5, 8, 11, 6, 10, 13, 8, 4]",34,"[0.23326030373573303, 3.0718607902526855, 0.3864940404891968, 0.11213181912899017, 0.8338660001754761, 1.698931097984314, 1.0945987701416016, 1.4759780168533325, 0.4419443607330322, 0.5909411907196045, 0.017227422446012497, 0.6355197429656982, 0.7140579223632812, 1.3545348644256592, 6.640469655394554e-05, 1.2765982151031494, 1.9722927808761597, 0.922099232673645, 0.10844771564006805, 1.661324143409729, 0.5678234100341797, 0.5844451189041138, 0.628085732460022, -0.06365454196929932, 0.3057103157043457, 1.8840922117233276, 0.8611737489700317, 1.7991913557052612, 0.9823567867279053, 1.2064083814620972, 2.1567187309265137, 1.1820895671844482, 2.0277936458587646, 0.9913926720619202, 0.7439892888069153, 0.09445372223854065, 0.8512365818023682, 0.7516719102859497, -0.005570054054260254, 0.273612916469574, 0.9963237047195435, 0.7858350276947021, -0.028036266565322876, 0.3912958800792694, 1.5459280014038086, 0.8264485001564026, 2.8122246265411377, 1.0974786281585693, 2.3830668926239014, 1.4875534772872925, -0.002787802368402481, 1.2148382663726807, 1.7371782064437866, 1.5603376626968384, 1.2744661569595337, 0.030271798372268677, 0.778205156326294, -0.01994912698864937, 1.2185583114624023, 0.6176534295082092, 0.7090412974357605, 1.859777569770813, 0.04565975069999695, 0.1364876627922058]"
demonstrate,"[20, 4, 19, 12, 5, 7, 8, 11, 2, 8, 4]",34,"[0.6215400695800781, 2.6002087593078613, 0.6286138296127319, 0.09717254340648651, 0.9352112412452698, 1.7609293460845947, 0.946696937084198, 1.2616384029388428, 0.6633567810058594, 0.2630213797092438, -0.006231730803847313, 0.9373153448104858, 1.047895908355713, 1.3399454355239868, -0.004601744469255209, 1.663569450378418, 1.340528964996338, 0.8438349962234497, 0.07116372883319855, 1.7082103490829468, 0.8908891677856445, 0.9189777374267578, 0.7708696722984314, 0.4149923324584961, 0.63374263048172, 1.1452983617782593, 0.9723600745201111, 1.8247398138046265, 1.1619926691055298, 1.3437178134918213, 2.1172218322753906, 0.4214674234390259, 1.2367572784423828, 0.9383173584938049, 1.0247546434402466, 0.15519225597381592, 1.2115330696105957, 1.2265650033950806, -0.022045597434043884, 0.19965602457523346, 1.1857353448867798, 0.43473735451698303, 0.2988510727882385, 0.553311288356781, 1.4205067157745361, 0.7869066596031189, 2.4888412952423096, 0.7832804322242737, 2.2972164154052734, 1.2622038125991821, 0.027876902371644974, 0.8713875412940979, 1.3411163091659546, 1.8836702108383179, 0.9743674397468567, 0.2990458011627197, 0.5165430307388306, 0.01377762109041214, 1.445491909980774, 0.8236203193664551, 0.6716474294662476, 1.697482705116272, 0.048176079988479614, 0.29208511114120483]"
determine,"[20, 4, 8, 4, 11, 19, 6, 5, 4]",34,"[0.9294194579124451, 1.9569694995880127, 1.3782553672790527, 0.06389683485031128, 0.624007523059845, 1.3530833721160889, 0.6423491835594177, 0.6931617259979248, 1.3512349128723145, 0.06846500933170319, -0.0022893536370247602, 1.6074289083480835, 1.5557689666748047, 0.7358788251876831, -0.0020037428475916386, 2.751293182373047, 0.635608434677124, 0.27315402030944824, 0.02784915640950203, 1.5216623544692993, 1.8574342727661133, 1.5465563535690308, 0.5536404848098755, 1.0014331340789795, 1.101173758506775, 0.5582790374755859, 1.1920876502990723, 1.3553471565246582, 1.061224102973938, 1.5117125511169434, 1.5096584558486938, 0.164596289396286, 0.6869834661483765, 0.4812624156475067, 1.0016953945159912, 0.12787459790706635, 2.1467409133911133, 1.5236610174179077, 0.10028083622455597, 0.2008196860551834, 1.7295689582824707, 0.04720145836472511, 0.6524231433868408, 0.8169879913330078, 1.246030569076538, 0.31545552611351013, 2.2384331226348877, 0.9495902061462402, 2.279871702194214, 0.9841592907905579, 0.013388382270932198, 0.4145611822605133, 0.6650892496109009, 1.871842384338379, 0.8524264693260193, 0.7333642840385437, 0.05004569888114929, 0.009201724082231522, 1.479469895362854, 1.0823426246643066, 0.6263464093208313, 1.3477991819381714, 0.024269215762615204, 0.3640563488006592]"
distinguish,"[20, 6, 7, 8, 6, 5, 17, 13, 6, 7, 9]",34,"[0.3733561635017395, 2.80489444732666, 0.4366682767868042, -0.016803495585918427, 0.656740665435791, 2.2052173614501953, 1.5714292526245117, 1.3923016786575317, 0.4604167938232422, 0.7946383357048035, 0.02082047425210476, 0.2920970320701599, 0.628448486328125, 1.4397696256637573, -0.013557534664869308, 0.7629823684692383, 1.765710711479187, 1.251093864440918, 0.09168827533721924, 2.2147936820983887, 0.5172275304794312, 0.20995819568634033, 0.6522632241249084, 0.20885184407234192, 0.8402256369590759, 1.8136911392211914, 1.5335057973861694, 1.597558856010437, 1.5742861032485962, 1.7375011444091797, 1.9259012937545776, 1.1502546072006226, 1.9310799837112427, 1.4313701391220093, 1.3028706312179565, 0.2551104426383972, 0.51637202501297, 0.5056399703025818, 0.04689827561378479, 0.08857868611812592, 0.30864065885543823, 0.8621045351028442, 0.15599800646305084, 0.8892357349395752, 1.8119267225265503, 0.8812636733055115, 2.7775607109069824, 1.7096812725067139, 2.47396183013916, 1.8217355012893677, 0.0448814257979393, 0.5773701071739197, 1.348023533821106, 1.3155220746994019, 2.0609443187713623, 0.0922769233584404, 0.9295017719268799, 0.01445726677775383, 1.2166036367416382, 0.04375845193862915, 0.16607066988945007, 1.0153659582138062, -0.01834978722035885, 0.07254742830991745]"
edit,"[4, 20, 6, 8]",34,"[0.27047809958457947, 1.439143180847168, 1.7103915214538574, 0.1439865529537201, 0.2222161889076233, 0.5622302293777466, 0.21944883465766907, 0.31892600655555725, 2.061985731124878, 0.31447073817253113, 0.028007442131638527, 1.6755799055099487, 1.08161199092865, 0.06464539468288422, -0.0018706796690821648, 3.2841782569885254, 0.7358371019363403, -0.019688144326210022, 0.013976505026221275, 0.6192882061004639, 2.4528491497039795, 1.7795727252960205, 0.20079824328422546, 0.6437636613845825, 0.48624658584594727, 0.8123120069503784, 0.5882536768913269, 0.5720444917678833, 0.19350239634513855, 0.7629331350326538, 0.5662713050842285, 0.747788667678833, 0.9443565607070923, 0.013435511849820614, 0.20458561182022095, -0.11227620393037796, 2.626429796218872, 0.8159567713737488, 0.34141167998313904, 0.4840838313102722, 2.480531930923462, 0.13577552139759064, 0.7645787000656128, 0.4208351969718933, 0.6344752311706543, -0.02802075259387493, 1.5420266389846802, 0.7226523160934448, 1.426803469657898, 0.7494769096374512, 0.08672218024730682, 0.4812294840812683, 0.5661134123802185, 0.9139324426651001, 0.45324522256851196, 0.45967501401901245, 0.05503704026341438, 0.00289226695895195, 0.6884869337081909, 1.069776177406311, 0.8063241839408875, 0.8687992095947266, 0.05779013782739639, 0.22505953907966614]"
entertain,"[4, 5, 8, 4, 11, 8, 2, 6, 5]",34,"[0.889157772064209, 2.090200662612915, 1.4361200332641602, 0.029657188802957535, 0.6283208727836609, 1.2227143049240112, 0.48961740732192993, 0.6975321173667908, 1.302282452583313, 0.04363913834095001, -0.011922921985387802, 1.718772530555725, 1.697261095046997, 0.6543363332748413, -0.0041297487914562225, 2.8628435134887695, 0.7614437341690063, 0.13098447024822235, 0.022133955731987953, 1.3470311164855957, 1.8213781118392944, 1.6076743602752686, 0.4049660265445709, 0.9185795783996582, 0.9741736054420471, 0.5925048589706421, 1.0703768730163574, 1.428173303604126, 0.878868579864502, 1.391229510307312, 1.5301491022109985, 0.17230623960494995, 0.6968014240264893, 0.26811814308166504, 0.8229855298995972, -0.04232693463563919, 2.32490611076355, 1.6919118165969849, 0.09107590466737747, 0.2227860540151596, 1.7178997993469238, 0.051737964153289795, 0.5412336587905884, 0.6854783296585083, 1.1451659202575684, 0.22022612392902374, 2.3117899894714355, 0.8029022216796875, 2.3568789958953857, 0.9457153677940369, 0.019341876730322838, 0.5655021667480469, 0.7875961065292358, 1.9841586351394653, 0.6266014575958252, 0.611201286315918, 0.03820572793483734, -0.02399411052465439, 1.530381679534912, 1.1766388416290283, 0.8129807114601135, 1.5828793048858643, 0.02137719839811325, 0.2296428084373474]"
evidence,"[4, 28, 6, 20, 4, 5, 18, 4]",34,"[0.19859816133975983, 2.1976754665374756, 1.4620368480682373, 0.19796906411647797, 0.3152044713497162, 0.9837467670440674, 0.4743143618106842, 0.5724027752876282, 1.7647671699523926, 0.6038331389427185, 0.04954526573419571, 1.4504973888397217, 1.0187797546386719, 0.3429003357887268, 0.0035683661699295044, 2.9559497833251953, 1.3486303091049194, 0.22367124259471893, 0.05177014693617821, 0.992973268032074, 2.1509528160095215, 1.5269209146499634, 0.2161683738231659, 0.4108351469039917, 0.46847784519195557, 1.4292223453521729, 0.7406654357910156, 0.8974684476852417, 0.3941534161567688, 0.9875791668891907, 1.025331735610962, 1.1960468292236328, 1.6360018253326416, 0.29003819823265076, 0.3617200553417206, -0.02776280790567398, 2.274641752243042, 0.7509374618530273, 0.23097559809684753, 0.5063444375991821, 2.2660677433013916, 0.3209635615348816, 0.5378235578536987, 0.45127207040786743, 0.9115448594093323, 0.16981127858161926, 2.131213665008545, 1.0631400346755981, 1.8579686880111694, 1.0999555587768555, 0.07467791438102722, 0.7647511959075928, 0.9552213549613953, 1.061538815498352, 0.9279965162277222, 0.34243044257164, 0.22136469185352325, -0.0051325056701898575, 0.803765058517456, 0.9537542462348938, 0.8743130564689636, 1.163323998451233, 0.1226503849029541, 0.21924248337745667]"
examine,"[4, 27, 2, 19, 6, 5, 4]",34,"[0.5976347923278809, 1.4616094827651978, 1.7389293909072876, 0.323898583650589, 0.5792229175567627, 0.8194323778152466, 0.2981984615325928, 0.4892585277557373, 2.3468735218048096, 0.12397581338882446, 0.006427341140806675, 1.9436701536178589, 1.149961233139038, 0.3962934911251068, 0.0027727922424674034, 3.823514699935913, 0.537238597869873, 0.11721032112836838, 0.01647978648543358, 0.8640950322151184, 2.710954427719116, 2.1688075065612793, 0.5424582362174988, 0.9378948211669922, 0.7296524047851562, 0.6367770433425903, 0.6382508873939514, 0.8820302486419678, 0.47548916935920715, 0.882093071937561, 0.9907631278038025, 0.35956740379333496, 0.6871342658996582, 0.26811060309410095, 0.4582768380641937, 0.10358059406280518, 3.051517963409424, 1.1770646572113037, 0.3029060363769531, 0.536641538143158, 3.08721661567688, 0.03550230711698532, 1.0536823272705078, 0.42287227511405945, 0.7648059129714966, 0.17344868183135986, 1.5631335973739624, 0.6261863708496094, 1.5704649686813354, 0.6635145545005798, 0.09204397350549698, 0.6432895064353943, 0.5804042220115662, 1.2340444326400757, 0.5289115905761719, 0.8178998827934265, 0.012750709429383278, -0.01730324514210224, 0.9444880485534668, 1.5728973150253296, 1.071077585220337, 1.090775728225708, 0.1828291416168213, 0.598909318447113]"
experiment,"[4, 27, 3, 4, 11, 6, 19, 4, 5, 8]",34,"[0.37119436264038086, 1.7298846244812012, 1.4862420558929443, 0.39716199040412903, 0.6878414154052734, 0.8163741230964661, 0.3036235570907593, 0.6575650572776794, 2.1263604164123535, 0.2288120985031128, 0.022447869181632996, 1.7794320583343506, 0.889997124671936, 0.5162383317947388, -0.0006193602457642555, 3.5500526428222656, 1.0008796453475952, 0.24314022064208984, 0.0314653180539608, 0.7520370483398438, 2.4534919261932373, 1.9817885160446167, 0.5048840641975403, 0.6393769383430481, 0.373171865940094, 0.9286329746246338, 0.3956606984138489, 1.0122337341308594, 0.33019593358039856, 0.6581399440765381, 1.1975427865982056, 0.5246372222900391, 1.0152112245559692, 0.26308736205101013, 0.31581369042396545, -0.05161549896001816, 2.7714180946350098, 1.022524118423462, 0.2770601511001587, 0.6052089929580688, 3.089766263961792, 0.200810506939888, 0.8665071129798889, 0.19974872469902039, 0.6556724309921265, 0.32697010040283203, 1.7273122072219849, 0.4300571084022522, 1.5776557922363281, 0.7009322047233582, 0.12736734747886658, 0.9163436889648438, 0.9247575402259827, 1.2017905712127686, 0.37347275018692017, 0.6171446442604065, 0.1491062194108963, 0.008628174662590027, 0.8731295466423035, 1.4621490240097046, 1.1629090309143066, 1.3448554277420044, 0.22187769412994385, 0.5331646800041199]"
generate,"[17, 4, 5, 4, 11, 2, 8, 4]",34,"[0.5506023168563843, 2.1356430053710938, 1.1671260595321655, 0.0498775877058506, 0.6217387914657593, 1.098469614982605, 0.4662807881832123, 0.7530674934387207, 1.081532597541809, 0.2231730818748474, 0.007546151988208294, 1.419336199760437, 1.3170018196105957, 0.625477135181427, -0.005363761447370052, 2.505148410797119, 1.0778110027313232, 0.22803647816181183, 0.0298319049179554, 1.1236567497253418, 1.506616234779358, 1.3508847951889038, 0.3862248361110687, 0.5363677740097046, 0.5869407653808594, 0.9254895448684692, 0.7918844223022461, 1.3378547430038452, 0.6425261497497559, 1.1058292388916016, 1.4801172018051147, 0.4674053490161896, 1.068259596824646, 0.2745712101459503, 0.5664884448051453, -0.011263586580753326, 1.9398916959762573, 1.3069318532943726, 0.06693579256534576, 0.2779303789138794, 1.6066011190414429, 0.21676300466060638, 0.3769344091415405, 0.4717472195625305, 1.016740083694458, 0.2801279127597809, 2.170997381210327, 0.6664523482322693, 2.105238199234009, 0.9484477043151855, 0.01256670244038105, 0.7434782981872559, 0.993659496307373, 1.639225959777832, 0.4976959526538849, 0.3579403758049011, 0.1796567291021347, -0.002840055152773857, 1.2755403518676758, 1.0004348754882812, 0.8710833191871643, 1.5655311346054077, 0.02263367921113968, 0.1863209307193756]"
identify,"[6, 20, 4, 5, 8, 6, 22, 21]",34,"[0.13383644819259644, 1.8618621826171875, 1.2308049201965332, 0.16311295330524445, 0.3514283299446106, 0.9082871079444885, 0.4852185547351837, 0.5998908281326294, 1.667752742767334, 0.5472868084907532, 0.04119395837187767, 1.1554856300354004, 0.7574125528335571, 0.4227910339832306, -0.002266667317599058, 2.67313551902771, 1.1885782480239868, 0.3023603856563568, 0.039225511252880096, 0.9038727283477783, 1.9514405727386475, 1.254767656326294, 0.2788594365119934, 0.343625009059906, 0.3932146728038788, 1.267122745513916, 0.6348062753677368, 0.8318599462509155, 0.3543581962585449, 0.7838499546051025, 0.8930361866950989, 1.0784924030303955, 1.4069774150848389, 0.3455643355846405, 0.338335782289505, -0.005882300436496735, 1.9558695554733276, 0.5636935234069824, 0.2603824734687805, 0.5237952470779419, 2.1513607501983643, 0.336871862411499, 0.5465160608291626, 0.36971431970596313, 0.7928492426872253, 0.24080754816532135, 1.8239214420318604, 0.8603399395942688, 1.5244362354278564, 0.9906921982765198, 0.10474921762943268, 0.6689379811286926, 0.8649328947067261, 0.8461987972259521, 0.8059515357017517, 0.2844799757003784, 0.27036866545677185, 0.0108499675989151, 0.6693331003189087, 0.8005334138870239, 0.7120506167411804, 0.9328146576881409, 0.06449250876903534, 0.22758445143699646]"
infer,"[6, 5, 22, 4, 11]",34,"[0.4486605226993561, 1.6453781127929688, 0.904277503490448, 0.03184707835316658, 0.3710205852985382, 1.1828341484069824, 0.7498831152915955, 0.5858145952224731, 0.9839136600494385, 0.4057542085647583, 0.015430946834385395, 0.8565983772277832, 0.9368901252746582, 0.595485270023346, -0.0041656168177723885, 1.6866415739059448, 0.8205509185791016, 0.41664227843284607, 0.05016676336526871, 1.3186955451965332, 1.2561795711517334, 0.8568158149719238, 0.35362356901168823, 0.5799933671951294, 0.749960720539093, 0.8294787406921387, 1.0366891622543335, 0.949067234992981, 0.8758394718170166, 1.1444016695022583, 0.9996315240859985, 0.6681978702545166, 1.0015480518341064, 0.5677023530006409, 0.7613691687583923, 0.13298775255680084, 1.2563905715942383, 0.741520881652832, 0.1430048793554306, 0.2165159434080124, 1.1286044120788574, 0.2632468342781067, 0.4718628525733948, 0.6583361625671387, 1.0921710729599, 0.2732492685317993, 1.7475969791412354, 1.0101313591003418, 1.6429057121276855, 1.010317325592041, 0.04425259679555893, 0.22614215314388275, 0.6056970953941345, 1.1239584684371948, 1.041930913925171, 0.43951600790023804, 0.2545715272426605, 0.013658985495567322, 0.9101897478103638, 0.5087931752204895, 0.29740750789642334, 0.73282790184021, -0.0005334652960300446, 0.245083749294281]"
inform,"[6, 5, 22, 12, 11, 19]",34,"[0.3135561943054199, 1.7333216667175293, 1.0522536039352417, 0.11224369704723358, 0.4434507489204407, 0.9990015029907227, 0.5535861849784851, 0.6228723526000977, 1.3213303089141846, 0.3975268006324768, 0.020780403167009354, 1.0987699031829834, 0.8614819049835205, 0.5383370518684387, -0.0029734959825873375, 2.2699296474456787, 0.9593051671981812, 0.29292383790016174, 0.0409495010972023, 1.0804259777069092, 1.6045162677764893, 1.1083303689956665, 0.3683716654777527, 0.4611601233482361, 0.537667453289032, 1.0154234170913696, 0.7747802138328552, 0.9299560785293579, 0.5716394186019897, 0.9530282020568848, 1.0251500606536865, 0.7976601123809814, 1.1613795757293701, 0.4484030306339264, 0.5191330313682556, 0.12786069512367249, 1.6727595329284668, 0.7173895835876465, 0.16185879707336426, 0.3439686894416809, 1.6843270063400269, 0.26321327686309814, 0.5015474557876587, 0.4795996844768524, 0.9091681241989136, 0.2495317906141281, 1.8042784929275513, 0.910233199596405, 1.6170461177825928, 0.9183859825134277, 0.062414899468421936, 0.5150831937789917, 0.7605071663856506, 1.0738247632980347, 0.8486416339874268, 0.35494959354400635, 0.2250782549381256, 0.0213036946952343, 0.82942795753479, 0.7729512453079224, 0.5986245274543762, 0.9601510763168335, 0.02829190343618393, 0.27065128087997437]"
interpret,"[6, 5, 8, 4, 11, 3, 11, 4, 8]",34,"[0.6209834814071655, 2.573359251022339, 0.716035783290863, 0.01942421868443489, 0.6319860816001892, 1.794249415397644, 1.069618821144104, 1.0580005645751953, 0.532630443572998, 0.3326326906681061, 0.005674057640135288, 0.9001493453979492, 1.2147876024246216, 1.1063203811645508, -0.011043380945920944, 1.374744176864624, 1.2236710786819458, 0.6850513219833374, 0.09338290989398956, 1.8630677461624146, 0.865882158279419, 0.7230108976364136, 0.5174640417098999, 0.4803510010242462, 0.840414822101593, 1.1283398866653442, 1.3034452199935913, 1.6461354494094849, 1.3091168403625488, 1.5620927810668945, 1.8332563638687134, 0.5618124008178711, 1.2545011043548584, 0.8910391330718994, 1.1116268634796143, 0.04537678509950638, 1.0619863271713257, 1.1655014753341675, 0.011682569980621338, 0.1590055376291275, 0.7704495191574097, 0.3744064271450043, 0.22768616676330566, 0.7651610374450684, 1.5806111097335815, 0.580847978591919, 2.575636863708496, 1.2008200883865356, 2.453969955444336, 1.3490855693817139, -0.0012454129755496979, 0.563136875629425, 1.0873820781707764, 1.8093911409378052, 1.3072255849838257, 0.30266523361206055, 0.43948882818222046, -0.016817528754472733, 1.4138785600662231, 0.5779650211334229, 0.38701605796813965, 1.4512475728988647, -0.0010823607444763184, 0.15583360195159912]"
introduce,"[6, 5, 8, 11, 12, 20, 13, 18, 4]",34,"[0.3589668571949005, 1.91497004032135, 1.3226723670959473, 0.19467796385288239, 0.5497595071792603, 1.027330756187439, 0.5192892551422119, 0.6290281414985657, 1.6709295511245728, 0.4467063844203949, 0.02779134176671505, 1.3811824321746826, 0.9459298849105835, 0.507659912109375, -0.008869463577866554, 2.987506151199341, 1.192924976348877, 0.23518933355808258, 0.037099793553352356, 0.9882798194885254, 1.9700486660003662, 1.450573444366455, 0.37958672642707825, 0.5196726322174072, 0.5314533710479736, 1.1515856981277466, 0.6908068656921387, 0.9814244508743286, 0.47311440110206604, 0.9393768906593323, 1.130815029144287, 0.8880918025970459, 1.379249095916748, 0.37354716658592224, 0.42968863248825073, 0.21748313307762146, 2.212282180786133, 0.9014049172401428, 0.13509681820869446, 0.4708847999572754, 2.173353433609009, 0.27874255180358887, 0.6043580174446106, 0.41704297065734863, 0.867021918296814, 0.23317116498947144, 1.9304531812667847, 0.7979618310928345, 1.785937786102295, 0.9519549608230591, 0.08380483090877533, 0.7591303586959839, 0.8967305421829224, 1.1331708431243896, 0.7814199328422546, 0.444182425737381, 0.1806570142507553, -0.02181793749332428, 0.8493260145187378, 1.0581330060958862, 0.9194291830062866, 1.1801183223724365, 0.0730859786272049, 0.31294476985931396]"
investigate,"[6, 5, 28, 4, 7, 8, 6, 17, 2, 8, 4]",34,"[0.6239458918571472, 3.047376871109009, 0.4187754988670349, 0.030820604413747787, 0.982469379901886, 2.210174560546875, 1.3530337810516357, 1.5566178560256958, 0.2944037914276123, 0.4435410797595978, -0.0054746363312006, 0.5827233791351318, 0.9994087219238281, 1.7038476467132568, -0.010266357101500034, 1.039106011390686, 1.6929421424865723, 1.1197137832641602, 0.09989725053310394, 2.2217588424682617, 0.4387720823287964, 0.5084842443466187, 0.7942564487457275, 0.3399217128753662, 0.7615489363670349, 1.4992406368255615, 1.2899651527404785, 2.1022846698760986, 1.5467987060546875, 1.6774672269821167, 2.4138739109039307, 0.6813582181930542, 1.610695242881775, 1.260209083557129, 1.289168119430542, 0.20993104577064514, 0.7676507234573364, 1.1339209079742432, -0.04520227015018463, 0.11215776205062866, 0.5561770796775818, 0.6667098999023438, 0.15885765850543976, 0.7366131544113159, 1.8443340063095093, 0.9460586309432983, 3.035280704498291, 1.2167471647262573, 2.784813404083252, 1.5953422784805298, -0.012687742710113525, 0.8823514580726624, 1.5389072895050049, 2.0283429622650146, 1.5628422498703003, 0.22489219903945923, 0.8111028671264648, 0.016107741743326187, 1.5939034223556519, 0.5501756072044373, 0.46941322088241577, 1.7762033939361572, 0.007363870739936829, 0.17096325755119324]"
judge,"[23, 13, 20, 17, 4]",34,"[0.22853317856788635, 1.6572569608688354, 0.859405517578125, 0.05476471409201622, 0.26264363527297974, 1.207835078239441, 0.8201116919517517, 0.5288082361221313, 1.0698703527450562, 0.5955922603607178, 0.029940752312541008, 0.6354460716247559, 0.6559628248214722, 0.5565516948699951, -0.008747607469558716, 1.5309574604034424, 1.0134387016296387, 0.472299724817276, 0.06134158745408058, 1.2906278371810913, 1.1899560689926147, 0.6643726825714111, 0.2708427309989929, 0.40112829208374023, 0.6999016404151917, 1.1787246465682983, 1.019858717918396, 0.7827835083007812, 0.8072044849395752, 1.092339277267456, 0.8250281810760498, 1.0681525468826294, 1.294337511062622, 0.654057502746582, 0.6319605112075806, 0.2853596806526184, 1.103325605392456, 0.41713184118270874, 0.20529556274414062, 0.3298654854297638, 1.1141711473464966, 0.36799201369285583, 0.5025941133499146, 0.6036814451217651, 1.055583119392395, 0.2469588965177536, 1.6847277879714966, 1.190527081489563, 1.514224648475647, 1.0547938346862793, 0.05106087028980255, 0.33540573716163635, 0.6418970823287964, 0.8078609108924866, 1.3444523811340332, 0.3325039744377136, 0.29996007680892944, 0.006895463913679123, 0.680386483669281, 0.4267391860485077, 0.3176310062408447, 0.5968632102012634, 0.007475268095731735, 0.21984508633613586]"
locate,"[14, 12, 18, 2, 8, 4]",34,"[0.5629177093505859, 2.4489035606384277, 0.7948436737060547, 0.009222138673067093, 0.6831738948822021, 1.380152940750122, 0.6977199912071228, 0.9939149618148804, 0.6590888500213623, 0.2574695646762848, 0.0068280138075351715, 1.084097981452942, 1.2545398473739624, 0.9369973540306091, -0.008327465504407883, 1.7660868167877197, 1.2376272678375244, 0.4735329747200012, 0.059907782822847366, 1.4506621360778809, 0.9629614353179932, 0.975265383720398, 0.45937204360961914, 0.417190283536911, 0.5676932334899902, 1.1026805639266968, 0.9408411383628845, 1.5978846549987793, 0.9257340431213379, 1.235959768295288, 1.7837201356887817, 0.5361849069595337, 1.2118933200836182, 0.5284583568572998, 0.7568148970603943, 0.041067857295274734, 1.4158999919891357, 1.2668684720993042, 0.0071297138929367065, 0.19477467238903046, 1.015011191368103, 0.3244086503982544, 0.2177465856075287, 0.505524754524231, 1.2481392621994019, 0.4631236791610718, 2.3596580028533936, 0.763852059841156, 2.2760517597198486, 1.0936123132705688, 0.0008079521358013153, 0.7980940341949463, 1.20736563205719, 1.7986067533493042, 0.7533958554267883, 0.2369995266199112, 0.34416377544403076, -0.01995512656867504, 1.3926267623901367, 0.799402117729187, 0.7430355548858643, 1.6751269102096558, 0.004045259207487106, 0.12922051548957825]"
meaningful,"[19, 4, 2, 5, 6, 5, 17, 22, 13, 14]",34,"[0.98501056432724, 1.5795727968215942, 0.9406304359436035, 0.15870174765586853, 0.8079091310501099, 1.5439329147338867, 0.8805102705955505, 0.6708570122718811, 1.3096174001693726, 0.19343280792236328, -0.008649300783872604, 0.9893461465835571, 1.0366754531860352, 1.0977989435195923, 0.0021990742534399033, 2.1002488136291504, 0.37806376814842224, 0.6344047784805298, 0.03472980856895447, 1.6781466007232666, 1.510535717010498, 1.116645097732544, 0.8322892189025879, 1.1565513610839844, 1.2978101968765259, 0.44474315643310547, 1.173109769821167, 1.2990245819091797, 1.413704514503479, 1.4148608446121216, 1.449090838432312, 0.2050551176071167, 0.49866414070129395, 0.8932799100875854, 1.270880937576294, 0.6912088394165039, 1.514184832572937, 1.15718412399292, 0.1126413345336914, 0.16558009386062622, 1.5461355447769165, 0.0402834378182888, 0.9368825554847717, 0.7559152841567993, 1.2660434246063232, 0.5151261687278748, 1.5728886127471924, 0.9124546051025391, 1.650468349456787, 0.873374342918396, 0.0763562023639679, 0.1834370642900467, 0.3813111484050751, 1.541750192642212, 1.2714354991912842, 0.9665454626083374, 0.13339561223983765, -0.017945919185876846, 1.2324222326278687, 0.8692269921302795, 0.3977015018463135, 0.7882249355316162, 0.06495115906000137, 0.71317058801651]"
paraphrase,"[3, 2, 11, 2, 3, 9, 11, 2, 7, 4]",34,"[0.5444065928459167, 1.8900922536849976, 1.057505488395691, 0.10103486478328705, 0.5930950045585632, 1.4228017330169678, 0.7978043556213379, 0.7338138222694397, 1.2647572755813599, 0.4443153440952301, 0.02624349296092987, 0.9948683977127075, 0.9588180780410767, 0.8059535622596741, 0.001609797589480877, 2.0832576751708984, 1.0269750356674194, 0.538428783416748, 0.041714463382959366, 1.458654522895813, 1.4906126260757446, 1.0128923654556274, 0.5509108304977417, 0.6748108863830566, 0.8335676789283752, 1.09605073928833, 1.0454797744750977, 1.2027045488357544, 1.016685128211975, 1.2593181133270264, 1.2886420488357544, 0.7413774728775024, 1.199221134185791, 0.6687762141227722, 0.8594164848327637, 0.41273003816604614, 1.4501316547393799, 0.8683149814605713, 0.12521734833717346, 0.27872952818870544, 1.4304033517837524, 0.35156920552253723, 0.5784721970558167, 0.6637245416641235, 1.212084174156189, 0.4343275725841522, 1.9420559406280518, 1.0356593132019043, 1.832499623298645, 1.0716423988342285, 0.03826255723834038, 0.456704705953598, 0.7704153656959534, 1.2791774272918701, 1.136430263519287, 0.5130686163902283, 0.3643346428871155, -0.015855522826313972, 1.0776723623275757, 0.6133819222450256, 0.4782484173774719, 1.0159906148910522, 0.014332305639982224, 0.35325053334236145]"
persuade,"[3, 4, 11, 7, 13, 2, 20, 4]",34,"[0.29451215267181396, 2.280707359313965, 1.405097246170044, 0.08195781707763672, 0.4349026083946228, 1.1890168190002441, 0.5720677971839905, 0.6837773323059082, 1.5279290676116943, 0.6250163316726685, 0.03785817697644234, 1.3384596109390259, 1.1682428121566772, 0.48714300990104675, -0.008819383569061756, 2.7629129886627197, 1.3700861930847168, 0.23046407103538513, 0.05048508942127228, 1.2378931045532227, 1.874668002128601, 1.3400464057922363, 0.25069111585617065, 0.4262419641017914, 0.6338714957237244, 1.368952751159668, 0.9379010200500488, 1.0895136594772339, 0.5900788307189941, 1.2024554014205933, 1.2341896295547485, 1.0808016061782837, 1.5943509340286255, 0.3777988851070404, 0.48995861411094666, 0.10254470258951187, 2.0364437103271484, 0.9305487275123596, 0.13458102941513062, 0.3687756061553955, 1.798391580581665, 0.3126634359359741, 0.4551107585430145, 0.5616180896759033, 1.0918835401535034, 0.16705447435379028, 2.2702383995056152, 1.0909459590911865, 2.136202812194824, 1.1663918495178223, 0.03129947558045387, 0.5847983956336975, 0.9454020857810974, 1.2838908433914185, 0.985588788986206, 0.27463313937187195, 0.24483533203601837, -0.003000367432832718, 1.0435411930084229, 0.8701510429382324, 0.7713389992713928, 1.2943071126937866, 0.03003745526075363, 0.16630429029464722]"
prediction,"[3, 11, 4, 20, 6, 18, 8, 6, 12, 5]",34,"[0.3264000415802002, 2.7059364318847656, 0.8570339679718018, 0.0692564994096756, 0.6551498174667358, 1.685762882232666, 1.0170820951461792, 1.1531397104263306, 0.9669951796531677, 0.5468602776527405, 0.026165517047047615, 0.9133018255233765, 0.9034764766693115, 1.0743416547775269, -0.010586390271782875, 1.802823543548584, 1.6364569664001465, 0.7006263732910156, 0.09137322008609772, 1.7127677202224731, 1.161200761795044, 0.8487451076507568, 0.48320677876472473, 0.22651925683021545, 0.5916383862495422, 1.6180007457733154, 1.1341297626495361, 1.495188593864441, 1.0267724990844727, 1.403823971748352, 1.7597146034240723, 1.0285987854003906, 1.7180945873260498, 0.9180586338043213, 0.8618022203445435, 0.09302758425474167, 1.226864218711853, 0.8171018958091736, 0.07303620129823685, 0.27678313851356506, 1.235931158065796, 0.579075276851654, 0.20758752524852753, 0.6123223304748535, 1.4724411964416504, 0.6218505501747131, 2.6648623943328857, 1.2994869947433472, 2.3520607948303223, 1.473016381263733, 0.03296603262424469, 0.7940706610679626, 1.2984514236450195, 1.477764368057251, 1.398703932762146, 0.09136544913053513, 0.5811415314674377, -0.00044786930084228516, 1.1860690116882324, 0.5906636714935303, 0.5261934399604797, 1.4645408391952515, 0.0033744052052497864, 0.11613620817661285]"
publish,"[3, 13, 10, 14, 6, 7, 9]",34,"[0.27154460549354553, 1.4423434734344482, 1.770385503768921, 0.4042797386646271, 0.6513125896453857, 0.5477682948112488, 0.28696560859680176, 0.5795273780822754, 2.507200241088867, 0.3776323199272156, 0.029535453766584396, 1.7599104642868042, 0.6668288707733154, 0.2765965163707733, 0.024518774822354317, 3.768649101257324, 1.0085797309875488, 0.15046384930610657, 0.020039720460772514, 0.4997328221797943, 2.750403642654419, 1.9254273176193237, 0.5468674302101135, 0.5840358734130859, 0.24905537068843842, 1.0237343311309814, 0.2959621846675873, 0.6428836584091187, 0.17272931337356567, 0.40167924761772156, 0.8097474575042725, 0.8707664012908936, 1.0307878255844116, 0.2042178213596344, 0.1771087646484375, 0.040381915867328644, 2.8378653526306152, 0.6744970083236694, 0.2938247323036194, 0.7049432992935181, 3.2821273803710938, 0.3776598572731018, 0.8914076089859009, 0.1956082135438919, 0.5445058345794678, 0.13641782104969025, 1.412796974182129, 0.47727328538894653, 1.166055679321289, 0.6884653568267822, 0.12097829580307007, 0.8938916921615601, 0.8097215294837952, 0.7775441408157349, 0.3692631721496582, 0.6115006804466248, 0.24063678085803986, 0.008908107876777649, 0.6013915538787842, 1.3751633167266846, 0.9771048426628113, 1.0431357622146606, 0.1717875897884369, 0.5736855864524841]"
purpose,"[3, 13, 11, 3, 12, 7, 4]",34,"[0.3247421681880951, 1.9600375890731812, 1.400438904762268, 0.11091376841068268, 0.44043201208114624, 0.9792507290840149, 0.47891324758529663, 0.6520789265632629, 1.5521901845932007, 0.40051740407943726, 0.025700107216835022, 1.4466896057128906, 1.1367180347442627, 0.3757666349411011, -0.0013331146910786629, 2.8255603313446045, 1.128486156463623, 0.17580482363700867, 0.029388174414634705, 1.0076861381530762, 1.930100917816162, 1.4270241260528564, 0.26666349172592163, 0.41920000314712524, 0.5396522879600525, 1.20610773563385, 0.830457866191864, 1.011779546737671, 0.5191166996955872, 0.996442973613739, 1.1007529497146606, 0.8449249267578125, 1.2833130359649658, 0.2692137360572815, 0.4076508581638336, -0.06017351895570755, 2.1135334968566895, 0.9343292713165283, 0.15848878026008606, 0.41241008043289185, 1.9912484884262085, 0.30680426955223083, 0.43327367305755615, 0.5249717235565186, 0.9587516188621521, 0.1633860170841217, 2.0553293228149414, 0.9274953007698059, 1.8923652172088623, 1.0224940776824951, 0.038974445313215256, 0.6894039511680603, 0.913791298866272, 1.2500946521759033, 0.7284385561943054, 0.3108184039592743, 0.21647986769676208, 0.0045031532645225525, 0.9783467650413513, 0.9232215285301208, 0.7972937822341919, 1.2449694871902466, 0.024182908236980438, 0.17314036190509796]"
reference,"[11, 4, 22, 4, 11, 4, 5, 18, 4]",34,"[0.31516191363334656, 1.5872876644134521, 1.487406611442566, 0.20151712000370026, 0.35858383774757385, 0.6669412851333618, 0.27751797437667847, 0.3361818194389343, 1.7597541809082031, 0.3841145634651184, 0.04348302260041237, 1.5156171321868896, 1.0058742761611938, 0.21421487629413605, -0.004590304102748632, 3.0399630069732666, 0.9268230199813843, 0.011641167104244232, 0.0191165953874588, 0.6867544054985046, 2.166408061981201, 1.576495885848999, 0.25635823607444763, 0.5798865556716919, 0.4889566898345947, 0.922100305557251, 0.6025994420051575, 0.7315255403518677, 0.30851876735687256, 0.7713132500648499, 0.7813102602958679, 0.823493480682373, 1.0780481100082397, 0.08118845522403717, 0.29437822103500366, 0.0058775246143341064, 2.3300721645355225, 0.8313278555870056, 0.22210334241390228, 0.46838584542274475, 2.290648937225342, 0.14289671182632446, 0.6488126516342163, 0.3809964060783386, 0.6633565425872803, 0.03412088751792908, 1.59752357006073, 0.7428131699562073, 1.4763996601104736, 0.7638071775436401, 0.08215620368719101, 0.5173419713973999, 0.6588046550750732, 1.005208134651184, 0.5456887483596802, 0.4350084364414215, 0.04283001646399498, 0.007533673197031021, 0.7852317094802856, 0.9853123426437378, 0.860186755657196, 1.0273950099945068, 0.09574058651924133, 0.3196040391921997]"
relevant,"[11, 4, 14, 4, 28, 2, 5, 8]",34,"[0.7473405003547668, 2.369703531265259, 0.8660610914230347, 0.02685902640223503, 0.8727838397026062, 1.4281941652297974, 0.606167197227478, 0.9624255895614624, 0.7068129181861877, 0.11741518974304199, -0.014188687317073345, 1.2858248949050903, 1.372967004776001, 0.9830029010772705, -0.001642019022256136, 2.120990037918091, 1.0679558515548706, 0.40136846899986267, 0.040076348930597305, 1.4293172359466553, 1.1223398447036743, 1.1982508897781372, 0.5311528444290161, 0.5827416181564331, 0.6854315400123596, 0.8920125961303711, 0.8628169894218445, 1.7253587245941162, 0.9645141363143921, 1.2410739660263062, 1.9540597200393677, 0.2378377914428711, 0.9772112369537354, 0.4973164200782776, 0.8209686279296875, 0.17886708676815033, 1.6929383277893066, 1.588334083557129, -0.01888418197631836, 0.24012917280197144, 1.3295232057571411, 0.19726091623306274, 0.3244885206222534, 0.46624401211738586, 1.1533173322677612, 0.4098294675350189, 2.3330259323120117, 0.6200641393661499, 2.3470845222473145, 0.9390024542808533, -0.004408974200487137, 0.9003151655197144, 1.1860203742980957, 2.0474693775177, 0.6230069398880005, 0.4093797206878662, 0.19291725754737854, -0.010978499427437782, 1.5413777828216553, 1.1067909002304077, 0.9710037708282471, 1.8581604957580566, 0.02838653326034546, 0.27791768312454224]"
reliable,"[11, 4, 14, 6, 2, 10, 14, 4]",34,"[0.5395821928977966, 1.515860676765442, 1.4379472732543945, 0.2604996860027313, 0.5437018871307373, 0.7750042080879211, 0.25776445865631104, 0.45932257175445557, 1.836941123008728, 0.1593799591064453, 0.009922121651470661, 1.6864938735961914, 1.093825340270996, 0.3888050317764282, 0.001276381779462099, 3.174952507019043, 0.6647276878356934, 0.07087685912847519, 0.0063237035647034645, 0.8703394532203674, 2.1837689876556396, 1.8021377325057983, 0.4148620665073395, 0.7921743392944336, 0.6344241499900818, 0.6661338806152344, 0.6064695119857788, 0.9006127119064331, 0.4560926556587219, 0.841067373752594, 0.97147536277771, 0.3874254822731018, 0.7280844449996948, 0.1745131015777588, 0.4111662805080414, 0.10613703727722168, 2.5518224239349365, 1.1113166809082031, 0.1976199746131897, 0.44526147842407227, 2.443512439727783, 0.06333532184362411, 0.8263668417930603, 0.35286208987236023, 0.6949528455734253, 0.14675801992416382, 1.5774705410003662, 0.5378457903862, 1.582301139831543, 0.630975067615509, 0.07634085416793823, 0.6607460379600525, 0.619652271270752, 1.2413017749786377, 0.4460756182670593, 0.6746851801872253, 0.013904200866818428, -0.01955247111618519, 0.9422261118888855, 1.3074077367782593, 0.9835489392280579, 1.121656894683838, 0.1570112556219101, 0.4965590834617615]"
represent,"[11, 4, 3, 11, 4, 7, 4, 5, 8]",34,"[0.73956698179245, 2.7039504051208496, 0.5207165479660034, -0.03082980029284954, 0.7837157845497131, 1.9583898782730103, 1.1081297397613525, 1.1342999935150146, 0.24760878086090088, 0.2953733503818512, -0.0020297064911574125, 0.8113529682159424, 1.280146837234497, 1.3133468627929688, -0.002991248620674014, 1.10342276096344, 1.1984566450119019, 0.7568014860153198, 0.09520457684993744, 2.02028226852417, 0.54148268699646, 0.5751423239707947, 0.6083492636680603, 0.5127893686294556, 0.8739054203033447, 1.1231576204299927, 1.3378623723983765, 1.9331587553024292, 1.4871302843093872, 1.6364514827728271, 2.138011932373047, 0.46055150032043457, 1.172271728515625, 0.955852210521698, 1.2808910608291626, 0.1533738672733307, 0.8080134391784668, 1.3868135213851929, -0.027497798204421997, 0.14532966911792755, 0.567119836807251, 0.3859015107154846, 0.12840239703655243, 0.7385531663894653, 1.6621235609054565, 0.6886935830116272, 2.667367696762085, 1.1269025802612305, 2.558641195297241, 1.3075953722000122, -0.02837330475449562, 0.6914254426956177, 1.2138969898223877, 2.0602824687957764, 1.2732791900634766, 0.3171481192111969, 0.4653458595275879, -0.022380109876394272, 1.6244776248931885, 0.5702222585678101, 0.44749146699905396, 1.6949241161346436, -0.006215944886207581, 0.22636952996253967]"
result,"[11, 4, 7, 13, 14, 8]",34,"[0.4054177701473236, 1.0621542930603027, 1.7264747619628906, 0.2826795279979706, 0.4235230088233948, 0.5922354459762573, 0.3281031847000122, 0.23499244451522827, 2.32513689994812, 0.2960866391658783, 0.028751004487276077, 1.5678740739822388, 0.8124629259109497, 0.2408292144536972, -0.006720021832734346, 3.4178032875061035, 0.5244091153144836, 0.08536538481712341, 0.009617018513381481, 0.6680812835693359, 2.597580671310425, 1.750727653503418, 0.46245846152305603, 0.8665598630905151, 0.6734193563461304, 0.590012788772583, 0.5671769976615906, 0.5366755723953247, 0.4227246344089508, 0.7371829748153687, 0.5116691589355469, 0.5909345149993896, 0.666441798210144, 0.18286828696727753, 0.3711332678794861, 0.18158236145973206, 2.597777843475342, 0.706554114818573, 0.35582810640335083, 0.5014492869377136, 2.6982994079589844, 0.10533922910690308, 1.0623605251312256, 0.410602331161499, 0.6264364123344421, 0.10921158641576767, 1.1436350345611572, 0.605835497379303, 1.1105917692184448, 0.6026440858840942, 0.11646538972854614, 0.3320268988609314, 0.3427681624889374, 0.7491867542266846, 0.5502564311027527, 0.7205929160118103, 0.06800773739814758, -0.011795604601502419, 0.5804297924041748, 1.0807651281356812, 0.7240153551101685, 0.6172533631324768, 0.09626466035842896, 0.5231626629829407]"
retell,"[11, 4, 8, 4, 14, 14]",34,"[0.7003181576728821, 2.415048360824585, 1.0324110984802246, -0.008380051702260971, 0.5010860562324524, 1.5656119585037231, 0.8652893900871277, 0.7178041338920593, 0.9426409602165222, 0.34703144431114197, 0.025023948401212692, 1.242701768875122, 1.514872431755066, 0.7528388500213623, -0.004193579312413931, 1.8678066730499268, 1.0611412525177002, 0.4245356619358063, 0.062013234943151474, 1.7326117753982544, 1.2179222106933594, 0.9287072420120239, 0.41320353746414185, 0.5985830426216125, 0.788112998008728, 1.0391452312469482, 1.265454888343811, 1.53142511844635, 1.1847076416015625, 1.563296914100647, 1.6083731651306152, 0.630111575126648, 1.1401013135910034, 0.5152210593223572, 0.9281072616577148, -0.048016928136348724, 1.4757404327392578, 1.341300129890442, 0.10141152143478394, 0.2496371865272522, 1.1723828315734863, 0.30945613980293274, 0.38718730211257935, 0.7268679141998291, 1.3704768419265747, 0.3011840283870697, 2.4452126026153564, 1.099276065826416, 2.434602737426758, 1.1202737092971802, -0.024544470012187958, 0.5499098300933838, 0.904776394367218, 1.8031615018844604, 0.9320312738418579, 0.4053038954734802, 0.29211995005607605, -0.021737657487392426, 1.5167239904403687, 0.7356715202331543, 0.6250206232070923, 1.4762600660324097, 0.06974847614765167, 0.15731894969940186]"
revise,"[11, 4, 28, 6, 7, 4]",34,"[0.780791163444519, 1.8972502946853638, 1.5686748027801514, 0.01006542518734932, 0.2648116946220398, 1.2936780452728271, 0.6501020789146423, 0.4373224377632141, 1.4007701873779297, 0.2642410695552826, 0.013920259661972523, 1.4909943342208862, 1.53781259059906, 0.4647207260131836, -0.004504818934947252, 2.557931423187256, 0.6661413908004761, 0.12293237447738647, 0.02599232830107212, 1.5169612169265747, 1.9118696451187134, 1.3019999265670776, 0.23921622335910797, 0.9249753952026367, 1.191857933998108, 0.7293579578399658, 1.3455150127410889, 1.0640294551849365, 1.0222668647766113, 1.575246810913086, 1.0306318998336792, 0.5126529932022095, 0.8356536626815796, 0.3175522983074188, 0.9216665625572205, -0.0007183253765106201, 2.0025343894958496, 1.2567558288574219, 0.1445240080356598, 0.22919344902038574, 1.4251338243484497, 0.069878488779068, 0.5671424865722656, 0.9532278776168823, 1.21311616897583, 0.09361014515161514, 2.244508743286133, 1.2633756399154663, 2.251504898071289, 1.1176728010177612, 0.028531542047858238, 0.20832201838493347, 0.4735496938228607, 1.6009997129440308, 1.0778943300247192, 0.6302227973937988, 0.029260121285915375, -0.010056497529149055, 1.3015908002853394, 0.7071230411529541, 0.3807339668273926, 0.9829086065292358, -0.00532836839556694, 0.17056988179683685]"
sequence,"[7, 4, 24, 13, 4, 5, 18, 4]",34,"[0.23715050518512726, 1.8667631149291992, 1.0919076204299927, 0.0800008475780487, 0.29273349046707153, 0.9661532044410706, 0.551535964012146, 0.4584622383117676, 1.187562346458435, 0.5388380885124207, 0.044802118092775345, 1.076035737991333, 0.899886965751648, 0.3902926445007324, -0.007893253117799759, 2.1323046684265137, 1.0899503231048584, 0.24117954075336456, 0.04305672273039818, 1.0147697925567627, 1.5623977184295654, 1.011631727218628, 0.21836794912815094, 0.37243127822875977, 0.5139796733856201, 1.1487754583358765, 0.8057578206062317, 0.8702119588851929, 0.5688650608062744, 0.9629592895507812, 0.9324076771736145, 1.0216240882873535, 1.357583999633789, 0.3296717703342438, 0.4737318754196167, 0.0936608538031578, 1.5720776319503784, 0.6638965010643005, 0.15326747298240662, 0.37280362844467163, 1.4868320226669312, 0.2638966143131256, 0.38919520378112793, 0.4915705919265747, 0.8920522928237915, 0.15704795718193054, 1.7884160280227661, 0.9801855683326721, 1.6293781995773315, 0.9746475219726562, 0.044785767793655396, 0.5066673159599304, 0.7705389261245728, 0.9904868602752686, 0.9040755033493042, 0.2715078592300415, 0.18671315908432007, 0.012152176350355148, 0.7624303698539734, 0.5915282368659973, 0.6348095536231995, 0.9526545405387878, 0.025298789143562317, 0.19537070393562317]"
source,"[7, 12, 13, 11, 18, 4]",34,"[0.4578961133956909, 1.7010564804077148, 0.9642461538314819, 0.11429181694984436, 0.439215749502182, 1.1926203966140747, 0.7247157692909241, 0.5184920430183411, 1.1505842208862305, 0.41346272826194763, 0.02852802723646164, 0.9337823390960693, 0.8555557727813721, 0.6570863723754883, -0.00917160976678133, 1.9705853462219238, 0.8140120506286621, 0.3924836218357086, 0.048215046525001526, 1.2911558151245117, 1.4321651458740234, 0.9574655294418335, 0.451847642660141, 0.6092727184295654, 0.8009073734283447, 0.8962442874908447, 0.9441660642623901, 0.9652541875839233, 0.9044461250305176, 1.1300833225250244, 0.9996404647827148, 0.7088675498962402, 1.043282151222229, 0.5860788822174072, 0.7338981628417969, 0.34069815278053284, 1.4737504720687866, 0.7452051043510437, 0.13854581117630005, 0.2939714193344116, 1.3573698997497559, 0.16483333706855774, 0.6047767400741577, 0.5556306838989258, 1.0257360935211182, 0.2987230718135834, 1.6369942426681519, 1.016585350036621, 1.6521286964416504, 0.9259430766105652, 0.041761938482522964, 0.31176725029945374, 0.610788106918335, 1.06977117061615, 1.1316903829574585, 0.49450433254241943, 0.1551251858472824, -0.006091250106692314, 0.8963321447372437, 0.6228715777397156, 0.4872768521308899, 0.7927004098892212, 0.03394655883312225, 0.4078776240348816]"
summarize,"[7, 13, 19, 19, 2, 11, 6, 15, 4]",34,"[0.42524459958076477, 2.812824249267578, 0.7070313692092896, 0.1373593658208847, 0.9130017757415771, 1.7077802419662476, 0.9367201924324036, 1.349993109703064, 0.9191346168518066, 0.5158357620239258, 0.016104785725474358, 0.8767462968826294, 0.8774126768112183, 1.2911547422409058, -0.008317709900438786, 1.8548184633255005, 1.7558550834655762, 0.8745863437652588, 0.0581388995051384, 1.6250569820404053, 1.053595781326294, 0.9149459600448608, 0.7237333059310913, 0.24804238975048065, 0.4561125934123993, 1.623081922531128, 0.9275389313697815, 1.7378607988357544, 0.9831223487854004, 1.275293231010437, 2.0597898960113525, 0.9512832164764404, 1.8050086498260498, 0.934600293636322, 0.8647978901863098, 0.215664803981781, 1.327129602432251, 0.9364327192306519, -0.015096530318260193, 0.2724386751651764, 1.3306289911270142, 0.669985830783844, 0.27224239706993103, 0.5078959465026855, 1.3717501163482666, 0.8144363760948181, 2.670480251312256, 0.9646908044815063, 2.3534181118011475, 1.3813302516937256, 0.04858161509037018, 1.1071115732192993, 1.56061589717865, 1.6043647527694702, 1.1868746280670166, 0.1527334749698639, 0.6422095894813538, -0.0026602763682603836, 1.3013181686401367, 0.7571104764938354, 0.801214873790741, 1.7361286878585815, 0.05611260235309601, 0.23314476013183594]"
support,"[7, 13, 3, 3, 12, 11, 8]",34,"[0.2684610188007355, 3.56371808052063, 0.47667938470840454, 0.02986796572804451, 0.9781340956687927, 2.024088144302368, 1.1923797130584717, 1.648913025856018, 0.42499446868896484, 0.6564774513244629, 0.014944531954824924, 0.7814691066741943, 1.0349479913711548, 1.391817569732666, -0.0029852292500436306, 1.4550974369049072, 2.232811689376831, 0.9849467277526855, 0.1132926493883133, 1.904439091682434, 0.6563951969146729, 0.6893165111541748, 0.6130184531211853, -0.10232719779014587, 0.31000494956970215, 2.122800827026367, 1.129052758216858, 2.148745059967041, 1.1212400197982788, 1.4260656833648682, 2.539141893386841, 1.1712650060653687, 2.176041603088379, 1.0828278064727783, 0.8803398013114929, -0.06604493409395218, 1.042915940284729, 1.0815339088439941, -0.02615588903427124, 0.2810112237930298, 0.9844753742218018, 0.8812588453292847, -0.07371369004249573, 0.5012862086296082, 1.7891510725021362, 0.8631352186203003, 3.2679736614227295, 1.215877652168274, 2.825248956680298, 1.6617556810379028, -0.02845064178109169, 1.364396333694458, 2.006463050842285, 1.9503213167190552, 1.3848977088928223, -0.14472751319408417, 0.9118589162826538, 0.0002577565610408783, 1.487546443939209, 0.7603957653045654, 0.8456535935401917, 2.2499442100524902, 0.012095633894205093, 0.08868124336004257]"
symbol,"[7, 21, 19, 10, 12, 14]",34,"[0.1811676323413849, 2.1518492698669434, 1.264117956161499, 0.12061668932437897, 0.4182271957397461, 1.3375145196914673, 0.8744001984596252, 0.7369290590286255, 1.5930380821228027, 0.8138192296028137, 0.05683271214365959, 0.9594632387161255, 0.7347067594528198, 0.6785427927970886, -0.01290246844291687, 2.359623432159424, 1.4625755548477173, 0.5139349699020386, 0.06100619211792946, 1.3876789808273315, 1.7624233961105347, 1.0043492317199707, 0.42037326097488403, 0.37843167781829834, 0.611809253692627, 1.574067234992981, 1.0439692735671997, 0.9224528074264526, 0.8008217811584473, 1.2121895551681519, 1.074032187461853, 1.437414288520813, 1.7697722911834717, 0.6973233819007874, 0.7049921154975891, 0.20830374956130981, 1.6433625221252441, 0.44249552488327026, 0.1561744064092636, 0.37492960691452026, 1.700169563293457, 0.5718063116073608, 0.5228836536407471, 0.7030849456787109, 1.2159173488616943, 0.31589195132255554, 2.1599507331848145, 1.3826322555541992, 1.8189785480499268, 1.3656282424926758, 0.07185420393943787, 0.5406703948974609, 0.9089056253433228, 0.8883609771728516, 1.4473042488098145, 0.22152599692344666, 0.5087696313858032, 0.011137861758470535, 0.7587997913360596, 0.5309768319129944, 0.47500020265579224, 0.8707520365715027, 0.029473908245563507, 0.19503584504127502]"
topic,"[8, 12, 3, 6, 18]",34,"[0.3329622447490692, 1.1353667974472046, 2.098905324935913, 0.32865777611732483, 0.2448139488697052, 0.4018605351448059, 0.13636144995689392, 0.11265246570110321, 2.8476428985595703, 0.39878472685813904, 0.041311848908662796, 1.8587567806243896, 0.9291611909866333, 0.003476550802588463, 0.0036510955542325974, 4.007416248321533, 0.5264189839363098, -0.01899043470621109, -0.007359154522418976, 0.46698373556137085, 3.1864964962005615, 2.1222777366638184, 0.3411366641521454, 0.9920896291732788, 0.6117002367973328, 0.6764429807662964, 0.46276140213012695, 0.32892510294914246, 0.18253567814826965, 0.6189462542533875, 0.24766555428504944, 0.8350719213485718, 0.7522602081298828, -0.025177741423249245, 0.22663146257400513, 0.011985667049884796, 3.157177448272705, 0.6462502479553223, 0.4959314465522766, 0.5909062027931213, 3.2063698768615723, 0.11228475719690323, 1.2217044830322266, 0.421750545501709, 0.496116578578949, -0.05379835516214371, 1.1286569833755493, 0.7390692234039307, 1.0277870893478394, 0.6126152873039246, 0.14702709019184113, 0.36999791860580444, 0.29798638820648193, 0.5836220979690552, 0.5445524454116821, 0.7802817225456238, 0.0638323426246643, -0.005453532561659813, 0.47915738821029663, 1.2346197366714478, 0.8705272078514099, 0.5151651501655579, 0.1353139579296112, 0.49623075127601624]"
adjective,"[2, 20, 23, 4, 18, 8, 6, 28, 4]",34,"[0.3082483410835266, 3.0501551628112793, 0.798774242401123, 0.061568472534418106, 0.6017226576805115, 1.8609164953231812, 1.162160873413086, 1.31330406665802, 0.838591992855072, 0.6373985409736633, 0.023868776857852936, 0.8496400117874146, 0.9301877021789551, 1.175310492515564, -0.005594159476459026, 1.6097066402435303, 1.8449574708938599, 0.8323434591293335, 0.10731479525566101, 1.8866182565689087, 1.0296357870101929, 0.7554775476455688, 0.4741954803466797, 0.1471722573041916, 0.6566600799560547, 1.8457605838775635, 1.2378673553466797, 1.635958194732666, 1.1414296627044678, 1.5514768362045288, 1.9324333667755127, 1.2183207273483276, 1.9634500741958618, 1.0345604419708252, 0.9155906438827515, 0.050694819539785385, 1.1825042963027954, 0.7681885957717896, 0.053387440741062164, 0.2625710070133209, 1.0397818088531494, 0.682113528251648, 0.12102793902158737, 0.6741170883178711, 1.6694831848144531, 0.6963927149772644, 2.9642789363861084, 1.4921276569366455, 2.6317033767700195, 1.6663929224014282, 0.029809536412358284, 0.8816640973091125, 1.4929085969924927, 1.5656439065933228, 1.6139428615570068, 0.0864352285861969, 0.6786815524101257, -0.019483547657728195, 1.2522624731063843, 0.5393728017807007, 0.4886506199836731, 1.582509994506836, 0.020793341100215912, 0.06945722550153732]"
adverb,"[2, 20, 28, 4, 11, 10]",34,"[0.044022660702466965, 2.2389426231384277, 0.9607265591621399, 0.08497999608516693, 0.2933652102947235, 1.3450534343719482, 0.899329662322998, 0.8009858727455139, 1.2084228992462158, 0.809889018535614, 0.05313318222761154, 0.7700246572494507, 0.6204037666320801, 0.6230897903442383, -0.0070980750024318695, 1.8891692161560059, 1.5938762426376343, 0.5638303756713867, 0.07796897739171982, 1.3493252992630005, 1.4072694778442383, 0.7485255002975464, 0.3050464391708374, 0.1662767082452774, 0.4567849040031433, 1.7206778526306152, 0.9834746718406677, 0.9474384784698486, 0.6719083786010742, 1.1133512258529663, 1.0664818286895752, 1.463561773300171, 1.924487829208374, 0.7203981280326843, 0.5625094175338745, 0.1429809033870697, 1.2442582845687866, 0.31852996349334717, 0.15631969273090363, 0.3819347620010376, 1.3575242757797241, 0.6242110133171082, 0.3353610038757324, 0.603919267654419, 1.2102398872375488, 0.36148765683174133, 2.2094528675079346, 1.3835010528564453, 1.8390591144561768, 1.397143006324768, 0.059482723474502563, 0.5971108675003052, 1.0461177825927734, 0.791480302810669, 1.4156665802001953, 0.1232224851846695, 0.5549209117889404, -0.004679938778281212, 0.6894623041152954, 0.41571474075317383, 0.41582632064819336, 0.8730250000953674, 0.017339158803224564, 0.08578185737133026]"
affix,"[2, 22, 22, 6, 27]",34,"[0.3596911132335663, 1.4933570623397827, 1.340543508529663, 0.16936278343200684, 0.4452778398990631, 1.0611515045166016, 0.757318913936615, 0.5196405649185181, 1.8934520483016968, 0.5390042066574097, 0.04259732365608215, 1.1124335527420044, 0.644627034664154, 0.5460702180862427, 0.0041469670832157135, 2.531853675842285, 0.8138542175292969, 0.4455077052116394, 0.02406572736799717, 1.1317534446716309, 1.990515112876892, 1.2072930335998535, 0.5257940888404846, 0.677034318447113, 0.7438169121742249, 1.032833456993103, 0.8789348602294922, 0.6466084718704224, 0.7770054340362549, 0.9906378388404846, 0.7752898931503296, 0.9273898601531982, 1.0733997821807861, 0.597405195236206, 0.6885178089141846, 0.3374687433242798, 1.8863410949707031, 0.4580778479576111, 0.30144205689430237, 0.3967307209968567, 1.9576233625411987, 0.33505457639694214, 0.8319611549377441, 0.56597900390625, 0.9534711241722107, 0.29764190316200256, 1.505557894706726, 1.063742756843567, 1.366294026374817, 0.9763758778572083, 0.1145063191652298, 0.3131919801235199, 0.5280413627624512, 0.7079671621322632, 1.167911171913147, 0.4889001250267029, 0.31057411432266235, -0.00823361799120903, 0.658959686756134, 0.5855838060379028, 0.4278637170791626, 0.5049461126327515, 0.04196564853191376, 0.4203134775161743]"
alliteration,"[2, 14, 14, 6, 8, 4, 11, 2, 8, 6, 12, 5]",34,"[0.4320591390132904, 3.033470869064331, 0.6986599564552307, 0.0702914446592331, 0.9715884327888489, 1.875859260559082, 1.0584208965301514, 1.4973002672195435, 0.6752567291259766, 0.4420376718044281, 0.012939996086061, 0.9494545459747314, 1.0062205791473389, 1.3708391189575195, -0.0071356892585754395, 1.7271183729171753, 1.8025723695755005, 0.8990223407745361, 0.09544189274311066, 1.7769120931625366, 0.8990861177444458, 0.8830423355102539, 0.6803351640701294, 0.1294090449810028, 0.4576554596424103, 1.6814931631088257, 1.046811819076538, 1.9249682426452637, 1.1330807209014893, 1.404191017150879, 2.272329330444336, 0.8097964525222778, 1.7635244131088257, 0.9873764514923096, 0.9497668743133545, 0.027946148067712784, 1.2857482433319092, 1.1159783601760864, -0.03361518681049347, 0.2686266601085663, 1.2585309743881226, 0.6665906310081482, 0.10444645583629608, 0.5422873497009277, 1.5820798873901367, 0.8108717799186707, 2.923163890838623, 1.024280309677124, 2.6446211338043213, 1.504089117050171, 0.018497459590435028, 1.1394128799438477, 1.6630947589874268, 1.8693413734436035, 1.1263258457183838, 0.03566710650920868, 0.6865670680999756, 0.01706814393401146, 1.4874687194824219, 0.791894257068634, 0.7442964911460876, 1.9478120803833008, 0.02524825930595398, 0.14383557438850403]"
ancient,"[2, 5, 18, 6, 4, 5, 8]",34,"[0.277390718460083, 1.5787203311920166, 1.5019729137420654, 0.18708965182304382, 0.4563613831996918, 0.5029451251029968, 0.14207647740840912, 0.42315781116485596, 1.9088895320892334, 0.2725614011287689, 0.012640990316867828, 1.607649326324463, 1.0022051334381104, 0.1878291368484497, -0.002740022726356983, 3.330899238586426, 0.8813605308532715, 0.011573433876037598, 0.01743786782026291, 0.47325220704078674, 2.2031712532043457, 1.7831580638885498, 0.2566510736942291, 0.561176061630249, 0.3340872824192047, 0.8350018262863159, 0.3734589219093323, 0.7799808979034424, 0.1366368681192398, 0.5394513607025146, 0.8827687501907349, 0.6611428260803223, 0.935909628868103, -0.0030339229851961136, 0.12009172141551971, -0.132036030292511, 2.623934268951416, 0.9667751789093018, 0.33014795184135437, 0.5351976156234741, 2.623929262161255, 0.13739150762557983, 0.7337441444396973, 0.19375786185264587, 0.5415937304496765, 0.05075293779373169, 1.507257342338562, 0.4186824560165405, 1.3450671434402466, 0.6298187971115112, 0.0755721777677536, 0.7050492167472839, 0.7648030519485474, 1.0454075336456299, 0.2207273244857788, 0.4719505310058594, 0.0522470586001873, -0.0008468590676784515, 0.7197680473327637, 1.3318663835525513, 1.103593111038208, 1.1738461256027222, 0.08843444287776947, 0.33417829871177673]"
conjunction,"[18, 12, 5, 23, 13, 5, 18, 8, 6, 12, 5]",34,"[0.3614235520362854, 2.9506242275238037, 0.41056710481643677, 0.07311204075813293, 0.9777666926383972, 1.9149169921875, 1.1679513454437256, 1.4895973205566406, 0.4824291467666626, 0.5203755497932434, 0.009260566905140877, 0.5959887504577637, 0.771817684173584, 1.465384602546692, -0.014916347339749336, 1.3251181840896606, 1.8755723237991333, 0.9925240278244019, 0.09798750281333923, 1.8411900997161865, 0.5844988822937012, 0.6052569150924683, 0.7072580456733704, 0.07579590380191803, 0.42151668667793274, 1.7246508598327637, 1.047182559967041, 1.8752479553222656, 1.1816108226776123, 1.3776177167892456, 2.2577459812164307, 0.9789962768554688, 1.8635530471801758, 1.1149427890777588, 0.9708381295204163, 0.12432112544775009, 0.9110928773880005, 0.9059684872627258, -0.036013320088386536, 0.22070637345314026, 0.9234833717346191, 0.7724481225013733, 0.07573574781417847, 0.5437861680984497, 1.5892393589019775, 0.8623531460762024, 2.8599894046783447, 1.1359418630599976, 2.4537036418914795, 1.5060572624206543, 0.014362553134560585, 1.137575387954712, 1.6607697010040283, 1.738222360610962, 1.404122233390808, 0.03669644892215729, 0.7953514456748962, 0.01989053189754486, 1.3062615394592285, 0.6352999806404114, 0.6829214692115784, 1.8198400735855103, 0.017299756407737732, 0.1652292013168335]"
curious,"[18, 13, 11, 6, 12, 13, 7]",34,"[0.4731904864311218, 1.444176197052002, 1.060429573059082, 0.1562625616788864, 0.642724335193634, 0.9005275964736938, 0.48451685905456543, 0.5863301157951355, 1.3577361106872559, 0.1964825987815857, -0.001468203729018569, 1.154453992843628, 0.9001549482345581, 0.5613647699356079, -0.005878649652004242, 2.411994695663452, 0.7212728261947632, 0.25971513986587524, 0.014523003250360489, 0.9426064491271973, 1.595703363418579, 1.2382768392562866, 0.477999210357666, 0.5932382345199585, 0.6109422445297241, 0.6887156963348389, 0.6794150471687317, 0.9702541828155518, 0.6398613452911377, 0.8402969837188721, 1.049491047859192, 0.4056320786476135, 0.7616350650787354, 0.3568802773952484, 0.505569338798523, 0.1795523464679718, 1.8381277322769165, 0.9040003418922424, 0.14812491834163666, 0.362520694732666, 1.8084063529968262, 0.1478288173675537, 0.6079851388931274, 0.3883461058139801, 0.7733134627342224, 0.25115665793418884, 1.5134718418121338, 0.5816627740859985, 1.4896900653839111, 0.709141731262207, 0.06305589526891708, 0.5403966307640076, 0.6610946655273438, 1.1613712310791016, 0.5875797867774963, 0.5102550387382507, 0.11254070699214935, 0.0033512860536575317, 0.8861879706382751, 0.9041868448257446, 0.7132344841957092, 0.9845357537269592, 0.032477930188179016, 0.38072124123573303]"
eager,"[4, 2, 17, 4, 11]",34,"[0.7519580125808716, 1.7268097400665283, 1.37517511844635, 0.045310262590646744, 0.3960076868534088, 1.331286907196045, 0.6970300674438477, 0.5480530261993408, 1.326597809791565, 0.27068454027175903, 0.011218510568141937, 1.2573379278182983, 1.3254764080047607, 0.605576753616333, -0.003976771607995033, 2.265531539916992, 0.659166693687439, 0.3184933066368103, 0.035692211240530014, 1.5080660581588745, 1.72651207447052, 1.196355938911438, 0.40753859281539917, 0.919636607170105, 1.1132863759994507, 0.6561150550842285, 1.2613755464553833, 1.076218843460083, 1.0466055870056152, 1.491603136062622, 1.1088837385177612, 0.4414280951023102, 0.7941244840621948, 0.4769628047943115, 0.9492643475532532, 0.13578054308891296, 1.7634421586990356, 1.1060912609100342, 0.14973106980323792, 0.15407565236091614, 1.2772892713546753, 0.15561343729496002, 0.6374338865280151, 0.9036084413528442, 1.2329607009887695, 0.22297854721546173, 2.0071682929992676, 1.130632996559143, 2.0187766551971436, 1.0807512998580933, 0.0384681299328804, 0.1620216816663742, 0.47363418340682983, 1.5065587759017944, 1.0284318923950195, 0.6612101197242737, 0.18332278728485107, 0.01300833746790886, 1.2263729572296143, 0.6876101493835449, 0.31527501344680786, 0.9063131213188171, 0.005473736673593521, 0.25622862577438354]"
enormous,"[4, 5, 12, 11, 19, 12, 13, 7]",34,"[0.5205165147781372, 1.403696894645691, 1.6960238218307495, 0.31358015537261963, 0.8834113478660583, 0.40355971455574036, 0.08190976828336716, 0.5436636805534363, 2.1865503787994385, 0.027024082839488983, -0.0004194623325020075, 2.035907030105591, 1.12333345413208, 0.34962335228919983, -0.01165822148323059, 4.243437767028809, 0.6724821329116821, -0.027975641191005707, -0.0044228434562683105, 0.37884896993637085, 2.54327392578125, 2.2750813961029053, 0.6239595413208008, 0.8190966844558716, 0.38983067870140076, 0.5330410003662109, 0.21869483590126038, 0.9543513059616089, 0.19891831278800964, 0.5628160834312439, 1.149686574935913, 0.20370641350746155, 0.5666912794113159, -0.06404980272054672, 0.1443839967250824, -0.022517040371894836, 3.329118013381958, 1.3906222581863403, 0.1981762945652008, 0.4865191876888275, 3.1978530883789062, 0.029411528259515762, 0.9232975840568542, 0.10493659973144531, 0.49257194995880127, 0.17451253533363342, 1.429984450340271, 0.08813484758138657, 1.4015718698501587, 0.41265353560447693, 0.08140932023525238, 0.9924888014793396, 0.7695891857147217, 1.2958184480667114, -0.11720985919237137, 0.7436899542808533, -0.0035792035050690174, 0.0022097453474998474, 0.9511961340904236, 1.812178134918213, 1.48489511013031, 1.4409263134002686, 0.12061156332492828, 0.5574483275413513]"
hyperbole,"[9, 21, 3, 4, 11, 10, 12, 14, 4]",34,"[0.3189263939857483, 2.3509879112243652, 1.0163902044296265, 0.08720241487026215, 0.444772869348526, 1.490037202835083, 0.9209675788879395, 0.8053010702133179, 1.138622522354126, 0.655798077583313, 0.044255536049604416, 0.8843275308609009, 0.8831570148468018, 0.8095309138298035, -0.008593868464231491, 1.8932087421417236, 1.3904430866241455, 0.5476294755935669, 0.07397040724754333, 1.5640389919281006, 1.3957571983337402, 0.8345800638198853, 0.41583147644996643, 0.3640410304069519, 0.6936049461364746, 1.5261551141738892, 1.121291160583496, 1.195522665977478, 0.9749549627304077, 1.3360817432403564, 1.3005056381225586, 1.2062581777572632, 1.6716980934143066, 0.7179095149040222, 0.8082590699195862, 0.1886078119277954, 1.332076907157898, 0.6395500898361206, 0.11252422630786896, 0.3223733603954315, 1.3642090559005737, 0.4868663251399994, 0.40431755781173706, 0.710968017578125, 1.3588377237319946, 0.3830416202545166, 2.319579601287842, 1.3545225858688354, 2.020595073699951, 1.3270081281661987, 0.03867323324084282, 0.5702856183052063, 0.9913184642791748, 1.2169021368026733, 1.4253062009811401, 0.24339839816093445, 0.44886890053749084, -0.010083682835102081, 0.9768751263618469, 0.5155447721481323, 0.44916510581970215, 1.0836013555526733, 0.018045172095298767, 0.20148181915283203]"
idiom,"[6, 20, 6, 12, 19]",34,"[0.18969568610191345, 2.0064587593078613, 1.0263158082962036, 0.21148543059825897, 0.6928601264953613, 0.87772536277771, 0.3914874792098999, 0.8681771159172058, 1.3508297204971313, 0.28487515449523926, 0.0004450476262718439, 1.3544780015945435, 0.9082992076873779, 0.5418479442596436, -0.013158365152776241, 2.7665436267852783, 1.2998334169387817, 0.27977848052978516, 0.031841691583395004, 0.7422724962234497, 1.6001152992248535, 1.513756513595581, 0.4274904429912567, 0.21537049114704132, 0.12404178082942963, 1.1695845127105713, 0.4269545078277588, 1.1449666023254395, 0.23103374242782593, 0.6717509627342224, 1.3409156799316406, 0.7051626443862915, 1.3114017248153687, 0.3399021625518799, 0.1717289239168167, -0.08389661461114883, 2.1898298263549805, 0.9537566304206848, 0.12560510635375977, 0.5030642747879028, 2.2522332668304443, 0.3676798343658447, 0.439316987991333, 0.15242615342140198, 0.7544522285461426, 0.31910625100135803, 1.9469232559204102, 0.4768441319465637, 1.7464913129806519, 0.8139959573745728, 0.04601764678955078, 1.109076976776123, 1.2071560621261597, 1.207742691040039, 0.3866102993488312, 0.23018106818199158, 0.2532947063446045, 0.010528162121772766, 0.8820168375968933, 1.2991465330123901, 1.2050751447677612, 1.5593363046646118, 0.09327895939350128, 0.27082931995391846]"
literal,"[14, 6, 8, 4, 11, 2, 14]",34,"[0.5921644568443298, 1.368203043937683, 1.7054636478424072, 0.2784934937953949, 0.48473888635635376, 0.7233718037605286, 0.2975444793701172, 0.42830559611320496, 2.26177716255188, 0.13311249017715454, 0.0061194878071546555, 1.7760639190673828, 1.1503890752792358, 0.3080848753452301, 0.0007661627605557442, 3.483694314956665, 0.5592886805534363, 0.1117994636297226, 0.0008068624883890152, 0.8120551705360413, 2.5610713958740234, 1.919922947883606, 0.45893439650535583, 0.9586670398712158, 0.6961899399757385, 0.5108393430709839, 0.6329260468482971, 0.7880045175552368, 0.4663434624671936, 0.8463048934936523, 0.8203696608543396, 0.31385788321495056, 0.5442711114883423, 0.13788056373596191, 0.4025697410106659, -0.06936617940664291, 2.7777626514434814, 1.0511879920959473, 0.35796263813972473, 0.4468260407447815, 2.673126220703125, 0.0926588699221611, 1.0372769832611084, 0.41901060938835144, 0.6872368454933167, 0.15783579647541046, 1.4667130708694458, 0.5132225155830383, 1.474743366241455, 0.6384798288345337, 0.10372178256511688, 0.43947577476501465, 0.4454716742038727, 1.1439405679702759, 0.33652976155281067, 0.800023078918457, 0.08258648216724396, -0.012929851189255714, 0.9293337464332581, 1.2803919315338135, 0.8293705582618713, 0.9404647350311279, 0.14197665452957153, 0.47920501232147217]"
metaphor,"[19, 4, 8, 2, 3, 9, 12, 11]",34,"[0.518235445022583, 2.5636911392211914, 1.016766905784607, 0.10885104537010193, 1.02186119556427, 1.3463386297225952, 0.5685534477233887, 1.206499695777893, 1.0701112747192383, 0.23625487089157104, 0.0014066870789974928, 1.4170656204223633, 1.163442850112915, 0.986342191696167, -0.006577508989721537, 2.6402342319488525, 1.552608847618103, 0.47010430693626404, 0.03364044427871704, 1.2758491039276123, 1.405821681022644, 1.3964097499847412, 0.6030312180519104, 0.3583785593509674, 0.398554265499115, 1.2928593158721924, 0.6810449361801147, 1.7055432796478271, 0.6770058870315552, 1.0683094263076782, 2.059013605117798, 0.5246875882148743, 1.3793455362319946, 0.5326814651489258, 0.5691563487052917, 0.09603875875473022, 2.0099658966064453, 1.3793489933013916, -0.010084420442581177, 0.3303806185722351, 1.7894396781921387, 0.430529922246933, 0.3486887216567993, 0.33009517192840576, 1.110949993133545, 0.5314778685569763, 2.571889877319336, 0.572141170501709, 2.385993719100952, 1.028407096862793, 0.007269024848937988, 1.2682610750198364, 1.4527499675750732, 1.8717753887176514, 0.5939011573791504, 0.26146215200424194, 0.3968281149864197, 0.036424536257982254, 1.421863317489624, 1.316192865371704, 1.1784029006958008, 2.0721075534820557, 0.03131242096424103, 0.2549777626991272]"
multiple-meaning word,"[19, 13, 14, 8, 6, 3, 14, 4, 30, 19, 4, 2, 5, 6, 5, 17, 31, 26, 12, 11, 20]",34,"[1.3818309307098389, 2.901198148727417, -0.2810910642147064, 0.036517154425382614, 1.3375792503356934, 3.489823818206787, 2.1907927989959717, 1.8307362794876099, -0.4538559913635254, 0.36753106117248535, -0.05384370684623718, -0.1958242654800415, 0.844822883605957, 2.648513078689575, 0.009499689564108849, -0.4257502257823944, 1.271157145500183, 2.0246453285217285, 0.09588572382926941, 3.450798988342285, -0.36641302704811096, -0.13369789719581604, 1.4406416416168213, 1.1178773641586304, 1.951431393623352, 1.1150308847427368, 1.9477890729904175, 2.6138179302215576, 2.9979171752929688, 2.6107089519500732, 3.1047260761260986, 0.08889707922935486, 1.0928584337234497, 2.379662275314331, 2.520138740539551, 1.3694475889205933, -0.4829103946685791, 1.245407223701477, -0.1248197853565216, -0.1447603702545166, -0.46738776564598083, 0.6355872750282288, 0.5585552453994751, 1.2410725355148315, 2.442455291748047, 1.5517109632492065, 2.947577953338623, 1.7485638856887817, 2.914885997772217, 1.7199138402938843, -0.01437719538807869, 0.4013988971710205, 1.1926093101501465, 2.378727912902832, 2.7694485187530518, 0.964834451675415, 0.8326091766357422, -0.005896491929888725, 2.2620766162872314, 0.15942969918251038, -0.07596367597579956, 1.3656622171401978, 0.05490005016326904, 0.6459084749221802]"
nonliteral,"[5, 12, 5, 14, 6, 8, 4, 11, 2, 14]",34,"[0.577732503414154, 1.7706656455993652, 1.6244851350784302, 0.2300616055727005, 0.5611758232116699, 0.9579980969429016, 0.4344167113304138, 0.6491979956626892, 2.094548225402832, 0.18523907661437988, 0.006992681883275509, 1.751065969467163, 1.1967344284057617, 0.4740155041217804, 0.0031066657975316048, 3.435086488723755, 0.7893149852752686, 0.2293698787689209, 0.01739915832877159, 1.0020923614501953, 2.457059144973755, 1.872987985610962, 0.4927634298801422, 0.8203520774841309, 0.706630289554596, 0.7728607654571533, 0.7074303030967712, 0.998079776763916, 0.5741605758666992, 0.9878877997398376, 1.0967575311660767, 0.42155277729034424, 0.8104666471481323, 0.30206963419914246, 0.5097941756248474, -0.04498466104269028, 2.7127773761749268, 1.1007472276687622, 0.2848941683769226, 0.44542333483695984, 2.5872881412506104, 0.1674567461013794, 0.8810712695121765, 0.4706924557685852, 0.8800246119499207, 0.27068737149238586, 1.8246454000473022, 0.6862723231315613, 1.7733708620071411, 0.846553385257721, 0.09650313854217529, 0.6064096689224243, 0.6920920014381409, 1.3080836534500122, 0.5401710867881775, 0.6626905202865601, 0.15436187386512756, -0.01879679411649704, 1.0568586587905884, 1.2665317058563232, 0.8488364219665527, 1.1429622173309326, 0.1132872998714447, 0.41313132643699646]"
onomatopoeia,"[12, 5, 12, 19, 2, 8, 12, 3, 12, 4, 6, 2]",34,"[0.8809719085693359, 2.82655930519104, 0.6346046924591064, 0.16043603420257568, 1.236649990081787, 1.9487744569778442, 1.029823899269104, 1.4857840538024902, 0.6827605366706848, 0.16857805848121643, -0.019421247765421867, 1.0891715288162231, 1.079388976097107, 1.6800026893615723, -0.004999291151762009, 1.8371293544769287, 1.4760558605194092, 0.9109841585159302, 0.07063265889883041, 1.916050910949707, 0.8526535034179688, 1.046861171722412, 0.9568302631378174, 0.6088879704475403, 0.7552945613861084, 1.173095464706421, 0.9804035425186157, 2.1286706924438477, 1.385109782218933, 1.4558082818984985, 2.536304235458374, 0.3381887972354889, 1.2602944374084473, 1.0936439037322998, 1.1948738098144531, 0.4304395020008087, 1.4107072353363037, 1.495118260383606, -0.10369965434074402, 0.21678993105888367, 1.2931032180786133, 0.48870354890823364, 0.3666810393333435, 0.47962552309036255, 1.4986681938171387, 0.9314432144165039, 2.728672504425049, 0.7945407629013062, 2.621377944946289, 1.2188446521759033, 0.013611484318971634, 1.2055538892745972, 1.531218409538269, 2.142324447631836, 1.140554666519165, 0.4936966896057129, 0.5163459181785583, -0.02736714482307434, 1.704629898071289, 1.1259827613830566, 0.9474790692329407, 2.0894458293914795, 0.08168599009513855, 0.43098756670951843]"
personification,"[3, 4, 11, 7, 12, 5, 6, 22, 6, 18, 2, 8, 6, 12, 5]",34,"[0.4724050462245941, 3.469212293624878, 0.6824814677238464, 0.04811226949095726, 1.025877833366394, 2.011662483215332, 1.0903133153915405, 1.6523168087005615, 0.6348915696144104, 0.48615771532058716, 0.002439840929582715, 1.0080692768096924, 1.1357688903808594, 1.4591071605682373, -0.003967564553022385, 1.8662832975387573, 2.0950160026550293, 0.8968673944473267, 0.10230264067649841, 2.0042967796325684, 0.863593339920044, 0.9492768049240112, 0.6175496578216553, 0.13295745849609375, 0.5228214859962463, 1.9038217067718506, 1.1495397090911865, 2.141843795776367, 1.1773182153701782, 1.5569219589233398, 2.5606462955474854, 0.9336556196212769, 1.986520767211914, 1.031785011291504, 0.9822550415992737, 0.027888629585504532, 1.368717908859253, 1.256885051727295, -0.07604801654815674, 0.21056731045246124, 1.144014596939087, 0.7360783219337463, 0.01399289071559906, 0.5574237108230591, 1.7449508905410767, 0.8504763841629028, 3.3580238819122314, 1.1852830648422241, 3.0001955032348633, 1.647119164466858, 0.005720661953091621, 1.2857431173324585, 1.883724331855774, 2.129347085952759, 1.3179508447647095, 0.043667733669281006, 0.7698078155517578, -0.0034679248929023743, 1.626900553703308, 0.9185758233070374, 0.8571664690971375, 2.2400009632110596, 0.01878143846988678, 0.11793801188468933]"
preposition,"[3, 11, 4, 3, 12, 7, 6, 8, 6, 12, 5]",34,"[0.34218502044677734, 3.30793833732605, 0.539604902267456, 0.0281396321952343, 0.8007131814956665, 2.1490020751953125, 1.3654358386993408, 1.5081502199172974, 0.5735986828804016, 0.6747815608978271, 0.014061275869607925, 0.6864173412322998, 0.9516510963439941, 1.427309513092041, -0.006079822778701782, 1.2596657276153564, 1.959790825843811, 1.0241016149520874, 0.11854560673236847, 2.133960485458374, 0.7334798574447632, 0.5818243026733398, 0.5988395810127258, 0.09250674396753311, 0.6118080615997314, 1.900146245956421, 1.3633708953857422, 1.9378827810287476, 1.3517566919326782, 1.6151139736175537, 2.255023956298828, 1.0942813158035278, 1.9682068824768066, 1.2508862018585205, 1.1098275184631348, 0.04149431735277176, 0.8904261589050293, 0.8874589204788208, 0.011739373207092285, 0.24010097980499268, 0.8391764163970947, 0.7747483253479004, 0.055325403809547424, 0.68403160572052, 1.8702281713485718, 0.8603243231773376, 3.1246426105499268, 1.4582055807113647, 2.7612223625183105, 1.7523419857025146, 0.013126000761985779, 0.9210023283958435, 1.6751450300216675, 1.7591344118118286, 1.697904109954834, -0.024575725197792053, 0.8531630039215088, -0.01739957556128502, 1.3694894313812256, 0.48310378193855286, 0.4625402092933655, 1.742184042930603, 0.007495839148759842, 0.1047946959733963]"
pronoun,"[3, 11, 12, 5, 12, 13, 5]",34,"[0.4455621838569641, 2.6732189655303955, 0.19046257436275482, -0.04932728782296181, 0.8711614012718201, 1.6766256093978882, 1.0858620405197144, 1.2885017395019531, 0.0410541370511055, 0.36633583903312683, -0.006495995447039604, 0.5481166839599609, 0.8811372518539429, 1.2818547487258911, 0.0032538902014493942, 0.7410650253295898, 1.4622246026992798, 0.8119614124298096, 0.10198675096035004, 1.7305941581726074, 0.20851892232894897, 0.4124864935874939, 0.5664789080619812, 0.1122787594795227, 0.49865588545799255, 1.399196743965149, 0.9925647377967834, 1.766236662864685, 1.1733450889587402, 1.2552897930145264, 2.1416268348693848, 0.6207482814788818, 1.4285430908203125, 0.9541282057762146, 0.8930640816688538, 0.16851288080215454, 0.569270670413971, 1.011139154434204, 0.023328080773353577, 0.12539687752723694, 0.505684494972229, 0.5755117535591125, 0.03996047377586365, 0.44127315282821655, 1.5332247018814087, 0.6566532850265503, 2.4834444522857666, 0.9867215156555176, 2.2676117420196533, 1.225829005241394, -0.03389940783381462, 0.9290239214897156, 1.4497920274734497, 1.7760422229766846, 1.2021656036376953, 0.09102149307727814, 0.5985624194145203, -0.017109012231230736, 1.3039637804031372, 0.6119951605796814, 0.5702030658721924, 1.7062171697616577, -0.019926540553569794, 0.14672808349132538]"
simile,"[7, 6, 19, 6, 14, 4]",34,"[0.537770688533783, 0.8758124709129333, 2.2035951614379883, 0.3804664611816406, 0.3013574779033661, 0.3986018896102905, 0.09331534057855606, 0.009426616132259369, 3.0215084552764893, 0.20476382970809937, 0.036397505551576614, 2.0665369033813477, 1.0217909812927246, 0.017719760537147522, -0.0016630711033940315, 4.300450801849365, 0.18529190123081207, -0.095528244972229, -0.02096891775727272, 0.5467730760574341, 3.392669916152954, 2.343895673751831, 0.4235468804836273, 1.223143458366394, 0.8151714205741882, 0.343569815158844, 0.5512611865997314, 0.34734371304512024, 0.3099849224090576, 0.7150669097900391, 0.2604405879974365, 0.4703255891799927, 0.3868054747581482, -0.033694684505462646, 0.35913166403770447, 0.024264462292194366, 3.44423770904541, 0.8523883819580078, 0.5081329345703125, 0.6069135069847107, 3.5045413970947266, -0.05458251014351845, 1.4012088775634766, 0.4744430482387543, 0.4447701573371887, -0.04482938349246979, 1.033817172050476, 0.6384677886962891, 1.0333542823791504, 0.46562933921813965, 0.16190655529499054, 0.3316035270690918, 0.13207077980041504, 0.7327914237976074, 0.4521653652191162, 0.9960730671882629, -0.0976778119802475, -0.0021735988557338715, 0.5687423348426819, 1.4040876626968384, 0.9200091361999512, 0.4781419634819031, 0.17893140017986298, 0.6477748155593872]"
adaptation,"[2, 20, 2, 3, 8, 2, 8, 6, 12, 5]",34,"[0.3752826452255249, 2.740111827850342, 0.9598373174667358, 0.09094268083572388, 0.7794540524482727, 1.5019900798797607, 0.7647162079811096, 1.159754991531372, 1.0623772144317627, 0.4111197590827942, 0.005460633430629969, 1.2349539995193481, 1.148025631904602, 0.9603340029716492, -0.006379750091582537, 2.3429105281829834, 1.653472661972046, 0.5709871649742126, 0.07169614732265472, 1.4152110815048218, 1.27305269241333, 1.2452101707458496, 0.49263995885849, 0.2661634087562561, 0.4467770457267761, 1.4642547369003296, 0.8693197965621948, 1.6247937679290771, 0.7581226825714111, 1.2019023895263672, 1.8937795162200928, 0.7901984453201294, 1.6048383712768555, 0.6742321252822876, 0.6342100501060486, -0.01489635556936264, 1.818873643875122, 1.1794345378875732, 0.052756063640117645, 0.3443107008934021, 1.6648536920547485, 0.5131568908691406, 0.26656174659729004, 0.44401806592941284, 1.2890944480895996, 0.5372796654701233, 2.679877281188965, 0.8923422694206238, 2.4082186222076416, 1.2659324407577515, 0.01518782414495945, 1.0621974468231201, 1.4790560007095337, 1.7003891468048096, 0.8931283354759216, 0.14953772723674774, 0.5063649415969849, -0.015274381265044212, 1.2605466842651367, 1.0306135416030884, 0.9431458115577698, 1.8331186771392822, 0.041758470237255096, 0.12485095858573914]"
area,"[2, 11, 4, 2]",34,"[0.9155478477478027, 1.716632604598999, 1.5272067785263062, -0.054971352219581604, 0.17537936568260193, 1.34068763256073, 0.6230140328407288, 0.283932626247406, 1.25389564037323, 0.20359990000724792, 0.017870493233203888, 1.3714414834976196, 1.671753168106079, 0.4313146471977234, -0.008493166416883469, 2.179762125015259, 0.41149377822875977, 0.11038750410079956, 0.030785363167524338, 1.6206083297729492, 1.7726869583129883, 1.1320804357528687, 0.26415514945983887, 1.1180166006088257, 1.3953802585601807, 0.44504687190055847, 1.5237164497375488, 1.0582627058029175, 1.150397539138794, 1.743142008781433, 0.9273402094841003, 0.3640075623989105, 0.5903786420822144, 0.2857108414173126, 1.0559160709381104, 0.026080265641212463, 1.7571749687194824, 1.2987436056137085, 0.17116707563400269, 0.06969776004552841, 1.0008600950241089, -0.011892925947904587, 0.6636214852333069, 1.1053948402404785, 1.3268108367919922, 0.03528423607349396, 2.1165707111358643, 1.3310974836349487, 2.170496940612793, 1.0385265350341797, 0.0064800456166267395, -0.12132035195827484, 0.20439058542251587, 1.6711499691009521, 1.1150672435760498, 0.7256307601928711, 0.02103034034371376, -0.006086980924010277, 1.3531434535980225, 0.5661963224411011, 0.12558235228061676, 0.8411435484886169, -0.045556679368019104, 0.1794133484363556]"
climate,"[18, 14, 6, 19, 2, 8, 4]",34,"[0.3368189334869385, 2.399343967437744, 0.9828584790229797, 0.0846097469329834, 0.5877126455307007, 1.2814157009124756, 0.6335847973823547, 1.0007108449935913, 1.0778766870498657, 0.422618567943573, 0.015830060467123985, 1.1219868659973145, 0.988430380821228, 0.8054419755935669, 0.00435042567551136, 2.123169183731079, 1.4622091054916382, 0.5321273803710938, 0.0488724485039711, 1.2355636358261108, 1.375301480293274, 1.0819340944290161, 0.4278280436992645, 0.2851252555847168, 0.45155757665634155, 1.3884143829345703, 0.776961624622345, 1.3600422143936157, 0.6643697023391724, 1.069057822227478, 1.5305472612380981, 0.8838763236999512, 1.5363165140151978, 0.5454122424125671, 0.5981248617172241, 0.025663703680038452, 1.5766481161117554, 0.8870964646339417, 0.060350291430950165, 0.3207734227180481, 1.5416358709335327, 0.46480053663253784, 0.2679063677787781, 0.45440831780433655, 1.0971356630325317, 0.4954242408275604, 2.3598554134368896, 0.8739257454872131, 2.094604730606079, 1.2067655324935913, 0.05509985238313675, 0.867224931716919, 1.2241114377975464, 1.391321063041687, 0.8260510563850403, 0.18548773229122162, 0.41297540068626404, -0.007654940709471703, 1.1108790636062622, 0.7315006256103516, 0.6836910843849182, 1.4754060506820679, 0.04016336053609848, 0.11737406253814697]"
demand,"[20, 4, 19, 2, 5, 20]",34,"[0.5874029994010925, 1.7774407863616943, 0.9031956791877747, 0.13566014170646667, 0.7679663300514221, 1.013886570930481, 0.4903203547000885, 0.800760805606842, 1.120441198348999, 0.04294905811548233, -0.01326409075409174, 1.279536247253418, 1.0307377576828003, 0.7980408668518066, -0.005496498197317123, 2.3226115703582764, 0.7699499130249023, 0.3612217605113983, 0.0389830507338047, 1.013031005859375, 1.4008339643478394, 1.3437281847000122, 0.5685338973999023, 0.6120559573173523, 0.5600584149360657, 0.6817511320114136, 0.639154314994812, 1.29366135597229, 0.6712338924407959, 0.9066879153251648, 1.5249661207199097, 0.1888113170862198, 0.7367911338806152, 0.46271762251853943, 0.5746172666549683, 0.14338254928588867, 1.854201078414917, 1.2285220623016357, 0.19482821226119995, 0.3186303973197937, 1.7568477392196655, 0.14766055345535278, 0.5607362389564514, 0.279779851436615, 0.8794111609458923, 0.4385785162448883, 1.7069523334503174, 0.4733595848083496, 1.6867666244506836, 0.711193859577179, 0.038798168301582336, 0.7892970442771912, 0.9186092615127563, 1.5253057479858398, 0.4873676598072052, 0.5198370218276978, 0.14766980707645416, -0.011860091239213943, 1.1410925388336182, 1.1972119808197021, 0.9578132033348083, 1.4274506568908691, 0.06157941371202469, 0.3911680281162262]"
denominator,"[20, 4, 5, 12, 19, 6, 5, 2, 8, 12, 11]",34,"[0.6526468992233276, 1.6448942422866821, 1.8676762580871582, 0.45610949397087097, 1.0358550548553467, 0.582349419593811, 0.020310930907726288, 0.7140052318572998, 2.4800426959991455, -0.057646334171295166, -0.0057634152472019196, 2.419257640838623, 1.2886615991592407, 0.46136581897735596, -0.010244423523545265, 4.734122276306152, 0.8239446878433228, -0.024940356612205505, -0.00966857373714447, 0.4888400137424469, 2.8958187103271484, 2.757300615310669, 0.7119351625442505, 0.8942482471466064, 0.36534973978996277, 0.5641160011291504, 0.22613640129566193, 1.161400556564331, 0.1782282590866089, 0.6155776381492615, 1.4359229803085327, 0.14530843496322632, 0.649686336517334, 0.05553425848484039, 0.19415408372879028, -0.05399324744939804, 3.8451361656188965, 1.6363320350646973, 0.1309778243303299, 0.5738295316696167, 3.6857311725616455, 0.07671353220939636, 1.021078109741211, 0.10747388005256653, 0.5313192009925842, 0.23139089345932007, 1.6990705728530884, 0.05819104611873627, 1.7005449533462524, 0.4437696933746338, 0.08567215502262115, 1.2432137727737427, 0.9633061289787292, 1.6016981601715088, -0.09986718744039536, 0.8060722351074219, 0.025805402547121048, 0.014194924384355545, 1.1552873849868774, 2.2412281036376953, 1.7654662132263184, 1.844997763633728, 0.24001625180244446, 0.7211698889732361]"
ecosystem,"[4, 18, 12, 7, 21, 7, 8, 4, 19]",34,"[0.377813458442688, 2.3541884422302246, 1.265129566192627, 0.1596948355436325, 0.6266348361968994, 1.306692123413086, 0.6753923892974854, 0.8799376487731934, 1.5915483236312866, 0.5218242406845093, 0.0302474033087492, 1.336995005607605, 1.0341148376464844, 0.7448552846908569, 0.0009092339314520359, 2.853029727935791, 1.3508635759353638, 0.44909006357192993, 0.03953050822019577, 1.2994357347488403, 1.9336507320404053, 1.3509248495101929, 0.5157259702682495, 0.47010648250579834, 0.5854670405387878, 1.3768929243087769, 0.861721396446228, 1.2709147930145264, 0.7212022542953491, 1.1922541856765747, 1.4992784261703491, 0.950607419013977, 1.509185552597046, 0.5563423037528992, 0.6554555296897888, 0.1192702129483223, 2.0256266593933105, 0.9436082243919373, 0.11650879681110382, 0.40861833095550537, 2.0460758209228516, 0.3800969123840332, 0.47053253650665283, 0.5399378538131714, 1.124418020248413, 0.4678497314453125, 2.336766481399536, 0.9952449798583984, 2.076022148132324, 1.2101150751113892, 0.07347142696380615, 0.8132510185241699, 1.1049779653549194, 1.3371984958648682, 0.9317297339439392, 0.34738409519195557, 0.34087467193603516, 0.006898321211338043, 1.0848454236984253, 0.8676202893257141, 0.8134709000587463, 1.3707749843597412, 0.06738919764757156, 0.2828950583934784]"
environment,"[4, 5, 28, 6, 11, 12, 5, 19, 4, 5, 8]",34,"[1.1831965446472168, 2.3793294429779053, 0.568000316619873, 0.022843804210424423, 0.921109676361084, 2.0326733589172363, 1.0756490230560303, 1.107879877090454, 0.26560449600219727, -0.050804391503334045, -0.03838172182440758, 0.9044458866119385, 1.4005450010299683, 1.525212049484253, -0.0014999047853052616, 1.2123548984527588, 0.6975904703140259, 0.8041771650314331, 0.0677274763584137, 2.1662909984588623, 0.6126806139945984, 0.7319942712783813, 0.7893806099891663, 0.9489425420761108, 1.3302327394485474, 0.5345093011856079, 1.4037798643112183, 1.983697533607483, 1.7546330690383911, 1.8094974756240845, 2.186908721923828, -0.08834332227706909, 0.5911743640899658, 0.9898954033851624, 1.5545927286148071, 0.3803471624851227, 0.9338536262512207, 1.6741390228271484, -0.08690442144870758, 0.030925825238227844, 0.5887566804885864, 0.12585923075675964, 0.35965651273727417, 0.8812962770462036, 1.6190390586853027, 0.7252039909362793, 2.5130932331085205, 1.004891037940979, 2.5759124755859375, 1.1741677522659302, -0.0018244162201881409, 0.530850350856781, 0.8967353701591492, 2.346003532409668, 1.2695176601409912, 0.7451231479644775, 0.21857242286205292, -0.012639062479138374, 1.8830692768096924, 0.7467454075813293, 0.3746024966239929, 1.582431435585022, 0.022719740867614746, 0.39319854974746704]"
factor,"[22, 2, 18, 8, 12, 11]",34,"[0.47092124819755554, 2.2092204093933105, 0.7269048094749451, 0.0946386307477951, 0.7425523996353149, 1.4879038333892822, 0.8542624115943909, 1.0602136850357056, 0.868054211139679, 0.39796167612075806, 0.008331957273185253, 0.8160176277160645, 0.8555994033813477, 1.078859567642212, -0.008179862052202225, 1.694883942604065, 1.2892794609069824, 0.6905320882797241, 0.06288918852806091, 1.5378614664077759, 1.025646448135376, 0.8789575099945068, 0.6181005239486694, 0.4286644458770752, 0.5566697120666504, 1.1905505657196045, 0.9298195838928223, 1.4467734098434448, 0.9484190940856934, 1.1863720417022705, 1.6827906370162964, 0.7166690230369568, 1.3528739213943481, 0.8209077715873718, 0.8544918894767761, 0.2431926429271698, 1.2015812397003174, 0.8927291035652161, 0.03150419890880585, 0.2020369917154312, 1.1180955171585083, 0.47891685366630554, 0.37946832180023193, 0.5455344915390015, 1.2637592554092407, 0.6186622381210327, 2.19602108001709, 0.8672964572906494, 1.9781765937805176, 1.1796869039535522, 0.04542935639619827, 0.7320816516876221, 1.1217775344848633, 1.4901816844940186, 1.068968415260315, 0.3262677788734436, 0.528089165687561, 0.010330695658922195, 1.150645136833191, 0.7335122227668762, 0.5695384740829468, 1.32264244556427, 0.029220931231975555, 0.28410962224006653]"
fraction,"[22, 11, 2, 18, 8, 6, 12, 5]",34,"[0.2677572965621948, 2.5064857006073, 0.7908530831336975, 0.07341139018535614, 0.6460527181625366, 1.5304871797561646, 0.9475191831588745, 1.0834264755249023, 0.9497641921043396, 0.5822588801383972, 0.02866758033633232, 0.8061310052871704, 0.7930688858032227, 0.9877111911773682, -0.00813676044344902, 1.757219910621643, 1.6022285223007202, 0.6799464225769043, 0.0836152508854866, 1.5537338256835938, 1.061671257019043, 0.8323976993560791, 0.49551889300346375, 0.21023474633693695, 0.4942694902420044, 1.5945459604263306, 1.0036455392837524, 1.3576759099960327, 0.9168004989624023, 1.270009160041809, 1.6391608715057373, 1.0602046251296997, 1.7232624292373657, 0.8412860035896301, 0.7468822598457336, 0.15433934330940247, 1.206747055053711, 0.7115812301635742, 0.07148168236017227, 0.24646687507629395, 1.206984043121338, 0.6062554121017456, 0.2557718753814697, 0.5479863882064819, 1.3623920679092407, 0.5774723887443542, 2.448451042175293, 1.1684550046920776, 2.131331443786621, 1.3635239601135254, 0.03426394611597061, 0.7791171073913574, 1.269785761833191, 1.3360862731933594, 1.2664685249328613, 0.11265930533409119, 0.585669994354248, -0.003690030425786972, 1.0648335218429565, 0.5805941224098206, 0.5489493012428284, 1.3623205423355103, 0.01224624365568161, 0.15545998513698578]"
goods,"[17, 12, 12, 20, 7]",34,"[0.543318510055542, 1.729801058769226, 0.7282232642173767, 0.07477910816669464, 0.7349689602851868, 1.1672102212905884, 0.6794731020927429, 0.7368109822273254, 0.8395705223083496, 0.2224891483783722, 0.0007558469660580158, 0.9329879283905029, 0.892894983291626, 0.8337863087654114, -0.007196459453552961, 1.749146580696106, 0.8168904781341553, 0.42430180311203003, 0.04281124472618103, 1.252767562866211, 1.0571825504302979, 0.9075636863708496, 0.5435543060302734, 0.5948513746261597, 0.6957088708877563, 0.7548285722732544, 0.822932243347168, 1.210767388343811, 0.9075411558151245, 1.054652452468872, 1.4436300992965698, 0.3703259825706482, 0.8189386129379272, 0.5803543329238892, 0.7157328724861145, 0.3842364251613617, 1.3384612798690796, 1.024330735206604, 0.1226196140050888, 0.25677791237831116, 1.2027931213378906, 0.18196657299995422, 0.5081919431686401, 0.4166831374168396, 0.9972316026687622, 0.35972467064857483, 1.6941287517547607, 0.7151076793670654, 1.7277839183807373, 0.7962064146995544, 0.021782997995615005, 0.6052708029747009, 0.8155869245529175, 1.3853070735931396, 0.8357647061347961, 0.48959988355636597, 0.163980633020401, -0.001383259892463684, 1.0854249000549316, 0.8596038818359375, 0.6968303918838501, 1.1857552528381348, 0.014943808317184448, 0.34485727548599243]"
government,"[17, 12, 28, 4, 11, 5, 19, 4, 5, 8]",34,"[0.9540611505508423, 2.288407564163208, 0.45296502113342285, 0.032771069556474686, 0.988124668598175, 1.7702070474624634, 0.9763281345367432, 1.11598539352417, 0.31616073846817017, 0.06692101061344147, -0.01913675293326378, 0.8565977811813354, 1.1560359001159668, 1.4334580898284912, 0.00019029062241315842, 1.2819534540176392, 0.9089839458465576, 0.7560405731201172, 0.05823046341538429, 1.8670791387557983, 0.6172494292259216, 0.7563354969024658, 0.7722262144088745, 0.7733051776885986, 1.016094446182251, 0.7001227140426636, 1.1230043172836304, 1.8628112077713013, 1.454668641090393, 1.4830970764160156, 2.1419739723205566, 0.08001372218132019, 0.7575403451919556, 0.9270727634429932, 1.2741634845733643, 0.4178207516670227, 1.0001071691513062, 1.4533560276031494, -0.011592015624046326, 0.09576535224914551, 0.7967096567153931, 0.21994942426681519, 0.3899703025817871, 0.6320902109146118, 1.4488505125045776, 0.6874472498893738, 2.336789131164551, 0.859531044960022, 2.3066585063934326, 1.0221283435821533, 0.0017978772521018982, 0.649457573890686, 1.0297449827194214, 2.0969431400299072, 1.1361123323440552, 0.611754834651947, 0.29776185750961304, 0.01584021747112274, 1.6572729349136353, 0.8574157953262329, 0.5794090628623962, 1.6000206470489502, 0.023825816810131073, 0.40832674503326416]"
inherit,"[6, 5, 9, 4, 11, 6, 8]",34,"[0.40773430466651917, 1.7419869899749756, 1.239768147468567, 0.08173482120037079, 0.4530888795852661, 0.9207497835159302, 0.4164109528064728, 0.6017963290214539, 1.368194341659546, 0.2678523361682892, 0.018963133916258812, 1.342980146408081, 1.1041449308395386, 0.43955492973327637, -0.005447824951261282, 2.6118078231811523, 0.9366575479507446, 0.17590096592903137, 0.021952785551548004, 0.9573116898536682, 1.7512232065200806, 1.3680403232574463, 0.32606425881385803, 0.5298338532447815, 0.5306909084320068, 0.8929293155670166, 0.7349549531936646, 0.9883038997650146, 0.49007490277290344, 0.936745822429657, 1.0436099767684937, 0.5826374888420105, 1.0050570964813232, 0.25027701258659363, 0.44464996457099915, -0.035064101219177246, 2.0064544677734375, 0.9976511597633362, 0.1453668773174286, 0.35082486271858215, 1.8336690664291382, 0.2047109752893448, 0.5157331228256226, 0.4712321162223816, 0.8612204790115356, 0.19375263154506683, 1.882934808731079, 0.7280622720718384, 1.741634488105774, 0.8825618028640747, 0.04872271791100502, 0.5763747692108154, 0.7881050109863281, 1.2582592964172363, 0.5798104405403137, 0.37101036310195923, 0.15018464624881744, 0.017582550644874573, 0.9789301753044128, 0.9503756761550903, 0.7361543774604797, 1.1433990001678467, 0.026019051671028137, 0.19915905594825745]"
law,"[14, 2, 26]",34,"[0.645971953868866, 1.359749674797058, 1.4710705280303955, 0.04556620493531227, 0.3114120364189148, 0.7997941374778748, 0.3287051022052765, 0.29514846205711365, 1.4407302141189575, 0.17869165539741516, 0.011839274317026138, 1.4664632081985474, 1.3098719120025635, 0.21766524016857147, 0.001605713739991188, 2.6565842628479004, 0.5478852987289429, 0.02395246922969818, 0.0013395361602306366, 0.9340567588806152, 1.9135714769363403, 1.403587818145752, 0.2582293152809143, 0.8513796329498291, 0.8607510924339294, 0.49212801456451416, 0.8694213032722473, 0.8195055723190308, 0.6069562435150146, 1.0190118551254272, 0.7651926279067993, 0.36408674716949463, 0.5742098093032837, 0.07756512612104416, 0.5595763921737671, -0.01567935198545456, 2.075425624847412, 1.1294660568237305, 0.18812091648578644, 0.2333672046661377, 1.5904916524887085, 0.0724540650844574, 0.6406375169754028, 0.6240283250808716, 0.7786577343940735, -0.002184113021939993, 1.5709747076034546, 0.7011056542396545, 1.5745779275894165, 0.7352708578109741, 0.03476773947477341, 0.24566617608070374, 0.3571784794330597, 1.2980539798736572, 0.4984067976474762, 0.6308931112289429, 0.05959492549300194, 0.003954313695430756, 1.024864912033081, 0.8473934531211853, 0.5270520448684692, 0.8691607713699341, 0.002215355634689331, 0.2483469545841217]"
leader,"[14, 4, 2, 20, 4, 11]",34,"[0.6221373081207275, 2.099350690841675, 1.3223367929458618, 0.03433714434504509, 0.3838513493537903, 1.2992215156555176, 0.6309211850166321, 0.6053196787834167, 1.21371328830719, 0.3336995542049408, 0.017575832083821297, 1.3004264831542969, 1.3982622623443604, 0.5689161419868469, -0.0032322481274604797, 2.290165662765503, 0.9224618673324585, 0.23177073895931244, 0.04168461263179779, 1.495794653892517, 1.6512333154678345, 1.1749203205108643, 0.2858637571334839, 0.7375893592834473, 0.965219259262085, 0.8995436429977417, 1.205899953842163, 1.1827170848846436, 0.9242660999298096, 1.4746671915054321, 1.2475405931472778, 0.5747812986373901, 1.0316826105117798, 0.3884216547012329, 0.8134190440177917, 0.06356904655694962, 1.742781162261963, 1.1607426404953003, 0.1436835378408432, 0.2021220624446869, 1.229487657546997, 0.13879583775997162, 0.4583168923854828, 0.7677240371704102, 1.222303032875061, 0.20494027435779572, 2.2772693634033203, 1.1263933181762695, 2.280336856842041, 1.1000055074691772, 0.010338999330997467, 0.29058900475502014, 0.6707749962806702, 1.5813926458358765, 0.9813390374183655, 0.49199002981185913, 0.15488547086715698, -0.00024285539984703064, 1.2830796241760254, 0.7050817608833313, 0.45202380418777466, 1.1867623329162598, -0.007530108094215393, 0.17433208227157593]"
multiple,"[19, 13, 14, 8, 6, 3, 14, 4]",34,"[0.6023116111755371, 1.7011483907699585, 1.0309653282165527, 0.176143079996109, 0.5866321325302124, 1.3640564680099487, 0.8813431262969971, 0.725346565246582, 1.3396284580230713, 0.36068031191825867, 0.019938187673687935, 0.9919543266296387, 0.8327385187149048, 0.8795115947723389, 0.0026939259842038155, 1.8693912029266357, 0.7965353727340698, 0.614193320274353, 0.04002435877919197, 1.490485429763794, 1.5728405714035034, 0.9903280735015869, 0.6090953946113586, 0.7566592693328857, 0.949506402015686, 0.8782540559768677, 1.0796260833740234, 1.0663414001464844, 1.1369926929473877, 1.260384202003479, 1.1763379573822021, 0.5476942658424377, 0.9469201564788818, 0.7839823961257935, 0.9360742568969727, 0.35262224078178406, 1.4450328350067139, 0.7273142337799072, 0.19309228658676147, 0.27082014083862305, 1.5123798847198486, 0.2848386764526367, 0.7399247884750366, 0.6490185260772705, 1.1858099699020386, 0.5025523900985718, 1.7621461153030396, 1.051153540611267, 1.7153856754302979, 1.024760365486145, 0.08012567460536957, 0.35304364562034607, 0.6397442817687988, 1.1502618789672852, 1.2876689434051514, 0.6083700060844421, 0.275357186794281, -0.013830935582518578, 1.0208841562271118, 0.5709699392318726, 0.32789313793182373, 0.7569975852966309, 0.0730111375451088, 0.45092758536338806]"
numerator,"[5, 13, 19, 4, 11, 2, 8, 12, 11]",34,"[0.366529256105423, 1.6779757738113403, 1.5283982753753662, 0.3222050070762634, 0.8083034753799438, 0.7028628587722778, 0.2765927016735077, 0.7795972228050232, 2.1036789417266846, 0.20465585589408875, 0.00019875820726156235, 1.7440378665924072, 0.9221607446670532, 0.43910643458366394, -8.784700185060501e-06, 3.7310173511505127, 1.088485598564148, 0.17761839926242828, 0.009571129456162453, 0.6233608722686768, 2.370638608932495, 1.9814445972442627, 0.5478770732879639, 0.5366697311401367, 0.24772490561008453, 0.9732955694198608, 0.3455064296722412, 0.9900752305984497, 0.18290187418460846, 0.5777793526649475, 1.2115321159362793, 0.5597207546234131, 1.0543638467788696, 0.22676460444927216, 0.1899706870317459, -0.023551173508167267, 2.845087766647339, 1.0299824476242065, 0.1710985004901886, 0.5663281679153442, 3.011155843734741, 0.3092629611492157, 0.7643263936042786, 0.19922780990600586, 0.6484582424163818, 0.28634968400001526, 1.7478752136230469, 0.3162675201892853, 1.5141856670379639, 0.7022632360458374, 0.10682129859924316, 1.0655946731567383, 1.010494351387024, 1.194878339767456, 0.21521052718162537, 0.5258623361587524, 0.2116977870464325, 0.013945195823907852, 0.8592065572738647, 1.5702900886535645, 1.242393136024475, 1.4060105085372925, 0.12428754568099976, 0.47108107805252075]"
perimeter,"[3, 4, 11, 6, 19, 4, 8, 4, 11]",34,"[0.3608001172542572, 1.883899211883545, 1.3757661581039429, 0.2043016105890274, 0.6170632243156433, 0.9191866517066956, 0.43969398736953735, 0.753653883934021, 1.7352042198181152, 0.3098839223384857, 0.013471235521137714, 1.5429461002349854, 0.9799563884735107, 0.5128955245018005, 0.00309817586094141, 3.0739846229553223, 1.1160094738006592, 0.26169365644454956, 0.022765027359128, 0.9142501354217529, 2.0681655406951904, 1.6178139448165894, 0.4459468722343445, 0.49723178148269653, 0.4372387230396271, 1.0435389280319214, 0.5926502346992493, 1.0416080951690674, 0.4337157607078552, 0.8426172733306885, 1.2225148677825928, 0.6665633916854858, 1.1382839679718018, 0.3145744502544403, 0.38855504989624023, -0.03050624579191208, 2.3323192596435547, 0.9357774257659912, 0.1641753762960434, 0.45956820249557495, 2.392228364944458, 0.2925202548503876, 0.5923372507095337, 0.36585333943367004, 0.8530837893486023, 0.29707467555999756, 1.9491925239562988, 0.6311560273170471, 1.751125454902649, 0.9198588728904724, 0.08543960750102997, 0.796151340007782, 0.937454104423523, 1.228602409362793, 0.5069977641105652, 0.42675265669822693, 0.23180069029331207, 0.01630542054772377, 0.934033215045929, 1.107313871383667, 0.8924207091331482, 1.2879709005355835, 0.09460963308811188, 0.3205743730068207]"
product,"[3, 11, 12, 20, 13, 18, 8]",34,"[0.3034059405326843, 2.905996084213257, 0.8036264777183533, 0.09566231071949005, 0.8885005712509155, 1.5109708309173584, 0.7904271483421326, 1.2899607419967651, 0.8672729134559631, 0.48822787404060364, 0.017791764810681343, 1.1069787740707397, 0.9933849573135376, 0.9955182075500488, -0.009901871904730797, 2.173475503921509, 1.9647631645202637, 0.6255817413330078, 0.07557075470685959, 1.3680623769760132, 1.076499104499817, 1.0509147644042969, 0.45476046204566956, 0.07858964800834656, 0.30236363410949707, 1.7814624309539795, 0.8096197843551636, 1.7022242546081543, 0.6840008497238159, 1.1203542947769165, 2.109971523284912, 0.9802395105361938, 1.9317928552627563, 0.6978834867477417, 0.5352330207824707, 0.07980792969465256, 1.5731605291366577, 1.1100302934646606, 0.004366934299468994, 0.3553883731365204, 1.5238206386566162, 0.6365833282470703, 0.17500287294387817, 0.3658204674720764, 1.2809832096099854, 0.5797467231750488, 2.816758155822754, 0.8464199304580688, 2.4670205116271973, 1.2764331102371216, 0.024237871170043945, 1.319586992263794, 1.6856962442398071, 1.7205653190612793, 0.946193516254425, 0.05125647783279419, 0.5407366752624512, 9.069964289665222e-05, 1.2913745641708374, 1.0864523649215698, 1.0662236213684082, 2.038004159927368, 0.028482578694820404, 0.08720548450946808]"
quotient,"[24, 13, 12, 8, 6, 4, 5, 8]",34,"[0.39783957600593567, 2.0207457542419434, 1.1336833238601685, 0.1612502783536911, 0.7301204800605774, 0.9304736256599426, 0.4184962511062622, 0.8336066603660583, 1.3274232149124146, 0.21570920944213867, -0.0029142338316887617, 1.463777780532837, 1.0338134765625, 0.6010314226150513, -0.005336368456482887, 2.8482940196990967, 1.1990164518356323, 0.25283288955688477, 0.03447926416993141, 0.8767873644828796, 1.6166743040084839, 1.5470285415649414, 0.455875039100647, 0.40293705463409424, 0.3712413012981415, 1.0528477430343628, 0.5245124697685242, 1.2212488651275635, 0.4328117072582245, 0.8172330260276794, 1.4658188819885254, 0.5769594311714172, 1.1469873189926147, 0.32196110486984253, 0.33349040150642395, 0.03750425949692726, 2.2305877208709717, 1.1515520811080933, 0.08838292211294174, 0.43856140971183777, 2.1427206993103027, 0.2901788353919983, 0.45427635312080383, 0.22097095847129822, 0.8168464303016663, 0.3134406805038452, 1.9844917058944702, 0.4940187335014343, 1.843734622001648, 0.8137869834899902, 0.03471079096198082, 1.053496241569519, 1.1305210590362549, 1.4034501314163208, 0.4200814366340637, 0.3744601011276245, 0.18364232778549194, -0.012282755225896835, 1.064767837524414, 1.2985002994537354, 1.143426775932312, 1.6197627782821655, 0.07691207528114319, 0.3066457509994507]"
region,"[11, 4, 17, 6, 12, 5]",34,"[0.3095572888851166, 2.1468422412872314, 1.1178593635559082, 0.07592624425888062, 0.5928714275360107, 1.0465456247329712, 0.539671778678894, 0.7955958843231201, 1.2650659084320068, 0.34019362926483154, 0.008332655765116215, 1.35039222240448, 1.1075537204742432, 0.5421097278594971, -0.006514489650726318, 2.6276347637176514, 1.2389477491378784, 0.2618827819824219, 0.042160265147686005, 1.0637166500091553, 1.5527656078338623, 1.4140249490737915, 0.32691070437431335, 0.34858471155166626, 0.4036842882633209, 1.2000494003295898, 0.7277900576591492, 1.1633611917495728, 0.4831744432449341, 0.9588186144828796, 1.3766080141067505, 0.679624080657959, 1.3022737503051758, 0.37405526638031006, 0.4074643850326538, -0.010692358016967773, 2.0455355644226074, 1.0419363975524902, 0.15611441433429718, 0.3965023458003998, 1.890843391418457, 0.2989215850830078, 0.3839067816734314, 0.3492763936519623, 0.9710842967033386, 0.24983055889606476, 2.1491801738739014, 0.7983942627906799, 1.9970977306365967, 0.9638691544532776, 0.025195181369781494, 0.8510151505470276, 1.0857264995574951, 1.3342307806015015, 0.6857978105545044, 0.221975177526474, 0.252838134765625, -0.00541263073682785, 1.0363795757293701, 1.0683536529541016, 0.9911603331565857, 1.4231687784194946, 0.02469021826982498, 0.1593184769153595]"
resource,"[11, 4, 7, 12, 13, 11, 18, 4]",34,"[0.5185284614562988, 1.7619565725326538, 0.7402942180633545, 0.09822382032871246, 0.5466894507408142, 1.4261283874511719, 0.9168235063552856, 0.6474810242652893, 0.8852837681770325, 0.43625760078430176, 0.02391762286424637, 0.6753922700881958, 0.7461633682250977, 0.9098938703536987, -0.009773030877113342, 1.518017292022705, 0.8659206628799438, 0.6146351099014282, 0.05940622836351395, 1.5241917371749878, 1.0941178798675537, 0.7127350568771362, 0.5674331188201904, 0.6286864280700684, 0.8945755362510681, 0.9209014177322388, 1.0295718908309937, 1.1089400053024292, 1.1476216316223145, 1.242834210395813, 1.166468858718872, 0.6804749965667725, 1.068452000617981, 0.799497127532959, 0.9370107650756836, 0.49986550211906433, 1.093268871307373, 0.704968273639679, 0.10255306214094162, 0.2245052605867386, 1.0276353359222412, 0.23717333376407623, 0.5938912630081177, 0.612183690071106, 1.1765305995941162, 0.4479759931564331, 1.6896417140960693, 1.0594325065612793, 1.6974856853485107, 0.9975232481956482, 0.03513596951961517, 0.2904873788356781, 0.636064887046814, 1.132818341255188, 1.3354283571243286, 0.5237194299697876, 0.2724536955356598, -0.001109350472688675, 0.9712378978729248, 0.4862939715385437, 0.3491995930671692, 0.7609296441078186, 0.02129805088043213, 0.4397147595882416]"
responsible,"[11, 4, 7, 3, 12, 5, 7, 6, 10, 14, 4]",34,"[0.24677784740924835, 2.1627981662750244, 1.450282335281372, 0.24190320074558258, 0.7153047323226929, 0.7748066782951355, 0.23568570613861084, 0.7368497252464294, 1.9065982103347778, 0.3717154562473297, 0.022626332938671112, 1.8044387102127075, 1.0638916492462158, 0.3498607277870178, -0.0007131439633667469, 3.7007062435150146, 1.3709733486175537, 0.10843336582183838, 0.01818307489156723, 0.6743724346160889, 2.2228915691375732, 1.9108129739761353, 0.3497210741043091, 0.33728843927383423, 0.20184896886348724, 1.3439409732818604, 0.42520806193351746, 1.1277079582214355, 0.15794643759727478, 0.662726640701294, 1.3894646167755127, 0.8195133209228516, 1.4186893701553345, 0.13061071932315826, 0.12380130589008331, -0.05170414596796036, 2.7820284366607666, 1.1476151943206787, 0.14552846550941467, 0.6360130310058594, 2.9056594371795654, 0.30919158458709717, 0.5207059979438782, 0.1437574326992035, 0.6875453591346741, 0.23295779526233673, 2.0710208415985107, 0.47823208570480347, 1.8352675437927246, 0.798316240310669, 0.06445486098527908, 1.2673755884170532, 1.245339035987854, 1.2498806715011597, 0.3080551028251648, 0.31596553325653076, 0.14710299670696259, -0.014741120859980583, 0.931683361530304, 1.5111860036849976, 1.4589505195617676, 1.6946003437042236, 0.12539899349212646, 0.34020528197288513]"
rights,"[11, 6, 17, 9, 8, 7]",34,"[0.6968514323234558, 1.624737024307251, 1.1137380599975586, 0.10296985507011414, 0.7293204069137573, 1.2201076745986938, 0.6464877128601074, 0.7570291757583618, 1.330027461051941, 0.1821894347667694, -0.005979850888252258, 1.1940730810165405, 1.0623691082000732, 0.8029102087020874, 0.0007380363531410694, 2.276399850845337, 0.6677321195602417, 0.44657596945762634, 0.024725396186113358, 1.3108736276626587, 1.5938504934310913, 1.247657299041748, 0.6052520275115967, 0.8249788284301758, 0.8920673727989197, 0.6284081935882568, 0.9265787601470947, 1.1927515268325806, 0.9675387144088745, 1.1539965867996216, 1.3560749292373657, 0.2632147967815399, 0.697868824005127, 0.5620824098587036, 0.8247405290603638, 0.31668561697006226, 1.756545066833496, 1.083499550819397, 0.11777918040752411, 0.2256319373846054, 1.6206591129302979, 0.16610576212406158, 0.7075556516647339, 0.5955308675765991, 1.0937490463256836, 0.38014790415763855, 1.7406558990478516, 0.7285743355751038, 1.7508935928344727, 0.8744989037513733, 0.05946610867977142, 0.4270578622817993, 0.6291401386260986, 1.4482603073120117, 0.8091784715652466, 0.6495345830917358, 0.20801830291748047, -0.0006572455167770386, 1.1424028873443604, 0.9152737855911255, 0.5488510727882385, 1.0464062690734863, 0.02805931121110916, 0.4012579619884491]"
services,"[7, 4, 11, 28, 6, 18, 4, 7]",34,"[0.46525272727012634, 1.9247685670852661, 1.530959963798523, 0.11600153148174286, 0.32777416706085205, 1.1678966283798218, 0.5958628058433533, 0.47500431537628174, 1.75430428981781, 0.48362261056900024, 0.04737997427582741, 1.4419745206832886, 1.1895177364349365, 0.44607284665107727, -0.003325764322653413, 2.94413161277771, 0.9033633470535278, 0.2145131528377533, 0.03461394086480141, 1.2732479572296143, 2.18800687789917, 1.3992558717727661, 0.350098192691803, 0.7183520793914795, 0.8571069836616516, 1.0773767232894897, 1.0442049503326416, 0.9292770624160767, 0.7829134464263916, 1.280306100845337, 0.9516879320144653, 0.9214471578598022, 1.2376405000686646, 0.3652448356151581, 0.7299681901931763, 0.18703913688659668, 2.161721706390381, 0.9062948226928711, 0.14654169976711273, 0.38067132234573364, 1.951681137084961, 0.1501094400882721, 0.6059263944625854, 0.7491315603256226, 1.0753353834152222, 0.1691984236240387, 2.027432441711426, 1.2015458345413208, 1.9427826404571533, 1.0910404920578003, 0.07326897978782654, 0.34424158930778503, 0.6345726847648621, 1.1916356086730957, 1.0557469129562378, 0.4661632180213928, 0.12119364738464355, -0.005865519866347313, 1.014926552772522, 0.7103949785232544, 0.5655943155288696, 0.9251444935798645, 0.028909556567668915, 0.28042763471603394]"
supply,"[7, 13, 3, 3, 14, 21]",34,"[0.2705737352371216, 2.7616255283355713, 0.5305623412132263, 0.009670723229646683, 0.6481050252914429, 1.8418586254119873, 1.153517484664917, 1.1965702772140503, 0.5282037258148193, 0.6853303909301758, 0.023099180310964584, 0.5739591717720032, 0.8503893613815308, 1.1238453388214111, -0.0005891658365726471, 1.1426823139190674, 1.6443467140197754, 0.8913424015045166, 0.09219259023666382, 1.7949767112731934, 0.733610987663269, 0.49502208828926086, 0.5247829556465149, 0.10988477617502213, 0.5175366401672363, 1.6983027458190918, 1.1876598596572876, 1.6121433973312378, 1.1503828763961792, 1.4008926153182983, 1.8635692596435547, 1.086275339126587, 1.8075547218322754, 1.0073788166046143, 0.9561181664466858, 0.10104247182607651, 0.7571750283241272, 0.73589026927948, 0.05202663689851761, 0.25406041741371155, 0.816055178642273, 0.685184895992279, 0.09234889596700668, 0.6604963541030884, 1.5859074592590332, 0.6624648571014404, 2.6030220985412598, 1.2897789478302002, 2.268489122390747, 1.5108189582824707, 0.010178998112678528, 0.7610566020011902, 1.3905432224273682, 1.46504807472229, 1.419755458831787, 0.038721829652786255, 0.7154709696769714, 0.010023914277553558, 1.173785924911499, 0.36589908599853516, 0.44077128171920776, 1.396037220954895, 0.0051278285682201385, 0.1308497190475464]"
trade,"[8, 11, 2, 20, 4]",34,"[0.5501749515533447, 1.7130258083343506, 1.5096042156219482, 0.023505408316850662, 0.2288290411233902, 1.0010513067245483, 0.4832850992679596, 0.3358857333660126, 1.4983450174331665, 0.3236367404460907, 0.022292211651802063, 1.4223289489746094, 1.3603837490081787, 0.29470235109329224, -0.005116032902151346, 2.547119379043579, 0.6970105171203613, 0.06769155710935593, 0.025553353130817413, 1.2069047689437866, 1.962591290473938, 1.3453302383422852, 0.21147339046001434, 0.8046307563781738, 0.9060700535774231, 0.7187157869338989, 1.0726004838943481, 0.8649181127548218, 0.6869024038314819, 1.300887942314148, 0.8413119316101074, 0.5669939517974854, 0.8908952474594116, 0.1825026124715805, 0.6389006972312927, 0.01115608960390091, 2.0201668739318848, 1.0492658615112305, 0.2465618997812271, 0.2542746961116791, 1.5523796081542969, 0.07036922872066498, 0.6242762804031372, 0.7192198038101196, 1.022057294845581, 0.03795190155506134, 1.9179497957229614, 1.0330008268356323, 1.8979204893112183, 0.9471837282180786, 0.031525544822216034, 0.19141030311584473, 0.45479053258895874, 1.2985693216323853, 0.8253651261329651, 0.5383887887001038, 0.06530426442623138, -0.009628882631659508, 1.0038998126983643, 0.7491931319236755, 0.4827699065208435, 0.8727861642837524, -0.005617231130599976, 0.16175875067710876]"
autobiography,"[2, 13, 8, 12, 10, 6, 12, 17, 11, 2, 3, 9, 21]",34,"[0.5193106532096863, 1.121170997619629, 1.826003074645996, 0.6123298406600952, 1.0055172443389893, 0.4826751947402954, 0.0933588445186615, 0.6069260835647583, 2.8101229667663574, 0.008758068084716797, -0.0050114355981349945, 2.20096755027771, 0.6935832500457764, 0.4598648250102997, -0.002126771491020918, 4.661470890045166, 0.6829992532730103, 0.12047110497951508, -0.008890042081475258, 0.34340256452560425, 3.018292188644409, 2.6000778675079346, 0.8244574069976807, 0.956244707107544, 0.3377017378807068, 0.5201456546783447, 0.04628807306289673, 0.8303743600845337, 0.11619630455970764, 0.3557432293891907, 1.027418851852417, 0.24606634676456451, 0.5654798746109009, 0.1593906283378601, 0.11874932050704956, 0.2064337134361267, 3.6704816818237305, 1.1303690671920776, 0.227077454328537, 0.7428388595581055, 3.986454963684082, 0.16439786553382874, 1.256530523300171, -0.014618389308452606, 0.3716984689235687, 0.323367178440094, 1.1793286800384521, 0.014114946126937866, 1.1367855072021484, 0.31362515687942505, 0.1524333655834198, 1.1760574579238892, 0.7549344301223755, 0.9770721197128296, 0.0036356672644615173, 1.008681058883667, 0.08996817469596863, -0.018224313855171204, 0.7685331702232361, 2.092402219772339, 1.5984445810317993, 1.3196680545806885, 0.30495646595954895, 0.9194806218147278]"
biography,"[10, 6, 12, 17, 11, 2, 3, 9, 21]",34,"[0.20830708742141724, 1.5699423551559448, 1.4665868282318115, 0.375512033700943, 0.638133704662323, 0.7320790886878967, 0.2884603440761566, 0.6409237384796143, 2.202765464782715, 0.4162401854991913, 0.02615933306515217, 1.573745846748352, 0.6259717345237732, 0.40512707829475403, -0.0002871928736567497, 3.448366165161133, 1.1276599168777466, 0.28050562739372253, 0.012810067273676395, 0.6182372570037842, 2.4102249145507812, 1.8329167366027832, 0.49642181396484375, 0.5525713562965393, 0.2650560736656189, 1.075361728668213, 0.31407010555267334, 0.8234318494796753, 0.16733884811401367, 0.5329181551933289, 0.9920333027839661, 0.81610107421875, 1.2128597497940063, 0.287590354681015, 0.15339867770671844, 0.10966171324253082, 2.6184303760528564, 0.6634905338287354, 0.2560920715332031, 0.6120188236236572, 2.955503463745117, 0.3822970688343048, 0.8800495266914368, 0.1690114438533783, 0.6114893555641174, 0.29722514748573303, 1.5592716932296753, 0.48216938972473145, 1.2920736074447632, 0.6948220133781433, 0.12756557762622833, 0.9398797154426575, 0.8719955682754517, 0.7974215745925903, 0.4418008625507355, 0.551413893699646, 0.32030630111694336, 0.00374574214220047, 0.6231512427330017, 1.339595079421997, 1.1390305757522583, 1.132814645767212, 0.19073434174060822, 0.5144304633140564]"
caption,"[18, 2, 3, 8, 6, 12, 5]",34,"[0.24933941662311554, 2.3904261589050293, 0.9973524808883667, 0.07168278098106384, 0.588042676448822, 1.261414885520935, 0.6721635460853577, 0.925690770149231, 1.1425461769104004, 0.48016098141670227, 0.023409873247146606, 1.1218435764312744, 1.0073033571243286, 0.7028799653053284, -0.006503061391413212, 2.2452023029327393, 1.510938286781311, 0.436001718044281, 0.05861523374915123, 1.2325005531311035, 1.3692305088043213, 1.1442712545394897, 0.3676968812942505, 0.239059180021286, 0.3838711082935333, 1.4467251300811768, 0.8119691610336304, 1.2858502864837646, 0.6224987506866455, 1.0706188678741455, 1.4855899810791016, 0.9017413854598999, 1.562002420425415, 0.5319871306419373, 0.4846828579902649, -0.007316477596759796, 1.6862989664077759, 0.9034463763237, 0.12543655931949615, 0.3496195673942566, 1.6020314693450928, 0.4807031750679016, 0.32610273361206055, 0.4309903383255005, 1.132723331451416, 0.39551621675491333, 2.3476181030273438, 0.9176666736602783, 2.0853610038757324, 1.1648815870285034, 0.021932348608970642, 0.8787162899971008, 1.2406686544418335, 1.3539254665374756, 0.8663308620452881, 0.12767085433006287, 0.43012291193008423, -0.008435111492872238, 1.01149582862854, 0.8394561409950256, 0.8099309802055359, 1.4849509000778198, 0.022349104285240173, 0.09965261816978455]"
conflict,"[18, 12, 5, 22, 14, 6, 18, 8]",34,"[0.44814327359199524, 2.434675455093384, 0.867615282535553, 0.08749490976333618, 0.5909209847450256, 1.70750892162323, 1.0216896533966064, 1.0376347303390503, 1.0687224864959717, 0.5455021262168884, 0.02820008061826229, 0.8009778261184692, 0.898338794708252, 1.0780891180038452, -0.007201932370662689, 1.7433325052261353, 1.3661683797836304, 0.7881749868392944, 0.073849618434906, 1.7898564338684082, 1.276271104812622, 0.8465511798858643, 0.5583115816116333, 0.4515880346298218, 0.8017755150794983, 1.3808398246765137, 1.2199044227600098, 1.3653573989868164, 1.1539901494979858, 1.4786969423294067, 1.559658169746399, 0.9964611530303955, 1.5416470766067505, 0.9495768547058105, 1.0463058948516846, 0.27737027406692505, 1.2380475997924805, 0.7356913089752197, 0.06005889177322388, 0.23502245545387268, 1.1611284017562866, 0.4776298403739929, 0.38344624638557434, 0.7623778581619263, 1.4422930479049683, 0.635473906993866, 2.41200852394104, 1.2798068523406982, 2.166680097579956, 1.4173074960708618, 0.07439059019088745, 0.5450463891029358, 1.064047932624817, 1.4150737524032593, 1.4850807189941406, 0.27190300822257996, 0.49009817838668823, 0.021766170859336853, 1.1857854127883911, 0.48138362169265747, 0.343366801738739, 1.1468842029571533, 0.0232088565826416, 0.2529257535934448]"
dialogue,"[20, 6, 2, 14, 12, 17, 13, 4]",34,"[0.46397602558135986, 2.2087228298187256, 0.6164384484291077, 0.09875157475471497, 0.7721964120864868, 1.521807312965393, 0.9490228295326233, 1.0737348794937134, 0.7132173180580139, 0.39755746722221375, -0.001359222223982215, 0.7893012762069702, 0.740298867225647, 1.0908024311065674, -0.003237611148506403, 1.5736790895462036, 1.3137279748916626, 0.7193069458007812, 0.07920186966657639, 1.520895004272461, 0.8506581783294678, 0.7692309617996216, 0.5795223712921143, 0.3511258363723755, 0.6547409892082214, 1.243943691253662, 0.9310479164123535, 1.4473806619644165, 1.029098391532898, 1.149308443069458, 1.7069708108901978, 0.7286152839660645, 1.3335046768188477, 0.8823160529136658, 0.8290453553199768, 0.3178524076938629, 1.137808084487915, 0.8596985936164856, 0.016769975423812866, 0.2927655279636383, 1.164136290550232, 0.4665415585041046, 0.31780168414115906, 0.45628705620765686, 1.2670594453811646, 0.5984768867492676, 2.162621259689331, 0.9368773102760315, 2.0111923217773438, 1.1324809789657593, 0.03299451991915703, 0.8141335844993591, 1.1350106000900269, 1.3965402841567993, 1.1838669776916504, 0.37484192848205566, 0.43922683596611023, -0.009928921237587929, 1.1313825845718384, 0.775712251663208, 0.606737494468689, 1.3445860147476196, 0.04133159667253494, 0.32601699233055115]"
drama,"[20, 11, 2, 19, 2]",34,"[0.4375762641429901, 1.7233233451843262, 1.1570868492126465, 0.17222952842712402, 0.5166652202606201, 0.9528564214706421, 0.4719148874282837, 0.7019659876823425, 1.3778966665267944, 0.2111237645149231, 0.0053001646883785725, 1.2924034595489502, 0.9500768184661865, 0.5895190238952637, -0.0016065132804214954, 2.4784138202667236, 0.9117375612258911, 0.27693235874176025, 0.032025255262851715, 0.978659451007843, 1.6885589361190796, 1.3255043029785156, 0.4385730028152466, 0.47527405619621277, 0.5419291257858276, 0.9358559846878052, 0.6802674531936646, 1.0473946332931519, 0.5612856149673462, 0.9060084819793701, 1.09120512008667, 0.5932758450508118, 1.0595455169677734, 0.3818126916885376, 0.47340700030326843, 0.05204538628458977, 1.906312346458435, 0.8697543740272522, 0.11473453044891357, 0.34230560064315796, 1.816778540611267, 0.28542622923851013, 0.45952656865119934, 0.4233458340167999, 0.8703149557113647, 0.3317718207836151, 1.7708159685134888, 0.7570808529853821, 1.661339521408081, 0.8971861600875854, 0.0597701370716095, 0.6817172765731812, 0.862246572971344, 1.2029461860656738, 0.6375325918197632, 0.40514475107192993, 0.2406633198261261, -0.03383016586303711, 0.9345266222953796, 0.8839271068572998, 0.7284982800483704, 1.1527546644210815, 0.055825717747211456, 0.28998687863349915]"
first person,"[22, 6, 11, 7, 8, 31, 3, 4, 11, 7, 12, 5]",34,"[0.6903856992721558, 2.098592519760132, 0.7303047180175781, 0.05511602386832237, 0.6798726320266724, 1.8460487127304077, 0.9612053632736206, 0.76225346326828, 0.8047356605529785, 0.44349750876426697, 0.030591100454330444, 0.7688525915145874, 0.9527715444564819, 1.0863114595413208, -0.001931818202137947, 1.5301028490066528, 1.0032849311828613, 0.6986949443817139, 0.05422186106443405, 1.8456112146377563, 1.074094533920288, 0.7206453084945679, 0.674416720867157, 0.738656759262085, 1.0108150243759155, 1.100861668586731, 1.2147127389907837, 1.4740910530090332, 1.431534767150879, 1.5359841585159302, 1.5903648138046265, 0.6827149391174316, 1.151507019996643, 0.9394747018814087, 1.2035839557647705, 0.6903505921363831, 1.0055087804794312, 1.022647500038147, 0.010188654065132141, 0.25444287061691284, 1.0762065649032593, 0.3255378007888794, 0.5510497689247131, 0.7659035921096802, 1.3904244899749756, 0.5299657583236694, 2.0438437461853027, 1.150237798690796, 1.9556045532226562, 1.0952318906784058, 0.00598771870136261, 0.4996783137321472, 0.8367332816123962, 1.5197830200195312, 1.366036057472229, 0.5264365077018738, 0.32263311743736267, -0.005728119984269142, 1.2828178405761719, 0.5676105618476868, 0.4837736487388611, 1.1729586124420166, 0.02115432173013687, 0.48503395915031433]"
folktale,"[22, 12, 14, 16, 8, 2, 14, 4]",34,"[0.7555619478225708, 1.7254689931869507, 0.7205246686935425, 0.017993737012147903, 0.4741554856300354, 1.6730488538742065, 0.987298309803009, 0.6730220317840576, 0.755579948425293, 0.3526719808578491, 0.012327657081186771, 0.5776958465576172, 0.9419875144958496, 1.0468111038208008, -0.004874611739069223, 1.097271203994751, 0.6674385070800781, 0.7021777629852295, 0.05128030478954315, 1.848141074180603, 0.9667364358901978, 0.545998215675354, 0.5953662395477295, 0.8762804269790649, 1.1953134536743164, 0.7182451486587524, 1.3092268705368042, 1.2115414142608643, 1.4496521949768066, 1.5477479696273804, 1.2429652214050293, 0.5140800476074219, 0.8605116605758667, 0.9264559149742126, 1.2757738828659058, 0.5676276087760925, 0.8010815382003784, 0.8130842447280884, 0.09344109892845154, 0.06956098228693008, 0.5829855799674988, 0.2390998750925064, 0.629677951335907, 0.9157277345657349, 1.3703428506851196, 0.4719417095184326, 1.825880527496338, 1.252939224243164, 1.8412235975265503, 1.1265156269073486, 0.038419391959905624, 0.04925311356782913, 0.4877924621105194, 1.37192964553833, 1.5242739915847778, 0.6339012384414673, 0.30292996764183044, -0.016526462510228157, 1.1348638534545898, 0.30357587337493896, 0.03393012285232544, 0.6494443416595459, -0.003788284957408905, 0.33820420503616333]"
illustration,"[6, 14, 14, 13, 7, 8, 11, 2, 8, 6, 12, 5]",34,"[0.3926255404949188, 3.412496328353882, 0.7338747382164001, 0.056135136634111404, 0.9807082414627075, 2.167966842651367, 1.2487785816192627, 1.6027027368545532, 0.7322063446044922, 0.6483372449874878, 0.02087499387562275, 0.8375757932662964, 1.0375367403030396, 1.4995291233062744, -0.005585829261690378, 1.7025035619735718, 2.0890464782714844, 1.0423904657363892, 0.10648050904273987, 2.0709547996520996, 0.8639237880706787, 0.7511519193649292, 0.7263864278793335, 0.09470134973526001, 0.5003057718276978, 2.0180728435516357, 1.2470359802246094, 2.0676429271698, 1.3054560422897339, 1.6294151544570923, 2.4566879272460938, 1.1070585250854492, 2.0906364917755127, 1.1480308771133423, 1.124943733215332, 0.03523057699203491, 1.1454585790634155, 1.0795248746871948, -0.036961764097213745, 0.25012218952178955, 1.179335594177246, 0.8167057633399963, 0.03677813708782196, 0.6916271448135376, 1.8179279565811157, 0.8717442750930786, 3.2889626026153564, 1.311779499053955, 2.858450174331665, 1.7722828388214111, 0.01697942614555359, 1.1222177743911743, 1.8000761270523071, 1.928541898727417, 1.430450201034546, -0.05704338848590851, 0.881147563457489, 0.01581290364265442, 1.5767265558242798, 0.6162144541740417, 0.672748327255249, 1.979233741760254, 0.010705176740884781, 0.08868979662656784]"
legend,"[14, 4, 17, 4, 5, 20]",34,"[0.4298146665096283, 1.6619845628738403, 1.5133861303329468, 0.14913105964660645, 0.4071774482727051, 0.7879663705825806, 0.3346364498138428, 0.42195555567741394, 1.7793498039245605, 0.2817971408367157, 0.013486233539879322, 1.5921480655670166, 1.1891828775405884, 0.28677648305892944, -0.001965662930160761, 3.133338212966919, 0.7729611396789551, 0.04868902638554573, 0.021135352551937103, 0.9003416299819946, 2.180663585662842, 1.6944515705108643, 0.28316280245780945, 0.7287185192108154, 0.6626476645469666, 0.8000087738037109, 0.7000070214271545, 0.8367631435394287, 0.3991258442401886, 0.9643563628196716, 0.9336932897567749, 0.5896263122558594, 0.9384561777114868, 0.1699952930212021, 0.38032618165016174, 0.1291012167930603, 2.4734866619110107, 1.0463143587112427, 0.289094477891922, 0.44158512353897095, 2.278898000717163, 0.05298124626278877, 0.7252594232559204, 0.41727662086486816, 0.7792304754257202, 0.06427863240242004, 1.7081588506698608, 0.7580953240394592, 1.6787965297698975, 0.7516894340515137, 0.051749084144830704, 0.5593428015708923, 0.6318517923355103, 1.173222303390503, 0.5843747854232788, 0.5649777054786682, 0.011484134010970592, -0.006220141425728798, 0.9228322505950928, 1.188409686088562, 0.9520117044448853, 1.0616564750671387, 0.06138083338737488, 0.312073677778244]"
lesson,"[14, 4, 7, 7, 12, 5]",34,"[0.365605890750885, 2.5011231899261475, 0.8093755841255188, -0.0685650110244751, 0.5200560688972473, 1.612152099609375, 0.9250829815864563, 0.8561555743217468, 0.7437438368797302, 0.5906767249107361, 0.030669717118144035, 0.8438267707824707, 1.1330678462982178, 0.8312545418739319, 0.0003136838786303997, 1.4986088275909424, 1.3230254650115967, 0.5600054264068604, 0.07281805574893951, 1.682364583015442, 0.9992352724075317, 0.6814302802085876, 0.3547011613845825, 0.3578150272369385, 0.6547736525535583, 1.393494725227356, 1.1983897686004639, 1.4097646474838257, 1.0760927200317383, 1.426322340965271, 1.5923563241958618, 0.8790167570114136, 1.4667173624038696, 0.7030127644538879, 0.8898117542266846, 0.14173123240470886, 1.094273328781128, 0.971904993057251, 0.11004066467285156, 0.22722497582435608, 0.9354057312011719, 0.4241511821746826, 0.2511546015739441, 0.7062276601791382, 1.4440510272979736, 0.3602519631385803, 2.4526329040527344, 1.2262682914733887, 2.2558231353759766, 1.2795761823654175, -0.006009291857481003, 0.513275682926178, 1.1042956113815308, 1.5234043598175049, 1.2056666612625122, 0.10310325771570206, 0.44874587655067444, 0.011249024420976639, 1.1976546049118042, 0.45867493748664856, 0.47437119483947754, 1.300048828125, -0.037470150738954544, 0.07425106316804886]"
main idea,"[19, 2, 6, 5, 31, 6, 20, 4, 2]",34,"[0.7852228879928589, 2.078113555908203, 0.6077974438667297, 0.008454408496618271, 0.4286462366580963, 1.9385863542556763, 1.1154016256332397, 0.8011539578437805, 0.5230476260185242, 0.3750895857810974, 0.010979418642818928, 0.5145425796508789, 1.0739744901657104, 1.1623948812484741, -0.0032467409037053585, 0.8913686275482178, 0.7583357095718384, 0.8131906986236572, 0.06450429558753967, 2.0750508308410645, 0.9077165126800537, 0.44794344902038574, 0.5418885946273804, 0.8181675672531128, 1.3231849670410156, 0.8252793550491333, 1.4661521911621094, 1.413219690322876, 1.6025338172912598, 1.7510850429534912, 1.4355705976486206, 0.5609391927719116, 0.9768199920654297, 1.0394461154937744, 1.3804813623428345, 0.5546868443489075, 0.653120219707489, 0.9119349122047424, 0.076215960085392, 0.09411830455064774, 0.3638068735599518, 0.1837204247713089, 0.4814445674419403, 0.9853979349136353, 1.5185842514038086, 0.5337784290313721, 2.095778703689575, 1.4020559787750244, 2.1297762393951416, 1.283545970916748, 0.026392297819256783, 0.04549305886030197, 0.5716912150382996, 1.5945847034454346, 1.6994820833206177, 0.6087453961372375, 0.288059264421463, 0.004775598645210266, 1.3649442195892334, 0.22627368569374084, 0.005441024899482727, 0.7918100357055664, 0.0010450668632984161, 0.3026590347290039]"
motivation,"[19, 12, 8, 6, 28, 2, 8, 6, 12, 5]",34,"[0.4005020260810852, 2.327364683151245, 1.1363598108291626, 0.18522168695926666, 0.8413882851600647, 1.1798222064971924, 0.5872471332550049, 1.0487303733825684, 1.3230395317077637, 0.2950453758239746, 0.0026744548231363297, 1.4220243692398071, 1.0176868438720703, 0.8365027904510498, -0.008974339812994003, 2.8300280570983887, 1.4526129961013794, 0.42800453305244446, 0.04795379936695099, 1.0989251136779785, 1.5959877967834473, 1.5074461698532104, 0.557776153087616, 0.38101083040237427, 0.3451213538646698, 1.252999186515808, 0.6043327450752258, 1.394301176071167, 0.5643428564071655, 0.9665237665176392, 1.6653227806091309, 0.6537529230117798, 1.375619888305664, 0.5115662217140198, 0.4750601351261139, 0.04025121405720711, 2.1908130645751953, 1.1794003248214722, 0.056039027869701385, 0.41693681478500366, 2.1103951930999756, 0.42111241817474365, 0.43099236488342285, 0.27452683448791504, 0.986159086227417, 0.4854240417480469, 2.2997677326202393, 0.615647554397583, 2.0946760177612305, 1.0203124284744263, 0.03417043760418892, 1.1578007936477661, 1.3013087511062622, 1.4836397171020508, 0.6040589213371277, 0.31778061389923096, 0.35927146673202515, -0.0051731690764427185, 1.169318437576294, 1.282518744468689, 1.1361263990402222, 1.710717797279358, 0.07808434963226318, 0.26709961891174316]"
myth,"[19, 21, 8, 9]",34,"[0.3171117603778839, 2.144540786743164, 1.0272430181503296, 0.04785836860537529, 0.5047839879989624, 1.329556941986084, 0.7501142621040344, 0.8469327688217163, 1.0878636837005615, 0.5269107818603516, 0.02536749094724655, 0.9690183401107788, 0.9749828577041626, 0.6701095104217529, -0.004840905778110027, 1.9464277029037476, 1.3127361536026, 0.5105326175689697, 0.05275220796465874, 1.267257809638977, 1.304247498512268, 0.9837312698364258, 0.3525807559490204, 0.40159669518470764, 0.5602169632911682, 1.2752553224563599, 0.9540660977363586, 1.161427617073059, 0.7531642913818359, 1.1661063432693481, 1.3526251316070557, 0.8845399618148804, 1.4132593870162964, 0.5812274217605591, 0.6067864894866943, 0.08301720768213272, 1.4676145315170288, 0.87005215883255, 0.15545925498008728, 0.25328004360198975, 1.2755972146987915, 0.4468036890029907, 0.40967217087745667, 0.5407979488372803, 1.1722121238708496, 0.36166417598724365, 2.1868109703063965, 0.9569456577301025, 1.9574198722839355, 1.1753524541854858, 0.02254074439406395, 0.5501304864883423, 0.9619882702827454, 1.2761900424957275, 0.9384749531745911, 0.25825929641723633, 0.45464804768562317, 0.016663920134305954, 1.0137289762496948, 0.7005581855773926, 0.5917097330093384, 1.2103718519210815, -0.001421649008989334, 0.10927905142307281]"
paragraph,"[3, 2, 11, 2, 17, 11, 2, 3, 9]",34,"[0.4761911928653717, 1.9377084970474243, 1.1045331954956055, 0.18009339272975922, 0.8640081286430359, 1.0863527059555054, 0.5239031910896301, 0.9737145900726318, 1.3411840200424194, 0.2500094771385193, 0.0031374525278806686, 1.3175663948059082, 0.9587483406066895, 0.7784541845321655, -0.000160332303494215, 2.6449525356292725, 1.2036933898925781, 0.44659873843193054, 0.028757244348526, 0.9937847256660461, 1.593774437904358, 1.4344093799591064, 0.6170423030853271, 0.49125099182128906, 0.41013267636299133, 1.059389352798462, 0.6178770065307617, 1.3183804750442505, 0.5575218796730042, 0.8665264248847961, 1.5145387649536133, 0.544629693031311, 1.1922900676727295, 0.4716807007789612, 0.4887964129447937, 0.15805143117904663, 1.9977489709854126, 1.0628474950790405, 0.06035102158784866, 0.32591545581817627, 1.8997821807861328, 0.43227386474609375, 0.5042279958724976, 0.3323976397514343, 0.957848310470581, 0.48386621475219727, 1.975522518157959, 0.550934374332428, 1.8318548202514648, 0.8823655247688293, 0.03894364461302757, 0.9487828612327576, 1.0972899198532104, 1.406254529953003, 0.5570375323295593, 0.41953665018081665, 0.420315682888031, 0.004240389913320541, 1.12173330783844, 1.1354155540466309, 0.9306593537330627, 1.518488883972168, 0.04949578642845154, 0.3649154305458069]"
passage,"[3, 2, 7, 7, 2, 17, 4]",34,"[0.6737331748008728, 2.3017141819000244, 0.5998651385307312, 0.04818248376250267, 0.7140641808509827, 2.0233867168426514, 1.240082025527954, 1.089026689529419, 0.6083218455314636, 0.49599841237068176, 0.012300125323235989, 0.5427934527397156, 0.9181487560272217, 1.3393299579620361, -0.007570583838969469, 1.1073931455612183, 1.212472677230835, 0.951008677482605, 0.0780932679772377, 2.092099189758301, 0.70323646068573, 0.4976765513420105, 0.7230474352836609, 0.6445504426956177, 0.9950200915336609, 1.2193726301193237, 1.4270083904266357, 1.612268090248108, 1.5785541534423828, 1.671473741531372, 1.772473931312561, 0.7201881408691406, 1.324658751487732, 1.143825650215149, 1.3508048057556152, 0.4868267774581909, 0.7975714802742004, 0.9312679767608643, 0.010153427720069885, 0.12298648059368134, 0.6203607320785522, 0.5287441611289978, 0.3839362859725952, 0.8789161443710327, 1.6561073064804077, 0.6916638612747192, 2.3724098205566406, 1.3273940086364746, 2.220071792602539, 1.3655296564102173, 0.01706482470035553, 0.391163170337677, 1.0081828832626343, 1.594529151916504, 1.6001085042953491, 0.44826552271842957, 0.6223453879356384, -0.011485861614346504, 1.3808741569519043, 0.39174818992614746, 0.2822287678718567, 1.104217290878296, 0.0032065659761428833, 0.31377819180488586]"
point of view,"[3, 12, 6, 5, 8, 31, 12, 22, 31, 28, 6, 4, 26]",34,"[1.0567742586135864, 1.881251573562622, 0.7546183466911316, 0.0845593810081482, 0.6551731824874878, 2.1467270851135254, 1.239106297492981, 0.7192773818969727, 0.8576064705848694, 0.3724678158760071, 0.012357054278254509, 0.6097457408905029, 0.9733237028121948, 1.3267334699630737, -0.0065488931722939014, 1.3005423545837402, 0.6804382801055908, 0.8524971008300781, 0.05311104655265808, 2.322331428527832, 1.1698548793792725, 0.5789116024971008, 0.7792164087295532, 1.1826199293136597, 1.6434049606323242, 0.7122104167938232, 1.604122281074524, 1.4206808805465698, 1.8888516426086426, 1.8442153930664062, 1.422709584236145, 0.5521224737167358, 0.8071573972702026, 1.2533929347991943, 1.6664398908615112, 0.9911965131759644, 0.9103763699531555, 0.9820652604103088, 0.015440359711647034, 0.14273719489574432, 0.6645745038986206, 0.181437686085701, 0.8369625210762024, 1.068506121635437, 1.5672104358673096, 0.5382445454597473, 1.9477990865707397, 1.5250487327575684, 2.0244991779327393, 1.1623127460479736, 0.03044316917657852, 0.04727327823638916, 0.35949769616127014, 1.569057583808899, 2.110107898712158, 0.9196323156356812, 0.2770174741744995, -0.0021797511726617813, 1.385043740272522, 0.4745132327079773, 0.06584368646144867, 0.6714721322059631, 0.010568570345640182, 0.6496585607528687]"
prose,"[3, 11, 12, 7, 4]",34,"[0.3974253237247467, 2.15228533744812, 1.16160249710083, 0.02771255001425743, 0.464496374130249, 1.1000831127166748, 0.6067796945571899, 0.6914576292037964, 1.129847764968872, 0.3548908531665802, 0.023160399869084358, 1.3105638027191162, 1.1735334396362305, 0.5235365033149719, -0.003964083734899759, 2.27201509475708, 1.1081254482269287, 0.2282273918390274, 0.04612167179584503, 1.2007780075073242, 1.5059254169464111, 1.1471835374832153, 0.29025402665138245, 0.4002704620361328, 0.5852347612380981, 1.149557113647461, 0.9304718375205994, 1.1455624103546143, 0.6842978000640869, 1.1321418285369873, 1.2997862100601196, 0.7072287797927856, 1.2149083614349365, 0.35475173592567444, 0.5526355504989624, -0.022388309240341187, 1.7342875003814697, 1.013861060142517, 0.13552343845367432, 0.3258873224258423, 1.5122077465057373, 0.2638035714626312, 0.3513436019420624, 0.5335820913314819, 1.0985987186431885, 0.21040962636470795, 2.172832727432251, 0.9629395008087158, 2.0783934593200684, 1.0397107601165771, 0.01385612040758133, 0.6527146697044373, 0.959565281867981, 1.3895148038864136, 0.8163570165634155, 0.2391020506620407, 0.18752525746822357, -0.006908301264047623, 1.0922471284866333, 0.8059881329536438, 0.6935925483703613, 1.3281240463256836, -0.005979221314191818, 0.11981982737779617]"
resolution,"[11, 4, 7, 12, 14, 13, 8, 6, 12, 5]",34,"[0.44498974084854126, 2.1663830280303955, 0.90861576795578, 0.05063470080494881, 0.7254664301872253, 1.34665846824646, 0.7289169430732727, 0.9212656617164612, 0.9476738572120667, 0.3625817596912384, 0.0106034055352211, 1.0430353879928589, 0.9902786016464233, 0.8936126828193665, -0.007832133211195469, 1.990919589996338, 1.2281335592269897, 0.4781586527824402, 0.05240418016910553, 1.3826658725738525, 1.1824805736541748, 1.0151331424713135, 0.4860159158706665, 0.4243592321872711, 0.5879271626472473, 1.1539229154586792, 0.8778546452522278, 1.378448486328125, 0.8755456209182739, 1.1556687355041504, 1.578061819076538, 0.6540168523788452, 1.255951166152954, 0.5995858907699585, 0.7110494375228882, 0.19372588396072388, 1.5086115598678589, 1.0294773578643799, 0.08215319365262985, 0.28034263849258423, 1.3892327547073364, 0.3705899715423584, 0.3847843408584595, 0.49461787939071655, 1.1658293008804321, 0.39075028896331787, 2.201676607131958, 0.8690026998519897, 2.0768420696258545, 1.0658748149871826, 0.01782066747546196, 0.7578690648078918, 1.0783047676086426, 1.5161216259002686, 0.906258225440979, 0.30222994089126587, 0.3561498820781708, 0.011486589908599854, 1.1597081422805786, 0.8490422964096069, 0.7317055463790894, 1.4203364849090576, 0.0047824084758758545, 0.21246841549873352]"
rhythm,"[11, 9, 21, 8, 9, 19]",34,"[0.410859078168869, 1.6231358051300049, 1.2513083219528198, 0.17230352759361267, 0.571299135684967, 1.0911273956298828, 0.668688178062439, 0.6424921154975891, 1.7263160943984985, 0.43000343441963196, 0.020386166870594025, 1.1765644550323486, 0.7651785612106323, 0.6496486067771912, -0.0025007170625030994, 2.557431936264038, 0.9246313571929932, 0.4397262632846832, 0.03135078400373459, 1.1205390691757202, 1.9225256443023682, 1.282963752746582, 0.5583308935165405, 0.6419764757156372, 0.6473140120506287, 0.9410543441772461, 0.7992371916770935, 0.9250915050506592, 0.6927435398101807, 1.0050578117370605, 1.1073263883590698, 0.6573925018310547, 1.0324490070343018, 0.5923252105712891, 0.6169102191925049, 0.2232847511768341, 1.901790976524353, 0.7274959087371826, 0.28600528836250305, 0.3539484143257141, 1.9867550134658813, 0.3267049491405487, 0.7993217706680298, 0.46860170364379883, 0.9393169283866882, 0.3876042068004608, 1.669218897819519, 0.7752165198326111, 1.5166147947311401, 0.9118648171424866, 0.09147655963897705, 0.4628903567790985, 0.7063373923301697, 1.0280499458312988, 0.8526608943939209, 0.5194568037986755, 0.3270760476589203, 0.024049021303653717, 0.7980936765670776, 0.8622506856918335, 0.6059204339981079, 0.8774445652961731, 0.06303844600915909, 0.42498621344566345]"
scene,"[7, 18, 4, 5, 4]",34,"[0.34955623745918274, 2.011218547821045, 0.888776957988739, 0.004295114427804947, 0.3054588735103607, 1.2111740112304688, 0.753765344619751, 0.53392493724823, 0.8121073842048645, 0.5407873392105103, 0.03859924152493477, 0.8244069814682007, 0.9769487380981445, 0.5841927528381348, -0.00566046591848135, 1.437247633934021, 1.0154279470443726, 0.3827422857284546, 0.06427701562643051, 1.3659017086029053, 1.1292585134506226, 0.7054417133331299, 0.2703743875026703, 0.4453890919685364, 0.6707949638366699, 1.090237021446228, 1.0411040782928467, 0.9972598552703857, 0.8781164884567261, 1.2180219888687134, 1.1203925609588623, 0.8945183753967285, 1.2789552211761475, 0.5066442489624023, 0.7354512810707092, 0.18002918362617493, 1.0488412380218506, 0.6993139386177063, 0.14201727509498596, 0.21380332112312317, 0.9054759740829468, 0.24667808413505554, 0.3577496409416199, 0.6359916925430298, 1.1690194606781006, 0.21173381805419922, 1.902758240699768, 1.1392379999160767, 1.7824293375015259, 1.0729243755340576, 0.013174166902899742, 0.27748748660087585, 0.6996257901191711, 1.1660093069076538, 1.1484566926956177, 0.26810139417648315, 0.24098938703536987, 0.003335125744342804, 0.9284428358078003, 0.38306137919425964, 0.36481720209121704, 0.8894503116607666, -0.007015574723482132, 0.1510801911354065]"
stage directions,"[7, 8, 2, 17, 4, 31, 20, 6, 11, 4, 18, 8, 6, 12, 5, 7]",34,"[0.9420703649520874, 2.484806776046753, 0.2560349404811859, 0.1021803468465805, 0.9611440896987915, 2.4674925804138184, 1.5380406379699707, 1.2829269170761108, 0.22923125326633453, 0.41289034485816956, -0.009655467234551907, 0.3300800323486328, 0.8372583389282227, 1.882798433303833, -0.002782669849693775, 0.5465705394744873, 1.1691690683364868, 1.2313048839569092, 0.09287230670452118, 2.523375988006592, 0.2859639525413513, 0.24185162782669067, 0.9979179501533508, 0.7928998470306396, 1.3232922554016113, 1.0859792232513428, 1.4870672225952148, 1.986161470413208, 2.0358026027679443, 1.9063633680343628, 2.2522785663604736, 0.4808529019355774, 1.161853313446045, 1.5743911266326904, 1.7030410766601562, 0.8412057757377625, 0.33234113454818726, 1.0623023509979248, -0.03905041515827179, 0.054829709231853485, 0.2777804732322693, 0.4967176914215088, 0.4626978933811188, 0.9109574556350708, 1.857761025428772, 0.9725545048713684, 2.470468759536743, 1.343660831451416, 2.3502135276794434, 1.3842048645019531, -0.004683069884777069, 0.47115927934646606, 1.0378820896148682, 1.9482051134109497, 1.9230793714523315, 0.661955714225769, 0.6778212785720825, -0.014532838016748428, 1.6147089004516602, 0.38136130571365356, 0.21572786569595337, 1.2909280061721802, 0.04345528036355972, 0.5214499831199646]"
stanza,"[7, 8, 2, 5, 15, 2]",34,"[0.762877345085144, 1.615468144416809, 1.1686477661132812, 0.07620783150196075, 0.5850278735160828, 1.1358751058578491, 0.5014607310295105, 0.5123360753059387, 1.3023028373718262, 0.1456592082977295, 0.00902374368160963, 1.3340712785720825, 1.2044950723648071, 0.6765567064285278, -0.001059046946465969, 2.4288218021392822, 0.5975080728530884, 0.26211345195770264, 0.026118900626897812, 1.2022781372070312, 1.6506201028823853, 1.3190898895263672, 0.5146612524986267, 0.8908287286758423, 0.9206138849258423, 0.5577539205551147, 0.8990253806114197, 1.1734466552734375, 0.9010252952575684, 1.165161371231079, 1.24357008934021, 0.3160475790500641, 0.6733912229537964, 0.4138544201850891, 0.811773955821991, 0.3187083899974823, 1.8573440313339233, 1.2474722862243652, 0.11383427679538727, 0.2270047962665558, 1.663076400756836, 0.05786238983273506, 0.6804088354110718, 0.5768191814422607, 0.9713696837425232, 0.26811057329177856, 1.6803922653198242, 0.7181118726730347, 1.7046830654144287, 0.779419481754303, 0.05001533776521683, 0.3767037093639374, 0.5777508020401001, 1.5307798385620117, 0.7116528749465942, 0.6689348816871643, 0.05649054795503616, -0.019101493060588837, 1.1496609449386597, 0.9253491759300232, 0.6372988820075989, 1.1178374290466309, 0.03336495906114578, 0.4234381318092346]"
text feature,"[8, 4, 27, 8, 31, 22, 4, 2, 8, 13, 11, 4]",34,"[1.0643242597579956, 1.7844089269638062, 0.058027055114507675, 0.018182601779699326, 0.7861427068710327, 2.3718068599700928, 1.4374322891235352, 0.8897914290428162, -0.009057745337486267, 0.30318960547447205, -0.0053437817841768265, 0.055922433733940125, 0.7519296407699585, 1.6365902423858643, -0.004967012442648411, 0.12487733364105225, 0.6111396551132202, 1.243796944618225, 0.08698925375938416, 2.3776745796203613, 0.19263847172260284, 0.07036538422107697, 0.9766599535942078, 1.1276963949203491, 1.562513828277588, 0.5858659744262695, 1.5177876949310303, 1.7172272205352783, 2.13299822807312, 1.8238203525543213, 1.8136444091796875, 0.25510233640670776, 0.6766935586929321, 1.5306906700134277, 1.8109995126724243, 1.1515898704528809, -0.03706777095794678, 1.0211353302001953, -0.005108937621116638, -0.00039386749267578125, -0.06410816311836243, 0.2524300515651703, 0.7498818039894104, 0.9631450176239014, 1.6848855018615723, 0.8448657393455505, 1.7113209962844849, 1.270674228668213, 1.8255102634429932, 1.1162792444229126, 0.0013818442821502686, 0.07658812403678894, 0.4974539577960968, 1.655187964439392, 2.023066759109497, 0.9902623891830444, 0.41247284412384033, -0.016820793971419334, 1.4519193172454834, 0.32049834728240967, -0.04409147799015045, 0.7229511141777039, 0.020873792469501495, 0.6599156856536865]"
theme,"[8, 9, 4, 19, 4]",34,"[0.7508500218391418, 1.6752698421478271, 0.9853188395500183, 0.1002005934715271, 0.5443220734596252, 1.278590440750122, 0.6693731546401978, 0.5700501203536987, 0.8825579285621643, 0.09477867186069489, -0.0029868108686059713, 1.1865137815475464, 1.2033597230911255, 0.7199594378471375, -0.0070465728640556335, 1.7648096084594727, 0.5624831914901733, 0.3493350148200989, 0.034548066556453705, 1.4087930917739868, 1.2871044874191284, 1.085484266281128, 0.48352572321891785, 0.8442909717559814, 0.9289118051528931, 0.48199665546417236, 1.0841175317764282, 1.2096905708312988, 1.0299720764160156, 1.3372647762298584, 1.3024816513061523, 0.1208207905292511, 0.5790860652923584, 0.49053335189819336, 0.9024519324302673, 0.1248193085193634, 1.422690987586975, 1.2066529989242554, 0.11891177296638489, 0.16458860039710999, 1.1542929410934448, 0.09916925430297852, 0.5921054482460022, 0.6944664716720581, 1.1479233503341675, 0.32037490606307983, 1.864449381828308, 0.8578404784202576, 1.9158120155334473, 0.8685460686683655, 0.016234945505857468, 0.3361756503582001, 0.5645383596420288, 1.5961192846298218, 0.8492712378501892, 0.6581920385360718, 0.11672347784042358, 0.01047273725271225, 1.2422794103622437, 0.8013014197349548, 0.4673280715942383, 1.0880614519119263, 0.06304597854614258, 0.34524136781692505]"
third person,"[8, 9, 6, 11, 20, 31, 3, 4, 11, 7, 12, 5]",34,"[0.7695721387863159, 2.373823881149292, 0.43933022022247314, 0.015907060354948044, 0.7526894211769104, 2.1100053787231445, 1.1582521200180054, 1.0234706401824951, 0.4187052845954895, 0.4041750431060791, 0.006817713379859924, 0.5566027164459229, 0.996878981590271, 1.3280029296875, 0.0031258724629878998, 1.0019176006317139, 1.1440178155899048, 0.9248788356781006, 0.07714660465717316, 2.1309027671813965, 0.6968944072723389, 0.5176880359649658, 0.6820484399795532, 0.7045299410820007, 1.1579983234405518, 1.1288889646530151, 1.3568655252456665, 1.707458257675171, 1.5983411073684692, 1.6993151903152466, 1.8981612920761108, 0.6302602291107178, 1.2186640501022339, 1.1783922910690308, 1.3625456094741821, 0.7246154546737671, 0.6575695872306824, 1.073805809020996, 0.003914177417755127, 0.1550602912902832, 0.6149988174438477, 0.3709641396999359, 0.4410688281059265, 0.8173543214797974, 1.5919300317764282, 0.6734902262687683, 2.3278825283050537, 1.2851972579956055, 2.214995861053467, 1.2200531959533691, 0.0018030926585197449, 0.4923025965690613, 0.961929976940155, 1.7894260883331299, 1.678128957748413, 0.5436056852340698, 0.4048571288585663, 0.008329607546329498, 1.4945964813232422, 0.5379713177680969, 0.3415106534957886, 1.3012090921401978, 0.007048856467008591, 0.4340752363204956]"
trait,"[8, 11, 2, 6, 8]",34,"[0.7299468517303467, 1.7116390466690063, 1.4873027801513672, 0.07456479966640472, 0.4464907944202423, 1.0416089296340942, 0.4491409361362457, 0.5421304702758789, 1.4273217916488647, 0.087223120033741, -0.000412139343097806, 1.6018915176391602, 1.4471293687820435, 0.4717616140842438, -0.0009209695272147655, 2.7876129150390625, 0.6223208904266357, 0.12227799743413925, 0.013197412714362144, 1.1636202335357666, 1.9265897274017334, 1.5373362302780151, 0.36573654413223267, 0.8491883277893066, 0.8664477467536926, 0.5573069453239441, 0.964862585067749, 1.1021604537963867, 0.7357213497161865, 1.2154121398925781, 1.1000722646713257, 0.2617134749889374, 0.6712411642074585, 0.21655480563640594, 0.6977887749671936, -0.07537699490785599, 2.176957368850708, 1.3441944122314453, 0.12018890678882599, 0.2519400715827942, 1.7493574619293213, 0.08825698494911194, 0.5652454495429993, 0.6988857984542847, 0.994070291519165, 0.1809329092502594, 2.006779193878174, 0.7956959009170532, 2.0054471492767334, 0.9118419885635376, 0.029891211539506912, 0.4425404667854309, 0.6182177066802979, 1.5899782180786133, 0.5761619806289673, 0.6174898147583008, 0.0687524825334549, 0.009364612400531769, 1.2559349536895752, 0.983710765838623, 0.6259841322898865, 1.187861680984497, 0.019666224718093872, 0.23937997221946716]"
verse,"[28, 4, 11, 7, 4]",34,"[0.6181182861328125, 1.9116902351379395, 1.435668706893921, 0.010952357202768326, 0.26639023423194885, 1.3159140348434448, 0.7179868817329407, 0.46622776985168457, 1.3414621353149414, 0.399037629365921, 0.02821432426571846, 1.3331283330917358, 1.3943418264389038, 0.44523197412490845, -0.004357018508017063, 2.3226654529571533, 0.8085737228393555, 0.23322223126888275, 0.03823162615299225, 1.4843003749847412, 1.802516222000122, 1.1748597621917725, 0.2786770462989807, 0.811133623123169, 1.012884497642517, 0.8484731912612915, 1.3012661933898926, 1.0250879526138306, 0.9686490297317505, 1.497843623161316, 1.0119788646697998, 0.6356576681137085, 0.9966249465942383, 0.3992858827114105, 0.8776214122772217, 0.004836834967136383, 1.7991364002227783, 1.0765471458435059, 0.17362117767333984, 0.23756420612335205, 1.345887303352356, 0.18701957166194916, 0.5617508888244629, 0.9070827960968018, 1.2508317232131958, 0.1616305112838745, 2.167125940322876, 1.2487255334854126, 2.11238431930542, 1.1351851224899292, 0.02261434681713581, 0.19946882128715515, 0.5507345795631409, 1.4177019596099854, 1.0910766124725342, 0.5294370055198669, 0.16649220883846283, 0.0018245577812194824, 1.1509027481079102, 0.6052474975585938, 0.3385714888572693, 0.9161146283149719, -0.009557176381349564, 0.16931253671646118]"
argument,"[2, 11, 17, 13, 19, 4, 5, 8]",34,"[0.4311150908470154, 2.406153917312622, 0.6484075784683228, 0.11762292683124542, 0.8831411600112915, 1.5070537328720093, 0.9402046203613281, 1.162014365196228, 0.7999341487884521, 0.40960803627967834, -0.0057400427758693695, 0.8864454030990601, 0.80613112449646, 1.0893487930297852, -0.004372165072709322, 1.875805139541626, 1.4867180585861206, 0.728110671043396, 0.07025457918643951, 1.4649187326431274, 0.9295265674591064, 0.96320641040802, 0.6212553977966309, 0.276056170463562, 0.47169509530067444, 1.3454041481018066, 0.8510425090789795, 1.536844253540039, 0.9069023132324219, 1.0924861431121826, 1.8807686567306519, 0.7131286859512329, 1.4451144933700562, 0.8685432076454163, 0.764540433883667, 0.20141592621803284, 1.3256192207336426, 0.9709826111793518, 0.030095867812633514, 0.3029489517211914, 1.4030190706253052, 0.5354302525520325, 0.30361998081207275, 0.39703530073165894, 1.267369031906128, 0.6364509463310242, 2.2752997875213623, 0.7845826148986816, 2.0570170879364014, 1.192880630493164, 0.04067821055650711, 0.9658618569374084, 1.3352930545806885, 1.5129282474517822, 1.0161648988723755, 0.3002344071865082, 0.5135740041732788, 0.0016739442944526672, 1.1633814573287964, 0.9206578135490417, 0.8036374449729919, 1.505094289779663, 0.04962807148694992, 0.3293943405151367]"
assess,"[2, 7, 7, 4, 7, 7]",34,"[0.4664727747440338, 2.4989452362060547, 0.5103636384010315, -0.004179634153842926, 0.4762365520000458, 2.2297379970550537, 1.520809531211853, 1.0029916763305664, 0.43528711795806885, 0.8075177073478699, 0.02706095017492771, 0.29948723316192627, 0.9155594110488892, 1.2362968921661377, -0.010308993980288506, 0.5792363882064819, 1.3210369348526, 1.0477596521377563, 0.09061451256275177, 2.2520267963409424, 0.5787590742111206, 0.14699235558509827, 0.5493805408477783, 0.4287649691104889, 1.0084224939346313, 1.4358851909637451, 1.6493874788284302, 1.5006663799285889, 1.7152162790298462, 1.799991250038147, 1.6499862670898438, 1.0002102851867676, 1.5821938514709473, 1.2788280248641968, 1.4096213579177856, 0.32621514797210693, 0.39742276072502136, 0.6738618016242981, 0.05169685184955597, 0.1741253137588501, 0.30882641673088074, 0.629489004611969, 0.25943681597709656, 1.0888888835906982, 1.8472974300384521, 0.6284320950508118, 2.488570213317871, 1.6414240598678589, 2.238790512084961, 1.6088289022445679, 0.0038044843822717667, 0.21511656045913696, 1.0091899633407593, 1.4175269603729248, 1.9334814548492432, 0.2218242883682251, 0.727065920829773, -0.0032128747552633286, 1.1871507167816162, -0.0227975994348526, 0.059682607650756836, 0.8462986946105957, -0.0033699460327625275, 0.13686013221740723]"
bias,"[10, 6, 2, 7]",34,"[0.5113738775253296, 1.3679227828979492, 1.2855268716812134, 0.09370003640651703, 0.35998162627220154, 0.8870257139205933, 0.4865257143974304, 0.4068717360496521, 1.5323904752731323, 0.30442607402801514, 0.021913854405283928, 1.240048885345459, 0.9951295852661133, 0.40963008999824524, 0.0033968398347496986, 2.4154233932495117, 0.5623406171798706, 0.19044478237628937, 0.01032100711017847, 1.040773868560791, 1.850844144821167, 1.2254281044006348, 0.39906176924705505, 0.7561206817626953, 0.7667785882949829, 0.6627155542373657, 0.8443233370780945, 0.7637661695480347, 0.6870211362838745, 0.9976177215576172, 0.7754592299461365, 0.5579365491867065, 0.7617629766464233, 0.2875482439994812, 0.6099411249160767, 0.16156673431396484, 1.8350735902786255, 0.8081050515174866, 0.1960342824459076, 0.3007071018218994, 1.6612160205841064, 0.1508115977048874, 0.6555430889129639, 0.5950503349304199, 0.8374998569488525, 0.16177678108215332, 1.5013624429702759, 0.8473426699638367, 1.4544085264205933, 0.824812650680542, 0.07075878977775574, 0.3071599304676056, 0.4563865065574646, 1.0240579843521118, 0.734158992767334, 0.5666370391845703, 0.12015692889690399, -0.012519653886556625, 0.8448095321655273, 0.6578747630119324, 0.4614042639732361, 0.7006487846374512, 0.027744121849536896, 0.3097640872001648]"
chronological,"[18, 9, 11, 12, 5, 12, 14, 12, 17, 6, 18, 2, 14]",34,"[0.6320052146911621, 2.6585805416107178, 0.5188508033752441, 0.16520996391773224, 1.1399972438812256, 1.8384459018707275, 1.11054265499115, 1.4466789960861206, 0.7035790681838989, 0.3009916841983795, -0.017696566879749298, 0.8222157955169678, 0.8508374691009521, 1.5101649761199951, -0.0008623693138360977, 1.7147001028060913, 1.5196177959442139, 0.9610697031021118, 0.08096124231815338, 1.7918016910552979, 0.7688084840774536, 0.8950127363204956, 0.9022414684295654, 0.3930475115776062, 0.6520075798034668, 1.358757495880127, 0.9782300591468811, 1.8678841590881348, 1.245497465133667, 1.3637419939041138, 2.2930617332458496, 0.5715353488922119, 1.4219528436660767, 1.1381200551986694, 1.0706040859222412, 0.35105419158935547, 1.1943297386169434, 1.111457109451294, -0.03784164786338806, 0.21363915503025055, 1.3174554109573364, 0.5716516971588135, 0.3166449964046478, 0.4879818856716156, 1.4910025596618652, 0.906409740447998, 2.591038227081299, 0.9138145446777344, 2.3313491344451904, 1.2511180639266968, 0.03179433196783066, 1.0155531167984009, 1.4480359554290771, 1.834052324295044, 1.23363196849823, 0.3521804213523865, 0.5946934819221497, 0.0013486742973327637, 1.4984357357025146, 0.8928665518760681, 0.7173063158988953, 1.7662920951843262, 0.05622466653585434, 0.42949166893959045]"
cite,"[18, 6, 8, 4]",34,"[0.4803503751754761, 1.6007970571517944, 1.299718976020813, 0.0037822164595127106, 0.15346118807792664, 0.9681243300437927, 0.5256667137145996, 0.3271961212158203, 1.2658498287200928, 0.3347146213054657, 0.028148069977760315, 1.1896629333496094, 1.1652523279190063, 0.3109319508075714, -0.0014791605062782764, 2.0568900108337402, 0.6910651922225952, 0.14341962337493896, 0.02867886796593666, 1.1497905254364014, 1.7185933589935303, 1.09073007106781, 0.1930246502161026, 0.7089654207229614, 0.8280718326568604, 0.7476930618286133, 1.0024034976959229, 0.7849724292755127, 0.6843398809432983, 1.173831582069397, 0.7340015172958374, 0.6767171621322632, 0.9030760526657104, 0.219385027885437, 0.6164754629135132, 0.04153328016400337, 1.6503411531448364, 0.8163567781448364, 0.2278653085231781, 0.2615084648132324, 1.2935744524002075, 0.1086035966873169, 0.5821318626403809, 0.6945466995239258, 0.969282329082489, 0.053450390696525574, 1.7741460800170898, 1.0167394876480103, 1.6932390928268433, 0.9281926155090332, 0.04875629022717476, 0.19741162657737732, 0.43301162123680115, 1.166492223739624, 0.8959893584251404, 0.4884808659553528, 0.08141760528087616, 0.004410997033119202, 0.883258044719696, 0.5550012588500977, 0.315117210149765, 0.7464293837547302, -0.010193966329097748, 0.13969659805297852]"
claim,"[18, 14, 2, 6, 19]",34,"[0.23448389768600464, 1.3488733768463135, 1.3230679035186768, 0.13978296518325806, 0.24242748320102692, 0.7685137987136841, 0.47621333599090576, 0.37439286708831787, 1.7992857694625854, 0.4852142035961151, 0.03775640204548836, 1.1595234870910645, 0.7071599960327148, 0.3150564432144165, 0.0034611914306879044, 2.514634370803833, 0.7481075525283813, 0.2355436533689499, 0.015260167419910431, 0.8811603784561157, 2.0475385189056396, 1.2428535223007202, 0.3281412124633789, 0.5562616586685181, 0.5515033602714539, 0.9261499643325806, 0.6837835907936096, 0.548599362373352, 0.47350767254829407, 0.8042623996734619, 0.5347846746444702, 0.9061161279678345, 1.032371997833252, 0.33297955989837646, 0.420979380607605, 0.10486296564340591, 1.9122258424758911, 0.43459218740463257, 0.29160815477371216, 0.41569799184799194, 1.9847222566604614, 0.266857385635376, 0.7152133584022522, 0.480055034160614, 0.7173998355865479, 0.1648322194814682, 1.3961591720581055, 0.9096333980560303, 1.2147239446640015, 0.8565990328788757, 0.10731743276119232, 0.360687255859375, 0.5303841829299927, 0.6494821310043335, 0.8419912457466125, 0.419522225856781, 0.2045591026544571, 0.010343775153160095, 0.5334981083869934, 0.6149251461029053, 0.49341970682144165, 0.5087714195251465, 0.056046225130558014, 0.3099913001060486]"
clarify,"[18, 14, 2, 11, 6, 22, 21]",34,"[0.15512055158615112, 1.4333257675170898, 1.6390553712844849, 0.19981826841831207, 0.18050213158130646, 0.7465121150016785, 0.4525052309036255, 0.31380268931388855, 2.2511775493621826, 0.6015217304229736, 0.049873847514390945, 1.3383771181106567, 0.7584985494613647, 0.14940613508224487, -0.00018814997747540474, 3.1535332202911377, 0.8820209503173828, 0.1733848750591278, 0.01879817619919777, 0.8123448491096497, 2.5286006927490234, 1.4862507581710815, 0.2550179958343506, 0.5946444272994995, 0.5983646512031555, 1.067486047744751, 0.7265088558197021, 0.4604598879814148, 0.3488430380821228, 0.8220449686050415, 0.413211852312088, 1.1262481212615967, 1.1884702444076538, 0.25098589062690735, 0.33402174711227417, 0.039562951773405075, 2.323474645614624, 0.38523030281066895, 0.35299304127693176, 0.5227510929107666, 2.4249258041381836, 0.25928017497062683, 0.8166900277137756, 0.5206398963928223, 0.7273423075675964, 0.0835871696472168, 1.4947291612625122, 0.9938523769378662, 1.2611068487167358, 0.9297220706939697, 0.14231865108013153, 0.29668381810188293, 0.47275909781455994, 0.5628294348716736, 0.8795803785324097, 0.44529759883880615, 0.21498212218284607, 0.013665810227394104, 0.5053113698959351, 0.692558765411377, 0.5110486149787903, 0.46383562684059143, 0.06309482455253601, 0.31614425778388977]"
conclude,"[18, 12, 5, 18, 14, 13, 20, 4]",34,"[0.19616632163524628, 2.4338572025299072, 1.1675310134887695, 0.08254233002662659, 0.3248852491378784, 1.481770396232605, 0.9513565301895142, 0.7531001567840576, 1.3557130098342896, 0.8129706978797913, 0.05065169930458069, 0.9111584424972534, 0.8911813497543335, 0.6830446124076843, -0.008651376701891422, 2.0993285179138184, 1.4725261926651, 0.5302585363388062, 0.08191167563199997, 1.58307945728302, 1.5754272937774658, 0.8994988203048706, 0.2827697694301605, 0.30539143085479736, 0.7461379766464233, 1.6431941986083984, 1.2446892261505127, 1.067185401916504, 0.9390084743499756, 1.4039814472198486, 1.1621673107147217, 1.4652568101882935, 1.8128924369812012, 0.7478936910629272, 0.7871543169021606, 0.13778363168239594, 1.464394450187683, 0.529442548751831, 0.15957319736480713, 0.354791522026062, 1.4127141237258911, 0.5176044702529907, 0.3392176926136017, 0.7650748491287231, 1.3948956727981567, 0.329334020614624, 2.3522274494171143, 1.5712971687316895, 2.0901429653167725, 1.4703724384307861, 0.04511068016290665, 0.45753151178359985, 0.9816201329231262, 1.0706735849380493, 1.6090666055679321, 0.18606969714164734, 0.4633013904094696, 0.005495984107255936, 0.9077287316322327, 0.44206148386001587, 0.4029255509376526, 0.9510281682014465, 0.011723414063453674, 0.17875495553016663]"
context,"[18, 12, 5, 8, 4, 27, 8]",34,"[0.3446233868598938, 1.6949721574783325, 1.7331726551055908, 0.27871620655059814, 0.6527188420295715, 0.6191782355308533, 0.12689492106437683, 0.5606478452682495, 2.2818872928619385, 0.24244704842567444, 0.013883850537240505, 1.976745843887329, 1.0567405223846436, 0.2817978262901306, -0.010016566142439842, 4.008951187133789, 1.0280598402023315, 0.08310450613498688, 0.011946497485041618, 0.5198884606361389, 2.5916824340820312, 2.1926004886627197, 0.40880316495895386, 0.6759445667266846, 0.32359570264816284, 0.8758419752120972, 0.33318889141082764, 0.9458489418029785, 0.10295805335044861, 0.6059556007385254, 1.115572452545166, 0.5674135088920593, 1.0451717376708984, 0.05326616019010544, 0.12735198438167572, -0.039750389754772186, 3.1908817291259766, 1.1865769624710083, 0.29042914509773254, 0.6290336847305298, 3.211522102355957, 0.18264049291610718, 0.9272010326385498, 0.17766189575195312, 0.5544555187225342, 0.1633441001176834, 1.7207508087158203, 0.29532480239868164, 1.6054103374481201, 0.6183184385299683, 0.09571880847215652, 0.9933984875679016, 0.954397976398468, 1.1760703325271606, 0.16120094060897827, 0.5833172798156738, 0.06916528940200806, 0.007531214505434036, 0.8558962345123291, 1.716681718826294, 1.405612826347351, 1.4347983598709106, 0.15615235269069672, 0.4272864758968353]"
convert,"[18, 12, 5, 28, 4, 11, 8]",34,"[0.2876521944999695, 2.7692785263061523, 0.7187681794166565, 0.03539740666747093, 0.6732643246650696, 1.5083421468734741, 0.8458396196365356, 1.1722041368484497, 0.6937507390975952, 0.4836844503879547, 0.01202987041324377, 0.9721850156784058, 1.0357462167739868, 0.9432543516159058, -0.003713126527145505, 1.8135443925857544, 1.6612639427185059, 0.6213853359222412, 0.08926521241664886, 1.4888100624084473, 0.9769988059997559, 0.9283524751663208, 0.4058762788772583, 0.12542583048343658, 0.42801421880722046, 1.5658483505249023, 0.9179272055625916, 1.6104780435562134, 0.8414596319198608, 1.224770426750183, 1.871490478515625, 0.9512934684753418, 1.675926685333252, 0.7080476880073547, 0.6351743340492249, -0.05045177787542343, 1.348745584487915, 1.000733494758606, 0.030749797821044922, 0.28662109375, 1.2242214679718018, 0.5627911686897278, 0.09234656393527985, 0.47016143798828125, 1.3975781202316284, 0.5481871366500854, 2.6536550521850586, 1.0537934303283691, 2.350355863571167, 1.316368579864502, -0.005040518939495087, 1.0020315647125244, 1.4766969680786133, 1.6122081279754639, 1.0454832315444946, 0.09735973179340363, 0.5367127656936646, 0.0043280236423015594, 1.2365634441375732, 0.8209510445594788, 0.7880424857139587, 1.7574599981307983, 0.0190170556306839, 0.09317470341920853]"
counterclaim,"[18, 12, 13, 5, 8, 4, 11, 18, 14, 2, 6, 19]",34,"[0.45681440830230713, 1.978916883468628, 1.239062786102295, 0.194758340716362, 0.6910043954849243, 1.2728580236434937, 0.6834108233451843, 0.8014337420463562, 1.6747958660125732, 0.4766491949558258, 0.021284088492393494, 1.1980555057525635, 0.8365508317947388, 0.8165760040283203, -0.0029596586246043444, 2.733154058456421, 1.1818686723709106, 0.4985211193561554, 0.0315469354391098, 1.279541015625, 1.891983151435852, 1.3136779069900513, 0.609127402305603, 0.5845200419425964, 0.6903496980667114, 1.169386386871338, 0.8337105512619019, 1.1429001092910767, 0.807884693145752, 1.0901719331741333, 1.265675663948059, 0.8961554765701294, 1.2949260473251343, 0.6369502544403076, 0.7231644988059998, 0.2658774256706238, 1.9899646043777466, 0.8184503316879272, 0.1058606281876564, 0.39961355924606323, 2.0539097785949707, 0.39457765221595764, 0.6423211097717285, 0.5133498311042786, 1.0139856338500977, 0.4739479720592499, 1.9653552770614624, 0.9325622916221619, 1.7556381225585938, 1.092627763748169, 0.08846481889486313, 0.7348748445510864, 0.9045235514640808, 1.1613060235977173, 1.0560212135314941, 0.47992318868637085, 0.34543299674987793, -0.0020761247724294662, 0.9443649649620056, 0.8682513236999512, 0.714084267616272, 1.1002501249313354, 0.07661773264408112, 0.4412013590335846]"
credible,"[18, 11, 4, 20, 6, 10, 14, 4]",34,"[0.22283044457435608, 1.8242237567901611, 1.3875535726547241, 0.3338250517845154, 0.5551073551177979, 0.6962766051292419, 0.23781484365463257, 0.5605440735816956, 1.9544955492019653, 0.325578898191452, 0.02060145139694214, 1.6747112274169922, 0.8732000589370728, 0.2857584059238434, -0.0019178753718733788, 3.3611388206481934, 1.16303288936615, 0.11205479502677917, 0.022555310279130936, 0.6541333198547363, 2.2295124530792236, 1.8405780792236328, 0.32027944922447205, 0.435916006565094, 0.2550743818283081, 1.1139227151870728, 0.4332127273082733, 0.8741968870162964, 0.1385018229484558, 0.6265805959701538, 1.0380477905273438, 0.7965576648712158, 1.2522313594818115, 0.1617921143770218, 0.12722435593605042, -0.050294168293476105, 2.624476194381714, 0.8826117515563965, 0.20540156960487366, 0.6273670196533203, 2.830214023590088, 0.2611112892627716, 0.6700160503387451, 0.1725395917892456, 0.6167042255401611, 0.18904604017734528, 1.7937238216400146, 0.5478417873382568, 1.5561705827713013, 0.7226674556732178, 0.09095139801502228, 1.0149078369140625, 0.9728003740310669, 1.0159175395965576, 0.44232943654060364, 0.4334620237350464, 0.12403827905654907, -0.010087462142109871, 0.7228890657424927, 1.3807011842727661, 1.2187336683273315, 1.3136039972305298, 0.19130507111549377, 0.4176521301269531]"
criteria,"[18, 11, 6, 8, 4, 11, 6, 2]",34,"[0.2247409224510193, 1.6248036623001099, 1.2032526731491089, 0.1156575083732605, 0.2026643604040146, 0.8378363251686096, 0.4661327302455902, 0.4485604166984558, 1.4506511688232422, 0.4582713544368744, 0.03151772543787956, 1.1151401996612549, 0.8440878391265869, 0.30849871039390564, 0.002204141579568386, 2.3030612468719482, 0.9464401006698608, 0.1891304850578308, 0.022159665822982788, 0.9106120467185974, 1.805016279220581, 1.121989369392395, 0.20665155351161957, 0.4033467769622803, 0.5050643682479858, 1.0513978004455566, 0.7053136229515076, 0.7088154554367065, 0.42421701550483704, 0.8536198735237122, 0.6805615425109863, 0.9237837791442871, 1.2090237140655518, 0.2801761031150818, 0.36898109316825867, 0.03109521046280861, 1.7053873538970947, 0.5289766192436218, 0.19654111564159393, 0.4000670909881592, 1.6846978664398193, 0.26135483384132385, 0.4691111445426941, 0.4809699058532715, 0.770797073841095, 0.15469130873680115, 1.6625975370407104, 0.8938965797424316, 1.4783146381378174, 0.9522826671600342, 0.08160445094108582, 0.42902353405952454, 0.6732485294342041, 0.8340896368026733, 0.7445479035377502, 0.29893094301223755, 0.19365614652633667, -0.001176878809928894, 0.6715521216392517, 0.5533621907234192, 0.5016144514083862, 0.7488779425621033, 0.03804801404476166, 0.17688924074172974]"
debate,"[20, 4, 10, 2, 8, 4]",34,"[0.5153732299804688, 2.2411937713623047, 0.7980791926383972, 0.049664754420518875, 0.656191885471344, 1.3478336334228516, 0.7439906597137451, 0.9334172010421753, 0.7098982334136963, 0.2884373962879181, 0.00970243476331234, 1.0089184045791626, 1.0344032049179077, 0.9410920143127441, -0.009830296970903873, 1.7396119832992554, 1.201303243637085, 0.5346056222915649, 0.05838824808597565, 1.388375163078308, 1.0151973962783813, 0.9162447452545166, 0.5217103958129883, 0.43781161308288574, 0.5968578457832336, 1.0794504880905151, 0.8890024423599243, 1.4435168504714966, 0.8959164619445801, 1.1885467767715454, 1.6107040643692017, 0.5882163643836975, 1.2374026775360107, 0.5923224687576294, 0.7553186416625977, 0.15663914382457733, 1.3175320625305176, 1.0632681846618652, 0.036911651492118835, 0.20109471678733826, 1.0895287990570068, 0.356246680021286, 0.3071199059486389, 0.5076274275779724, 1.209018349647522, 0.4769406318664551, 2.204758644104004, 0.8385380506515503, 2.0967345237731934, 1.083644986152649, 0.005135124549269676, 0.7104285359382629, 1.0749938488006592, 1.5530457496643066, 0.8883233070373535, 0.3196902275085449, 0.37136322259902954, -0.012200025841593742, 1.2280739545822144, 0.7480153441429138, 0.654548168182373, 1.4395796060562134, 0.007410053163766861, 0.18125200271606445]"
deduce,"[20, 4, 20, 13, 18, 4]",34,"[0.1961238831281662, 1.6999448537826538, 1.1912935972213745, 0.1171116977930069, 0.15187406539916992, 1.1052331924438477, 0.7439218163490295, 0.35961729288101196, 1.4944103956222534, 0.728720486164093, 0.056331560015678406, 0.9124021530151367, 0.7319709062576294, 0.3549852967262268, -0.007472341880202293, 2.079033136367798, 1.0845165252685547, 0.34383562207221985, 0.0567566454410553, 1.2045232057571411, 1.7247217893600464, 0.9652109146118164, 0.24130982160568237, 0.5348550081253052, 0.7165326476097107, 1.23198664188385, 0.9915255904197693, 0.5894461870193481, 0.6829839944839478, 1.1307151317596436, 0.6266456842422485, 1.2568988800048828, 1.5072580575942993, 0.5151559114456177, 0.5716918706893921, 0.31972408294677734, 1.550835132598877, 0.34427410364151, 0.24056538939476013, 0.36183273792266846, 1.4900822639465332, 0.33182334899902344, 0.6410586833953857, 0.6414190530776978, 1.0159986019134521, 0.13641637563705444, 1.6857231855392456, 1.3398841619491577, 1.5148237943649292, 1.0864431858062744, 0.0702124834060669, 0.23275232315063477, 0.5412042737007141, 0.6416707038879395, 1.3871756792068481, 0.41184693574905396, 0.2558664381504059, -0.02182694897055626, 0.5530301928520203, 0.43162333965301514, 0.3820216655731201, 0.47340118885040283, 0.044605739414691925, 0.24391508102416992]"
elaborate,"[4, 14, 2, 10, 12, 11, 2, 8, 4]",34,"[0.39418432116508484, 2.396902322769165, 1.0976488590240479, 0.19078071415424347, 0.8652486801147461, 1.0957852602005005, 0.4451771676540375, 1.0423341989517212, 1.2088217735290527, 0.25067245960235596, 0.0013361320598050952, 1.4615719318389893, 1.0838390588760376, 0.7671244740486145, -0.008191936649382114, 2.8539974689483643, 1.5172228813171387, 0.339560329914093, 0.042082831263542175, 0.955531656742096, 1.547028660774231, 1.5146676301956177, 0.5013502240180969, 0.26002204418182373, 0.25598573684692383, 1.3172541856765747, 0.521533191204071, 1.5097723007202148, 0.43411120772361755, 0.8560779094696045, 1.7668874263763428, 0.6666953563690186, 1.4642499685287476, 0.3766045868396759, 0.3659287095069885, -0.023133069276809692, 2.1281676292419434, 1.2376397848129272, 0.0046046823263168335, 0.41813209652900696, 2.0840842723846436, 0.42493554949760437, 0.3120543956756592, 0.24706099927425385, 0.9338449835777283, 0.438301146030426, 2.333836793899536, 0.5107254981994629, 2.1218814849853516, 0.9830291867256165, 0.03488403931260109, 1.24949049949646, 1.435124397277832, 1.6396582126617432, 0.43416714668273926, 0.2479051649570465, 0.3248938322067261, -0.015223093330860138, 1.2137168645858765, 1.3251299858093262, 1.222593903541565, 1.9469659328460693, 0.07590527832508087, 0.24694588780403137]"
essential,"[4, 7, 7, 4, 5, 8, 6, 2, 14]",34,"[0.3295661509037018, 2.602865219116211, 0.9179587960243225, 0.006568055599927902, 0.5461900234222412, 1.622578740119934, 0.9567561149597168, 1.0211412906646729, 0.9508208632469177, 0.6058725118637085, 0.030512867495417595, 0.9239106178283691, 1.0369956493377686, 0.8789405226707458, 0.00023834360763430595, 1.805037498474121, 1.4917529821395874, 0.623992919921875, 0.07482556998729706, 1.668748140335083, 1.226119041442871, 0.7996940612792969, 0.40784910321235657, 0.2682810425758362, 0.6216571927070618, 1.5497738122940063, 1.1541030406951904, 1.401471734046936, 1.0163521766662598, 1.3733925819396973, 1.5839803218841553, 1.0119895935058594, 1.6326630115509033, 0.7634104490280151, 0.8500517010688782, 0.06409554183483124, 1.30414879322052, 0.8419464230537415, 0.07826366275548935, 0.3038713335990906, 1.1907035112380981, 0.5025796294212341, 0.22876182198524475, 0.6822993755340576, 1.438686728477478, 0.45411720871925354, 2.5428128242492676, 1.2603590488433838, 2.3228535652160645, 1.4316439628601074, 0.026108941063284874, 0.6505475640296936, 1.1768027544021606, 1.4134966135025024, 1.2572393417358398, 0.11454955488443375, 0.5039070248603821, -8.036568760871887e-05, 1.1658471822738647, 0.5024017691612244, 0.4668312668800354, 1.2821245193481445, -0.008960176259279251, 0.08504362404346466]"
evaluate,"[4, 28, 2, 14, 13, 2, 8, 4]",34,"[0.7593542337417603, 2.4550013542175293, 0.43339648842811584, 0.024103086441755295, 0.8560878038406372, 1.839812994003296, 1.0406545400619507, 1.2186180353164673, 0.24858346581459045, 0.22786945104599, -0.018206564709544182, 0.6484062075614929, 1.0590002536773682, 1.4043127298355103, -0.004711285699158907, 0.9808346033096313, 1.1672940254211426, 0.9070703983306885, 0.06568694859743118, 1.866879940032959, 0.4460122883319855, 0.5830097198486328, 0.7306892275810242, 0.5267173051834106, 0.8364481329917908, 1.0048946142196655, 1.1245373487472534, 1.8277451992034912, 1.405659556388855, 1.453634262084961, 2.021116018295288, 0.36184829473495483, 1.1111751794815063, 0.9814056754112244, 1.1880837678909302, 0.32045647501945496, 0.792454183101654, 1.1830148696899414, -0.062812939286232, 0.08296442776918411, 0.5088192224502563, 0.4198284149169922, 0.2512332797050476, 0.6614108085632324, 1.495131015777588, 0.7331733703613281, 2.3572442531585693, 0.9212009310722351, 2.336317539215088, 1.244992971420288, -0.000606980174779892, 0.6696492433547974, 1.1778007745742798, 1.8540483713150024, 1.1831188201904297, 0.385053426027298, 0.5043665766716003, -0.01985304430127144, 1.538356065750122, 0.5732083916664124, 0.46566230058670044, 1.4801682233810425, 0.0137404203414917, 0.2457379698753357]"
expository,"[4, 27, 3, 12, 7, 6, 8, 12, 11, 21]",34,"[0.3426044285297394, 2.0368525981903076, 1.6810343265533447, 0.23335011303424835, 0.5287066102027893, 1.0283725261688232, 0.5153789520263672, 0.7496621608734131, 2.0873942375183105, 0.44619688391685486, 0.029771707952022552, 1.7131940126419067, 1.035132884979248, 0.45224323868751526, 0.004434169270098209, 3.5489068031311035, 1.210245132446289, 0.26605939865112305, 0.026868673041462898, 0.9886429905891418, 2.5151233673095703, 1.7824236154556274, 0.43840986490249634, 0.5213993787765503, 0.5561959743499756, 1.3053587675094604, 0.7055723071098328, 0.9972233772277832, 0.4711964428424835, 0.9678645133972168, 1.1184086799621582, 0.8811115026473999, 1.3892159461975098, 0.35076338052749634, 0.4185858964920044, 0.004340551793575287, 2.6650707721710205, 0.8971894979476929, 0.1878768652677536, 0.5515864491462708, 2.7085065841674805, 0.3408612012863159, 0.6695650815963745, 0.47489839792251587, 0.9344879984855652, 0.2922927141189575, 2.105776786804199, 0.8999850749969482, 1.9146493673324585, 1.0772391557693481, 0.09720879793167114, 0.8315057158470154, 0.9824089407920837, 1.119411587715149, 0.7510017156600952, 0.44205179810523987, 0.2451610118150711, -0.01836257427930832, 0.943740725517273, 1.147948980331421, 0.9247927665710449, 1.222685694694519, 0.09924381971359253, 0.3129592835903168]"
formulate,"[22, 12, 11, 19, 13, 14, 2, 8, 4]",34,"[0.5854967832565308, 1.521124243736267, 1.4468947649002075, 0.24585749208927155, 0.6812936067581177, 0.8434768319129944, 0.35154375433921814, 0.5775695443153381, 1.9425650835037231, 0.18232345581054688, 0.008843561634421349, 1.5879071950912476, 1.0345451831817627, 0.562407374382019, -0.0010664821602404118, 3.243112802505493, 0.6920143365859985, 0.20215550065040588, 0.008628398180007935, 0.8730093836784363, 2.25720477104187, 1.728730320930481, 0.5839695334434509, 0.831877589225769, 0.6754248142242432, 0.6739933490753174, 0.5847070217132568, 1.0054384469985962, 0.5257697701454163, 0.8626064658164978, 1.0851397514343262, 0.4293230175971985, 0.7960191965103149, 0.29329144954681396, 0.5011537075042725, 0.239924818277359, 2.5058937072753906, 1.0624821186065674, 0.20722927153110504, 0.4145027995109558, 2.4957633018493652, 0.1108681708574295, 0.8784518241882324, 0.3726819157600403, 0.7505773901939392, 0.29964470863342285, 1.5492454767227173, 0.5116169452667236, 1.507331132888794, 0.6743007898330688, 0.10658465325832367, 0.6445983648300171, 0.6607008576393127, 1.246514916419983, 0.48189473152160645, 0.6870133876800537, 0.09105844795703888, -0.025342576205730438, 0.9484733939170837, 1.2270140647888184, 0.9119275808334351, 1.1152995824813843, 0.0964619368314743, 0.5173611044883728]"
hypothesis,"[9, 21, 3, 12, 8, 9, 4, 7, 6, 7]",34,"[0.3461010754108429, 2.4671437740325928, 1.1484178304672241, 0.06478558480739594, 0.5516921877861023, 1.4849159717559814, 0.8381508588790894, 0.9470067620277405, 1.2842375040054321, 0.6130626201629639, 0.038958728313446045, 1.0931485891342163, 1.0236600637435913, 0.7994672060012817, -0.010149165987968445, 2.272233724594116, 1.4823501110076904, 0.5767213106155396, 0.06375984847545624, 1.497194766998291, 1.554419994354248, 1.0508711338043213, 0.405885249376297, 0.39706963300704956, 0.6800827383995056, 1.4749867916107178, 1.111681580543518, 1.2790098190307617, 0.8894001245498657, 1.323888897895813, 1.4786642789840698, 1.0919129848480225, 1.640925407409668, 0.6855925917625427, 0.7551438212394714, 0.12976142764091492, 1.658648133277893, 0.860989511013031, 0.08676854521036148, 0.30977073311805725, 1.4943565130233765, 0.4717605412006378, 0.4042696952819824, 0.6797100305557251, 1.3384904861450195, 0.4084356129169464, 2.4606895446777344, 1.2113773822784424, 2.23563289642334, 1.365620493888855, 0.04046938940882683, 0.6725415587425232, 1.0696531534194946, 1.3432409763336182, 1.2778701782226562, 0.24827994406223297, 0.4503050744533539, 0.022190481424331665, 1.1014835834503174, 0.7355227470397949, 0.590765118598938, 1.2688357830047607, 0.007362764328718185, 0.137966588139534]"
illustrate,"[6, 14, 14, 13, 7, 8, 11, 2, 8, 4]",34,"[0.5101321339607239, 3.1223034858703613, 0.9106640815734863, 0.04087730124592781, 0.793772280216217, 2.075582981109619, 1.1826224327087402, 1.3370404243469238, 0.8611570000648499, 0.6101126074790955, 0.019963858649134636, 0.9064545631408691, 1.1852189302444458, 1.3360774517059326, -0.003346167504787445, 1.7756365537643433, 1.7638700008392334, 0.9008675813674927, 0.09345138072967529, 2.0611412525177, 1.0630007982254028, 0.7905601263046265, 0.6578660607337952, 0.3360275626182556, 0.706484854221344, 1.7316843271255493, 1.3339213132858276, 1.903198003768921, 1.3444916009902954, 1.7045469284057617, 2.1935815811157227, 0.9966427087783813, 1.8280737400054932, 1.0027426481246948, 1.1757557392120361, 0.09517083317041397, 1.2449437379837036, 1.1520310640335083, 0.019141197204589844, 0.22194243967533112, 1.1092981100082397, 0.6376949548721313, 0.16800186038017273, 0.7955011129379272, 1.7591164112091064, 0.7103174924850464, 3.0734808444976807, 1.2888120412826538, 2.757512092590332, 1.6689982414245605, 0.01963147521018982, 0.8061082363128662, 1.488124132156372, 1.9139118194580078, 1.3707449436187744, 0.13474267721176147, 0.7345966100692749, 0.0036259926855564117, 1.554909348487854, 0.5496984124183655, 0.549045205116272, 1.7336632013320923, 0.00931284949183464, 0.1125323697924614]"
inference,"[6, 5, 22, 4, 11, 4, 5, 18, 4]",34,"[0.23068630695343018, 2.1521308422088623, 0.9355151653289795, 0.05484216287732124, 0.34927982091903687, 1.2318187952041626, 0.7494581341743469, 0.656103789806366, 1.0398328304290771, 0.6463813781738281, 0.04807524010539055, 0.853481650352478, 0.8574376106262207, 0.600755512714386, -0.005639433395117521, 1.816765308380127, 1.3123871088027954, 0.4256065785884857, 0.06458837538957596, 1.3099720478057861, 1.3154643774032593, 0.8320791721343994, 0.2649139165878296, 0.31103867292404175, 0.5969250798225403, 1.379424810409546, 0.9941616654396057, 1.0166507959365845, 0.7711670398712158, 1.1255255937576294, 1.1308858394622803, 1.149322271347046, 1.5457115173339844, 0.5650704503059387, 0.6369308233261108, 0.14938724040985107, 1.3032559156417847, 0.6019666790962219, 0.14305146038532257, 0.3264780640602112, 1.258422613143921, 0.37502703070640564, 0.3421894907951355, 0.5634961128234863, 1.1343735456466675, 0.27911338210105896, 2.0394012928009033, 1.2083317041397095, 1.8251179456710815, 1.179916262626648, 0.03993557021021843, 0.462585985660553, 0.9110392928123474, 1.065159797668457, 1.2467877864837646, 0.1999712735414505, 0.3074263632297516, 0.006120428442955017, 0.8765580654144287, 0.5010769963264465, 0.5024954676628113, 0.9944190979003906, 0.021990977227687836, 0.1799209713935852]"
integrate,"[6, 5, 8, 4, 17, 11, 2, 8, 4]",34,"[0.5738970041275024, 1.8584794998168945, 1.5275025367736816, 0.14215774834156036, 0.5904737114906311, 0.8990482091903687, 0.3318881094455719, 0.649935781955719, 1.5963913202285767, 0.14908139407634735, 0.005608143284916878, 1.7550199031829834, 1.3087953329086304, 0.45381322503089905, -0.006452193018049002, 3.209778308868408, 0.9366369247436523, 0.0862368792295456, 0.01111531350761652, 0.9163632988929749, 2.061973810195923, 1.7537453174591064, 0.4075532555580139, 0.6743711233139038, 0.6011629104614258, 0.7801032066345215, 0.6814509034156799, 1.145665168762207, 0.4565630555152893, 0.978022038936615, 1.2379755973815918, 0.42983782291412354, 0.9349932670593262, 0.14197733998298645, 0.43414735794067383, -0.027715347707271576, 2.5285611152648926, 1.2872580289840698, 0.10980676114559174, 0.38310229778289795, 2.1695284843444824, 0.16665928065776825, 0.5712489485740662, 0.4410122036933899, 0.8559215664863586, 0.18515895307064056, 1.9821666479110718, 0.5702601671218872, 1.9616882801055908, 0.8347646594047546, 0.04662587493658066, 0.7514260411262512, 0.8659942746162415, 1.504957675933838, 0.34450361132621765, 0.5077798366546631, 0.11030898988246918, -0.006601937115192413, 1.1898677349090576, 1.232169508934021, 0.9871408939361572, 1.4779441356658936, 0.055610254406929016, 0.2912577986717224]"
justify,"[23, 13, 7, 8, 6, 22, 21]",34,"[0.359048068523407, 2.2501463890075684, 0.8081258535385132, 0.05939662083983421, 0.525658369064331, 1.596514344215393, 1.017655611038208, 0.9252223968505859, 1.0152878761291504, 0.6399688720703125, 0.030764885246753693, 0.6207524538040161, 0.7437746524810791, 0.9874640703201294, -0.004764145240187645, 1.5308095216751099, 1.3315749168395996, 0.7748826742172241, 0.05893469974398613, 1.670056700706482, 1.1450551748275757, 0.641022801399231, 0.530026912689209, 0.4285053312778473, 0.7651838064193726, 1.3895715475082397, 1.1487787961959839, 1.2248365879058838, 1.1070294380187988, 1.3634912967681885, 1.3710767030715942, 1.0443919897079468, 1.516003966331482, 0.8771252036094666, 0.9232882857322693, 0.3031145930290222, 1.0207430124282837, 0.5685843229293823, 0.10923933982849121, 0.21713878214359283, 1.016771674156189, 0.5170069932937622, 0.41847503185272217, 0.708755612373352, 1.3764333724975586, 0.5589240193367004, 2.2099215984344482, 1.250390648841858, 1.9498181343078613, 1.382265329360962, 0.055323198437690735, 0.460934579372406, 0.9346849918365479, 1.1389951705932617, 1.437842607498169, 0.2899291515350342, 0.5593283772468567, 0.008557520806789398, 0.9913351535797119, 0.3148806393146515, 0.2760762572288513, 0.9028884172439575, 0.003175787627696991, 0.20482444763183594]"
plagiarism,"[3, 14, 2, 17, 6, 2, 11, 6, 7, 19]",34,"[0.40360113978385925, 2.558206081390381, 1.0059456825256348, 0.14669574797153473, 0.7810904383659363, 1.6451202630996704, 1.0485905408859253, 1.2114280462265015, 1.2319624423980713, 0.5564799904823303, 0.024626610800623894, 1.0067371129989624, 0.8182516098022461, 1.1129372119903564, -0.0019737016409635544, 2.1950554847717285, 1.5994139909744263, 0.807610034942627, 0.0580844022333622, 1.633233666419983, 1.4299824237823486, 1.0406779050827026, 0.6591929197311401, 0.34647101163864136, 0.6086664795875549, 1.5980602502822876, 1.0555791854858398, 1.4343169927597046, 1.015925407409668, 1.3191823959350586, 1.7238479852676392, 0.9946838617324829, 1.7110577821731567, 0.9234108924865723, 0.9023895263671875, 0.20639798045158386, 1.5470168590545654, 0.7654277682304382, 0.06458992511034012, 0.306613564491272, 1.561279296875, 0.6329507827758789, 0.36352288722991943, 0.6437504291534424, 1.4082905054092407, 0.6653847098350525, 2.5641274452209473, 1.1935646533966064, 2.2748427391052246, 1.4605929851531982, 0.06831903755664825, 0.8487008810043335, 1.2985503673553467, 1.3888211250305176, 1.3355079889297485, 0.24149827659130096, 0.6377837061882019, 0.023128792643547058, 1.2001909017562866, 0.6681586503982544, 0.601380467414856, 1.3334152698516846, 0.03122561424970627, 0.24356263875961304]"
precise,"[3, 11, 4, 18, 6, 7, 4]",34,"[0.43580979108810425, 1.9605473279953003, 2.0068483352661133, 0.021619047969579697, 0.027812281623482704, 1.096398949623108, 0.6545233726501465, 0.27336937189102173, 2.09773588180542, 0.6847594380378723, 0.06710609793663025, 1.6327658891677856, 1.3412634134292603, 0.15276667475700378, 0.00020302319899201393, 3.0905375480651855, 0.950419545173645, 0.040162328630685806, 0.02800343558192253, 1.3706337213516235, 2.6278769969940186, 1.4699280261993408, 0.1561897248029709, 0.796800971031189, 1.0349549055099487, 1.2265536785125732, 1.3215223550796509, 0.6675304174423218, 0.7547616958618164, 1.514090895652771, 0.6172552108764648, 1.2170369625091553, 1.3661918640136719, 0.2204599827528, 0.689197301864624, -0.05416024476289749, 2.392486333847046, 0.7252056002616882, 0.2995034456253052, 0.34501713514328003, 1.949513554573059, 0.2505510151386261, 0.7253656983375549, 0.9585781097412109, 1.2252259254455566, -0.030727198347449303, 2.2120745182037354, 1.5955352783203125, 2.006424903869629, 1.2744052410125732, 0.06842382997274399, 0.1793285608291626, 0.4535849094390869, 1.0466265678405762, 1.3191251754760742, 0.4780893325805664, 0.18603858351707458, -0.003073776140809059, 0.8897868990898132, 0.5489134192466736, 0.33767402172088623, 0.6586229205131531, -0.0084870345890522, 0.15652470290660858]"
primary source,"[3, 11, 6, 19, 2, 11, 21, 31, 7, 12, 13, 11, 18, 4]",34,"[0.8382000923156738, 2.0165226459503174, 0.21529027819633484, 0.08184976875782013, 0.9369209408760071, 2.3052268028259277, 1.4591530561447144, 1.0832524299621582, 0.4474133849143982, 0.5341499447822571, 0.016551584005355835, 0.14551135897636414, 0.5171464681625366, 1.6892622709274292, -0.006148702464997768, 0.6924906969070435, 1.0730546712875366, 1.250019907951355, 0.06321248412132263, 2.3315813541412354, 0.49081239104270935, 0.23651891946792603, 1.0766637325286865, 0.8479642868041992, 1.2959455251693726, 1.1042543649673462, 1.3679325580596924, 1.681059718132019, 1.9238038063049316, 1.713731288909912, 1.8199657201766968, 0.6453518867492676, 1.1626245975494385, 1.5265378952026367, 1.5850133895874023, 1.0907070636749268, 0.333188533782959, 0.7133569121360779, -0.019103914499282837, 0.1022283136844635, 0.4294208586215973, 0.5368967652320862, 0.7196191549301147, 0.8217267990112305, 1.664833664894104, 0.9898003935813904, 1.9675415754318237, 1.2949981689453125, 1.8683936595916748, 1.195957899093628, 0.014317238703370094, 0.4128071963787079, 0.7950073480606079, 1.3858367204666138, 2.0057930946350098, 0.7393396496772766, 0.6507672071456909, -0.004663325846195221, 1.3186094760894775, 0.27818211913108826, 0.14888818562030792, 0.8709585070610046, 0.024062171578407288, 0.7174230813980103]"
refine,"[11, 4, 22, 6, 5, 4]",34,"[0.8426985740661621, 1.4786410331726074, 1.4207485914230347, 0.027980241924524307, 0.38284868001937866, 1.0507317781448364, 0.5005672574043274, 0.3490891456604004, 1.4496541023254395, 0.07394498586654663, -0.008096631616353989, 1.4939110279083252, 1.4650866985321045, 0.437143474817276, -0.003312302753329277, 2.6325550079345703, 0.31736862659454346, 0.12523172795772552, 0.015389546751976013, 1.2574033737182617, 1.8508343696594238, 1.47162926197052, 0.38972243666648865, 1.107506513595581, 1.1146833896636963, 0.30959904193878174, 1.112770438194275, 0.9697202444076538, 0.8919607400894165, 1.3153504133224487, 0.967975378036499, 0.14663225412368774, 0.4250892400741577, 0.27682337164878845, 0.8501521348953247, 0.11430305987596512, 2.084437370300293, 1.3415130376815796, 0.21587643027305603, 0.21060867607593536, 1.6398520469665527, -0.030461180955171585, 0.7680783867835999, 0.776390790939331, 1.0242631435394287, 0.1334434449672699, 1.7555999755859375, 0.9031501412391663, 1.8190231323242188, 0.7844125032424927, 0.008521556854248047, 0.17998312413692474, 0.31189805269241333, 1.4592666625976562, 0.7645427584648132, 0.7925101518630981, -0.02740686573088169, -0.017612813040614128, 1.1961243152618408, 0.9525079727172852, 0.5064029097557068, 0.8909379839897156, 0.004920460283756256, 0.32814639806747437]"
research,"[11, 4, 7, 4, 2, 11, 18, 9]",34,"[0.33531996607780457, 2.3071978092193604, 1.0134016275405884, 0.0830875039100647, 0.4827580153942108, 1.3976588249206543, 0.7660545706748962, 0.8086171746253967, 1.191401720046997, 0.6047554612159729, 0.04180918633937836, 0.9512293338775635, 0.954338788986206, 0.7776483297348022, -0.006158440373837948, 2.067065954208374, 1.3530949354171753, 0.5025675892829895, 0.05323478952050209, 1.4420748949050903, 1.447409987449646, 0.940686821937561, 0.4058595299720764, 0.35215651988983154, 0.6530696153640747, 1.4460663795471191, 1.0151740312576294, 1.2353559732437134, 0.8611619472503662, 1.2426191568374634, 1.3309977054595947, 1.0980639457702637, 1.6094999313354492, 0.621110737323761, 0.7372136116027832, 0.18678106367588043, 1.4468441009521484, 0.724372923374176, 0.08088960498571396, 0.3119574189186096, 1.3951079845428467, 0.41711488366127014, 0.36387181282043457, 0.6224710941314697, 1.2149255275726318, 0.4258105754852295, 2.252267360687256, 1.1330270767211914, 2.019974946975708, 1.2305054664611816, 0.05069703608751297, 0.5793244242668152, 0.9974349141120911, 1.2675005197525024, 1.1818907260894775, 0.21005253493785858, 0.39284074306488037, -0.005980940535664558, 1.0356084108352661, 0.5116125345230103, 0.5153431296348572, 1.1830168962478638, 0.02030424028635025, 0.2273828685283661]"
secondary source,"[7, 4, 18, 12, 5, 20, 2, 11, 21, 31, 7, 12, 13, 11, 18, 4]",34,"[0.971373975276947, 1.9341332912445068, 0.0193076953291893, 0.039299581199884415, 0.9060324430465698, 2.4821786880493164, 1.5676888227462769, 1.0811419486999512, 0.07713890820741653, 0.46028226613998413, -0.0037983215879648924, -0.05459514260292053, 0.5645370483398438, 1.8149199485778809, 0.0007481197826564312, 0.10073412954807281, 0.875739336013794, 1.341790795326233, 0.08694541454315186, 2.5535755157470703, 0.1256127655506134, 0.03232567012310028, 1.0661592483520508, 0.9942914247512817, 1.5587304830551147, 0.8829997777938843, 1.5022637844085693, 1.7492207288742065, 2.180380344390869, 1.9033235311508179, 1.8885366916656494, 0.4808049201965332, 0.9550317525863647, 1.678451657295227, 1.7919338941574097, 1.2646504640579224, -0.09468762576580048, 0.764650821685791, -0.02679683268070221, -0.019007936120033264, -0.00821317732334137, 0.4774600863456726, 0.7005734443664551, 0.943152666091919, 1.8439993858337402, 0.9737973809242249, 1.9318598508834839, 1.4650969505310059, 1.9010244607925415, 1.1831090450286865, -0.018685556948184967, 0.16611157357692719, 0.6410811543464661, 1.5311745405197144, 2.2220516204833984, 0.8852484226226807, 0.625343918800354, -0.01565711945295334, 1.444761872291565, 0.21288928389549255, -0.07051108777523041, 0.7972378134727478, 0.014663901180028915, 0.7179807424545288]"
significant,"[7, 6, 17, 5, 6, 22, 6, 18, 2, 5, 8]",34,"[0.589638888835907, 2.967085599899292, 0.879374086856842, 0.09168756008148193, 1.0355397462844849, 1.6865092515945435, 0.8814284205436707, 1.387413740158081, 0.8742401003837585, 0.32932916283607483, -0.007008405402302742, 1.2349950075149536, 1.1803058385849, 1.2553702592849731, -0.004411735571920872, 2.318542718887329, 1.6949591636657715, 0.6725417375564575, 0.05934649705886841, 1.6425222158432007, 1.1631842851638794, 1.2128058671951294, 0.6326000094413757, 0.3141445815563202, 0.5051181316375732, 1.4872123003005981, 0.9514468312263489, 1.905307412147522, 0.9758222103118896, 1.3311808109283447, 2.3105976581573486, 0.6538857817649841, 1.5951570272445679, 0.7690465450286865, 0.8665941953659058, 0.04571925848722458, 1.7280348539352417, 1.3861314058303833, -0.057209938764572144, 0.26350903511047363, 1.4822617769241333, 0.5396825671195984, 0.15649592876434326, 0.47677743434906006, 1.4028371572494507, 0.6862679123878479, 2.9223337173461914, 0.8517818450927734, 2.6639301776885986, 1.3599244356155396, 0.03043803572654724, 1.2033838033676147, 1.612287998199463, 2.0452322959899902, 0.9306917786598206, 0.19201292097568512, 0.5548147559165955, 0.0029680542647838593, 1.5571684837341309, 1.0451639890670776, 1.0053411722183228, 2.0781257152557373, 0.03871617466211319, 0.2136000692844391]"
specify,"[7, 3, 4, 18, 6, 22, 21]",34,"[0.16317391395568848, 2.3881876468658447, 1.155849575996399, -0.007504642009735107, 0.23888461291790009, 1.4433410167694092, 0.9355511665344238, 0.7620726227760315, 1.3196489810943604, 0.8118510842323303, 0.05755118280649185, 0.9193867444992065, 0.8798245191574097, 0.5928897857666016, -0.005743939429521561, 1.9803787469863892, 1.472975492477417, 0.539165735244751, 0.06943625956773758, 1.5272551774978638, 1.6058927774429321, 0.8691126108169556, 0.2488652914762497, 0.30687615275382996, 0.699728786945343, 1.6659584045410156, 1.2255576848983765, 0.9918884038925171, 0.8467768430709839, 1.369884967803955, 1.0987271070480347, 1.3981178998947144, 1.8041176795959473, 0.6791890263557434, 0.6961360573768616, 0.03455495089292526, 1.4147541522979736, 0.45454180240631104, 0.1898721605539322, 0.29922258853912354, 1.2651652097702026, 0.5529317855834961, 0.382682204246521, 0.760591983795166, 1.3744322061538696, 0.3304769694805145, 2.40398907661438, 1.5994137525558472, 2.0572447776794434, 1.4765743017196655, 0.0528324618935585, 0.4660322070121765, 0.9344093799591064, 0.9677789211273193, 1.6120548248291016, 0.13796058297157288, 0.528282105922699, 0.0059989504516124725, 0.8371484279632568, 0.3501397967338562, 0.30602288246154785, 0.8598993420600891, -0.01662815921008587, 0.041355133056640625]"
structure,"[7, 8, 11, 13, 18, 8, 13, 11, 4]",34,"[0.5417690873146057, 2.8768813610076904, 0.4000290334224701, 0.020563457161188126, 0.7431696057319641, 2.2370784282684326, 1.4864567518234253, 1.3960299491882324, 0.3262014389038086, 0.5916894674301147, 0.007154916413128376, 0.39427974820137024, 0.8297628164291382, 1.5439841747283936, -0.008612844161689281, 0.7976322174072266, 1.615427851676941, 1.1700130701065063, 0.10895249247550964, 2.2973623275756836, 0.47998908162117004, 0.3118848204612732, 0.6870381236076355, 0.3222881853580475, 0.9501397013664246, 1.595117449760437, 1.4673875570297241, 1.8152457475662231, 1.6399245262145996, 1.78316330909729, 2.118375539779663, 0.8989386558532715, 1.7216265201568604, 1.3873867988586426, 1.3597253561019897, 0.3338207006454468, 0.4963304400444031, 0.7838375568389893, 0.016777649521827698, 0.09489865601062775, 0.40022462606430054, 0.6771677136421204, 0.18789198994636536, 0.8879495859146118, 1.9068305492401123, 0.8868326544761658, 2.82527232170105, 1.5461885929107666, 2.598914861679077, 1.7230224609375, 0.014804409816861153, 0.5879662036895752, 1.3327312469482422, 1.6853240728378296, 1.9086936712265015, 0.25786975026130676, 0.7663165926933289, 0.0009084977209568024, 1.3930411338806152, 0.28094765543937683, 0.2070634961128235, 1.2907389402389526, 0.00022295117378234863, 0.16344764828681946]"
synthesize,"[7, 21, 5, 8, 9, 4, 7, 6, 15, 4]",34,"[0.2406095564365387, 1.820851445198059, 1.6892262697219849, 0.18891000747680664, 0.2948676645755768, 1.0394095182418823, 0.5799645185470581, 0.5034394860267639, 2.2444941997528076, 0.6193130612373352, 0.058542102575302124, 1.4215703010559082, 0.8433279991149902, 0.3869912028312683, -0.007298608310520649, 3.2044994831085205, 1.0580923557281494, 0.29559189081192017, 0.030221424996852875, 1.10044527053833, 2.559738874435425, 1.4981751441955566, 0.34256067872047424, 0.600839376449585, 0.7028268575668335, 1.2388113737106323, 0.8975139856338501, 0.738548994064331, 0.5808464288711548, 1.0399571657180786, 0.7732442021369934, 1.1482728719711304, 1.3542556762695312, 0.4100194573402405, 0.5266367197036743, 0.09674518555402756, 2.3720223903656006, 0.534156322479248, 0.3183688521385193, 0.5458835363388062, 2.437415361404419, 0.3026106059551239, 0.8117858171463013, 0.6193394660949707, 0.9415600895881653, 0.19314438104629517, 1.8586467504501343, 1.1489086151123047, 1.7025372982025146, 1.127738118171692, 0.13454760611057281, 0.4582691192626953, 0.7079645991325378, 0.8119291663169861, 1.0992759466171265, 0.43483760952949524, 0.23334191739559174, 0.011332157999277115, 0.6851818561553955, 0.7759464383125305, 0.5891821384429932, 0.7588446736335754, 0.06218399852514267, 0.30519676208496094]"
transition,"[8, 11, 2, 5, 7, 6, 8, 6, 12, 5]",34,"[0.28573304414749146, 2.934189796447754, 0.9434999227523804, 0.0404975600540638, 0.6536408066749573, 1.667191505432129, 0.9625393748283386, 1.2524319887161255, 1.05306875705719, 0.6041655540466309, 0.030943654477596283, 1.0295873880386353, 1.0355197191238403, 0.9809455871582031, -0.001482340507209301, 2.0672097206115723, 1.809696078300476, 0.6455667018890381, 0.08726564049720764, 1.6842339038848877, 1.3479282855987549, 0.9634548425674438, 0.40861985087394714, 0.14311583340168, 0.5348455905914307, 1.8098361492156982, 1.148293375968933, 1.5661747455596924, 0.9221923351287842, 1.378391146659851, 1.8056414127349854, 1.1170257329940796, 1.8708078861236572, 0.8156278133392334, 0.751137375831604, -0.06837021559476852, 1.5315275192260742, 0.8847675919532776, 0.08750609308481216, 0.3294925093650818, 1.405157208442688, 0.6449713110923767, 0.1817844659090042, 0.6072529554367065, 1.5388725996017456, 0.5656547546386719, 2.886876344680786, 1.3470962047576904, 2.5450799465179443, 1.5600794553756714, 0.030433161184191704, 0.9160657525062561, 1.4750714302062988, 1.5529770851135254, 1.3429256677627563, 0.03400216996669769, 0.6168916821479797, -0.010117873549461365, 1.2169709205627441, 0.729290246963501, 0.6267783641815186, 1.616776943206787, 0.010324854403734207, 0.05828941613435745]"
valid,"[28, 2, 14, 6, 20]",34,"[0.32158151268959045, 1.368704080581665, 1.3893426656723022, 0.2274625450372696, 0.21553148329257965, 0.8038316965103149, 0.4114284813404083, 0.3111690282821655, 1.8106591701507568, 0.3463004231452942, 0.020559323951601982, 1.3454229831695557, 0.9664590358734131, 0.24303247034549713, 0.00032206857576966286, 2.7119953632354736, 0.6224638223648071, 0.12562918663024902, 0.024713393300771713, 0.888112485408783, 2.1225101947784424, 1.4783827066421509, 0.26026368141174316, 0.687804639339447, 0.6690816283226013, 0.8184068202972412, 0.7500320076942444, 0.5698493719100952, 0.4657381474971771, 0.9209012985229492, 0.530662477016449, 0.7121874690055847, 0.9189425706863403, 0.26684316992759705, 0.4204827547073364, 0.10638866573572159, 2.1243669986724854, 0.7049143314361572, 0.2830488383769989, 0.42837005853652954, 2.1512415409088135, 0.09782547503709793, 0.7593694925308228, 0.5040488839149475, 0.7433882355690002, 0.08038181811571121, 1.442591667175293, 0.9224063754081726, 1.3734691143035889, 0.8119273781776428, 0.09515760838985443, 0.31168332695961, 0.4127371907234192, 0.8338682651519775, 0.8074709177017212, 0.5310298204421997, 0.046907585114240646, -0.040732692927122116, 0.6859402656555176, 0.8399062156677246, 0.6114055514335632, 0.5996078848838806, 0.11980055272579193, 0.30581650137901306]"
variable,"[28, 2, 11, 6, 2, 10, 14, 4]",34,"[0.5596499443054199, 1.6949771642684937, 1.053112506866455, 0.20808045566082, 0.682300865650177, 1.0323169231414795, 0.44081708788871765, 0.7065884470939636, 1.326942801475525, 0.16148436069488525, -0.0004802960902452469, 1.3199114799499512, 0.9852241277694702, 0.6805295944213867, 0.002369297668337822, 2.5455374717712402, 0.8267835378646851, 0.30766087770462036, 0.022563466802239418, 1.0384843349456787, 1.6264721155166626, 1.4006385803222656, 0.5311676859855652, 0.6561726331710815, 0.6059648394584656, 0.7866743803024292, 0.6274945139884949, 1.1401509046554565, 0.6436220407485962, 0.9012373089790344, 1.2593106031417847, 0.3667857348918915, 0.8487074375152588, 0.4049017131328583, 0.54587721824646, 0.23460114002227783, 1.9835745096206665, 1.1030288934707642, 0.094328373670578, 0.36542609333992004, 1.9109545946121216, 0.16095957159996033, 0.6328952312469482, 0.3429439067840576, 0.8144181370735168, 0.3385075032711029, 1.7001404762268066, 0.5457958579063416, 1.6902779340744019, 0.7456766366958618, 0.05928383767604828, 0.7441670894622803, 0.7971165776252747, 1.3470807075500488, 0.5628411173820496, 0.5915029048919678, 0.13084600865840912, -0.023382913321256638, 1.0569729804992676, 1.128127098083496, 0.8774678111076355, 1.2305114269256592, 0.11074385046958923, 0.4396170675754547]"
viewpoint,"[28, 6, 4, 26, 3, 12, 6, 5, 8]",34,"[0.6577809453010559, 2.3305227756500244, 1.3003442287445068, 0.08257441222667694, 0.5980629324913025, 1.3962692022323608, 0.7421759963035583, 0.8112265467643738, 1.3235864639282227, 0.27622759342193604, 0.019100423902273178, 1.5139604806900024, 1.3664097785949707, 0.731684684753418, 0.00042949989438056946, 2.6889493465423584, 1.0415223836898804, 0.3536682426929474, 0.04024502635002136, 1.456508994102478, 1.8472647666931152, 1.3684653043746948, 0.46708914637565613, 0.643325686454773, 0.8133852481842041, 1.0968360900878906, 1.0973081588745117, 1.388472318649292, 0.9601349830627441, 1.329210877418518, 1.5228959321975708, 0.5766682624816895, 1.1329216957092285, 0.5104862451553345, 0.8578445911407471, 0.026487179100513458, 2.0394301414489746, 1.2819899320602417, 0.08736992627382278, 0.34526172280311584, 1.7688156366348267, 0.22626185417175293, 0.45485180616378784, 0.6943669319152832, 1.2522629499435425, 0.34692782163619995, 2.400759696960449, 1.0800899267196655, 2.31479549407959, 1.1404926776885986, 0.03361816704273224, 0.6835901737213135, 0.9701567888259888, 1.6804779767990112, 1.0199171304702759, 0.42251214385032654, 0.2131185680627823, -0.002904614433646202, 1.3490045070648193, 0.9217975735664368, 0.7279109954833984, 1.4340949058532715, 0.02096650004386902, 0.25605061650276184]"
abundant,"[2, 10, 13, 5, 20, 2, 5, 8]",34,"[0.5260652303695679, 2.5177488327026367, 0.7652035355567932, 0.09734635055065155, 0.8972113132476807, 1.3711469173431396, 0.6742238998413086, 1.1664845943450928, 0.7521737217903137, 0.22692745923995972, -0.00938339438289404, 1.1717554330825806, 1.104677438735962, 1.025485634803772, -0.0009532575495541096, 2.130646228790283, 1.4168317317962646, 0.5199376940727234, 0.06621050834655762, 1.3534189462661743, 1.0500811338424683, 1.152478814125061, 0.5617618560791016, 0.3229505717754364, 0.45015767216682434, 1.2344812154769897, 0.7558360695838928, 1.6716727018356323, 0.7756314277648926, 1.1211010217666626, 2.0315375328063965, 0.5409756898880005, 1.3441814184188843, 0.6186516284942627, 0.6648191809654236, 0.09622762352228165, 1.6021250486373901, 1.303155541419983, -0.004732027649879456, 0.2659704089164734, 1.4418361186981201, 0.4162932336330414, 0.21792636811733246, 0.3751007616519928, 1.1984137296676636, 0.546773374080658, 2.457834243774414, 0.6949377059936523, 2.265165090560913, 1.0797686576843262, 0.011077607050538063, 1.0996105670928955, 1.4223896265029907, 1.8599870204925537, 0.7138198018074036, 0.28921186923980713, 0.37677818536758423, -0.005103690549731255, 1.388122797012329, 1.1446908712387085, 0.9960606694221497, 1.9163310527801514, 0.052035652101039886, 0.24235910177230835]"
adage,"[2, 20, 2, 17, 4]",34,"[0.4886171817779541, 1.4582847356796265, 1.2510274648666382, 0.16479061543941498, 0.46865198016166687, 0.9026644229888916, 0.4674578905105591, 0.4932299256324768, 1.488796353340149, 0.21823805570602417, 0.004925569519400597, 1.2977944612503052, 0.9965851306915283, 0.46931612491607666, -0.004198571667075157, 2.546295404434204, 0.7012046575546265, 0.20536182820796967, 0.03324556350708008, 0.9686149954795837, 1.781202793121338, 1.3792835474014282, 0.4078977406024933, 0.6961945295333862, 0.6938327550888062, 0.7267228364944458, 0.7671651244163513, 0.8637892007827759, 0.589137077331543, 0.9683752059936523, 0.9162653088569641, 0.5620721578598022, 0.874762773513794, 0.3453688621520996, 0.5334002375602722, 0.21558114886283875, 1.995619773864746, 0.9153867959976196, 0.19325809180736542, 0.36441051959991455, 1.8969528675079346, 0.14090320467948914, 0.6584204435348511, 0.4754869341850281, 0.819205641746521, 0.186200812458992, 1.5639694929122925, 0.7791609764099121, 1.5227802991867065, 0.7636010050773621, 0.057881541550159454, 0.4859389364719391, 0.5852495431900024, 1.1485843658447266, 0.7319414019584656, 0.5813431739807129, 0.0794852077960968, -0.017944956198334694, 0.8930376768112183, 0.9690756797790527, 0.6923579573631287, 0.9392573833465576, 0.05517838895320892, 0.3606577217578888]"
analogy,"[2, 5, 2, 14, 12, 17, 21]",34,"[0.31668803095817566, 1.5349836349487305, 1.8138664960861206, 0.48833760619163513, 0.8130813837051392, 0.4201558232307434, -0.020687155425548553, 0.6589276790618896, 2.6147048473358154, 0.17053578794002533, 0.009913251735270023, 2.1859302520751953, 0.9464563131332397, 0.2505086362361908, -0.005935965571552515, 4.498063087463379, 1.06368887424469, 0.038736969232559204, 0.0011136196553707123, 0.2561345398426056, 2.8967998027801514, 2.552990198135376, 0.4801270663738251, 0.6453009843826294, 0.110105499625206, 0.8877691030502319, 0.08159586787223816, 0.8654603958129883, -0.1461392343044281, 0.29418709874153137, 1.1188222169876099, 0.4480985403060913, 0.9621292352676392, -0.004636712372303009, -0.09171675145626068, -0.19502604007720947, 3.6332759857177734, 1.1737771034240723, 0.3370293974876404, 0.7285243272781372, 3.8645095825195312, 0.22547534108161926, 1.0542021989822388, -0.048141248524188995, 0.3247111439704895, 0.1680823713541031, 1.5086215734481812, -0.009409487247467041, 1.362704873085022, 0.45662158727645874, 0.1291261464357376, 1.2418581247329712, 0.9563048481941223, 1.109939694404602, -0.17490416765213013, 0.6860357522964478, 0.129084512591362, 0.019847720861434937, 0.7847676873207092, 2.0876893997192383, 1.6878554821014404, 1.5150161981582642, 0.26749420166015625, 0.5952768325805664]"
clause,"[18, 14, 2, 13, 7, 4]",34,"[0.46423444151878357, 1.7050025463104248, 0.8776578903198242, 0.029103662818670273, 0.3116011321544647, 1.4277470111846924, 0.9383959770202637, 0.5386602878570557, 0.9358766674995422, 0.5332857370376587, 0.02254132181406021, 0.6184355020523071, 0.8542470932006836, 0.7461936473846436, -0.0035026087425649166, 1.326116681098938, 0.811632513999939, 0.5275421142578125, 0.054260607808828354, 1.6142845153808594, 1.1296907663345337, 0.5750712752342224, 0.3662640452384949, 0.5870920419692993, 0.9961903095245361, 1.0041500329971313, 1.232006549835205, 0.9742962121963501, 1.1951342821121216, 1.3682304620742798, 0.9661413431167603, 0.8474419116973877, 1.104066014289856, 0.7250950932502747, 0.976725697517395, 0.385677307844162, 0.9336824417114258, 0.581156849861145, 0.15643495321273804, 0.22119003534317017, 0.8567517995834351, 0.2800431251525879, 0.46598610281944275, 0.8074281215667725, 1.2596932649612427, 0.29388830065727234, 1.7539894580841064, 1.2748697996139526, 1.6966019868850708, 1.137208342552185, 0.0384637787938118, 0.0716310665011406, 0.5285581946372986, 1.0858705043792725, 1.4023940563201904, 0.4290480613708496, 0.292354553937912, -0.015397530049085617, 0.9268410205841064, 0.20195242762565613, 0.121853306889534, 0.5626847147941589, -0.010423745959997177, 0.2601087689399719]"
complex sentence,"[18, 12, 19, 3, 14, 4, 27, 31, 7, 4, 5, 8, 4, 5, 18, 4]",34,"[0.784458577632904, 1.9373129606246948, 0.525428056716919, 0.1937626451253891, 1.0286672115325928, 1.7152358293533325, 0.8107845187187195, 0.875085711479187, 0.6866108179092407, 0.32340192794799805, 0.003557736985385418, 0.7982915639877319, 0.8443537950515747, 1.2804157733917236, -0.009672993794083595, 1.6931722164154053, 0.9883729219436646, 0.769598126411438, 0.05629606917500496, 1.5552669763565063, 0.8487986326217651, 0.8767856359481812, 0.8383340239524841, 0.7850964069366455, 0.9161601066589355, 0.8480179309844971, 0.9020732641220093, 1.7275933027267456, 1.3648782968521118, 1.2434943914413452, 1.894249439239502, 0.4848582148551941, 0.9804866313934326, 0.9019569754600525, 1.1080526113510132, 0.7205197215080261, 1.2079315185546875, 1.27886164188385, -0.07471413910388947, 0.28813421726226807, 1.3262064456939697, 0.3020757734775543, 0.5811453461647034, 0.47711560130119324, 1.1673647165298462, 0.6532130837440491, 1.7674614191055298, 0.6721656322479248, 1.7578260898590088, 0.8435973525047302, 0.01968306303024292, 0.8230108618736267, 0.9382572174072266, 1.6778721809387207, 1.0367076396942139, 0.7754195928573608, 0.31269171833992004, -0.01737121306359768, 1.3213473558425903, 0.9870139956474304, 0.8813185691833496, 1.4727833271026611, 0.1253867745399475, 0.7052946090698242]"
compound sentence,"[18, 12, 19, 3, 12, 13, 5, 20, 31, 7, 4, 5, 8, 4, 5, 18, 4]",34,"[0.8445708751678467, 2.130032539367676, 0.15707847476005554, 0.1344665139913559, 1.219353437423706, 1.8796383142471313, 1.0043028593063354, 1.135169506072998, 0.17154349386692047, 0.2303469181060791, -0.01738000474870205, 0.48111531138420105, 0.7849996089935303, 1.5600515604019165, -0.006652074865996838, 1.0740439891815186, 1.1151702404022217, 0.977260947227478, 0.07292196154594421, 1.7524865865707397, 0.2583487927913666, 0.5649685859680176, 0.9688196182250977, 0.693372368812561, 0.946821928024292, 0.9028216600418091, 0.9281671643257141, 1.9973152875900269, 1.5502253770828247, 1.302193284034729, 2.20688796043396, 0.34677278995513916, 0.9649226665496826, 1.0997560024261475, 1.1975191831588745, 0.8255553841590881, 0.7165259122848511, 1.2901256084442139, -0.0822596549987793, 0.1711573749780655, 0.7927701473236084, 0.4043129086494446, 0.4726082980632782, 0.4360896348953247, 1.3755908012390137, 0.8222182989120483, 1.8979532718658447, 0.6686893701553345, 1.895214319229126, 0.8676145672798157, -0.033412057906389236, 0.9077833890914917, 1.117903232574463, 1.8673142194747925, 1.1667784452438354, 0.7420415878295898, 0.4657130837440491, -0.02077464573085308, 1.4930177927017212, 0.9294343590736389, 0.7889928221702576, 1.6580153703689575, 0.05304543673992157, 0.6888999938964844]"
connotation,"[18, 12, 5, 5, 12, 8, 2, 8, 6, 12, 5]",34,"[0.3940768837928772, 2.8546509742736816, 0.8671610951423645, 0.0699262022972107, 0.8787253499031067, 1.4784431457519531, 0.7789431214332581, 1.2727153301239014, 0.928871214389801, 0.37197989225387573, 0.0023494018241763115, 1.2834819555282593, 1.1579008102416992, 1.0250496864318848, -0.009125623852014542, 2.324812650680542, 1.7133989334106445, 0.5263468027114868, 0.07113085687160492, 1.4368987083435059, 1.186711311340332, 1.2290743589401245, 0.5064913034439087, 0.19550944864749908, 0.37925904989242554, 1.5117276906967163, 0.8536314964294434, 1.717038631439209, 0.74113929271698, 1.205316185951233, 2.086759567260742, 0.7314392328262329, 1.6139938831329346, 0.6773813962936401, 0.6067732572555542, -0.07026062160730362, 1.8401535749435425, 1.2565780878067017, 0.02921128273010254, 0.3082534968852997, 1.6045469045639038, 0.5378033518791199, 0.2051428109407425, 0.38566532731056213, 1.3259602785110474, 0.5594158172607422, 2.8124096393585205, 0.8873773217201233, 2.5207340717315674, 1.2269716262817383, 0.013722732663154602, 1.1727238893508911, 1.6100945472717285, 1.8378641605377197, 0.875306248664856, 0.0829070508480072, 0.4995567798614502, -0.007046271115541458, 1.3567523956298828, 1.1438273191452026, 1.0586576461791992, 2.032801866531372, 0.034710049629211426, 0.12941046059131622]"
denotation,"[20, 4, 5, 12, 8, 2, 8, 6, 12, 5]",34,"[0.4925629496574402, 2.3241193294525146, 1.193104863166809, 0.14307717978954315, 0.8743181228637695, 1.0956227779388428, 0.4438523054122925, 0.9993661642074585, 1.3948038816452026, 0.17285725474357605, -0.010840045288205147, 1.6606688499450684, 1.2903192043304443, 0.7435710430145264, -0.00762256421148777, 3.112046957015991, 1.2987536191940308, 0.28912633657455444, 0.03104867786169052, 1.0168135166168213, 1.6756566762924194, 1.7606022357940674, 0.5359470844268799, 0.4721761643886566, 0.40440282225608826, 1.0626229047775269, 0.5970957279205322, 1.4775727987289429, 0.47509145736694336, 0.9670864939689636, 1.7762914896011353, 0.4147263765335083, 1.1744768619537354, 0.3823224902153015, 0.4125407040119171, -0.02022653818130493, 2.522399425506592, 1.444778561592102, 0.09089315682649612, 0.39367592334747314, 2.286972999572754, 0.3008114695549011, 0.4876919686794281, 0.26356664299964905, 0.9751141667366028, 0.38588517904281616, 2.322112798690796, 0.502330482006073, 2.172079563140869, 0.8820967674255371, 0.021677378565073013, 1.1393837928771973, 1.314035415649414, 1.7232630252838135, 0.3999333381652832, 0.348916232585907, 0.2549588084220886, -0.01582479476928711, 1.2649108171463013, 1.5138901472091675, 1.3187872171401978, 1.90055251121521, 0.07223620265722275, 0.2684330642223358]"
descriptive,"[20, 4, 7, 18, 11, 6, 3, 8, 6, 28, 4]",34,"[0.24940040707588196, 2.405747413635254, 1.2364404201507568, 0.12014897167682648, 0.43937408924102783, 1.3745919466018677, 0.7646560072898865, 0.8946145176887512, 1.4986917972564697, 0.6588865518569946, 0.04423536732792854, 1.1565380096435547, 0.9353762865066528, 0.6912972331047058, 3.636907786130905e-05, 2.5461297035217285, 1.5038281679153442, 0.5159415602684021, 0.042776793241500854, 1.3558008670806885, 1.8544546365737915, 1.166529655456543, 0.40333959460258484, 0.32689279317855835, 0.5926495790481567, 1.6192185878753662, 0.9465777277946472, 1.1615396738052368, 0.7095084190368652, 1.2081966400146484, 1.2965278625488281, 1.212591528892517, 1.7583935260772705, 0.598722517490387, 0.6210312247276306, 0.08911484479904175, 1.8016009330749512, 0.6659587621688843, 0.11968949437141418, 0.41072869300842285, 1.7591819763183594, 0.4925256669521332, 0.39861589670181274, 0.6157758235931396, 1.17220938205719, 0.4464326500892639, 2.414830446243286, 1.2160024642944336, 2.1078693866729736, 1.357980489730835, 0.07703542709350586, 0.7472776770591736, 1.103623390197754, 1.142540454864502, 1.1923202276229858, 0.21342286467552185, 0.4422343075275421, 0.000909462571144104, 1.0053493976593018, 0.613095760345459, 0.6087879538536072, 1.1983081102371216, 0.046326130628585815, 0.1575181782245636]"
etymology,"[4, 8, 21, 19, 12, 14, 12, 17, 21]",34,"[0.32379719614982605, 1.782483696937561, 1.8612383604049683, 0.3284885585308075, 0.7598782181739807, 0.5309234857559204, 0.04840748757123947, 0.6747261881828308, 2.501192808151245, 0.26553434133529663, 0.01943906396627426, 2.1702005863189697, 1.0600506067276, 0.23274953663349152, -2.0012259483337402e-05, 4.545863628387451, 1.2036625146865845, -0.0018845424056053162, -0.006943522021174431, 0.35200488567352295, 2.9065160751342773, 2.4032769203186035, 0.48715370893478394, 0.5842394828796387, 0.20218457281589508, 1.0976836681365967, 0.15608589351177216, 0.9555463790893555, -0.08874930441379547, 0.4729533791542053, 1.2038120031356812, 0.6838773488998413, 1.2138100862503052, -0.00903087668120861, -0.0293642096221447, -0.050901032984256744, 3.5436453819274902, 1.1761091947555542, 0.2403509020805359, 0.6993585824966431, 3.6302924156188965, 0.2655499577522278, 0.898331344127655, 0.07966827601194382, 0.44571441411972046, 0.1505311280488968, 1.8167800903320312, 0.2514207363128662, 1.5969045162200928, 0.6197982430458069, 0.11817733943462372, 1.3127031326293945, 1.0991641283035278, 1.1657087802886963, 0.019981805235147476, 0.5598106980323792, 0.10571569204330444, -0.006736729294061661, 0.8356116414070129, 1.877199411392212, 1.6122705936431885, 1.6361980438232422, 0.16433876752853394, 0.44416388869285583]"
figurative,"[22, 6, 17, 13, 11, 2, 8, 6, 28, 4]",34,"[0.613615870475769, 2.8829638957977295, 0.5938802361488342, 0.08589792251586914, 0.9727050065994263, 2.041410446166992, 1.2783671617507935, 1.5245800018310547, 0.5524628758430481, 0.37702035903930664, -0.012734408490359783, 0.7414507865905762, 0.9554969072341919, 1.5614994764328003, -0.005155889317393303, 1.3660240173339844, 1.5929187536239624, 1.0492675304412842, 0.08633416891098022, 2.0176706314086914, 0.7528573274612427, 0.713171124458313, 0.7641758918762207, 0.3186608850955963, 0.7482616901397705, 1.4673371315002441, 1.2074055671691895, 1.9218673706054688, 1.420878529548645, 1.5650850534439087, 2.258735418319702, 0.6217401027679443, 1.5536372661590576, 1.1673128604888916, 1.1991561651229858, 0.16907310485839844, 1.0133404731750488, 1.0547024011611938, -0.04201178252696991, 0.17769043147563934, 0.8809987306594849, 0.6279945373535156, 0.15249677002429962, 0.672001838684082, 1.6926122903823853, 0.9225969314575195, 2.852396011352539, 1.1437216997146606, 2.6428778171539307, 1.5709352493286133, 0.036014676094055176, 0.9025758504867554, 1.4588016271591187, 1.8668361902236938, 1.4264471530914307, 0.21846631169319153, 0.7193159461021423, -0.016261080279946327, 1.5377100706100464, 0.5548381805419922, 0.47885990142822266, 1.657228946685791, 0.02849195897579193, 0.18374072015285492]"
formal language,"[22, 12, 11, 19, 2, 14, 31, 14, 2, 5, 17, 13, 2, 17, 4]",34,"[0.9401658177375793, 1.7476545572280884, 0.4151136577129364, 0.17405156791210175, 1.0811285972595215, 1.9240158796310425, 1.1447938680648804, 1.0465189218521118, 0.6829898953437805, 0.2671448588371277, -0.0048486292362213135, 0.5303810834884644, 0.6435728073120117, 1.54695463180542, -0.0008774194866418839, 1.2121615409851074, 0.7771960496902466, 1.0510286092758179, 0.06464716792106628, 1.8938349485397339, 0.7203868627548218, 0.6085049510002136, 1.089215874671936, 0.9349082708358765, 1.1475749015808105, 0.7201077938079834, 1.1277625560760498, 1.6190623044967651, 1.6593106985092163, 1.4066988229751587, 1.7965741157531738, 0.2963760197162628, 0.782673716545105, 1.285598874092102, 1.4479995965957642, 0.9253615736961365, 0.8235374093055725, 0.9671820998191833, -0.05521009862422943, 0.13302022218704224, 0.9291461706161499, 0.37404441833496094, 0.723515510559082, 0.6512453556060791, 1.3978596925735474, 0.867858350276947, 1.656734824180603, 0.9190968871116638, 1.683491826057434, 0.9398895502090454, 0.046493154019117355, 0.4745314419269562, 0.701663076877594, 1.4674328565597534, 1.4518015384674072, 0.8161076307296753, 0.48946765065193176, -0.023808710277080536, 1.3454943895339966, 0.6658167839050293, 0.3392966687679291, 0.9761760234832764, 0.05995198339223862, 0.7653576135635376]"
hesitate,"[9, 4, 7, 6, 8, 2, 8, 4]",34,"[0.6804140210151672, 2.0643510818481445, 1.6261932849884033, 0.03490615263581276, 0.4865238666534424, 1.1122558116912842, 0.45444315671920776, 0.6173604726791382, 1.5114235877990723, 0.2163218855857849, 0.00891372375190258, 1.7199591398239136, 1.5454059839248657, 0.45378953218460083, -0.001716631930321455, 3.009324550628662, 0.9562175273895264, 0.1106157898902893, 0.01068771444261074, 1.1863534450531006, 1.997842788696289, 1.5883114337921143, 0.3454810380935669, 0.7785170078277588, 0.8174951076507568, 0.8375428915023804, 0.9911534190177917, 1.2196171283721924, 0.6955704689025879, 1.2764757871627808, 1.2682827711105347, 0.4625614881515503, 0.9357500076293945, 0.13788536190986633, 0.6348504424095154, -0.12828391790390015, 2.4030840396881104, 1.4190804958343506, 0.11249490082263947, 0.2965138554573059, 1.7950860261917114, 0.17989039421081543, 0.528784990310669, 0.6684004068374634, 1.0416570901870728, 0.14390648901462555, 2.306292772293091, 0.8279175162315369, 2.267669200897217, 1.0219193696975708, 0.025487631559371948, 0.6235679984092712, 0.8153113722801208, 1.6717876195907593, 0.5745724439620972, 0.5120843648910522, 0.14201441407203674, -0.008665015920996666, 1.3271756172180176, 1.0067814588546753, 0.7596844434738159, 1.4379962682724, 0.011158861219882965, 0.14697155356407166]"
homograph,"[9, 12, 19, 12, 17, 11, 2, 3, 9]",34,"[0.7508426904678345, 1.638197422027588, 1.1988650560379028, 0.3342852294445038, 1.2640775442123413, 0.9429975152015686, 0.37648656964302063, 0.995766282081604, 1.666551947593689, -0.03190075606107712, -0.026316894218325615, 1.7071646451950073, 0.9602924585342407, 0.9515621066093445, -0.0036435110960155725, 3.4435603618621826, 0.9125581979751587, 0.3686937987804413, 0.0007602367550134659, 0.8242645263671875, 1.8920787572860718, 1.9799844026565552, 0.9556958079338074, 0.8276373147964478, 0.43611034750938416, 0.5701449513435364, 0.2991100549697876, 1.4196549654006958, 0.5287997722625732, 0.6841972470283508, 1.75880765914917, 0.10216832906007767, 0.6737043857574463, 0.4309970438480377, 0.48837342858314514, 0.3622097373008728, 2.726478338241577, 1.4488667249679565, -0.0026131123304367065, 0.4191623032093048, 2.6582729816436768, 0.253872275352478, 0.8236998915672302, 0.1060008853673935, 0.7230032086372375, 0.527682900428772, 1.6759918928146362, 0.05441120266914368, 1.627248764038086, 0.49636203050613403, 0.06479215621948242, 1.2694905996322632, 1.0575275421142578, 1.6119276285171509, 0.18202370405197144, 0.797997236251831, 0.23779577016830444, 0.017758987843990326, 1.2435121536254883, 1.804817795753479, 1.435530185699463, 1.8042465448379517, 0.1453447788953781, 0.7432873845100403]"
informal language,"[6, 5, 22, 12, 11, 19, 2, 14, 31, 14, 2, 5, 17, 13, 2, 17, 4]",34,"[0.9436689615249634, 1.8852957487106323, 0.24647420644760132, 0.13660494983196259, 1.0697550773620605, 2.097489595413208, 1.3131242990493774, 1.1741697788238525, 0.46781349182128906, 0.2891233563423157, -0.012753668241202831, 0.35477712750434875, 0.586098313331604, 1.6954058408737183, 0.0017821919173002243, 0.7850176095962524, 0.8791927099227905, 1.1790355443954468, 0.07098241150379181, 2.125047206878662, 0.44933268427848816, 0.4126631021499634, 1.096768856048584, 0.8937963247299194, 1.2159457206726074, 0.8152567148208618, 1.244171380996704, 1.6813372373580933, 1.8047585487365723, 1.5460190773010254, 1.907090187072754, 0.31258004903793335, 0.8746451139450073, 1.4649227857589722, 1.5646905899047852, 0.9980522990226746, 0.5237736105918884, 0.866730272769928, -0.05559997260570526, 0.06856753677129745, 0.5808483362197876, 0.452484130859375, 0.659379243850708, 0.7106291055679321, 1.5457260608673096, 0.957062304019928, 1.849669098854065, 1.0947226285934448, 1.8660049438476562, 1.044409990310669, 0.037250109016895294, 0.4244115352630615, 0.7852445840835571, 1.5026826858520508, 1.709505558013916, 0.7680332064628601, 0.5643758773803711, -0.0274529829621315, 1.3952940702438354, 0.5092422962188721, 0.19362390041351318, 0.9696400761604309, 0.041465580463409424, 0.7118919491767883]"
maxim,"[19, 2, 27, 6, 19]",34,"[0.4399464726448059, 1.4772356748580933, 2.090569019317627, 0.3405405282974243, 0.6260446310043335, 0.5269796252250671, 0.11281952261924744, 0.5187022686004639, 2.761739730834961, 0.20554330945014954, 0.014257708564400673, 2.185878038406372, 1.0891562700271606, 0.2526240646839142, -0.00035618385300040245, 4.562534332275391, 0.8039202690124512, 0.003782041370868683, -0.008184241130948067, 0.4819062054157257, 3.1233837604522705, 2.4395365715026855, 0.5116195678710938, 0.8250795602798462, 0.42417818307876587, 0.774179220199585, 0.34296998381614685, 0.7716985940933228, 0.08454384654760361, 0.613031804561615, 0.8854758143424988, 0.5610086917877197, 0.8832674026489258, 0.01927407830953598, 0.18661673367023468, -0.06555642932653427, 3.602259874343872, 1.1380058526992798, 0.3052523732185364, 0.645744800567627, 3.6005640029907227, 0.1384401023387909, 1.025172233581543, 0.2403227835893631, 0.4785655736923218, 0.130205437541008, 1.6117740869522095, 0.3549841046333313, 1.4920605421066284, 0.6371496915817261, 0.14110369980335236, 0.9061395525932312, 0.7514078617095947, 1.081455945968628, 0.15236112475395203, 0.6961740851402283, 0.06744691729545593, 0.0061579421162605286, 0.8285984396934509, 1.6916241645812988, 1.3095550537109375, 1.2118122577667236, 0.1562889665365219, 0.5091785192489624]"
morphology,"[19, 12, 11, 3, 9, 12, 14, 12, 17, 21]",34,"[0.3805682957172394, 2.061004400253296, 1.473557710647583, 0.3037719130516052, 0.9830300807952881, 0.8090525269508362, 0.27917665243148804, 0.9801300764083862, 1.955902099609375, 0.22119563817977905, 0.0047323983162641525, 1.914489507675171, 1.0135468244552612, 0.5723571181297302, -0.004531990271061659, 3.9241456985473633, 1.3768208026885986, 0.1977863311767578, 0.01747828722000122, 0.6134567260742188, 2.2445108890533447, 2.0787193775177, 0.6000983119010925, 0.4123814105987549, 0.15082336962223053, 1.2215149402618408, 0.2904156446456909, 1.2571570873260498, 0.15176065266132355, 0.5863644480705261, 1.597529411315918, 0.5841344594955444, 1.2931272983551025, 0.229117751121521, 0.1233368068933487, -0.051462121307849884, 3.039552927017212, 1.2961206436157227, 0.08592699468135834, 0.5819759368896484, 3.0839309692382812, 0.37354472279548645, 0.6616575717926025, 0.06944342702627182, 0.673980176448822, 0.34855931997299194, 2.0763533115386963, 0.26524055004119873, 1.8603026866912842, 0.7453368902206421, 0.08162307739257812, 1.445622444152832, 1.314914345741272, 1.4205479621887207, 0.1781783401966095, 0.44361525774002075, 0.24140961468219757, -0.0031114034354686737, 1.0450917482376099, 1.8143689632415771, 1.5579712390899658, 1.8706392049789429, 0.1453918069601059, 0.43548744916915894]"
nuance,"[5, 13, 2, 5, 18, 4]",34,"[0.2664562463760376, 1.7244651317596436, 1.2240610122680664, 0.14863820374011993, 0.407585084438324, 0.7515802383422852, 0.3206404149532318, 0.45145368576049805, 1.4364013671875, 0.42123961448669434, 0.03141053020954132, 1.2926568984985352, 0.9747841358184814, 0.2881960868835449, -0.008386335335671902, 2.7464375495910645, 1.0819977521896362, 0.06593741476535797, 0.026539847254753113, 0.7362518310546875, 1.7357321977615356, 1.3566263914108276, 0.23385529220104218, 0.41961348056793213, 0.39816704392433167, 1.0468697547912598, 0.5895598530769348, 0.8722259998321533, 0.3190287947654724, 0.7548940181732178, 0.9151866436004639, 0.896523118019104, 1.2319387197494507, 0.15382906794548035, 0.25148510932922363, 0.03907027840614319, 2.0705456733703613, 0.8490179181098938, 0.13341711461544037, 0.43796372413635254, 1.94635009765625, 0.23139505088329315, 0.4646168649196625, 0.332565039396286, 0.7082863450050354, 0.08602624386548996, 1.697001576423645, 0.7176908850669861, 1.5498195886611938, 0.7882233262062073, 0.046713076531887054, 0.6501022577285767, 0.8229830861091614, 1.0346225500106812, 0.5529879331588745, 0.3404654860496521, 0.12726184725761414, -0.007270963862538338, 0.7930046916007996, 0.9611231088638306, 0.9294068813323975, 1.1391303539276123, 0.05662579834461212, 0.268283873796463]"
persevere,"[3, 4, 11, 7, 4, 28, 4, 11, 4]",34,"[0.7782481908798218, 1.9365767240524292, 1.4223597049713135, 0.0499071441590786, 0.3673180043697357, 1.4404067993164062, 0.8357729911804199, 0.5160850882530212, 1.351216197013855, 0.34235239028930664, 0.023633019998669624, 1.4075284004211426, 1.3791769742965698, 0.6073551177978516, -0.0033256439492106438, 2.3340277671813965, 0.7259273529052734, 0.3014945685863495, 0.040184229612350464, 1.6682734489440918, 1.81719172000885, 1.2449074983596802, 0.434660404920578, 0.9755866527557373, 1.1480745077133179, 0.7568669319152832, 1.3721452951431274, 1.0993969440460205, 1.1442979574203491, 1.6372133493423462, 1.1735345125198364, 0.5297364592552185, 0.9007796049118042, 0.5249570608139038, 1.0341421365737915, 0.14516039192676544, 1.8458967208862305, 1.1487293243408203, 0.15354222059249878, 0.20900677144527435, 1.3638783693313599, 0.1558745950460434, 0.6661686301231384, 0.9340262413024902, 1.3529093265533447, 0.24929727613925934, 2.186260223388672, 1.3172653913497925, 2.176551342010498, 1.1303037405014038, 0.026139453053474426, 0.22397950291633606, 0.5204594135284424, 1.5112011432647705, 1.247114658355713, 0.7025795578956604, 0.146633118391037, -0.001266714185476303, 1.2649757862091064, 0.6875084042549133, 0.37331974506378174, 0.9322191476821899, 0.02623096853494644, 0.31700485944747925]"
proverb,"[3, 11, 12, 28, 4, 11, 10]",34,"[0.1511005461215973, 2.8587522506713867, 0.6935924291610718, 0.06177202984690666, 0.5638687014579773, 1.6505478620529175, 1.0336195230484009, 1.2346361875534058, 0.7790618538856506, 0.7027927041053772, 0.037258248776197433, 0.7661700248718262, 0.7623941898345947, 1.0178987979888916, -0.007012887392193079, 1.6089192628860474, 1.8652507066726685, 0.7929790019989014, 0.09301894903182983, 1.6168841123580933, 0.9996265172958374, 0.6995853185653687, 0.4590974450111389, 0.020967945456504822, 0.4187817871570587, 1.895787239074707, 1.0284253358840942, 1.4960474967956543, 0.8656030893325806, 1.246120810508728, 1.7184724807739258, 1.333849549293518, 2.038665533065796, 0.9075440764427185, 0.6968970894813538, 0.06473171710968018, 1.0930581092834473, 0.5899714231491089, 0.027522727847099304, 0.30839264392852783, 1.0614253282546997, 0.72999107837677, 0.11178458482027054, 0.5511908531188965, 1.4942281246185303, 0.6343347430229187, 2.71931529045105, 1.3452212810516357, 2.3340163230895996, 1.5168147087097168, 0.01907791942358017, 0.946437418460846, 1.46884286403656, 1.2661526203155518, 1.4678142070770264, -0.005613267421722412, 0.7292611598968506, 0.00253218412399292, 1.0895079374313354, 0.5491840839385986, 0.5626958012580872, 1.488919973373413, 0.008819326758384705, 0.08303636312484741]"
reluctant,"[11, 4, 14, 13, 18, 8, 2, 5, 8]",34,"[0.4529973268508911, 3.398350238800049, 0.3155531585216522, 0.0010375119745731354, 0.9915878176689148, 2.1908178329467773, 1.3029123544692993, 1.6548216342926025, 0.07930874824523926, 0.5659381151199341, -0.00017684511840343475, 0.5384522676467896, 1.0140408277511597, 1.5913316011428833, -0.0042935749515891075, 0.9325821399688721, 2.069627285003662, 1.114527940750122, 0.11812768876552582, 2.104452133178711, 0.24498847126960754, 0.42317479848861694, 0.6522340178489685, 0.05978386104106903, 0.5582801699638367, 1.8813830614089966, 1.2210804224014282, 2.229377031326294, 1.4283015727996826, 1.5948246717453003, 2.58235764503479, 0.9934805631637573, 2.0019965171813965, 1.207329511642456, 1.1272526979446411, 0.10199537873268127, 0.6942339539527893, 1.1169147491455078, -0.06806384027004242, 0.13636177778244019, 0.4823322892189026, 0.8525998592376709, -0.09351688623428345, 0.6475744247436523, 1.8967455625534058, 0.8798826932907104, 3.202524423599243, 1.2854242324829102, 2.880119800567627, 1.7005647420883179, -0.03924708440899849, 1.1509627103805542, 1.852092981338501, 2.0664784908294678, 1.5002033710479736, 0.035767778754234314, 0.9373721480369568, -0.007144784554839134, 1.576072096824646, 0.5892783999443054, 0.6524785161018372, 2.0621278285980225, -0.005161963403224945, 0.06268975138664246]"
sensory language,"[7, 4, 5, 7, 12, 11, 21, 31, 14, 2, 5, 17, 13, 2, 17, 4]",34,"[0.8013076186180115, 1.7387287616729736, 0.39191490411758423, 0.14637413620948792, 0.9576632976531982, 1.9118844270706177, 1.1891610622406006, 0.9808337688446045, 0.643656313419342, 0.38211774826049805, 0.0005488770548254251, 0.39414653182029724, 0.5471477508544922, 1.4627152681350708, -0.0038023923989385366, 1.06846284866333, 0.9216116666793823, 1.0408532619476318, 0.06399703025817871, 1.8989355564117432, 0.6527869701385498, 0.5029259920120239, 0.9815071225166321, 0.8436338901519775, 1.0753188133239746, 0.8522406816482544, 1.1243704557418823, 1.4837404489517212, 1.6023107767105103, 1.3913429975509644, 1.6265681982040405, 0.4790845811367035, 0.9482614994049072, 1.2711100578308105, 1.3897475004196167, 0.9136621356010437, 0.6819446682929993, 0.799374520778656, -0.0365011990070343, 0.16277742385864258, 0.8245474100112915, 0.4362756907939911, 0.6770565509796143, 0.6494755744934082, 1.3607325553894043, 0.8292791843414307, 1.6801910400390625, 0.9867060780525208, 1.6332483291625977, 1.0045136213302612, 0.04807477444410324, 0.4291495680809021, 0.7114803194999695, 1.2949390411376953, 1.5518763065338135, 0.7245221734046936, 0.514106273651123, -0.0275769904255867, 1.2098534107208252, 0.49928486347198486, 0.26797887682914734, 0.8389042615890503, 0.047794923186302185, 0.678980827331543]"
vivid,"[28, 6, 28, 6, 20]",34,"[0.06179463863372803, 2.206587791442871, 1.255235195159912, 0.1500403732061386, 0.28516826033592224, 0.9580456614494324, 0.5203196406364441, 0.7469213604927063, 1.5716360807418823, 0.5553053021430969, 0.029067326337099075, 1.3016220331192017, 0.9659143686294556, 0.3883061110973358, 0.0017353091388940811, 2.625159978866577, 1.3824597597122192, 0.264345645904541, 0.06652286648750305, 0.9906092882156372, 1.8304980993270874, 1.3668818473815918, 0.17604511976242065, 0.21637693047523499, 0.3178296387195587, 1.50421142578125, 0.7308375239372253, 0.9102466106414795, 0.33635979890823364, 0.9114719033241272, 1.039444088935852, 1.2063593864440918, 1.6363208293914795, 0.3550143539905548, 0.28170305490493774, -0.1518383026123047, 2.0048208236694336, 0.6776193976402283, 0.20313824713230133, 0.4771929681301117, 2.027330160140991, 0.41986197233200073, 0.32741057872772217, 0.3880328834056854, 0.9663145542144775, 0.2417227029800415, 2.172736406326294, 1.0612188577651978, 1.836624026298523, 1.1528702974319458, 0.06272514909505844, 0.8271992802619934, 1.0620265007019043, 0.9923096299171448, 0.9097924828529358, 0.154642716050148, 0.33040255308151245, -0.04037816822528839, 0.7681414484977722, 0.8688523173332214, 0.7851510047912598, 1.2091736793518066, 0.08263377845287323, 0.06492026895284653]"
angle,"[2, 5, 17, 14, 4]",34,"[0.7412316203117371, 1.5509686470031738, 1.2504953145980835, 0.015136171132326126, 0.39611122012138367, 1.1074352264404297, 0.5458292961120605, 0.41429516673088074, 1.1498429775238037, 0.15627679228782654, -0.0006681343074887991, 1.3080766201019287, 1.3691350221633911, 0.4752595126628876, -0.0025510997511446476, 2.172119379043579, 0.4468340575695038, 0.183821439743042, 0.021532582119107246, 1.2783350944519043, 1.5557523965835571, 1.2168569564819336, 0.34965112805366516, 0.9321540594100952, 1.0039509534835815, 0.43635520339012146, 1.0987495183944702, 1.0238839387893677, 0.8978046178817749, 1.3094391822814941, 1.0303071737289429, 0.22511355578899384, 0.5371458530426025, 0.2983880341053009, 0.8129945993423462, 0.08537838608026505, 1.7457215785980225, 1.2425373792648315, 0.17970916628837585, 0.18610168993473053, 1.3020267486572266, 0.03882070630788803, 0.6277685165405273, 0.7291029691696167, 1.047818899154663, 0.14414744079113007, 1.7821894884109497, 0.8848652243614197, 1.846695065498352, 0.8208020329475403, 0.011168917641043663, 0.23221898078918457, 0.3968076705932617, 1.4700819253921509, 0.7551918625831604, 0.6819624900817871, 0.043280262500047684, -2.458319067955017e-05, 1.196408987045288, 0.8117714524269104, 0.4606328010559082, 0.9299850463867188, 0.004078119993209839, 0.27629607915878296]"
citizenship,"[18, 6, 8, 6, 15, 4, 5, 7, 9, 6, 3]",34,"[0.2685382068157196, 1.9844303131103516, 1.9621473550796509, 0.21695686876773834, 0.2532885670661926, 0.9556606411933899, 0.5165026783943176, 0.49619048833847046, 2.511261224746704, 0.6213064789772034, 0.06752677261829376, 1.8076342344284058, 1.0725107192993164, 0.21850721538066864, 0.0021600592881441116, 3.8235104084014893, 1.193965196609497, 0.11856643855571747, 0.029384374618530273, 1.0145701169967651, 2.897946834564209, 1.854424238204956, 0.307000070810318, 0.6266834139823914, 0.682942271232605, 1.4456416368484497, 0.9124943017959595, 0.6864219903945923, 0.4694092273712158, 1.0979111194610596, 0.7319480180740356, 1.2779066562652588, 1.516790509223938, 0.29863864183425903, 0.4137021005153656, -0.019953757524490356, 2.869635581970215, 0.697700560092926, 0.2724952697753906, 0.527545154094696, 2.7644569873809814, 0.3503950536251068, 0.7873892188072205, 0.650516152381897, 0.957543134689331, 0.1217072457075119, 2.114849090576172, 1.3370327949523926, 1.8687788248062134, 1.1731066703796387, 0.11046063899993896, 0.5920127630233765, 0.7908274531364441, 0.8944228887557983, 1.121825098991394, 0.41916847229003906, 0.22930194437503815, -0.014569796621799469, 0.7801485061645508, 0.9559310078620911, 0.7447014451026917, 0.9347447156906128, 0.08487401902675629, 0.2708301246166229]"
colony,"[18, 12, 14, 12, 5, 21]",34,"[0.1939423829317093, 0.9406943321228027, 1.891493558883667, 0.34442174434661865, 0.33673161268234253, 0.20054326951503754, -0.002792365849018097, 0.12008710205554962, 2.859575033187866, 0.3379329442977905, 0.0345677025616169, 1.7332855463027954, 0.6721075773239136, -0.030890626832842827, -0.010003299452364445, 4.022001266479492, 0.5532764196395874, -0.018470600247383118, -0.00462741032242775, 0.16535227000713348, 3.0658888816833496, 2.1069910526275635, 0.3494299650192261, 0.857367753982544, 0.3356375992298126, 0.6350562572479248, 0.18782910704612732, 0.28286364674568176, -0.04584510624408722, 0.2752580940723419, 0.29351043701171875, 0.6448575258255005, 0.7004526853561401, -0.05099673569202423, -0.024721529334783554, -0.036369748413562775, 3.157597064971924, 0.5889582633972168, 0.6198754906654358, 0.6988958120346069, 3.468672275543213, 0.10568778216838837, 1.3426966667175293, 0.12685684859752655, 0.19468596577644348, 0.011901283636689186, 0.8215633034706116, 0.30327773094177246, 0.7159023284912109, 0.36287227272987366, 0.144724041223526, 0.520916759967804, 0.40635836124420166, 0.402102530002594, 0.1446426510810852, 0.7318519949913025, 0.010697093792259693, 0.003294922411441803, 0.27398863434791565, 1.467665433883667, 1.0991016626358032, 0.5767938494682312, 0.1346440315246582, 0.5567839741706848]"
constitution,"[18, 12, 5, 7, 8, 6, 8, 13, 8, 6, 12, 5]",34,"[0.371383935213089, 3.2199079990386963, 0.2128155380487442, 0.03259773179888725, 0.8457471132278442, 2.3412837982177734, 1.5664341449737549, 1.6321808099746704, 0.26805782318115234, 0.7124444246292114, 0.012670530006289482, 0.26760536432266235, 0.688789963722229, 1.7172610759735107, -0.006648594047874212, 0.5816011428833008, 1.9499411582946777, 1.3158857822418213, 0.13239243626594543, 2.308140754699707, 0.2503274083137512, 0.21197780966758728, 0.7465946078300476, 0.07096482813358307, 0.6928079724311829, 1.9160852432250977, 1.38640558719635, 1.9745454788208008, 1.585376501083374, 1.701292634010315, 2.3320019245147705, 1.114891529083252, 2.013148784637451, 1.5152724981307983, 1.268035650253296, 0.1921040266752243, 0.33394262194633484, 0.663206160068512, -0.0043032169342041016, 0.11233484745025635, 0.4182359576225281, 0.9161584973335266, 0.04551590979099274, 0.7717238664627075, 2.003984212875366, 1.0425128936767578, 3.076549768447876, 1.6059379577636719, 2.631082773208618, 1.8265812397003174, 0.010689638555049896, 0.8620293140411377, 1.6722052097320557, 1.6556053161621094, 1.9724806547164917, 0.01557256281375885, 1.0189825296401978, -0.008390063419938087, 1.3371087312698364, 0.24519625306129456, 0.2690719962120056, 1.5485343933105469, 0.013330098241567612, 0.09519699215888977]"
consumer,"[18, 12, 5, 7, 13, 19, 4, 11]",34,"[0.19163444638252258, 2.1612157821655273, 1.11122727394104, 0.19485069811344147, 0.6125546097755432, 1.2248109579086304, 0.7219429016113281, 0.9092527031898499, 1.5684666633605957, 0.6584755778312683, 0.034040238708257675, 1.050142765045166, 0.6960302591323853, 0.6940482258796692, -0.005239983554929495, 2.579901933670044, 1.5121958255767822, 0.5479798316955566, 0.04509011656045914, 1.1995580196380615, 1.7299065589904785, 1.1976432800292969, 0.48355919122695923, 0.290075421333313, 0.3865959942340851, 1.5070312023162842, 0.7856370210647583, 1.0882197618484497, 0.5939232110977173, 0.9580000638961792, 1.2815356254577637, 1.169364333152771, 1.6755213737487793, 0.6395237445831299, 0.5117478966712952, 0.11091342568397522, 1.8150817155838013, 0.5836800932884216, 0.11429128050804138, 0.44181716442108154, 2.0138919353485107, 0.5780753493309021, 0.5070099830627441, 0.47666436433792114, 1.0705995559692383, 0.45188695192337036, 2.118844509124756, 0.9388650059700012, 1.7519241571426392, 1.1931242942810059, 0.08378301560878754, 0.8270942568778992, 1.1323590278625488, 1.001436710357666, 1.0094131231307983, 0.27651938796043396, 0.4994444251060486, 0.02756749466061592, 0.8087835311889648, 0.8558270335197449, 0.7569173574447632, 1.123015284538269, 0.07261005789041519, 0.31831762194633484]"
decimal,"[20, 4, 18, 6, 19, 2, 14]",34,"[0.4221666753292084, 0.9271591305732727, 1.9477680921554565, 0.4362730085849762, 0.4508059620857239, 0.513145923614502, 0.20131352543830872, 0.29291680455207825, 2.9600419998168945, 0.25317639112472534, 0.022364811971783638, 1.8052388429641724, 0.7408983707427979, 0.23558075726032257, 0.0010350854136049747, 3.983625650405884, 0.43609899282455444, 0.14050814509391785, -0.005839169025421143, 0.5332581996917725, 3.1741037368774414, 2.1627681255340576, 0.5475363731384277, 1.0445911884307861, 0.6228966116905212, 0.5152785778045654, 0.4106479585170746, 0.436996728181839, 0.27796250581741333, 0.5550912618637085, 0.4513864815235138, 0.5181628465652466, 0.5608364343643188, 0.194436177611351, 0.30481088161468506, 0.0698409378528595, 3.171966314315796, 0.6473873257637024, 0.5192596316337585, 0.6251111030578613, 3.3957481384277344, 0.11831659078598022, 1.3565762042999268, 0.31686609983444214, 0.4234829545021057, 0.17687729001045227, 0.9718203544616699, 0.4882897138595581, 0.9126276969909668, 0.5174544453620911, 0.18799175322055817, 0.41877076029777527, 0.3158433437347412, 0.6294681429862976, 0.4203723073005676, 0.9012691974639893, 0.10921253263950348, -0.007831545546650887, 0.5039049386978149, 1.3361631631851196, 0.8724718689918518, 0.5351488590240479, 0.19469843804836273, 0.6780397295951843]"
democracy,"[20, 4, 19, 12, 18, 11, 2, 18, 21]",34,"[0.29607781767845154, 2.309234142303467, 0.9525400400161743, 0.13255959749221802, 0.5587446689605713, 1.544497013092041, 0.9764753580093384, 0.9934239387512207, 1.2618268728256226, 0.6874753832817078, 0.037668365985155106, 0.8161585330963135, 0.7296708226203918, 0.9619706273078918, -0.008469060063362122, 2.021165370941162, 1.4869009256362915, 0.7237188816070557, 0.06853280961513519, 1.5459229946136475, 1.4166133403778076, 0.9069632291793823, 0.5751039385795593, 0.3406809866428375, 0.6106918454170227, 1.5436924695968628, 1.0205051898956299, 1.2289142608642578, 0.9419710636138916, 1.2564256191253662, 1.387539267539978, 1.2019847631454468, 1.728168249130249, 0.8717575669288635, 0.8183969259262085, 0.21541988849639893, 1.4075123071670532, 0.5712884664535522, 0.08083400130271912, 0.31273162364959717, 1.4225878715515137, 0.5998475551605225, 0.4239192008972168, 0.630637526512146, 1.2992767095565796, 0.5976049304008484, 2.2530171871185303, 1.211625576019287, 1.9423882961273193, 1.3948523998260498, 0.07520721852779388, 0.6641383171081543, 1.08725905418396, 1.1158581972122192, 1.386243224143982, 0.26107338070869446, 0.5969181656837463, -0.011841638013720512, 0.9570398926734924, 0.5101345181465149, 0.45572465658187866, 1.0454436540603638, 0.050325699150562286, 0.26770293712615967]"
density,"[20, 4, 5, 7, 6, 8, 21]",34,"[0.2981502413749695, 1.8224958181381226, 1.535796880722046, 0.10259094834327698, 0.2635608911514282, 0.9467518925666809, 0.5279962420463562, 0.5147875547409058, 1.7582416534423828, 0.4721083343029022, 0.04163343086838722, 1.4339529275894165, 1.0455182790756226, 0.27231740951538086, -0.004883010406047106, 2.8247179985046387, 1.0289684534072876, 0.1851075291633606, 0.02908175066113472, 1.036181926727295, 2.1701173782348633, 1.3931126594543457, 0.23748357594013214, 0.5182523727416992, 0.5902113318443298, 1.0926495790481567, 0.9118659496307373, 0.7950335741043091, 0.5277197360992432, 1.0266417264938354, 0.8113877773284912, 0.8603993654251099, 1.1879544258117676, 0.2470725029706955, 0.448665976524353, -0.1561582088470459, 2.1326005458831787, 0.7719031572341919, 0.2464687079191208, 0.4264632761478424, 1.9570070505142212, 0.32367783784866333, 0.5744449496269226, 0.6008031368255615, 0.9481627941131592, 0.15375198423862457, 1.9355583190917969, 0.9849748611450195, 1.7678184509277344, 1.0799891948699951, 0.06863812357187271, 0.4971155524253845, 0.74140465259552, 1.0010055303573608, 0.8084176182746887, 0.362044095993042, 0.2418556958436966, -0.0037599951028823853, 0.7996608018875122, 0.758306086063385, 0.5719819068908691, 0.9132936596870422, 0.03274703025817871, 0.14852240681648254]"
earthquake,"[4, 2, 11, 8, 9, 24, 13, 2, 16, 4]",34,"[0.9069895148277283, 2.140476942062378, 0.7470216751098633, 0.019350368529558182, 0.6703909039497375, 2.084758758544922, 1.2922948598861694, 0.9684727191925049, 0.761430561542511, 0.457227885723114, 0.00214706570841372, 0.5844783186912537, 1.0405174493789673, 1.3840560913085938, -7.439078763127327e-05, 1.0896843671798706, 0.8360800743103027, 0.9798907041549683, 0.06868481636047363, 2.2671055793762207, 0.9379526376724243, 0.567941427230835, 0.791061520576477, 0.9665499925613403, 1.4129533767700195, 0.8503886461257935, 1.5643752813339233, 1.5201410055160522, 1.8065844774246216, 1.8427820205688477, 1.6869481801986694, 0.5483531951904297, 0.9493007659912109, 1.240708351135254, 1.586329460144043, 0.6777420043945312, 0.8202359676361084, 0.959610641002655, 0.048306070268154144, 0.03895895183086395, 0.5594390034675598, 0.31872379779815674, 0.6513028144836426, 1.029670238494873, 1.7167812585830688, 0.6502041220664978, 2.1528398990631104, 1.404995083808899, 2.188640832901001, 1.3584034442901611, 0.03280193358659744, 0.06033860892057419, 0.6158959269523621, 1.6231900453567505, 1.8288277387619019, 0.7046840786933899, 0.45357775688171387, 0.0011117905378341675, 1.4525091648101807, 0.3581604063510895, 0.004992961883544922, 0.8194451928138733, 0.01357351616024971, 0.4388194978237152]"
economy,"[4, 18, 12, 5, 12, 19, 21]",34,"[0.3198234736919403, 2.201526403427124, 1.2714203596115112, 0.3038502037525177, 0.8894451856613159, 0.8384522795677185, 0.24721938371658325, 0.9342618584632874, 1.6812305450439453, 0.23186886310577393, 0.004060931503772736, 1.786012053489685, 1.0611847639083862, 0.587482750415802, -0.013498993590474129, 3.4970662593841553, 1.3770928382873535, 0.2136179804801941, 0.016420351341366768, 0.719279408454895, 2.027155876159668, 1.9810993671417236, 0.5045396685600281, 0.3532117009162903, 0.1163688451051712, 1.1348992586135864, 0.31328755617141724, 1.3194557428359985, 0.17696724832057953, 0.6367771029472351, 1.6277215480804443, 0.5671260356903076, 1.2871052026748657, 0.23027458786964417, 0.14678575098514557, -0.10509360581636429, 2.8011651039123535, 1.272666096687317, 0.08154209703207016, 0.5669747591018677, 2.7788097858428955, 0.32220688462257385, 0.5612806677818298, 0.07028555124998093, 0.7028986811637878, 0.3508610427379608, 2.098449468612671, 0.26305991411209106, 1.9069430828094482, 0.7488629817962646, 0.05450684577226639, 1.3992551565170288, 1.3421244621276855, 1.454254388809204, 0.1904274970293045, 0.35286030173301697, 0.23159196972846985, 0.012551069259643555, 1.0528150796890259, 1.7288357019424438, 1.5909000635147095, 1.9091376066207886, 0.17752742767333984, 0.3936414420604706]"
equivalent,"[4, 24, 13, 6, 28, 2, 14, 4, 5, 8]",34,"[0.4656088352203369, 2.3416268825531006, 0.8474376797676086, 0.0754181295633316, 0.6336573958396912, 1.454162359237671, 0.7883282899856567, 0.9749678373336792, 0.9204872846603394, 0.39057156443595886, 0.009467286989092827, 0.9913676977157593, 0.9806252717971802, 0.9054951667785645, 0.002248530276119709, 1.9561809301376343, 1.3129676580429077, 0.626410961151123, 0.05127285420894623, 1.4361521005630493, 1.2143422365188599, 1.0031400918960571, 0.5059508085250854, 0.39597204327583313, 0.6332013010978699, 1.2841150760650635, 0.9241577386856079, 1.3847949504852295, 0.892648458480835, 1.204530954360962, 1.59294855594635, 0.7834800481796265, 1.391390323638916, 0.6918773055076599, 0.7895151376724243, 0.1978556513786316, 1.4442826509475708, 0.968412458896637, 0.028644561767578125, 0.2913751006126404, 1.3282109498977661, 0.40281280875205994, 0.32356852293014526, 0.5407960414886475, 1.1726716756820679, 0.5217251181602478, 2.2828073501586914, 0.9400507211685181, 2.0893447399139404, 1.1858620643615723, 0.05118333548307419, 0.7955015897750854, 1.1573889255523682, 1.4846898317337036, 1.0586435794830322, 0.29519644379615784, 0.35572144389152527, 0.004617493599653244, 1.2290990352630615, 0.7372770309448242, 0.6521627902984619, 1.384115219116211, 0.04015355557203293, 0.24495792388916016]"
erosion,"[4, 11, 12, 7, 6, 12, 5]",34,"[0.24565093219280243, 1.9111741781234741, 1.218929648399353, 0.0746460109949112, 0.4482230544090271, 0.9086959362030029, 0.4393679201602936, 0.5992985367774963, 1.4493024349212646, 0.408600389957428, 0.02355409599840641, 1.3445782661437988, 1.0486360788345337, 0.37493661046028137, -0.00402130838483572, 2.6741750240325928, 1.075994610786438, 0.17452046275138855, 0.032246530055999756, 0.9417447447776794, 1.7568480968475342, 1.3854612112045288, 0.28009024262428284, 0.38985851407051086, 0.4162498414516449, 1.1374213695526123, 0.6949976682662964, 0.9544703960418701, 0.4242873191833496, 0.9014521241188049, 1.083260416984558, 0.7959604263305664, 1.229520559310913, 0.26997098326683044, 0.3581044673919678, 0.005023881793022156, 2.0455846786499023, 0.8957922458648682, 0.18714174628257751, 0.4119192063808441, 1.9861671924591064, 0.2601843774318695, 0.4796203374862671, 0.39323344826698303, 0.8787431120872498, 0.15135063230991364, 1.892486810684204, 0.7915070056915283, 1.7351280450820923, 0.9132307767868042, 0.048691391944885254, 0.7052872776985168, 0.9083982110023499, 1.1382787227630615, 0.6227328181266785, 0.24961614608764648, 0.18304231762886047, -0.003978375345468521, 0.8537768721580505, 0.9591104984283447, 0.8729955554008484, 1.185982346534729, 0.028250470757484436, 0.18705898523330688]"
executive,"[4, 27, 4, 18, 13, 8, 6, 28, 4]",34,"[0.3425675332546234, 1.152328610420227, 2.095885753631592, 0.43922340869903564, 0.41662368178367615, 0.512715756893158, 0.18062421679496765, 0.2519923746585846, 2.9224419593811035, 0.3071496784687042, 0.03598488122224808, 2.1281306743621826, 0.8789235353469849, 0.07766278088092804, -0.003622804069891572, 4.3898468017578125, 0.6660753488540649, -0.010325536131858826, -0.004960954189300537, 0.5200706720352173, 3.258659839630127, 2.4261269569396973, 0.4235577881336212, 0.9334810972213745, 0.5767272114753723, 0.7370201349258423, 0.44891542196273804, 0.4408254623413086, 0.17016205191612244, 0.6662075519561768, 0.4845519959926605, 0.6751489639282227, 0.8586012125015259, 0.05379236489534378, 0.18074123561382294, 0.05130000412464142, 3.519932985305786, 0.8149458765983582, 0.36852967739105225, 0.7032665014266968, 3.62134051322937, 0.11172515153884888, 1.2059645652770996, 0.33026158809661865, 0.47900235652923584, 0.06036921590566635, 1.3477107286453247, 0.6423090100288391, 1.2856422662734985, 0.6192533373832703, 0.1542210727930069, 0.6768849492073059, 0.4819805324077606, 0.6898516416549683, 0.4941255450248718, 0.8301661610603333, 0.009493713267147541, -0.015585346147418022, 0.569351851940155, 1.5130094289779663, 1.147953748703003, 0.7715657949447632, 0.24748942255973816, 0.5826446413993835]"
export,"[4, 27, 3, 12, 11, 8]",34,"[0.42125383019447327, 1.800364375114441, 1.4655708074569702, 0.15364854037761688, 0.5597169995307922, 0.8268170356750488, 0.31317272782325745, 0.587929904460907, 1.6896190643310547, 0.24904128909111023, 0.018698953092098236, 1.650415062904358, 1.1342676877975464, 0.3879036605358124, -0.0005185757763683796, 3.188079833984375, 0.9846988916397095, 0.10597845911979675, 0.023500025272369385, 0.7959287166595459, 2.1270508766174316, 1.6583119630813599, 0.37424716353416443, 0.565748929977417, 0.5127324461936951, 0.9498535394668579, 0.5826099514961243, 1.0230587720870972, 0.38681551814079285, 0.8634101152420044, 1.1468456983566284, 0.586033284664154, 1.047913670539856, 0.15133799612522125, 0.32813867926597595, 0.03292858600616455, 2.421677350997925, 1.1426712274551392, 0.16739551723003387, 0.44871899485588074, 2.3192663192749023, 0.1683478206396103, 0.5937163829803467, 0.33380743861198425, 0.7426053285598755, 0.19493387639522552, 1.8500499725341797, 0.5820541381835938, 1.7489182949066162, 0.7884501814842224, 0.05969134718179703, 0.7974789142608643, 0.8711949586868286, 1.3050031661987305, 0.4150029718875885, 0.45296621322631836, 0.07647237181663513, -0.010889142751693726, 1.0019367933273315, 1.1893200874328613, 0.9885993599891663, 1.3796941041946411, 0.06310801208019257, 0.29006484150886536]"
food chain,"[22, 12, 12, 20, 31, 18, 9, 2, 6, 5]",34,"[1.0306297540664673, 1.9045463800430298, 0.21333256363868713, 0.06571155786514282, 0.8095688223838806, 2.3446853160858154, 1.403770923614502, 1.005472183227539, 0.3082132637500763, 0.33938682079315186, -0.0035093652550131083, 0.15891718864440918, 0.738167941570282, 1.7237285375595093, -0.003477709600701928, 0.39034217596054077, 0.7074836492538452, 1.1875793933868408, 0.08111197501420975, 2.469341516494751, 0.44602295756340027, 0.23470813035964966, 0.9685992002487183, 1.1116307973861694, 1.5582859516143799, 0.6633197069168091, 1.518567442893982, 1.6802130937576294, 2.0726540088653564, 1.897176742553711, 1.8050240278244019, 0.376126766204834, 0.79491126537323, 1.5383293628692627, 1.775573492050171, 1.1288193464279175, 0.20394766330718994, 0.9195643663406372, 0.010128125548362732, -0.004872754216194153, 0.09310844540596008, 0.30374154448509216, 0.7191492915153503, 0.957971453666687, 1.6999077796936035, 0.887672483921051, 1.9200716018676758, 1.385203242301941, 1.9774861335754395, 1.1884562969207764, 0.01871035434305668, 0.11108577251434326, 0.5584257245063782, 1.6649936437606812, 2.076880931854248, 0.9417005777359009, 0.4681605100631714, -0.009552204981446266, 1.4516717195510864, 0.31107383966445923, -0.04919491708278656, 0.7952857613563538, 0.02967820316553116, 0.6572855710983276]"
import,"[6, 19, 3, 12, 11, 8]",34,"[0.25053903460502625, 2.456737995147705, 1.0269426107406616, 0.0957372784614563, 0.7077151536941528, 1.0679949522018433, 0.4528350830078125, 0.985681414604187, 1.1796326637268066, 0.3788830637931824, 0.012688635848462582, 1.3529224395751953, 1.0899219512939453, 0.6167168617248535, 0.001049934420734644, 2.6121065616607666, 1.5347250699996948, 0.3495190739631653, 0.04509281367063522, 0.9406223893165588, 1.5244656801223755, 1.3382214307785034, 0.3849620223045349, 0.16120782494544983, 0.19655321538448334, 1.4187676906585693, 0.5806291699409485, 1.3870021104812622, 0.37037038803100586, 0.8406122922897339, 1.65590500831604, 0.8248627185821533, 1.5255513191223145, 0.3444766700267792, 0.31008410453796387, -0.14195767045021057, 1.9193313121795654, 1.1110823154449463, 0.0710323303937912, 0.42608803510665894, 1.974352240562439, 0.41725245118141174, 0.25484156608581543, 0.2524905204772949, 0.9296322464942932, 0.38970431685447693, 2.339934825897217, 0.6064797639846802, 2.0252373218536377, 1.0396130084991455, 0.038823023438453674, 1.1485340595245361, 1.3731939792633057, 1.4821516275405884, 0.4962484538555145, 0.11476550996303558, 0.3117273151874542, 0.005831453949213028, 1.1071741580963135, 1.1055184602737427, 1.0580244064331055, 1.7877501249313354, 0.04905637353658676, 0.1322503685951233]"
independence,"[6, 5, 20, 4, 3, 4, 5, 20, 4, 5, 18, 4]",34,"[0.327656090259552, 2.41640567779541, 1.0598567724227905, 0.1445680409669876, 0.6152673959732056, 1.0703099966049194, 0.43616342544555664, 0.7698331475257874, 1.0641766786575317, 0.3864040672779083, 0.03168615698814392, 1.4095500707626343, 1.1477718353271484, 0.5791432857513428, -0.0025295019149780273, 2.469341278076172, 1.380433440208435, 0.2429594099521637, 0.06291820108890533, 1.016661524772644, 1.4877513647079468, 1.3416115045547485, 0.32954227924346924, 0.30702242255210876, 0.3621969521045685, 1.296330213546753, 0.6697446703910828, 1.347257375717163, 0.5028418302536011, 0.970212459564209, 1.568010926246643, 0.8389737606048584, 1.446266770362854, 0.2862027883529663, 0.38631656765937805, -0.006192333996295929, 1.9009647369384766, 1.1676750183105469, 0.06702804565429688, 0.399289071559906, 1.7814418077468872, 0.27728840708732605, 0.3071548640727997, 0.29145658016204834, 0.9886261820793152, 0.2718249559402466, 2.2213144302368164, 0.7425768971443176, 2.0766115188598633, 0.9457368850708008, 0.00626848079264164, 0.9943237900733948, 1.20267653465271, 1.5436726808547974, 0.632067859172821, 0.2639956772327423, 0.193414106965065, -0.0034154970198869705, 1.155735969543457, 1.1247326135635376, 1.0701587200164795, 1.773436188697815, 0.09654632210731506, 0.2596491575241089]"
judicial,"[23, 13, 20, 6, 18, 6, 2, 14]",34,"[0.09878478944301605, 2.5115623474121094, 0.9133583903312683, 0.074837327003479, 0.46522802114486694, 1.4940558671951294, 0.8996263146400452, 1.0142821073532104, 1.151503562927246, 0.7869120240211487, 0.04024112597107887, 0.7647565603256226, 0.7296947240829468, 0.7852951884269714, -0.003278922289609909, 1.8593015670776367, 1.7365761995315552, 0.6661913394927979, 0.07185569405555725, 1.435634970664978, 1.303049921989441, 0.8034008741378784, 0.34119856357574463, 0.06374914944171906, 0.4762890338897705, 1.8166093826293945, 1.0077227354049683, 1.16489577293396, 0.7537384033203125, 1.1734578609466553, 1.3501044511795044, 1.4505558013916016, 1.9785435199737549, 0.7865217924118042, 0.614874005317688, 0.07787016034126282, 1.2930551767349243, 0.4482598304748535, 0.09318859875202179, 0.36674821376800537, 1.3982681035995483, 0.6896697878837585, 0.2357984483242035, 0.5972751379013062, 1.2831392288208008, 0.4362708628177643, 2.442868947982788, 1.3320963382720947, 2.018782615661621, 1.4499468803405762, 0.0552845373749733, 0.7695848941802979, 1.2133359909057617, 1.0578845739364624, 1.4116911888122559, 0.018295690417289734, 0.6032691597938538, 0.014944102615118027, 0.8846426010131836, 0.48640185594558716, 0.49065738916397095, 1.1718798875808716, 0.02149176597595215, 0.09216290712356567]"
legislature,"[14, 4, 17, 6, 7, 14, 2, 8, 13, 11, 4]",34,"[0.5549792051315308, 2.754660129547119, 0.7804081439971924, 0.02315502241253853, 0.6656928062438965, 2.0237607955932617, 1.2717252969741821, 1.2745925188064575, 0.7648765444755554, 0.5074995756149292, 0.0021457080729305744, 0.768375039100647, 1.0262800455093384, 1.281488060951233, -0.005478797014802694, 1.4994240999221802, 1.4694372415542603, 0.9292597770690918, 0.08909711241722107, 2.1298985481262207, 0.9788433313369751, 0.6807782053947449, 0.6032090187072754, 0.3903719484806061, 0.9522562623023987, 1.4945576190948486, 1.4489316940307617, 1.6519825458526611, 1.421475887298584, 1.7203561067581177, 1.9188251495361328, 0.8220964670181274, 1.542172908782959, 1.1229040622711182, 1.2162814140319824, 0.17543670535087585, 1.0623186826705933, 0.9156808257102966, 0.03330986946821213, 0.19068403542041779, 0.8481802940368652, 0.5193506479263306, 0.23991481959819794, 0.8536300659179688, 1.718617558479309, 0.7288531064987183, 2.796013116836548, 1.4402564764022827, 2.620690107345581, 1.6271411180496216, 0.04013979807496071, 0.5639272332191467, 1.210798740386963, 1.667981743812561, 1.65715491771698, 0.25736716389656067, 0.5731616616249084, 0.006730712950229645, 1.4504966735839844, 0.4390798509120941, 0.2901887893676758, 1.3078064918518066, 0.00338594987988472, 0.15875880420207977]"
mass,"[19, 2, 7, 7]",34,"[0.6539536714553833, 2.022777557373047, 0.8712255954742432, 0.0011076517403125763, 0.4571130871772766, 1.7537298202514648, 1.0745947360992432, 0.7484269738197327, 0.8573253750801086, 0.5031833052635193, 0.015347232110798359, 0.718969464302063, 1.1122099161148071, 0.9566405415534973, -8.992385119199753e-06, 1.2765984535217285, 0.8858256340026855, 0.6772284507751465, 0.054421622306108475, 1.9219740629196167, 1.0693806409835815, 0.590340256690979, 0.5273556113243103, 0.7330410480499268, 1.078294038772583, 0.9444575309753418, 1.4445284605026245, 1.2819455862045288, 1.4157441854476929, 1.6291064023971558, 1.365522861480713, 0.6065767407417297, 1.034171462059021, 0.8609197735786438, 1.2231866121292114, 0.3152541220188141, 0.9513789415359497, 0.9108631014823914, 0.10475128889083862, 0.11063189059495926, 0.6802916526794434, 0.34927427768707275, 0.46508198976516724, 0.9539015293121338, 1.515219807624817, 0.4275587797164917, 2.1362810134887695, 1.2532603740692139, 2.018343210220337, 1.2509483098983765, 0.01705448143184185, 0.07603239268064499, 0.6506967544555664, 1.4747748374938965, 1.368665099143982, 0.4598892331123352, 0.46464794874191284, -0.003987165167927742, 1.2086520195007324, 0.26258474588394165, 0.10553131997585297, 0.8184909224510193, -0.017047826200723648, 0.24066001176834106]"
matter,"[19, 2, 8, 8, 4, 11]",34,"[0.5905631184577942, 2.1415884494781494, 0.9799146056175232, 0.09246042370796204, 0.7650209665298462, 1.3514330387115479, 0.7275151014328003, 0.9605531692504883, 1.0054395198822021, 0.25789564847946167, 0.000751387095078826, 1.159062147140503, 1.0981777906417847, 0.9339508414268494, -0.006096708122640848, 2.139747142791748, 1.1399481296539307, 0.5342437028884888, 0.055298447608947754, 1.3640615940093994, 1.3040342330932617, 1.161858081817627, 0.5747861862182617, 0.56529700756073, 0.620949387550354, 0.9366146326065063, 0.8889720439910889, 1.4293417930603027, 0.8952503204345703, 1.1937421560287476, 1.6537753343582153, 0.4691880941390991, 1.0938833951950073, 0.6184348464012146, 0.7851430177688599, 0.10583789646625519, 1.6475152969360352, 1.172164797782898, 0.053350016474723816, 0.22745810449123383, 1.4627685546875, 0.32495108246803284, 0.43416374921798706, 0.5267364978790283, 1.1940616369247437, 0.47913968563079834, 2.1814279556274414, 0.7372779250144958, 2.0788402557373047, 1.06361985206604, 0.028180208057165146, 0.6666558980941772, 1.0069255828857422, 1.608672857284546, 0.7571427822113037, 0.4147058129310608, 0.3649247884750366, 0.025497853755950928, 1.2607208490371704, 0.9247245192527771, 0.6986292004585266, 1.4384108781814575, 0.03336886316537857, 0.26451927423477173]"
nonrenewable,"[5, 12, 5, 11, 4, 5, 4, 26, 2, 10, 14, 4]",34,"[0.7070906758308411, 1.7915079593658447, 1.0648548603057861, 0.2451757937669754, 0.8290198445320129, 1.0967432260513306, 0.4506087601184845, 0.7556213736534119, 1.269396185874939, 0.07720140367746353, -0.006553729064762592, 1.4596458673477173, 1.0448110103607178, 0.7936469912528992, -0.001993785612285137, 2.701632499694824, 0.8153026103973389, 0.3316126763820648, 0.019249383360147476, 1.102931261062622, 1.6135696172714233, 1.505113124847412, 0.6270476579666138, 0.7305514812469482, 0.6630855798721313, 0.6727845668792725, 0.6686017513275146, 1.29579758644104, 0.7595627307891846, 0.9498515129089355, 1.4673364162445068, 0.2257465422153473, 0.7337675094604492, 0.44420483708381653, 0.6745754480361938, 0.2222830355167389, 2.073148488998413, 1.294858694076538, -0.0006887614727020264, 0.32589247822761536, 1.9401633739471436, 0.14268885552883148, 0.5994384288787842, 0.361473023891449, 0.8555057048797607, 0.3888497054576874, 1.7610793113708496, 0.5055476427078247, 1.7897769212722778, 0.7368381023406982, 0.04792837053537369, 0.7776941657066345, 0.8277877569198608, 1.535718321800232, 0.5496542453765869, 0.6487178802490234, 0.13488028943538666, -0.006781186908483505, 1.2326679229736328, 1.2448846101760864, 0.9745132923126221, 1.386089563369751, 0.13051004707813263, 0.5483165383338928]"
producer,"[3, 11, 12, 20, 13, 18, 4, 11]",34,"[0.30599406361579895, 2.4583303928375244, 1.1557152271270752, 0.14837297797203064, 0.756386399269104, 1.155178427696228, 0.5233490467071533, 0.9603811502456665, 1.352171778678894, 0.4408513903617859, 0.02099948190152645, 1.4425336122512817, 1.0663390159606934, 0.6392145752906799, -0.009480977430939674, 2.9072587490081787, 1.6258717775344849, 0.2888484001159668, 0.04856451600790024, 1.0567693710327148, 1.6834648847579956, 1.426270604133606, 0.36233076453208923, 0.23256433010101318, 0.31164488196372986, 1.4707849025726318, 0.6693253517150879, 1.3671693801879883, 0.40579527616500854, 0.9356574416160583, 1.670756459236145, 0.8990319967269897, 1.662890076637268, 0.41535013914108276, 0.3438898026943207, 0.034786246716976166, 2.1450133323669434, 1.1206556558609009, 0.056388989090919495, 0.4626784324645996, 2.067049026489258, 0.4189733564853668, 0.3484466075897217, 0.309548944234848, 0.9732994437217712, 0.33293306827545166, 2.4302732944488525, 0.7144517302513123, 2.1875572204589844, 1.0393050909042358, 0.04490667209029198, 1.1427240371704102, 1.3612014055252075, 1.511035680770874, 0.6714656949043274, 0.2020011693239212, 0.29633334279060364, 0.010687440633773804, 1.110723614692688, 1.2587714195251465, 1.166252851486206, 1.7903330326080322, 0.0529835969209671, 0.21293938159942627]"
protractor,"[3, 11, 12, 8, 11, 2, 18, 8, 12, 11]",34,"[0.32801350951194763, 2.723717212677002, 0.9503903985023499, 0.09676328301429749, 0.7982994914054871, 1.4888262748718262, 0.8263016939163208, 1.2146042585372925, 1.078723430633545, 0.48345130681991577, 0.020374765619635582, 1.1746623516082764, 1.0085972547531128, 0.9671532511711121, -0.013510450720787048, 2.360840082168579, 1.7380766868591309, 0.5692222714424133, 0.07624337077140808, 1.4721322059631348, 1.3310081958770752, 1.154121994972229, 0.5207085013389587, 0.2041167914867401, 0.38258159160614014, 1.621272087097168, 0.9065930247306824, 1.5726876258850098, 0.731655478477478, 1.208624005317688, 1.9313408136367798, 0.9334096908569336, 1.7491213083267212, 0.7340472936630249, 0.6147613525390625, 0.01925770938396454, 1.6971758604049683, 1.0571775436401367, 0.03980664163827896, 0.3134012222290039, 1.5773473978042603, 0.570001482963562, 0.2842990756034851, 0.454075425863266, 1.325263261795044, 0.574630081653595, 2.690847635269165, 0.9431391358375549, 2.3596694469451904, 1.3084484338760376, 0.02587934583425522, 1.0949739217758179, 1.4660606384277344, 1.6362119913101196, 1.0086418390274048, 0.13153716921806335, 0.5543868541717529, 0.016876276582479477, 1.2493435144424438, 1.0431714057922363, 0.9126777648925781, 1.790140986442566, 0.02543780207633972, 0.17168018221855164]"
renewable,"[11, 4, 5, 4, 26, 2, 10, 14, 4]",34,"[0.6283441781997681, 1.3985346555709839, 1.3840229511260986, 0.3209552466869354, 0.6575766801834106, 0.7699403166770935, 0.20430146157741547, 0.4659539461135864, 1.7563799619674683, 0.08359916508197784, 0.007127721793949604, 1.680128812789917, 1.0420056581497192, 0.4506165087223053, -0.0018308120779693127, 3.2226951122283936, 0.5870567560195923, 0.13460314273834229, 0.0004739444702863693, 0.7748917937278748, 2.1289279460906982, 1.8126859664916992, 0.5210604071617126, 0.8589133024215698, 0.6485708951950073, 0.5219597816467285, 0.5361092686653137, 0.9611986875534058, 0.5098326206207275, 0.7617797255516052, 1.0051430463790894, 0.26798588037490845, 0.5805504322052002, 0.17193418741226196, 0.45594510436058044, 0.13799640536308289, 2.523041009902954, 1.1914185285568237, 0.09818679094314575, 0.40327364206314087, 2.437004566192627, 0.04724542051553726, 0.8393469452857971, 0.33990752696990967, 0.6395196318626404, 0.19136396050453186, 1.4036784172058105, 0.40984153747558594, 1.4504709243774414, 0.5604782104492188, 0.07927018404006958, 0.6480768322944641, 0.5555448532104492, 1.2695751190185547, 0.35720565915107727, 0.768866777420044, 0.02492198534309864, -0.011007683351635933, 1.0081876516342163, 1.3638328313827515, 1.015468716621399, 1.1259733438491821, 0.1784856617450714, 0.6035134196281433]"
revolution,"[11, 4, 28, 12, 14, 13, 8, 6, 12, 5]",34,"[0.6255636811256409, 2.12339186668396, 0.720637857913971, 0.07736267149448395, 0.8572044372558594, 1.5343016386032104, 0.8639761209487915, 1.0153602361679077, 0.7529823184013367, 0.25575098395347595, -0.005066153593361378, 0.9268885850906372, 0.952635645866394, 1.1352267265319824, -0.010405175387859344, 1.7161638736724854, 1.0867072343826294, 0.627729058265686, 0.06327082216739655, 1.5797884464263916, 0.9559006690979004, 0.927803635597229, 0.646876871585846, 0.5658119916915894, 0.7438333034515381, 0.9563676118850708, 0.9701412916183472, 1.5166071653366089, 1.1229029893875122, 1.275405764579773, 1.7711995840072632, 0.41704630851745605, 1.0586825609207153, 0.8179189562797546, 0.9373595714569092, 0.34903082251548767, 1.2987719774246216, 1.1333270072937012, 0.029504381120204926, 0.20832312107086182, 1.1884065866470337, 0.3274611532688141, 0.4447970986366272, 0.5324854850769043, 1.2650734186172485, 0.5324709415435791, 2.1476943492889404, 0.8557907938957214, 2.104949474334717, 1.0446094274520874, 0.01656627282500267, 0.6879091262817383, 1.0308289527893066, 1.650407075881958, 1.0441148281097412, 0.450075626373291, 0.345802366733551, 0.004191536456346512, 1.2895777225494385, 0.8977527022361755, 0.6612684726715088, 1.4090654850006104, 0.022612445056438446, 0.3373796343803406]"
scarcity,"[7, 18, 2, 11, 18, 6, 8, 21]",34,"[0.13554999232292175, 2.82220458984375, 0.64643394947052, 0.024244513362646103, 0.46475672721862793, 1.8440604209899902, 1.2155545949935913, 1.2050776481628418, 0.7844290137290955, 0.8478139042854309, 0.04871043562889099, 0.4751603603363037, 0.712558388710022, 1.0744918584823608, -0.009764431044459343, 1.2312402725219727, 1.8334726095199585, 0.9722144603729248, 0.09910695254802704, 1.8706159591674805, 0.9379431009292603, 0.48270055651664734, 0.44361183047294617, 0.08208055794239044, 0.5958395004272461, 1.9081542491912842, 1.2996758222579956, 1.3972033262252808, 1.1469849348068237, 1.4892055988311768, 1.6299939155578613, 1.4500113725662231, 2.0787315368652344, 1.112138271331787, 0.9581903219223022, 0.1025492399930954, 0.7850474715232849, 0.40428876876831055, 0.09047000855207443, 0.20315495133399963, 0.7521762847900391, 0.7777379155158997, 0.15245321393013, 0.7895025014877319, 1.646896481513977, 0.6890941262245178, 2.67850661277771, 1.591804027557373, 2.277697801589966, 1.7435498237609863, 0.045201625674963, 0.6257789731025696, 1.3338241577148438, 1.2050787210464478, 1.7859985828399658, -0.001335933804512024, 0.7998780012130737, 0.02501567453145981, 1.0026339292526245, 0.20831215381622314, 0.2399348020553589, 1.1077898740768433, -0.008080955594778061, 0.03916750103235245]"
symmetry,"[7, 21, 19, 19, 4, 8, 11, 21]",34,"[0.43333715200424194, 3.057995080947876, 0.21445485949516296, 0.03227223828434944, 0.9007601737976074, 2.1907176971435547, 1.4209853410720825, 1.5520721673965454, 0.26288893818855286, 0.6315847039222717, 0.011646256782114506, 0.3921053409576416, 0.7199201583862305, 1.6491931676864624, -0.0018173069693148136, 0.7350553274154663, 1.8361284732818604, 1.2521165609359741, 0.09696309268474579, 2.1623032093048096, 0.3535301089286804, 0.315209299325943, 0.7934522032737732, 0.16668802499771118, 0.657116711139679, 1.7169874906539917, 1.2392641305923462, 1.9488824605941772, 1.4537655115127563, 1.5733846426010132, 2.38362455368042, 0.9205261468887329, 1.84842848777771, 1.3925310373306274, 1.2356250286102295, 0.31150245666503906, 0.38332226872444153, 0.769870936870575, -0.0100802481174469, 0.11905592679977417, 0.49769502878189087, 0.7822098731994629, 0.10567586123943329, 0.6896814107894897, 1.8168212175369263, 1.0326396226882935, 2.897500514984131, 1.2780548334121704, 2.494025945663452, 1.6629488468170166, 0.019894186407327652, 0.873870849609375, 1.5864988565444946, 1.7159827947616577, 1.6833407878875732, 0.11461348086595535, 0.892670750617981, 0.02280391752719879, 1.3581498861312866, 0.3296026587486267, 0.37717658281326294, 1.5829190015792847, 0.015474237501621246, 0.1771104484796524]"
tectonic plates,"[8, 4, 18, 8, 12, 5, 6, 18, 31, 3, 14, 2, 8, 4, 7]",34,"[0.7322896718978882, 2.7590792179107666, 0.016791298985481262, -0.03115026466548443, 0.8097797632217407, 2.7476084232330322, 1.6342915296554565, 1.2917526960372925, -0.1287631094455719, 0.6657121777534485, 0.019831331446766853, -0.012569278478622437, 0.79265296459198, 1.8052082061767578, 0.004895085468888283, -0.02144099771976471, 1.4074186086654663, 1.4493205547332764, 0.1235295981168747, 2.6544296741485596, 0.02991442382335663, -0.09278416633605957, 0.867161750793457, 0.6570910215377808, 1.3038650751113892, 1.4428064823150635, 1.6181910037994385, 2.037898540496826, 2.1871845722198486, 2.0763723850250244, 2.2866010665893555, 0.8686548471450806, 1.5580195188522339, 1.7082520723342896, 1.8378132581710815, 0.9196369051933289, -0.2283422350883484, 0.8797788023948669, -0.025718912482261658, 0.03088971972465515, -0.11052834987640381, 0.6432772278785706, 0.27311593294143677, 1.0476247072219849, 2.0584142208099365, 0.9817647337913513, 2.625833511352539, 1.7795056104660034, 2.430412530899048, 1.6207889318466187, -0.022142697125673294, 0.39337635040283203, 1.133864402770996, 1.7936240434646606, 2.286953926086426, 0.4934059977531433, 0.7846065759658813, -0.005842071026563644, 1.5848884582519531, 0.04315238445997238, 0.023564480245113373, 1.1986643075942993, -0.0019706115126609802, 0.344075083732605]"
volcano,"[28, 12, 14, 18, 2, 5, 12]",34,"[0.5942347049713135, 2.0797784328460693, 0.9688198566436768, 0.15466034412384033, 0.9546145796775818, 1.180567741394043, 0.5594881176948547, 1.0113441944122314, 1.1516667604446411, 0.13734564185142517, -0.013333228416740894, 1.3736674785614014, 1.0916014909744263, 0.9216352105140686, -0.007526438217610121, 2.6083834171295166, 1.0915130376815796, 0.4097193777561188, 0.03369288146495819, 1.1647711992263794, 1.4219743013381958, 1.4807184934616089, 0.6623837947845459, 0.4903331696987152, 0.4891785681247711, 0.9364614486694336, 0.6463015079498291, 1.4945592880249023, 0.7070271968841553, 0.9814507365226746, 1.772838830947876, 0.32517361640930176, 1.0256270170211792, 0.5264332890510559, 0.5967165231704712, 0.16212496161460876, 2.067250967025757, 1.3198405504226685, 0.007611513137817383, 0.3215295672416687, 1.9094159603118896, 0.2904011309146881, 0.5032559633255005, 0.3019999861717224, 0.9873199462890625, 0.487772673368454, 2.0534110069274902, 0.4396597743034363, 1.987630844116211, 0.8212229013442993, 0.033223751932382584, 1.0312544107437134, 1.1675405502319336, 1.7010223865509033, 0.532283365726471, 0.4312818944454193, 0.25458937883377075, 0.008069861680269241, 1.2813507318496704, 1.3533464670181274, 1.1077234745025635, 1.7257558107376099, 0.07349423319101334, 0.43940526247024536]"
volume,"[28, 12, 14, 13, 19, 4]",34,"[0.5334113836288452, 1.7104774713516235, 0.8642339110374451, 0.14652027189731598, 0.7063837647438049, 1.2113113403320312, 0.6835826635360718, 0.7153661847114563, 1.0433087348937988, 0.28320640325546265, 0.007518920116126537, 0.9920992851257324, 0.8990956544876099, 0.8216456174850464, -0.007367254700511694, 1.992588996887207, 0.7911902666091919, 0.44369983673095703, 0.0421946756541729, 1.2436412572860718, 1.285296082496643, 1.0086439847946167, 0.5851263403892517, 0.6043176651000977, 0.6740649342536926, 0.8081851005554199, 0.8232465982437134, 1.2108581066131592, 0.9228318929672241, 1.032389521598816, 1.3419077396392822, 0.476787269115448, 0.9059702157974243, 0.5939914584159851, 0.7590951323509216, 0.337774395942688, 1.5074424743652344, 0.9712209105491638, 0.09158360958099365, 0.3301430344581604, 1.5190428495407104, 0.20207937061786652, 0.5607503652572632, 0.4882902503013611, 1.0238498449325562, 0.3600279986858368, 1.6799098253250122, 0.7303152680397034, 1.6845976114273071, 0.8310220837593079, 0.03610390052199364, 0.5746433138847351, 0.7826701402664185, 1.32355535030365, 0.8206701278686523, 0.5237095952033997, 0.20111745595932007, 0.001347169280052185, 1.0368916988372803, 0.8790130019187927, 0.6967724561691284, 1.099199891090393, 0.04545437544584274, 0.4260273873806]"
weathering,"[26, 4, 2, 8, 9, 4, 11, 6, 5, 17]",34,"[0.36200737953186035, 2.587634325027466, 0.5963758230209351, 0.003998126834630966, 0.611956000328064, 1.7711533308029175, 1.0906376838684082, 1.1485207080841064, 0.5382449626922607, 0.552255392074585, 0.017225343734025955, 0.6422137022018433, 0.8744417428970337, 1.090539813041687, -0.008554569445550442, 1.2277148962020874, 1.5587620735168457, 0.8247058391571045, 0.08590748906135559, 1.7787818908691406, 0.793838620185852, 0.5755006670951843, 0.4784353971481323, 0.25851985812187195, 0.6801570653915405, 1.4685472249984741, 1.1755770444869995, 1.5293852090835571, 1.140869379043579, 1.4313244819641113, 1.7509500980377197, 0.9205484390258789, 1.6267566680908203, 0.9742236137390137, 0.9424259662628174, 0.1848587542772293, 0.8668354153633118, 0.7446475028991699, 0.03773423284292221, 0.18111342191696167, 0.6711766719818115, 0.5768885612487793, 0.17643466591835022, 0.6707721948623657, 1.5338070392608643, 0.6273172497749329, 2.5409493446350098, 1.2836278676986694, 2.3312840461730957, 1.442238211631775, 0.011241471394896507, 0.6152101159095764, 1.1995501518249512, 1.4522522687911987, 1.434868335723877, 0.1525837630033493, 0.6331819295883179, 0.01353565976023674, 1.1947535276412964, 0.40609726309776306, 0.36226171255111694, 1.3217206001281738, -0.01690608635544777, 0.10716366767883301]"
allusion,"[2, 14, 14, 13, 7, 6, 12, 5]",34,"[0.33076199889183044, 2.712261915206909, 0.6801055669784546, -0.017566561698913574, 0.6015344262123108, 1.8796427249908447, 1.2049963474273682, 1.104028344154358, 0.6909260153770447, 0.689542829990387, 0.033723048865795135, 0.6284649968147278, 0.9376105070114136, 1.1124517917633057, -0.002443317323923111, 1.1868215799331665, 1.5464537143707275, 0.8290700912475586, 0.09334750473499298, 1.9165430068969727, 0.852838397026062, 0.46852967143058777, 0.48349249362945557, 0.18470458686351776, 0.6040709018707275, 1.682036280632019, 1.3076189756393433, 1.5596152544021606, 1.2939512729644775, 1.5229581594467163, 1.7754100561141968, 1.0789794921875, 1.7467520236968994, 0.9913015961647034, 1.0563124418258667, 0.1048496663570404, 0.8320680260658264, 0.7703268527984619, 0.10257548093795776, 0.24678602814674377, 0.8350734710693359, 0.6525648832321167, 0.13756528496742249, 0.7397477626800537, 1.6012541055679321, 0.5701723098754883, 2.629157066345215, 1.4101837873458862, 2.3490617275238037, 1.510669231414795, 0.016120608896017075, 0.6372425556182861, 1.2863541841506958, 1.4946449995040894, 1.4728606939315796, 0.012827515602111816, 0.6926459074020386, 0.003803510218858719, 1.2226808071136475, 0.28466033935546875, 0.38727349042892456, 1.3054848909378052, -0.009775809943675995, 0.07473910599946976]"
antagonist,"[2, 5, 8, 2, 17, 12, 5, 6, 7, 8]",34,"[0.6583914756774902, 2.821805715560913, 1.255742073059082, 0.14565299451351166, 1.2489200830459595, 1.3835896253585815, 0.5610993504524231, 1.3509193658828735, 1.3342100381851196, 0.1815720498561859, -0.0017132123466581106, 1.7582765817642212, 1.3397338390350342, 1.1085243225097656, -0.006885018665343523, 3.33355450630188, 1.6734428405761719, 0.44381439685821533, 0.03220878168940544, 1.2983144521713257, 1.6868520975112915, 1.7675485610961914, 0.720978319644928, 0.4713209569454193, 0.44520077109336853, 1.3400185108184814, 0.6992401480674744, 1.9069057703018188, 0.7122832536697388, 1.150948166847229, 2.3564534187316895, 0.4512368440628052, 1.3793694972991943, 0.4890401065349579, 0.6348006725311279, 0.037101149559020996, 2.5791311264038086, 1.6900453567504883, -0.03378288447856903, 0.3622191548347473, 2.2723116874694824, 0.44847095012664795, 0.38294684886932373, 0.3213239014148712, 1.2044925689697266, 0.5756908059120178, 2.8389065265655518, 0.5670551061630249, 2.632193088531494, 1.10081946849823, 0.024108152836561203, 1.4707614183425903, 1.6484417915344238, 2.1356327533721924, 0.5094594955444336, 0.31287649273872375, 0.40860670804977417, 0.021980270743370056, 1.660489559173584, 1.6344575881958008, 1.4615708589553833, 2.3964905738830566, 0.06006545573472977, 0.29850754141807556]"
climax,"[18, 14, 6, 19, 2, 27]",34,"[0.3285595178604126, 1.6029540300369263, 1.7334004640579224, 0.2875407636165619, 0.5562781095504761, 0.7460865378379822, 0.2992273271083832, 0.6127804517745972, 2.37507700920105, 0.37288612127304077, 0.02467341348528862, 1.7503465414047241, 0.8588658571243286, 0.3594678044319153, 0.002147397957742214, 3.7509195804595947, 1.0389230251312256, 0.22252890467643738, 0.015642264857888222, 0.6768974661827087, 2.6334798336029053, 1.9465184211730957, 0.45693036913871765, 0.6293994188308716, 0.4578862488269806, 1.0470513105392456, 0.49655038118362427, 0.820641279220581, 0.2453494369983673, 0.6882286071777344, 0.9104185104370117, 0.8188090324401855, 1.1888949871063232, 0.2465711086988449, 0.283759742975235, 0.048347994685173035, 2.913102865219116, 0.8284214735031128, 0.27671465277671814, 0.5913107395172119, 3.0308096408843994, 0.31703731417655945, 0.8639740347862244, 0.3006022572517395, 0.6316949129104614, 0.2449919730424881, 1.6801916360855103, 0.588097870349884, 1.4858685731887817, 0.7918515801429749, 0.13607314229011536, 0.8221827149391174, 0.83963543176651, 0.9403547048568726, 0.49808168411254883, 0.5628776550292969, 0.21914304792881012, -0.008180379867553711, 0.7435723543167114, 1.3222874402999878, 1.023539662361145, 1.0813493728637695, 0.1295040398836136, 0.44521090388298035]"
flashback,"[22, 14, 2, 7, 9, 10, 2, 18, 16]",34,"[0.43863818049430847, 2.9400172233581543, 0.5842427015304565, 0.060090940445661545, 0.6749062538146973, 2.4418890476226807, 1.6278820037841797, 1.4088388681411743, 0.7770867347717285, 1.0174494981765747, 0.05850721150636673, 0.24643045663833618, 0.5794649720191956, 1.6021479368209839, -0.01673395000398159, 0.9560600519180298, 1.945872187614441, 1.3687818050384521, 0.10616405308246613, 2.476355791091919, 0.7493146657943726, 0.23474614322185516, 0.7537164092063904, 0.39653241634368896, 1.026190996170044, 2.075108528137207, 1.6871235370635986, 1.6512656211853027, 1.7610063552856445, 1.9010125398635864, 1.893532633781433, 1.5752108097076416, 2.2776973247528076, 1.6012903451919556, 1.4965695142745972, 0.5941622257232666, 0.5465723872184753, 0.4213337302207947, 0.007788613438606262, 0.08971492201089859, 0.41489875316619873, 0.9842230081558228, 0.35129839181900024, 1.05842125415802, 1.982812762260437, 0.9507256150245667, 2.868881940841675, 2.0027565956115723, 2.487522840499878, 1.9444921016693115, 0.04532129317522049, 0.597815752029419, 1.3153289556503296, 1.2753374576568604, 2.5426487922668457, 0.2535785436630249, 1.0561505556106567, -0.009076923131942749, 1.2222347259521484, 0.10770373046398163, 0.13883286714553833, 0.9518267512321472, 0.0024094991385936737, 0.21103188395500183]"
foreshadowing,"[22, 12, 11, 4, 7, 9, 2, 20, 12, 26, 6, 5, 17]",34,"[0.9101471900939941, 1.698084831237793, 1.1628886461257935, 0.08468860387802124, 0.5763807892799377, 1.54185950756073, 0.8123204708099365, 0.5925124287605286, 1.4815669059753418, 0.2799875736236572, 0.012642137706279755, 1.1588836908340454, 1.1845632791519165, 0.9028035998344421, 0.0037164734676480293, 2.3038394451141357, 0.4639081358909607, 0.4875905513763428, 0.03184102475643158, 1.7284066677093506, 1.7978980541229248, 1.1522945165634155, 0.6806015968322754, 1.1454321146011353, 1.3378560543060303, 0.612006664276123, 1.3163944482803345, 1.2177304029464722, 1.3156304359436035, 1.543129324913025, 1.2945454120635986, 0.4347558617591858, 0.687616229057312, 0.7787054181098938, 1.2349931001663208, 0.5585693717002869, 1.6397956609725952, 1.0903301239013672, 0.1382100135087967, 0.15811730921268463, 1.4582897424697876, 0.058607619255781174, 0.8518713116645813, 0.8967037200927734, 1.2887190580368042, 0.4077138602733612, 1.8457845449447632, 1.2455213069915771, 1.8613150119781494, 1.0019986629486084, 0.07784688472747803, 0.0868477076292038, 0.36761894822120667, 1.5083563327789307, 1.4118021726608276, 0.8463402986526489, 0.14534945785999298, -0.013876538723707199, 1.252537727355957, 0.6916332244873047, 0.26677757501602173, 0.7837625741958618, 0.023416876792907715, 0.5489957928657532]"
genre,"[17, 4, 5, 11, 4]",34,"[0.6529463529586792, 1.8962528705596924, 0.874380350112915, -0.021875329315662384, 0.5138401389122009, 1.2257548570632935, 0.6597377061843872, 0.6287283301353455, 0.6610119342803955, 0.20286768674850464, 0.013535220175981522, 1.0423840284347534, 1.2365273237228394, 0.7037926316261292, -0.0066641890443861485, 1.607343316078186, 0.7907161712646484, 0.303070992231369, 0.046477049589157104, 1.3703134059906006, 1.0399389266967773, 0.8390920162200928, 0.3686191141605377, 0.6223528385162354, 0.7921938300132751, 0.7181241512298584, 1.063241720199585, 1.25814688205719, 0.9418512582778931, 1.2492367029190063, 1.3529326915740967, 0.36149653792381287, 0.8148252964019775, 0.4258064031600952, 0.8285329341888428, 0.07740193605422974, 1.2803359031677246, 1.1715344190597534, 0.09043062478303909, 0.18239183723926544, 0.9044970273971558, 0.15480317175388336, 0.3546798825263977, 0.6411346197128296, 1.1607146263122559, 0.2658354341983795, 1.9939318895339966, 0.9044365882873535, 1.970958948135376, 0.9137006402015686, -0.0014129169285297394, 0.39984339475631714, 0.731403112411499, 1.5649285316467285, 0.8344326615333557, 0.3758596181869507, 0.15592007339000702, 0.006916314363479614, 1.2770450115203857, 0.6702597737312317, 0.5009362697601318, 1.2110217809677124, -0.016138775274157524, 0.17434656620025635]"
historical fiction,"[9, 6, 7, 8, 12, 11, 6, 18, 2, 14, 31, 22, 6, 18, 8, 6, 12, 5]",34,"[0.988023579120636, 1.9677987098693848, 0.42086419463157654, 0.08070217072963715, 0.7894295454025269, 2.4709348678588867, 1.5481548309326172, 0.9548760652542114, 0.659045398235321, 0.5735445618629456, 0.015578338876366615, 0.15857641398906708, 0.6803869009017944, 1.6667563915252686, -0.001709572970867157, 0.6241326928138733, 0.8305727243423462, 1.295544981956482, 0.06213158741593361, 2.582973003387451, 0.7039775848388672, 0.24474473297595978, 1.0154780149459839, 1.1550047397613525, 1.6269899606704712, 0.9019918441772461, 1.7079907655715942, 1.5552830696105957, 2.2201714515686035, 2.013045310974121, 1.6988747119903564, 0.6544560194015503, 0.9829660654067993, 1.6507015228271484, 1.9296565055847168, 1.1915435791015625, 0.33990052342414856, 0.732723593711853, 0.021141499280929565, 0.04366622865200043, 0.2871650457382202, 0.43718716502189636, 0.8040597438812256, 1.1248379945755005, 1.7765898704528809, 0.893420398235321, 1.9442191123962402, 1.6364692449569702, 1.9507163763046265, 1.3579703569412231, 0.05054841563105583, 0.037899572402238846, 0.5516467690467834, 1.418629765510559, 2.333177328109741, 0.878802478313446, 0.567429780960083, 0.0003102831542491913, 1.3852561712265015, 0.11620351672172546, -0.09308423101902008, 0.5342697501182556, 0.028834640979766846, 0.6861523985862732]"
imagery,"[6, 19, 2, 17, 4, 11, 21]",34,"[0.4376210570335388, 1.6115307807922363, 1.789387583732605, 0.3189316689968109, 0.6497790813446045, 0.7303051948547363, 0.27989110350608826, 0.6704937219619751, 2.3225176334381104, 0.184080570936203, 0.010536599904298782, 1.9021018743515015, 1.0191588401794434, 0.38923895359039307, 0.0042283181101083755, 3.948075532913208, 0.9368867874145508, 0.13795334100723267, 0.0017718598246574402, 0.678917646408081, 2.6937830448150635, 2.0998783111572266, 0.537250816822052, 0.6792410612106323, 0.4428708553314209, 0.9524706602096558, 0.4541285037994385, 0.9032704830169678, 0.28065225481987, 0.7358419895172119, 1.0228976011276245, 0.5439772605895996, 1.001168131828308, 0.1703069806098938, 0.28430184721946716, -0.010665491223335266, 3.0118484497070312, 1.0339698791503906, 0.2192920744419098, 0.5634721517562866, 3.0599043369293213, 0.24482840299606323, 0.8138740062713623, 0.3264526128768921, 0.6525529623031616, 0.2771780490875244, 1.7650694847106934, 0.5125837326049805, 1.6194419860839844, 0.789283037185669, 0.12023909389972687, 0.9112562537193298, 0.8953830003738403, 1.1587096452713013, 0.32423338294029236, 0.5981005430221558, 0.1472722887992859, -0.017367713153362274, 0.9148211479187012, 1.4041635990142822, 1.110622763633728, 1.2667211294174194, 0.12702365219593048, 0.4289122223854065]"
irony,"[6, 11, 12, 5, 21]",34,"[0.3358827531337738, 2.196899652481079, 1.1155850887298584, 0.02317328378558159, 0.42621761560440063, 1.1560765504837036, 0.5540805459022522, 0.7191559672355652, 1.1143518686294556, 0.41217535734176636, 0.019854124635457993, 1.2252051830291748, 1.1678749322891235, 0.5176186561584473, -0.006397033575922251, 2.2664756774902344, 1.1683732271194458, 0.2751319408416748, 0.049624618142843246, 1.1784093379974365, 1.4697133302688599, 1.1553031206130981, 0.2524870038032532, 0.36610332131385803, 0.551667332649231, 1.1832835674285889, 0.9083594679832458, 1.1586960554122925, 0.6221150159835815, 1.1356310844421387, 1.2673368453979492, 0.7944973707199097, 1.3037669658660889, 0.364778071641922, 0.5214709043502808, -0.06774989515542984, 1.714495062828064, 1.0140376091003418, 0.10251927375793457, 0.3131892681121826, 1.5142953395843506, 0.31549370288848877, 0.31905829906463623, 0.5357924699783325, 1.089266300201416, 0.2285807728767395, 2.2040040493011475, 0.9557376503944397, 2.0400807857513428, 1.0978152751922607, 0.02081102319061756, 0.6786088943481445, 0.9755663871765137, 1.3552864789962769, 0.7903792858123779, 0.21172070503234863, 0.24721813201904297, -0.009996514767408371, 1.0636205673217773, 0.8241804242134094, 0.7004376649856567, 1.3280624151229858, 0.010115597397089005, 0.09294187277555466]"
memoir,"[19, 4, 19, 12, 6, 11]",34,"[0.7445864677429199, 1.8582851886749268, 1.2674921751022339, 0.13777241110801697, 0.7354472875595093, 1.133865237236023, 0.5084689259529114, 0.8027661442756653, 1.3325353860855103, 0.06747841835021973, -0.00303601729683578, 1.5596845149993896, 1.3089419603347778, 0.7318750619888306, -0.0016186540015041828, 2.795917510986328, 0.7549115419387817, 0.30082887411117554, 0.017165618017315865, 1.177639126777649, 1.8258554935455322, 1.5672321319580078, 0.5851299166679382, 0.7755851745605469, 0.7242782115936279, 0.6179472208023071, 0.8198325634002686, 1.319811224937439, 0.7654694318771362, 1.0925912857055664, 1.4502142667770386, 0.1783677190542221, 0.7198121547698975, 0.39761969447135925, 0.7493115663528442, 0.017026767134666443, 2.160100221633911, 1.364539384841919, 0.049362070858478546, 0.2778448760509491, 1.8969992399215698, 0.12271551787853241, 0.5753207206726074, 0.5442378520965576, 0.9898875951766968, 0.37583237886428833, 2.0132429599761963, 0.5997521877288818, 1.987282156944275, 0.8579064011573792, 0.046235449612140656, 0.6446822285652161, 0.7858480215072632, 1.6793575286865234, 0.5306265354156494, 0.5917442440986633, 0.15417183935642242, 0.03221618011593819, 1.3446202278137207, 1.1557443141937256, 0.7758856415748596, 1.386459231376648, 0.04769358038902283, 0.38544949889183044]"
mood,"[19, 12, 12, 20]",34,"[0.2970132827758789, 1.8602843284606934, 0.7973340153694153, 0.08850890398025513, 0.5622525811195374, 0.8776198029518127, 0.4771299660205841, 0.6908832788467407, 0.8856129050254822, 0.2483844757080078, 0.0075692068785429, 1.10647451877594, 0.9801337718963623, 0.5390991568565369, -0.007342890370637178, 1.9873126745224, 1.0112971067428589, 0.217966228723526, 0.054566286504268646, 0.9037717580795288, 1.1666895151138306, 1.0833632946014404, 0.31088805198669434, 0.31722304224967957, 0.34636226296424866, 0.9622807502746582, 0.6121938824653625, 1.1140259504318237, 0.4561671018600464, 0.8137516975402832, 1.2838188409805298, 0.5910643339157104, 1.0610100030899048, 0.315133273601532, 0.2971229553222656, 0.018986433744430542, 1.5971213579177856, 1.0203707218170166, 0.17896611988544464, 0.34264901280403137, 1.4753777980804443, 0.22043344378471375, 0.36433693766593933, 0.23777687549591064, 0.8566387295722961, 0.2086075246334076, 1.7857850790023804, 0.6149601340293884, 1.6827396154403687, 0.7374792098999023, 0.00774737074971199, 0.7850141525268555, 0.9824771881103516, 1.327854871749878, 0.5549339056015015, 0.27297502756118774, 0.17094022035598755, 0.00041794776916503906, 0.9809219837188721, 1.0286095142364502, 0.9167611002922058, 1.3932669162750244, 0.032674744725227356, 0.20231905579566956]"
narrative,"[5, 2, 11, 11, 2, 8, 6, 28, 4]",34,"[0.5746226906776428, 2.6199088096618652, 0.7867403626441956, 0.0758248120546341, 0.7764765024185181, 1.6705458164215088, 0.9138094782829285, 1.2247587442398071, 0.7176739573478699, 0.24182787537574768, -0.008457080461084843, 1.05290949344635, 1.120288610458374, 1.1885473728179932, -0.007678566500544548, 1.7755910158157349, 1.3366483449935913, 0.6985204219818115, 0.07619839906692505, 1.6929152011871338, 1.0218790769577026, 0.9637459516525269, 0.5795174241065979, 0.37939733266830444, 0.710612416267395, 1.2176830768585205, 1.0523402690887451, 1.711164116859436, 1.1179782152175903, 1.4132620096206665, 1.9479533433914185, 0.5297942161560059, 1.318034052848816, 0.8230816721916199, 0.9311266541481018, 0.06713471561670303, 1.3622545003890991, 1.1825977563858032, -0.014627084136009216, 0.22501948475837708, 1.171714425086975, 0.3905125558376312, 0.20055808126926422, 0.5801405906677246, 1.4313573837280273, 0.6704134941101074, 2.616558790206909, 0.999555766582489, 2.4850616455078125, 1.312416434288025, 0.019669190049171448, 0.8408291935920715, 1.2770594358444214, 1.811376690864563, 1.0789111852645874, 0.27780574560165405, 0.4201398491859436, -0.01248881034553051, 1.449446201324463, 0.7896146178245544, 0.6395779848098755, 1.668930172920227, 0.026122145354747772, 0.1749155968427658]"
omniscient,"[12, 19, 5, 6, 7, 18, 6, 4, 5, 8]",34,"[0.5676724314689636, 2.951378345489502, 0.36254915595054626, 0.07252661883831024, 0.8791615962982178, 2.1192967891693115, 1.3762933015823364, 1.4281319379806519, 0.3930268883705139, 0.5763882398605347, 0.00743456743657589, 0.4942706823348999, 0.832507848739624, 1.6149649620056152, -0.006384449079632759, 1.0174061059951782, 1.6371089220046997, 1.115437626838684, 0.10813663899898529, 2.143205404281616, 0.4950646758079529, 0.47585341334342957, 0.7821763157844543, 0.30729880928993225, 0.7739863395690918, 1.559411883354187, 1.2534481287002563, 1.9124643802642822, 1.5293759107589722, 1.5918869972229004, 2.286649703979492, 0.9589126110076904, 1.7356008291244507, 1.2932473421096802, 1.28541100025177, 0.3232072591781616, 0.6694725155830383, 0.9004252552986145, -0.05771861970424652, 0.1480947583913803, 0.7336525917053223, 0.6672914624214172, 0.17296826839447021, 0.7379225492477417, 1.811764121055603, 0.8813542723655701, 2.786980152130127, 1.285962700843811, 2.456371545791626, 1.5945194959640503, 0.027544649317860603, 0.8175065517425537, 1.4541094303131104, 1.7977776527404785, 1.675708293914795, 0.2789011001586914, 0.7423216104507446, -0.003182506188750267, 1.3972467184066772, 0.48998281359672546, 0.4361118674278259, 1.555153727531433, 0.045809440314769745, 0.2799876630306244]"
parody,"[3, 2, 11, 12, 20, 21]",34,"[0.28704437613487244, 1.6222460269927979, 1.6265208721160889, 0.3190259337425232, 0.45676031708717346, 0.5772728323936462, 0.13233216106891632, 0.4570930004119873, 2.1854684352874756, 0.27196061611175537, 0.01653609424829483, 1.851367712020874, 1.052758812904358, 0.12937428057193756, 0.0024291779845952988, 3.6349070072174072, 0.9695638418197632, 0.008998274803161621, 0.010766937397420406, 0.5163187980651855, 2.5201103687286377, 2.0286121368408203, 0.2867084741592407, 0.6208633184432983, 0.33403921127319336, 0.94842529296875, 0.40117815136909485, 0.7512402534484863, 0.051994211971759796, 0.613696813583374, 0.8619161248207092, 0.7137484550476074, 1.082792043685913, 0.011431120336055756, 0.060469113290309906, -0.09876228123903275, 2.9296252727508545, 0.9882626533508301, 0.2888529896736145, 0.5963238477706909, 2.9523870944976807, 0.18548448383808136, 0.8314374685287476, 0.23323559761047363, 0.5459460020065308, 0.05725976079702377, 1.6666436195373535, 0.5152341723442078, 1.4711366891860962, 0.6429791450500488, 0.10222192108631134, 0.8807951807975769, 0.8028144240379333, 1.048596978187561, 0.3217509686946869, 0.549216628074646, 0.07063977420330048, -0.016509531065821648, 0.7591577768325806, 1.4706900119781494, 1.2083561420440674, 1.2259540557861328, 0.1859016716480255, 0.37071117758750916]"
perspective,"[3, 4, 11, 7, 3, 4, 18, 8, 6, 28, 4]",34,"[0.28219255805015564, 3.2788949012756348, 1.1400954723358154, 0.06133970245718956, 0.5924326181411743, 1.8831787109375, 1.115148663520813, 1.326948881149292, 1.1964807510375977, 0.7504727840423584, 0.045241232961416245, 1.1737829446792603, 1.1214126348495483, 1.0608797073364258, -0.009126447141170502, 2.2492387294769287, 2.0051798820495605, 0.7400076389312744, 0.10371409356594086, 1.8770731687545776, 1.5143563747406006, 1.0660802125930786, 0.45792877674102783, 0.16832663118839264, 0.6010066866874695, 2.0426981449127197, 1.2886403799057007, 1.6289821863174438, 1.045817494392395, 1.6308565139770508, 1.9649162292480469, 1.3541316986083984, 2.198582172393799, 0.926084041595459, 0.868413507938385, -0.030514739453792572, 1.6343960762023926, 0.8947743773460388, 0.02979731559753418, 0.3106592893600464, 1.4508860111236572, 0.7084146738052368, 0.1652555912733078, 0.735903263092041, 1.7243916988372803, 0.6421751379966736, 3.2041540145874023, 1.5712724924087524, 2.818894386291504, 1.7709981203079224, 0.030094312503933907, 0.9494850635528564, 1.5556541681289673, 1.5944548845291138, 1.5785603523254395, 0.00476507842540741, 0.6873161196708679, -0.025444917380809784, 1.32793128490448, 0.6618979573249817, 0.6377430558204651, 1.7336456775665283, 0.028029367327690125, 0.017160899937152863]"
plot,"[3, 14, 12, 8]",34,"[0.1983320713043213, 1.920910358428955, 1.2589318752288818, 0.05913394317030907, 0.4347706139087677, 0.9071556925773621, 0.48787444829940796, 0.7110832929611206, 1.374930739402771, 0.40444648265838623, 0.0233924500644207, 1.3509331941604614, 1.0903092622756958, 0.3635874092578888, -0.0026590218767523766, 2.6176679134368896, 1.1650688648223877, 0.2264508605003357, 0.04695631191134453, 0.8786323666572571, 1.7821893692016602, 1.358540654182434, 0.23449106514453888, 0.32732731103897095, 0.37839487195014954, 1.1818631887435913, 0.6827683448791504, 0.9290393590927124, 0.36327993869781494, 0.9037481546401978, 1.144294261932373, 0.815211296081543, 1.2972133159637451, 0.30660343170166016, 0.2432691603899002, -0.09245545417070389, 2.05855131149292, 0.9344481825828552, 0.22339102625846863, 0.3863371014595032, 1.8661847114562988, 0.32141628861427307, 0.47155633568763733, 0.38143372535705566, 0.8801661133766174, 0.17776283621788025, 1.9133931398391724, 0.7367236614227295, 1.8357950448989868, 0.9663912057876587, 0.030625255778431892, 0.7207942008972168, 0.9740895628929138, 1.1831225156784058, 0.5951380729675293, 0.23323214054107666, 0.2699194848537445, 0.00794774666428566, 0.8953858613967896, 1.0061687231063843, 0.8441594243049622, 1.2557293176651, 0.008740488439798355, 0.08277180045843124]"
protagonist,"[3, 11, 12, 8, 2, 17, 12, 5, 6, 7, 8]",34,"[0.6057290434837341, 2.968475103378296, 1.3760616779327393, 0.17301391065120697, 1.3031429052352905, 1.3503531217575073, 0.5223227143287659, 1.4085869789123535, 1.4800037145614624, 0.1519109159708023, -0.006064034998416901, 1.9882642030715942, 1.4033763408660889, 1.0520259141921997, -0.008369422517716885, 3.7057301998138428, 1.767645239830017, 0.38023385405540466, 0.037564221769571304, 1.2155076265335083, 1.88212251663208, 1.9695909023284912, 0.7240741848945618, 0.3989003300666809, 0.3335019052028656, 1.4424580335617065, 0.6170125603675842, 1.932234764099121, 0.5757589340209961, 1.109155297279358, 2.4709739685058594, 0.43543142080307007, 1.4733208417892456, 0.4632369875907898, 0.5125385522842407, -0.012637577950954437, 2.8382792472839355, 1.814918041229248, -0.03781452775001526, 0.4262048900127411, 2.5307466983795166, 0.4272601902484894, 0.37321382761001587, 0.21497628092765808, 1.127281665802002, 0.5804128050804138, 2.938661813735962, 0.4901549816131592, 2.778221607208252, 1.0854355096817017, 0.021577205508947372, 1.662301778793335, 1.782660722732544, 2.1909613609313965, 0.42523542046546936, 0.25714200735092163, 0.36302509903907776, 0.008942428976297379, 1.7061330080032349, 1.8246769905090332, 1.641678810119629, 2.6078872680664062, 0.06395703554153442, 0.2930813729763031]"
realistic fiction,"[11, 4, 2, 14, 6, 7, 8, 6, 18, 31, 22, 6, 18, 8, 6, 12, 5]",34,"[0.9299094080924988, 2.041910171508789, 0.427939236164093, 0.06832067668437958, 0.7253847718238831, 2.5621564388275146, 1.6241743564605713, 0.9718775749206543, 0.6424413919448853, 0.6588225960731506, 0.018001575022935867, 0.06283070147037506, 0.617009162902832, 1.6959153413772583, -0.004057792015373707, 0.6028308868408203, 0.9507153034210205, 1.3519684076309204, 0.06583568453788757, 2.6628341674804688, 0.6971950531005859, 0.17078661918640137, 0.9621943831443787, 1.1006885766983032, 1.7166329622268677, 1.0186576843261719, 1.756010890007019, 1.5459696054458618, 2.2706949710845947, 2.106804609298706, 1.6559925079345703, 0.8017181158065796, 1.1354875564575195, 1.706140398979187, 1.9464391469955444, 1.1952463388442993, 0.33724021911621094, 0.6304928064346313, 0.04538619518280029, 0.05078037083148956, 0.205537810921669, 0.47259706258773804, 0.7796319127082825, 1.177154302597046, 1.8115062713623047, 0.8985920548439026, 2.0601069927215576, 1.7796804904937744, 2.076112985610962, 1.4966939687728882, 0.06046019494533539, 0.005885273218154907, 0.5812931060791016, 1.3849718570709229, 2.487027645111084, 0.8821977376937866, 0.5962384939193726, 0.011663027107715607, 1.3479541540145874, 0.009557444602251053, -0.15827776491641998, 0.45871296525001526, 0.027552708983421326, 0.644372284412384]"
satire,"[7, 2, 8, 6, 11, 4]",34,"[0.8097800612449646, 2.025827646255493, 1.3479276895523071, 0.021956447511911392, 0.4782419800758362, 1.406609058380127, 0.7234716415405273, 0.649475634098053, 1.1961891651153564, 0.20421236753463745, 0.005143266636878252, 1.3549693822860718, 1.4486509561538696, 0.7455046772956848, -0.009290512651205063, 2.2601168155670166, 0.7475080490112305, 0.31147536635398865, 0.03877826780080795, 1.590124487876892, 1.5811222791671753, 1.1747874021530151, 0.4494345188140869, 0.8649550676345825, 1.0929138660430908, 0.6917959451675415, 1.288161039352417, 1.2791138887405396, 1.0950719118118286, 1.537987232208252, 1.3098608255386353, 0.3822089731693268, 0.7910101413726807, 0.4652312994003296, 0.9931345582008362, 0.046721313148736954, 1.7699964046478271, 1.3041541576385498, 0.08262857049703598, 0.17714281380176544, 1.2667615413665771, 0.12679049372673035, 0.5471532344818115, 0.8635241985321045, 1.3006367683410645, 0.27849146723747253, 2.252110004425049, 1.0685884952545166, 2.2636024951934814, 1.1240166425704956, 0.017537778243422508, 0.3106224834918976, 0.6067136526107788, 1.6964551210403442, 1.0019292831420898, 0.5657656192779541, 0.1534322053194046, -0.006962841376662254, 1.3913646936416626, 0.7365777492523193, 0.3802430331707001, 1.163655400276184, -0.004900071769952774, 0.2131827473640442]"
symbolism,"[7, 21, 19, 10, 12, 14, 6, 7, 19]",34,"[0.12839064002037048, 2.5585339069366455, 0.9564142227172852, 0.07558855414390564, 0.43263447284698486, 1.6770415306091309, 1.1444026231765747, 0.9887498617172241, 1.2169471979141235, 0.9447057843208313, 0.06312178075313568, 0.6189960241317749, 0.621094286441803, 0.9553555846214294, -0.011975990608334541, 1.7237892150878906, 1.7306867837905884, 0.8265743255615234, 0.07327635586261749, 1.7559094429016113, 1.3561835289001465, 0.6543550491333008, 0.47128164768218994, 0.22270981967449188, 0.63185715675354, 1.8716708421707153, 1.2357573509216309, 1.131726861000061, 1.0567344427108765, 1.4274414777755737, 1.3242210149765015, 1.5644158124923706, 2.0521626472473145, 0.9814736843109131, 0.8971518278121948, 0.24410727620124817, 1.1171036958694458, 0.3045961260795593, 0.13886354863643646, 0.2962169051170349, 1.195672869682312, 0.734312117099762, 0.3737582564353943, 0.7976133823394775, 1.4841219186782837, 0.5454661846160889, 2.4771668910980225, 1.589900255203247, 2.089076042175293, 1.657342791557312, 0.059325285255908966, 0.5732540488243103, 1.1525981426239014, 0.9442705512046814, 1.7664791345596313, 0.1004626601934433, 0.6990989446640015, 0.032647330313920975, 0.854939341545105, 0.26089489459991455, 0.3238191604614258, 0.8853013515472412, 0.013795770704746246, 0.12865979969501495]"
tone,"[8, 12, 5, 4]",34,"[0.7891805171966553, 1.8240004777908325, 1.2310676574707031, -0.01864418387413025, 0.41966328024864197, 1.2497988939285278, 0.616332471370697, 0.4855997562408447, 0.9985024333000183, 0.16115030646324158, 0.00015971576794981956, 1.330668330192566, 1.4711472988128662, 0.5573803186416626, -0.0064192283898591995, 2.0716562271118164, 0.6207898855209351, 0.18403437733650208, 0.03315944969654083, 1.4627944231033325, 1.4507976770401, 1.1484370231628418, 0.33026450872421265, 0.8983229398727417, 1.0397480726242065, 0.5353392958641052, 1.2074865102767944, 1.1889030933380127, 0.9985678195953369, 1.4700541496276855, 1.22846519947052, 0.26525023579597473, 0.6627812385559082, 0.3470103144645691, 0.9016370177268982, 0.07011470198631287, 1.7058087587356567, 1.3392565250396729, 0.12108241021633148, 0.15785148739814758, 1.1352742910385132, 0.0704260915517807, 0.5409218668937683, 0.7989722490310669, 1.192010760307312, 0.1606781929731369, 2.077392101287842, 0.9880197644233704, 2.105095386505127, 0.9128603935241699, -0.002211015671491623, 0.2825840413570404, 0.553826630115509, 1.6815403699874878, 0.8506971001625061, 0.6107682585716248, 0.06254282593727112, 0.0003276728093624115, 1.314354658126831, 0.8141489028930664, 0.4793826937675476, 1.1321572065353394, -0.01434294506907463, 0.2218078374862671]"
assumption,"[2, 7, 7, 13, 19, 3, 8, 6, 12, 5]",34,"[0.328294575214386, 3.7490110397338867, 0.04380422458052635, 0.023499872535467148, 1.261357069015503, 2.427997350692749, 1.4670279026031494, 2.0078399181365967, -0.0004350319504737854, 0.728167712688446, 0.007922475226223469, 0.37154969573020935, 0.7820615768432617, 1.8706799745559692, 0.0029893238097429276, 0.7451614141464233, 2.485982894897461, 1.4078181982040405, 0.11420930922031403, 2.2486720085144043, 0.03767073154449463, 0.30654317140579224, 0.8529277443885803, -0.15559667348861694, 0.4020416736602783, 2.2881641387939453, 1.152921438217163, 2.4539637565612793, 1.5014129877090454, 1.5755128860473633, 3.0128538608551025, 1.0819844007492065, 2.321296215057373, 1.4878144264221191, 1.1516509056091309, 0.2197473645210266, 0.47516191005706787, 0.975284218788147, -0.07609769701957703, 0.1722424030303955, 0.5412782430648804, 1.0868861675262451, -0.11601758003234863, 0.5316714644432068, 1.9871934652328491, 1.1700305938720703, 3.45656681060791, 1.2571613788604736, 2.993213176727295, 1.8003901243209839, -0.032951470464468, 1.4833202362060547, 2.2449779510498047, 2.0661749839782715, 1.6213133335113525, -0.11171410977840424, 1.1369850635528564, 0.010318145155906677, 1.5994740724563599, 0.5964746475219727, 0.7729965448379517, 2.319822311401367, 0.014881353825330734, 0.10795789957046509]"
attribute,"[2, 8, 8, 11, 6, 10, 13, 8, 4]",34,"[0.42596888542175293, 2.941084861755371, 0.4034101665019989, 0.08366291224956512, 0.8103163242340088, 1.8202555179595947, 1.1457315683364868, 1.4246352910995483, 0.37163758277893066, 0.4459924101829529, 0.0022078403271734715, 0.6812258958816528, 0.8882061243057251, 1.3884565830230713, -0.0012650471180677414, 1.1394304037094116, 1.689635157585144, 0.9014589786529541, 0.11193282902240753, 1.8319041728973389, 0.5523191690444946, 0.5835829973220825, 0.61870938539505, 0.13731607794761658, 0.5371454954147339, 1.5886070728302002, 1.0521814823150635, 1.8323479890823364, 1.1862478256225586, 1.388372540473938, 2.1896214485168457, 0.8710167407989502, 1.7210196256637573, 1.0619440078735352, 0.9493657350540161, 0.13923873007297516, 0.8259261846542358, 0.9452130198478699, -0.00046907365322113037, 0.21050631999969482, 0.807861328125, 0.6311368346214294, 0.03831624984741211, 0.5240471959114075, 1.6125439405441284, 0.7973793148994446, 2.7679874897003174, 1.1292192935943604, 2.4896349906921387, 1.463428258895874, 0.0017398670315742493, 0.9850310683250427, 1.5603952407836914, 1.7702221870422363, 1.3271441459655762, 0.15841524302959442, 0.6550045609474182, -0.029025569558143616, 1.3479204177856445, 0.6277415752410889, 0.5773747563362122, 1.7701219320297241, 0.038190267980098724, 0.1493695229291916]"
categorize,"[18, 2, 8, 4, 17, 12, 11, 6, 15, 4]",34,"[0.4923067092895508, 2.0647165775299072, 1.4317951202392578, 0.21053631603717804, 0.6593098640441895, 1.138696551322937, 0.5470913052558899, 0.7965657114982605, 1.7687768936157227, 0.2746075689792633, 0.0029021126683801413, 1.5740172863006592, 1.1246064901351929, 0.6585160493850708, -0.002966776490211487, 3.211463212966919, 1.1158249378204346, 0.26357972621917725, 0.025153236463665962, 1.144368290901184, 2.1161558628082275, 1.641800880432129, 0.5018194913864136, 0.5936495661735535, 0.6499457955360413, 1.1185435056686401, 0.7686776518821716, 1.1968334913253784, 0.6035938262939453, 1.080983281135559, 1.3484216928482056, 0.6727315187454224, 1.1986079216003418, 0.4241507351398468, 0.551030695438385, 0.12309427559375763, 2.414184808731079, 1.0807451009750366, 0.1416555494070053, 0.47373685240745544, 2.3595669269561768, 0.23694247007369995, 0.6041970252990723, 0.4579649567604065, 0.9718108177185059, 0.3524602949619293, 2.167490243911743, 0.8301305174827576, 2.0360729694366455, 0.9969088435173035, 0.08212609589099884, 0.8342685699462891, 0.9736145734786987, 1.4049015045166016, 0.7658407092094421, 0.47232168912887573, 0.1706148236989975, -0.023698586970567703, 1.1090550422668457, 1.1384934186935425, 0.9390457272529602, 1.4157030582427979, 0.07614679634571075, 0.3498091995716095]"
cause and effect,"[18, 2, 13, 7, 4, 31, 2, 5, 20, 31, 4, 22, 22, 4, 18, 8]",34,"[1.033355951309204, 2.688809394836426, 0.1740502417087555, 0.0519641675055027, 0.9860979914665222, 2.8063151836395264, 1.7686978578567505, 1.4593803882598877, 0.09631223976612091, 0.5316576361656189, -0.014201772399246693, 0.10143554210662842, 0.8155168294906616, 2.0542633533477783, -0.0030171421822160482, 0.26489806175231934, 1.2907179594039917, 1.5011069774627686, 0.09412059187889099, 2.8723435401916504, 0.2163209319114685, 0.12211871147155762, 1.0336271524429321, 0.8338456153869629, 1.5382187366485596, 1.2490038871765137, 1.7544975280761719, 2.0919249057769775, 2.324740409851074, 2.1697134971618652, 2.4175355434417725, 0.597211480140686, 1.3544819355010986, 1.8535269498825073, 1.9963352680206299, 0.9516617655754089, 0.0749533623456955, 0.9694235920906067, -0.08517228066921234, -0.046618059277534485, -0.04857172071933746, 0.6265068650245667, 0.45491108298301697, 1.118119239807129, 2.1015372276306152, 1.1090161800384521, 2.6676998138427734, 1.6628302335739136, 2.552669048309326, 1.6590756177902222, 0.015042167156934738, 0.38397106528282166, 1.0563167333602905, 1.976690649986267, 2.4131436347961426, 0.6884781122207642, 0.7973616123199463, -0.00347137451171875, 1.7481275796890259, 0.23411762714385986, 0.028485074639320374, 1.1499261856079102, 0.037576936185359955, 0.5201849937438965]"
chronological order,"[18, 9, 11, 12, 5, 12, 14, 12, 17, 6, 18, 2, 14, 31, 12, 11, 20, 4, 11]",34,"[0.8473086357116699, 2.605447292327881, 0.08944202214479446, 0.09645913541316986, 1.2431055307388306, 2.341627597808838, 1.4921972751617432, 1.5848026275634766, 0.20336861908435822, 0.3346443176269531, -0.026097476482391357, 0.3407924175262451, 0.682455837726593, 1.9417461156845093, 0.002750849351286888, 0.7121981382369995, 1.3744032382965088, 1.3744336366653442, 0.08609135448932648, 2.3230350017547607, 0.19438742101192474, 0.41850370168685913, 1.1385986804962158, 0.588154673576355, 1.0600522756576538, 1.2478868961334229, 1.276879906654358, 2.092397689819336, 1.8409353494644165, 1.697242259979248, 2.530296564102173, 0.3966325521469116, 1.2656222581863403, 1.6042780876159668, 1.5325368642807007, 0.7785215973854065, 0.4097096621990204, 1.009174108505249, -0.06180562078952789, 0.04921463131904602, 0.5670769214630127, 0.6357374787330627, 0.4178060293197632, 0.6767854690551758, 1.828592300415039, 1.1731406450271606, 2.53182053565979, 1.1471387147903442, 2.3806705474853516, 1.336921215057373, 0.005157101899385452, 0.7824622988700867, 1.3324036598205566, 1.8843472003936768, 1.7641891241073608, 0.5496893525123596, 0.7285929322242737, 0.0042790621519088745, 1.6479049921035767, 0.5834134221076965, 0.3776068687438965, 1.5571346282958984, 0.03809572011232376, 0.5728663206100464]"
coherent,"[18, 12, 9, 4, 11, 4, 5, 8]",34,"[0.5635451674461365, 1.2908183336257935, 0.8420400023460388, 0.19539254903793335, 0.7398974299430847, 0.850136399269104, 0.4013243019580841, 0.5389803051948547, 1.1962840557098389, 0.06858813762664795, -0.015131705440580845, 1.1674749851226807, 0.7990282773971558, 0.683850884437561, -0.007847915403544903, 2.281395435333252, 0.5623878240585327, 0.3133181929588318, 0.016569463536143303, 0.8647085428237915, 1.3964871168136597, 1.3278745412826538, 0.5748223066329956, 0.7519447803497314, 0.5579285025596619, 0.38199666142463684, 0.4963149428367615, 1.039405345916748, 0.611742377281189, 0.6938986778259277, 1.1470348834991455, 0.17669008672237396, 0.4896540641784668, 0.3802472949028015, 0.5415617823600769, 0.2731812298297882, 1.8203133344650269, 1.0422407388687134, 0.14325469732284546, 0.3574460744857788, 1.8741549253463745, 0.07037967443466187, 0.730697512626648, 0.21631179749965668, 0.6612300276756287, 0.325109601020813, 1.255240797996521, 0.2995861768722534, 1.2490154504776, 0.48927533626556396, 0.06748812645673752, 0.6076618432998657, 0.604364275932312, 1.1961541175842285, 0.4230680465698242, 0.6745830774307251, 0.08157755434513092, 0.01146460697054863, 0.8855845332145691, 1.1424556970596313, 0.8893592953681946, 1.0427963733673096, 0.10761961340904236, 0.5655072331428528]"
cohesion,"[18, 12, 9, 4, 7, 6, 12, 5]",34,"[0.5435779690742493, 1.5353717803955078, 0.8265934586524963, 0.0708584189414978, 0.4803737998008728, 1.3415342569351196, 0.8310289978981018, 0.5476702451705933, 1.094838261604309, 0.40695899724960327, 0.012219661846756935, 0.7562346458435059, 0.8014535903930664, 0.8280341625213623, -0.005697689484804869, 1.6364609003067017, 0.6522606611251831, 0.5130702257156372, 0.04183991253376007, 1.5048094987869263, 1.2633671760559082, 0.8123584985733032, 0.5209159851074219, 0.7707570791244507, 0.9250165820121765, 0.7297021150588989, 1.0386557579040527, 0.9820353984832764, 1.0920655727386475, 1.2255871295928955, 1.0441932678222656, 0.6314010620117188, 0.8408230543136597, 0.7374827861785889, 0.9606415629386902, 0.49851298332214355, 1.2046728134155273, 0.7211477160453796, 0.1600269377231598, 0.2659163475036621, 1.2002613544464111, 0.17682300508022308, 0.6527564525604248, 0.6382472515106201, 1.0861161947250366, 0.3618551194667816, 1.5747625827789307, 1.0349879264831543, 1.5208351612091064, 0.914379358291626, 0.061482153832912445, 0.22325044870376587, 0.47081154584884644, 1.0796146392822266, 1.2570610046386719, 0.5845078825950623, 0.20700010657310486, 0.0015458613634109497, 0.8968138694763184, 0.512289822101593, 0.34119653701782227, 0.6278180480003357, 0.024883374571800232, 0.42091837525367737]"
compare and contrast,"[18, 12, 19, 3, 2, 11, 4, 31, 2, 5, 20, 31, 18, 12, 5, 8, 11, 2, 7, 8]",34,"[0.9359921813011169, 2.637319326400757, 0.20608818531036377, 0.22383461892604828, 1.4994319677352905, 2.2347872257232666, 1.246431827545166, 1.6211943626403809, 0.4353482127189636, 0.2305271327495575, -0.022640373557806015, 0.5801162719726562, 0.6942870616912842, 2.041781425476074, 0.00020184973254799843, 1.3844053745269775, 1.470356822013855, 1.2858952283859253, 0.0819266140460968, 2.0921616554260254, 0.43754249811172485, 0.6960484981536865, 1.3051507472991943, 0.6840598583221436, 0.92018723487854, 1.2154046297073364, 0.9388850927352905, 2.3326430320739746, 1.6777101755142212, 1.4821033477783203, 2.679657220840454, 0.3776906430721283, 1.258005976676941, 1.4446874856948853, 1.3835368156433105, 0.8271282315254211, 0.9125173687934875, 1.2820569276809692, -0.12517359852790833, 0.13923923671245575, 0.9994218349456787, 0.6466948986053467, 0.499580055475235, 0.4592943489551544, 1.6407703161239624, 1.2357577085494995, 2.4666454792022705, 0.8311425447463989, 2.3046326637268066, 1.1631032228469849, 0.0043474044650793076, 1.2316921949386597, 1.4825935363769531, 2.027333974838257, 1.4121755361557007, 0.7069107890129089, 0.802981436252594, -0.024085059762001038, 1.696744680404663, 0.9880343675613403, 0.8095650672912598, 1.9395827054977417, 0.08551043272018433, 0.7355034351348877]"
compile,"[18, 12, 19, 3, 6, 14, 4]",34,"[0.7705305218696594, 1.7105642557144165, 1.1960614919662476, 0.19344253838062286, 0.7603118419647217, 1.1161859035491943, 0.48564597964286804, 0.7209316492080688, 1.50581693649292, 0.10015133023262024, -0.005899607203900814, 1.4510680437088013, 1.1627514362335205, 0.8168789148330688, 0.0012143682688474655, 2.7793896198272705, 0.6323045492172241, 0.3419705331325531, 0.011063070967793465, 1.148651123046875, 1.850484848022461, 1.5607928037643433, 0.6517546772956848, 0.891623854637146, 0.8265238404273987, 0.5623183250427246, 0.7273321151733398, 1.2569385766983032, 0.8311018943786621, 1.0597946643829346, 1.3995325565338135, 0.24350883066654205, 0.6799991726875305, 0.45707714557647705, 0.7634605169296265, 0.28902921080589294, 2.178560495376587, 1.2460821866989136, 0.08228074014186859, 0.307666152715683, 2.0374181270599365, 0.07575002312660217, 0.7247022986412048, 0.48051929473876953, 0.9186151027679443, 0.4038397967815399, 1.7777482271194458, 0.6133812069892883, 1.7768800258636475, 0.7424683570861816, 0.07580941915512085, 0.6290505528450012, 0.7066689133644104, 1.5338208675384521, 0.6552991271018982, 0.7285569906234741, 0.08862423896789551, -0.012081194669008255, 1.1883882284164429, 1.1450127363204956, 0.8410075306892395, 1.2587740421295166, 0.08937206864356995, 0.501330554485321]"
concede,"[18, 12, 5, 18, 4, 20, 4]",34,"[0.2348540723323822, 2.081312894821167, 1.2419754266738892, 0.11064992845058441, 0.26374781131744385, 1.181072473526001, 0.6973369717597961, 0.5362033247947693, 1.452153205871582, 0.6621002554893494, 0.04819422587752342, 1.0799858570098877, 0.9196813106536865, 0.4589706361293793, -0.007828636094927788, 2.2917723655700684, 1.2306877374649048, 0.3153986930847168, 0.06261461228132248, 1.306660771369934, 1.7511035203933716, 1.0969105958938599, 0.2337156981229782, 0.4451361298561096, 0.6793082356452942, 1.3301007747650146, 1.0329606533050537, 0.8618979454040527, 0.6897298097610474, 1.228582501411438, 0.9286106824874878, 1.2280107736587524, 1.5403857231140137, 0.5044959783554077, 0.5896349549293518, 0.11553795635700226, 1.7033021450042725, 0.5775092244148254, 0.19156667590141296, 0.34818756580352783, 1.5568296909332275, 0.3519180417060852, 0.5024049282073975, 0.6433298587799072, 1.1341838836669922, 0.19643598794937134, 2.066615104675293, 1.3437700271606445, 1.8504490852355957, 1.1759909391403198, 0.04790927842259407, 0.4147791862487793, 0.7629786133766174, 0.9959137439727783, 1.3250294923782349, 0.32633501291275024, 0.28998565673828125, 0.008857890963554382, 0.781982421875, 0.62054443359375, 0.5000460743904114, 0.86487877368927, 0.03830377012491226, 0.2344682514667511]"
consolidate,"[18, 12, 5, 7, 12, 14, 6, 20, 2, 8, 4]",34,"[0.33909139037132263, 2.620971918106079, 0.9461602568626404, 0.10666723549365997, 0.7008951306343079, 1.5248689651489258, 0.8272511959075928, 1.0949146747589111, 1.1014856100082397, 0.5430951118469238, 0.018625454977154732, 1.082076072692871, 0.9661239385604858, 0.9441773295402527, -0.007656509522348642, 2.243791341781616, 1.7023236751556396, 0.6065696477890015, 0.067894846200943, 1.4689643383026123, 1.302931785583496, 1.0958623886108398, 0.46671369671821594, 0.28598999977111816, 0.5414356589317322, 1.5877642631530762, 0.914643406867981, 1.4885406494140625, 0.8232125043869019, 1.244106411933899, 1.7353594303131104, 1.0070440769195557, 1.7475906610488892, 0.7147647142410278, 0.6736904978752136, 0.14105314016342163, 1.6239091157913208, 0.9413906335830688, 0.026898279786109924, 0.3363368809223175, 1.5533831119537354, 0.5683476328849792, 0.2908328175544739, 0.5070630311965942, 1.282720685005188, 0.5632176399230957, 2.6081063747406006, 1.0484189987182617, 2.278052568435669, 1.3009971380233765, 0.044644154608249664, 0.9640666842460632, 1.380068302154541, 1.4864490032196045, 1.1215447187423706, 0.193607896566391, 0.5085507035255432, -0.027191592380404472, 1.169137954711914, 0.8343570828437805, 0.8057780265808105, 1.6135066747665405, 0.04400750249624252, 0.1541059911251068]"
corroborate,"[18, 12, 11, 11, 12, 10, 12, 11, 2, 8, 4]",34,"[0.5765578150749207, 1.8998671770095825, 1.3620436191558838, 0.26298457384109497, 0.8547134399414062, 0.834521472454071, 0.24318459630012512, 0.7632601261138916, 1.5922329425811768, 0.03405870497226715, -0.010194454342126846, 1.7564748525619507, 1.187486171722412, 0.6277922987937927, -0.013143260031938553, 3.472386121749878, 1.0092898607254028, 0.0859670639038086, 0.018421072512865067, 0.7633893489837646, 1.9900639057159424, 1.8697800636291504, 0.5481041073799133, 0.5536653995513916, 0.41225650906562805, 0.8104199171066284, 0.4306897521018982, 1.326729416847229, 0.3648746609687805, 0.7836155295372009, 1.4806019067764282, 0.3665075898170471, 0.9692744016647339, 0.18955877423286438, 0.34259068965911865, 0.007466763257980347, 2.6794707775115967, 1.4076223373413086, 0.022251427173614502, 0.4534158706665039, 2.5334572792053223, 0.14233340322971344, 0.5589979887008667, 0.2277761995792389, 0.6998729109764099, 0.3072858452796936, 1.9431442022323608, 0.30138134956359863, 1.8862632513046265, 0.6843721270561218, 0.05799171328544617, 1.0743262767791748, 1.0900169610977173, 1.6501641273498535, 0.17917436361312866, 0.5122956037521362, 0.054523639380931854, -0.00549975223839283, 1.1783794164657593, 1.5583606958389282, 1.3074969053268433, 1.781496524810791, 0.1044822633266449, 0.4682858884334564]"
counterargument,"[18, 12, 13, 5, 8, 4, 11, 2, 11, 17, 13, 19, 4, 5, 8]",34,"[0.6155086755752563, 2.539527654647827, 0.5156224966049194, 0.1448526531457901, 1.0597389936447144, 1.9025617837905884, 1.2186200618743896, 1.3239476680755615, 0.6883976459503174, 0.44109511375427246, -0.009993632324039936, 0.6523261070251465, 0.7299618721008301, 1.4697022438049316, -0.004356265999376774, 1.546093463897705, 1.5415292978286743, 0.9822951555252075, 0.08266331255435944, 1.9051862955093384, 0.7510635852813721, 0.7365531921386719, 0.8245874047279358, 0.42374205589294434, 0.7633900046348572, 1.3594191074371338, 1.0857789516448975, 1.7525714635849, 1.3431668281555176, 1.374147891998291, 2.124338388442993, 0.7338016033172607, 1.469067931175232, 1.1841323375701904, 1.144924521446228, 0.47368383407592773, 1.0068129301071167, 0.9537695050239563, -0.03684404492378235, 0.24304136633872986, 1.1478403806686401, 0.5949758291244507, 0.3510791063308716, 0.5692282915115356, 1.5390524864196777, 0.8276308178901672, 2.439831495285034, 0.9819463491439819, 2.1989784240722656, 1.3426249027252197, 0.041574425995349884, 0.8845387101173401, 1.3025521039962769, 1.6762993335723877, 1.429606556892395, 0.4332585334777832, 0.625295877456665, 0.001981876790523529, 1.323697805404663, 0.7599656581878662, 0.5880336761474609, 1.4873411655426025, 0.046909406781196594, 0.4587305784225464]"
credibility,"[18, 11, 4, 20, 6, 10, 6, 14, 6, 8, 21]",34,"[0.10357892513275146, 2.0500328540802, 1.671034574508667, 0.27932772040367126, 0.3614875376224518, 0.8726271390914917, 0.5000178813934326, 0.6626343131065369, 2.2666499614715576, 0.5851278305053711, 0.04869778826832771, 1.5975733995437622, 0.7975449562072754, 0.30766168236732483, -0.00274683372117579, 3.4924545288085938, 1.4110153913497925, 0.22064945101737976, 0.038646988570690155, 0.7961023449897766, 2.548935651779175, 1.6888123750686646, 0.3033235967159271, 0.32295849919319153, 0.3113741874694824, 1.5290063619613647, 0.6308927536010742, 0.7543511390686035, 0.2359951287508011, 0.7909035086631775, 0.8668822050094604, 1.2690699100494385, 1.6656421422958374, 0.3064272999763489, 0.21692806482315063, -0.11144911497831345, 2.604478597640991, 0.5594168305397034, 0.2659749388694763, 0.6549340486526489, 2.843444347381592, 0.45815029740333557, 0.6331366300582886, 0.3896462619304657, 0.8082461357116699, 0.2133491486310959, 2.0343403816223145, 0.9463743567466736, 1.6766889095306396, 1.1192519664764404, 0.14167961478233337, 0.8647370934486389, 1.0369184017181396, 0.807673454284668, 0.789101243019104, 0.2590164542198181, 0.2943597733974457, -0.03087412193417549, 0.6445626020431519, 0.9953986406326294, 0.8924634456634521, 1.0822126865386963, 0.11439475417137146, 0.22764158248901367]"
critique,"[18, 11, 6, 8, 6, 24, 13, 4]",34,"[0.25695496797561646, 2.0997514724731445, 0.8103218674659729, 0.020965319126844406, 0.2671918272972107, 1.4095814228057861, 0.920413613319397, 0.7082715630531311, 0.9090602993965149, 0.6446613669395447, 0.04154808074235916, 0.6440129280090332, 0.7484525442123413, 0.7405335903167725, -0.007570783142000437, 1.368194341659546, 1.1813642978668213, 0.5855309963226318, 0.05485198274254799, 1.535604476928711, 1.1869419813156128, 0.5578712224960327, 0.3201451003551483, 0.32170140743255615, 0.7363764047622681, 1.334717869758606, 1.1285700798034668, 1.0169209241867065, 0.9836541414260864, 1.2599879503250122, 1.0556769371032715, 1.1115288734436035, 1.455985426902771, 0.7521616816520691, 0.8027241230010986, 0.19893097877502441, 0.9726322293281555, 0.4260556697845459, 0.1446242481470108, 0.26899051666259766, 0.8348058462142944, 0.4196260869503021, 0.3342043161392212, 0.6953538656234741, 1.2299981117248535, 0.3814150393009186, 2.0179271697998047, 1.3512301445007324, 1.8588695526123047, 1.304750680923462, 0.044947389513254166, 0.3636071979999542, 0.8161134719848633, 0.9606231451034546, 1.4628057479858398, 0.19535280764102936, 0.42033645510673523, 0.010062620043754578, 0.8379550576210022, 0.20641076564788818, 0.23560351133346558, 0.7382514476776123, -0.007664989680051804, 0.13881120085716248]"
cultural,"[18, 13, 14, 8, 13, 11, 2, 14]",34,"[0.345073938369751, 0.6096091866493225, 2.189352035522461, 0.6178403496742249, 0.47165170311927795, 0.27925291657447815, 0.17100916802883148, 0.12568381428718567, 3.6053435802459717, 0.3140423893928528, 0.02871873416006565, 1.9253828525543213, 0.4047752618789673, 0.08252184092998505, 0.008087839931249619, 4.552765846252441, 0.375055193901062, 0.13217973709106445, -0.0010342095047235489, 0.22447443008422852, 3.6917638778686523, 2.3810925483703613, 0.6548460721969604, 1.2140388488769531, 0.5043007731437683, 0.49593910574913025, 0.172444686293602, 0.08514823764562607, 0.10850971937179565, 0.24065694212913513, 0.14447231590747833, 0.5772719979286194, 0.4388465881347656, 0.17721311748027802, 0.15705524384975433, 0.10586000978946686, 3.5441184043884277, 0.4051405191421509, 0.726359486579895, 0.8069800138473511, 4.214691638946533, 0.1504269391298294, 1.8171298503875732, 0.181757852435112, 0.2217905968427658, 0.1166117787361145, 0.5250605940818787, 0.3366195857524872, 0.39603477716445923, 0.33440834283828735, 0.23981334269046783, 0.34680604934692383, 0.13515445590019226, 0.19856908917427063, 0.3204410672187805, 1.1144709587097168, 0.0973692387342453, -0.015977144241333008, 0.1968809962272644, 1.5854339599609375, 0.9186036586761475, 0.2087450474500656, 0.27801036834716797, 0.9139328002929688]"
differentiate,"[20, 6, 22, 22, 4, 11, 4, 5, 8, 6, 2, 8, 4]",34,"[0.7231941819190979, 2.7130908966064453, 0.17726856470108032, 0.006652403622865677, 0.8525344729423523, 2.234564781188965, 1.4238272905349731, 1.4428730010986328, 0.07179252058267593, 0.3360435366630554, -0.015486503951251507, 0.3989384174346924, 0.8762197494506836, 1.6910289525985718, -0.002986487001180649, 0.5571706295013428, 1.2939176559448242, 1.1845735311508179, 0.10500477254390717, 2.2763679027557373, 0.24415233731269836, 0.3096487522125244, 0.8014227151870728, 0.4072509706020355, 0.9749182462692261, 1.2643805742263794, 1.3678616285324097, 1.9740160703659058, 1.703243613243103, 1.6905399560928345, 2.260113477706909, 0.5029303431510925, 1.3212008476257324, 1.3665722608566284, 1.4112211465835571, 0.35676249861717224, 0.4021751582622528, 1.00674569606781, -0.03273908793926239, 0.0986250564455986, 0.3256135582923889, 0.505745530128479, 0.17753586173057556, 0.7619915008544922, 1.7874501943588257, 0.9583228826522827, 2.6555697917938232, 1.2660361528396606, 2.531043529510498, 1.502826452255249, 0.023103654384613037, 0.6694013476371765, 1.3083643913269043, 1.8906222581863403, 1.6794272661209106, 0.36485809087753296, 0.6109861135482788, 0.0019640885293483734, 1.5763376951217651, 0.38428381085395813, 0.25543561577796936, 1.4352242946624756, 0.02207689732313156, 0.26996585726737976]"
economic,"[4, 18, 12, 5, 12, 19, 6, 18]",34,"[0.3464316427707672, 1.9152482748031616, 1.5651946067810059, 0.3369147777557373, 0.6901542544364929, 0.7935206890106201, 0.32067400217056274, 0.723467230796814, 2.0762481689453125, 0.3007858693599701, 0.0161898173391819, 1.8274751901626587, 1.002010703086853, 0.4542790949344635, -0.013001569546759129, 3.7670629024505615, 1.1653889417648315, 0.12470409274101257, 0.012911154888570309, 0.7084577083587646, 2.4064741134643555, 2.009801149368286, 0.500510573387146, 0.5256092548370361, 0.3225797116756439, 1.0799319744110107, 0.4451674222946167, 1.003258228302002, 0.23307397961616516, 0.7459228038787842, 1.2045505046844482, 0.7231758832931519, 1.2143328189849854, 0.24866071343421936, 0.21077954769134521, -0.008762389421463013, 2.94755220413208, 1.0418084859848022, 0.14943836629390717, 0.568073034286499, 2.8996493816375732, 0.28974416851997375, 0.7246778011322021, 0.23803290724754333, 0.7160188555717468, 0.2499963492155075, 1.8934929370880127, 0.5456586480140686, 1.7613842487335205, 0.8040977120399475, 0.09048791229724884, 1.060959815979004, 1.0353139638900757, 1.1676043272018433, 0.40155744552612305, 0.470270574092865, 0.1810218244791031, -0.01232721284031868, 0.8935259580612183, 1.5237709283828735, 1.3323745727539062, 1.4764362573623657, 0.1580900400876999, 0.43636682629585266]"
elaboration,"[4, 14, 2, 10, 12, 11, 2, 8, 6, 12, 5]",34,"[0.335329532623291, 2.7402048110961914, 1.1187742948532104, 0.1811884641647339, 1.000494122505188, 1.2458698749542236, 0.5174193978309631, 1.239220142364502, 1.247395634651184, 0.33554190397262573, 0.003587694140151143, 1.5298810005187988, 1.0900793075561523, 0.8696247935295105, -0.007797290105372667, 3.043612480163574, 1.8279025554656982, 0.40084660053253174, 0.05131661891937256, 1.0714304447174072, 1.5522778034210205, 1.5795432329177856, 0.5288575887680054, 0.13881677389144897, 0.17078310251235962, 1.5959845781326294, 0.545779287815094, 1.6597868204116821, 0.44165605306625366, 0.9193693995475769, 2.039863348007202, 0.7823482751846313, 1.7024939060211182, 0.4707847833633423, 0.3649654984474182, -0.05759098380804062, 2.2368481159210205, 1.3086270093917847, -0.017017513513565063, 0.45801541209220886, 2.226090669631958, 0.543093204498291, 0.24064719676971436, 0.2118336707353592, 1.0310667753219604, 0.5000675320625305, 2.6717355251312256, 0.5873696208000183, 2.3840835094451904, 1.1154751777648926, 0.02442716620862484, 1.4763883352279663, 1.6819804906845093, 1.752607822418213, 0.5204267501831055, 0.13823175430297852, 0.41751179099082947, -0.0010723769664764404, 1.3072022199630737, 1.4504964351654053, 1.3663169145584106, 2.209930419921875, 0.07447612285614014, 0.2167307734489441]"
empathy,"[4, 19, 3, 2, 8, 9, 21]",34,"[0.4150087237358093, 2.8334553241729736, 0.36703670024871826, 0.06250911951065063, 0.8985647559165955, 1.9262819290161133, 1.1174381971359253, 1.4386004209518433, 0.3868281841278076, 0.4502265751361847, 0.013791841454803944, 0.5289999842643738, 0.7926807403564453, 1.4401150941848755, -0.010789738036692142, 1.0861568450927734, 1.7235532999038696, 1.0769214630126953, 0.09362025558948517, 1.775261402130127, 0.5408697128295898, 0.4664645195007324, 0.7015612125396729, 0.14675234258174896, 0.5194621086120605, 1.5898030996322632, 1.044927954673767, 1.903050422668457, 1.2167072296142578, 1.3346459865570068, 2.139460325241089, 0.8184734582901001, 1.69085693359375, 1.0816065073013306, 0.980616569519043, 0.14803223311901093, 0.7165387868881226, 0.9126063585281372, -0.008567407727241516, 0.2291763573884964, 0.7174619436264038, 0.6718655228614807, 0.11893903464078903, 0.5333640575408936, 1.5342955589294434, 0.935252845287323, 2.6597542762756348, 1.0255019664764404, 2.4003684520721436, 1.4842076301574707, 0.021037742495536804, 1.047316312789917, 1.5185582637786865, 1.6412911415100098, 1.319299340248108, 0.11946263909339905, 0.7440361976623535, 0.0035467036068439484, 1.3291770219802856, 0.5009541511535645, 0.5357916951179504, 1.6603914499282837, 0.012306936085224152, 0.12300704419612885]"
generalize,"[17, 4, 5, 4, 11, 2, 14, 6, 15, 4]",34,"[0.4564225375652313, 1.4123066663742065, 1.6252777576446533, 0.326937735080719, 0.4888961613178253, 0.7969066500663757, 0.369939386844635, 0.46439385414123535, 2.2546792030334473, 0.24987146258354187, 0.017717819660902023, 1.6065021753311157, 0.916812539100647, 0.43190446496009827, -0.0025995648466050625, 3.4132792949676514, 0.64094078540802, 0.2014489471912384, 0.011110889725387096, 0.8334032893180847, 2.5534441471099854, 1.804552674293518, 0.499255508184433, 0.8169487714767456, 0.7133346796035767, 0.7367639541625977, 0.6117176413536072, 0.7593564987182617, 0.4786892533302307, 0.8657182455062866, 0.7544370889663696, 0.5855634212493896, 0.8104652166366577, 0.2920513153076172, 0.45128333568573, 0.138670414686203, 2.6502296924591064, 0.7904388904571533, 0.29586929082870483, 0.49254855513572693, 2.7388274669647217, 0.11888135969638824, 0.9558789730072021, 0.42671871185302734, 0.7377707958221436, 0.25485286116600037, 1.447260856628418, 0.6979480385780334, 1.4006553888320923, 0.7454005479812622, 0.14437149465084076, 0.4949289560317993, 0.5199354290962219, 0.949236273765564, 0.6114742159843445, 0.6769553422927856, 0.10104872286319733, -0.02732289396226406, 0.7759701609611511, 1.1006566286087036, 0.7942189574241638, 0.8238863348960876, 0.13319890201091766, 0.5133029818534851]"
implication,"[6, 19, 3, 14, 6, 18, 2, 8, 6, 12, 5]",34,"[0.2444945126771927, 3.6237945556640625, 0.48063036799430847, 0.05757465586066246, 0.9798702001571655, 2.1793458461761475, 1.272531270980835, 1.76035737991333, 0.5775982141494751, 0.7353965640068054, 0.023551303893327713, 0.6664236783981323, 0.9019379615783691, 1.5250190496444702, 0.0007126876153051853, 1.4482890367507935, 2.3519577980041504, 1.1358051300048828, 0.1230219304561615, 2.038672685623169, 0.6633689403533936, 0.5892764329910278, 0.6675534844398499, -0.11029225587844849, 0.36330679059028625, 2.293614625930786, 1.1742949485778809, 2.129932165145874, 1.2283031940460205, 1.5406923294067383, 2.5558829307556152, 1.3217865228652954, 2.3570728302001953, 1.2255758047103882, 0.9958338737487793, -0.011229991912841797, 0.9800688028335571, 0.9193126559257507, -0.031941577792167664, 0.28563377261161804, 1.0612396001815796, 0.9538416266441345, -0.08093160390853882, 0.5796511173248291, 1.8228577375411987, 0.98390793800354, 3.4157180786132812, 1.3873257637023926, 2.883178949356079, 1.8210077285766602, 0.02105449140071869, 1.3523139953613281, 2.0344808101654053, 1.8433847427368164, 1.5360654592514038, -0.1557474285364151, 0.9622830748558044, -0.0018192827701568604, 1.4771728515625, 0.5844969749450684, 0.7087460160255432, 2.102638006210327, 0.027076661586761475, 0.035586439073085785]"
incorporate,"[6, 5, 18, 12, 11, 3, 12, 11, 2, 8, 4]",34,"[0.3824387192726135, 2.194103240966797, 1.4570766687393188, 0.18510101735591888, 0.685387909412384, 0.834929347038269, 0.21530964970588684, 0.8243628144264221, 1.654099941253662, 0.2626449465751648, 0.011879893019795418, 1.8081824779510498, 1.2264140844345093, 0.44344088435173035, 0.00028156768530607224, 3.5241637229919434, 1.3770620822906494, 0.05558447539806366, 0.01800878345966339, 0.7253826856613159, 2.1189842224121094, 1.8178608417510986, 0.3369843363761902, 0.3521309494972229, 0.2866729199886322, 1.251150131225586, 0.4466063678264618, 1.267214059829712, 0.1634943187236786, 0.7634977102279663, 1.4760468006134033, 0.7468122243881226, 1.4227814674377441, 0.11150291562080383, 0.1808873862028122, -0.1289127767086029, 2.689497232437134, 1.2590054273605347, 0.07401026040315628, 0.494092732667923, 2.5516860485076904, 0.30504894256591797, 0.41704457998275757, 0.2675427198410034, 0.731717050075531, 0.2007014900445938, 2.296752691268921, 0.5391492247581482, 2.0524494647979736, 0.8694311380386353, 0.06151064485311508, 1.1772880554199219, 1.265363335609436, 1.565139889717102, 0.2782507836818695, 0.31924521923065186, 0.1639925241470337, 0.008068621158599854, 1.11266028881073, 1.4625571966171265, 1.3090367317199707, 1.846075177192688, 0.08556723594665527, 0.2310812771320343]"
objective,"[12, 10, 23, 4, 18, 8, 6, 28, 4]",34,"[0.3905088007450104, 2.7152352333068848, 1.1090056896209717, 0.15640899538993835, 0.5875031352043152, 1.6042031049728394, 0.9541808366775513, 1.0990660190582275, 1.3002560138702393, 0.5773424506187439, 0.039107467979192734, 1.1425949335098267, 0.9424552917480469, 0.9631209373474121, -0.007111722603440285, 2.309398651123047, 1.6503286361694336, 0.6448274850845337, 0.07154914736747742, 1.6075515747070312, 1.5860376358032227, 1.107300877571106, 0.5316538214683533, 0.3494434356689453, 0.6409136056900024, 1.688449501991272, 1.0892077684402466, 1.419573426246643, 0.9306075572967529, 1.391584038734436, 1.6340073347091675, 1.154348611831665, 1.8292427062988281, 0.8209257125854492, 0.7683613300323486, 0.13257060945034027, 1.7315423488616943, 0.7946838140487671, 0.07519541680812836, 0.3474755883216858, 1.5666438341140747, 0.5864676833152771, 0.4046550393104553, 0.6395176649093628, 1.4250335693359375, 0.5838666558265686, 2.680776357650757, 1.3132340908050537, 2.4018561840057373, 1.4393973350524902, 0.04977605864405632, 0.9087358713150024, 1.3135170936584473, 1.406609058380127, 1.3948907852172852, 0.27480652928352356, 0.5405809283256531, -0.01426161453127861, 1.1522912979125977, 0.7843387722969055, 0.6714735627174377, 1.4575715065002441, 0.053338997066020966, 0.2276950478553772]"
political,"[3, 12, 14, 6, 8, 6, 18, 2, 14]",34,"[0.3135174512863159, 1.8945790529251099, 1.5315001010894775, 0.19211913645267487, 0.4225934147834778, 1.0121580362319946, 0.5315226912498474, 0.6694573163986206, 1.9440133571624756, 0.4906240999698639, 0.033092789351940155, 1.4213001728057861, 1.0017880201339722, 0.4424181878566742, 0.0033405274152755737, 2.989640712738037, 1.1079585552215576, 0.2802846431732178, 0.024362388998270035, 1.0603625774383545, 2.236999273300171, 1.5473077297210693, 0.3674873113632202, 0.516248345375061, 0.6069575548171997, 1.237358808517456, 0.8212218284606934, 0.8631289005279541, 0.5467351078987122, 1.0167316198349, 0.9280879497528076, 0.9466162919998169, 1.3205775022506714, 0.39864668250083923, 0.4766726493835449, 0.03114001452922821, 2.2872047424316406, 0.7063828110694885, 0.21245402097702026, 0.4191451370716095, 2.2478864192962646, 0.35494911670684814, 0.6556210517883301, 0.5564377903938293, 0.9630494117736816, 0.2434384673833847, 1.9439682960510254, 0.9945035576820374, 1.763231873512268, 1.0841951370239258, 0.09409254789352417, 0.5723953247070312, 0.8122506737709045, 1.0429104566574097, 0.8859450221061707, 0.3636280298233032, 0.28861570358276367, -0.011180540546774864, 0.8579919338226318, 0.8676066994667053, 0.6539979577064514, 0.9745858311653137, 0.0725197121500969, 0.27148881554603577]"
problem and solution,"[3, 11, 12, 10, 14, 4, 19, 31, 2, 5, 20, 31, 7, 12, 14, 13, 8, 6, 12, 5]",34,"[1.120365858078003, 2.248739242553711, -0.10516921430826187, 0.13459201157093048, 1.4653239250183105, 2.328857898712158, 1.3466894626617432, 1.4101470708847046, -0.036788210272789, 0.1407960206270218, -0.027148328721523285, 0.3299877345561981, 0.681771457195282, 2.1091578006744385, 0.007442595437169075, 0.5732653737068176, 0.9753003120422363, 1.2697850465774536, 0.09000939130783081, 2.3071813583374023, -0.05197626352310181, 0.3151705265045166, 1.3052818775177002, 0.913424015045166, 1.21970534324646, 0.8651691675186157, 1.124579906463623, 2.3152265548706055, 2.0513432025909424, 1.6296123266220093, 2.6439173221588135, 0.037241920828819275, 0.8269356489181519, 1.5594701766967773, 1.666541576385498, 1.1837702989578247, 0.31350311636924744, 1.3497569561004639, -0.09263883531093597, 0.02875763177871704, 0.4652658700942993, 0.43773624300956726, 0.5738619565963745, 0.5357084274291992, 1.7071348428726196, 1.149871587753296, 2.1101603507995605, 0.8780633807182312, 2.1659433841705322, 0.9173601865768433, -0.03573043271899223, 0.8423982858657837, 1.1508451700210571, 2.1074557304382324, 1.5271180868148804, 0.8973109722137451, 0.6141777634620667, -0.037136226892471313, 1.756993055343628, 0.8231567740440369, 0.5750946998596191, 1.6795892715454102, 0.049590252339839935, 0.8630749583244324]"
reasoning,"[11, 4, 2, 7, 12, 5, 6, 5, 17]",34,"[0.7628014087677002, 2.00384783744812, 1.0924867391586304, 0.0030018724501132965, 0.5712714791297913, 1.564864993095398, 0.8555702567100525, 0.7694510817527771, 1.051275610923767, 0.2819221317768097, -0.003220753977075219, 1.1600840091705322, 1.2836028337478638, 0.8503957390785217, -0.0001917583867907524, 2.0137228965759277, 0.8243440389633179, 0.4470539689064026, 0.04038039222359657, 1.730017900466919, 1.4099485874176025, 1.0704926252365112, 0.5020700097084045, 0.8319886922836304, 1.0968679189682007, 0.7926082611083984, 1.2625420093536377, 1.326557993888855, 1.2016260623931885, 1.566746711730957, 1.5023000240325928, 0.4098278284072876, 0.9031453132629395, 0.6899641156196594, 1.0706230401992798, 0.272359699010849, 1.539633870124817, 1.1610254049301147, 0.07716765999794006, 0.14405396580696106, 1.1085205078125, 0.22698591649532318, 0.4953344166278839, 0.8505009412765503, 1.3755898475646973, 0.36600297689437866, 2.236346483230591, 1.2142972946166992, 2.2121384143829346, 1.1373425722122192, 0.027285858988761902, 0.31206122040748596, 0.7086613774299622, 1.65317964553833, 1.1929614543914795, 0.5583521127700806, 0.2663111090660095, -0.007098674774169922, 1.360554575920105, 0.6554870009422302, 0.40394049882888794, 1.1431348323822021, -0.003923989832401276, 0.2673002779483795]"
refute,"[11, 4, 22, 13, 8, 4]",34,"[0.8210787773132324, 1.692716360092163, 1.0664047002792358, 0.017766419798135757, 0.47909024357795715, 1.3064104318618774, 0.6868682503700256, 0.5429883599281311, 0.9414463043212891, 0.11509919166564941, -0.0033505421597510576, 1.162879467010498, 1.302817940711975, 0.7301245331764221, -0.008666016161441803, 1.9191739559173584, 0.5557445287704468, 0.3308664560317993, 0.038766197860240936, 1.4566614627838135, 1.3064566850662231, 1.0379705429077148, 0.46090778708457947, 0.9098004102706909, 1.0909699201583862, 0.470613956451416, 1.1613099575042725, 1.2128466367721558, 1.0916836261749268, 1.4146806001663208, 1.2480475902557373, 0.2576000988483429, 0.6366271376609802, 0.4948722720146179, 0.9798428416252136, 0.23460930585861206, 1.5016928911209106, 1.24472975730896, 0.09546326100826263, 0.1371966004371643, 1.1081972122192383, 0.07107865810394287, 0.5670667886734009, 0.7923053503036499, 1.1881672143936157, 0.26844772696495056, 1.9181181192398071, 0.9561253190040588, 1.9845516681671143, 0.9233837127685547, 0.011681558564305305, 0.2172921895980835, 0.5103862285614014, 1.6105668544769287, 0.938701331615448, 0.6734827160835266, 0.07735320925712585, -0.00735120102763176, 1.2716188430786133, 0.7176468372344971, 0.3780919015407562, 1.0449634790420532, -0.006531089544296265, 0.2851300835609436]"
reliability,"[11, 4, 14, 6, 2, 10, 6, 14, 6, 8, 21]",34,"[0.37222856283187866, 1.4302423000335693, 1.8348098993301392, 0.3055403232574463, 0.4219444692134857, 0.6628287434577942, 0.3424566090106964, 0.43504518270492554, 2.4765307903289795, 0.3274901807308197, 0.03795309737324715, 1.777596116065979, 0.8806828260421753, 0.2959851026535034, 0.001031737308949232, 3.729632616043091, 0.7417216300964355, 0.10286743938922882, 0.01090139988809824, 0.720325231552124, 2.816678047180176, 1.9533617496490479, 0.46325168013572693, 0.7512414455413818, 0.5631283521652222, 0.8838348388671875, 0.546288013458252, 0.6171926259994507, 0.35592764616012573, 0.7588826417922974, 0.6473451256752014, 0.7461999654769897, 0.9434118270874023, 0.19733156263828278, 0.3411105275154114, 0.06787443161010742, 2.8794071674346924, 0.7327919602394104, 0.32533788681030273, 0.5692627429962158, 2.97367525100708, 0.1925341784954071, 0.9608147740364075, 0.3967944383621216, 0.6708256602287292, 0.16734538972377777, 1.4676440954208374, 0.6997643709182739, 1.3522716760635376, 0.7764107584953308, 0.1392987221479416, 0.5916134715080261, 0.5953074097633362, 0.8452839851379395, 0.5695677995681763, 0.6088480353355408, 0.11798322200775146, -0.029616372659802437, 0.681067943572998, 1.1513519287109375, 0.8478071689605713, 0.8285924792289734, 0.12549979984760284, 0.46834224462509155]"
revision,"[11, 4, 28, 6, 7, 6, 12, 5]",34,"[0.5122286677360535, 2.585890054702759, 0.9449466466903687, 0.034666385501623154, 0.6638422608375549, 1.5172725915908813, 0.8098596334457397, 1.0519613027572632, 0.9177499413490295, 0.3512896001338959, 0.0009467196650803089, 1.1270170211791992, 1.1863607168197632, 0.9526628255844116, 0.0007317899726331234, 2.030017137527466, 1.3507479429244995, 0.5127049684524536, 0.06832322478294373, 1.592329978942871, 1.2417523860931396, 1.0633232593536377, 0.421342670917511, 0.38579487800598145, 0.6934834122657776, 1.3070327043533325, 1.0663840770721436, 1.5437602996826172, 0.9949468374252319, 1.357103705406189, 1.7779886722564697, 0.724409818649292, 1.3670601844787598, 0.6748352646827698, 0.8411114811897278, 0.02374362200498581, 1.5458513498306274, 1.1381100416183472, 0.04428834468126297, 0.2501242160797119, 1.3087449073791504, 0.3916884958744049, 0.22033226490020752, 0.6008603572845459, 1.3574143648147583, 0.45854857563972473, 2.5804660320281982, 1.097353219985962, 2.4014573097229004, 1.2987010478973389, 0.025628091767430305, 0.7712637782096863, 1.2239527702331543, 1.7568224668502808, 1.0853362083435059, 0.24162346124649048, 0.3804909884929657, -0.013108137995004654, 1.3293510675430298, 0.7926360368728638, 0.6497301459312439, 1.598944067955017, 0.01800861954689026, 0.15202762186527252]"
social,"[7, 12, 18, 6, 2, 14]",34,"[0.4339205026626587, 1.436326265335083, 1.4159077405929565, 0.16613048315048218, 0.4384070634841919, 0.8740040063858032, 0.5199201107025146, 0.5081566572189331, 1.9265228509902954, 0.34731394052505493, 0.01694425940513611, 1.370227575302124, 0.89290452003479, 0.4432295560836792, 0.0009896126575767994, 2.886582851409912, 0.7335011959075928, 0.2940071225166321, 0.019051941111683846, 0.9735183119773865, 2.1156482696533203, 1.5125483274459839, 0.4860434830188751, 0.754426121711731, 0.633086621761322, 0.7557806968688965, 0.6919121146202087, 0.7404543161392212, 0.5538527965545654, 0.8992739915847778, 0.7982486486434937, 0.6482667922973633, 0.8635075092315674, 0.36693814396858215, 0.48857975006103516, 0.15968212485313416, 2.2237486839294434, 0.7372247576713562, 0.26946544647216797, 0.39016759395599365, 2.1641416549682617, 0.24004852771759033, 0.8378575444221497, 0.42954370379447937, 0.7966391444206238, 0.24183109402656555, 1.470049500465393, 0.760162889957428, 1.430017352104187, 0.8156276941299438, 0.09656006097793579, 0.41398873925209045, 0.5348883271217346, 0.8729354739189148, 0.701018750667572, 0.6106281876564026, 0.22458502650260925, -0.017075611278414726, 0.7900332808494568, 0.9282347559928894, 0.6442418694496155, 0.7346834540367126, 0.08161778748035431, 0.39550352096557617]"
subjective,"[7, 13, 10, 23, 4, 18, 8, 6, 28, 4]",34,"[0.31055349111557007, 2.602252960205078, 1.3554402589797974, 0.25625067949295044, 0.6800448894500732, 1.403106689453125, 0.7984721660614014, 1.0655308961868286, 1.7374464273452759, 0.6288740634918213, 0.041005052626132965, 1.3493748903274536, 0.8772629499435425, 0.8221108317375183, -0.0046469601802527905, 3.031611680984497, 1.7668496370315552, 0.5375168323516846, 0.058810967952013016, 1.28141188621521, 1.980907917022705, 1.3956444263458252, 0.5465339422225952, 0.3160381317138672, 0.43939390778541565, 1.7710702419281006, 0.846918523311615, 1.3043363094329834, 0.6447427272796631, 1.0970462560653687, 1.5393898487091064, 1.272002100944519, 1.9289491176605225, 0.6718973517417908, 0.5595880746841431, 0.09793239086866379, 2.1945011615753174, 0.8159764409065247, 0.07188525795936584, 0.5185940861701965, 2.240842819213867, 0.6163601875305176, 0.4902629256248474, 0.4972047209739685, 1.1772428750991821, 0.5006811618804932, 2.5589444637298584, 1.0736970901489258, 2.222412109375, 1.3670755624771118, 0.08393600583076477, 1.1110320091247559, 1.3567523956298828, 1.252692699432373, 1.1376928091049194, 0.29561471939086914, 0.514739453792572, -0.023197676986455917, 1.0240756273269653, 1.0331143140792847, 0.9110890626907349, 1.5006049871444702, 0.09913180768489838, 0.27489525079727173]"
text structure,"[8, 4, 27, 8, 31, 7, 8, 11, 13, 18, 8, 13, 11, 4]",34,"[0.9162185192108154, 2.333878993988037, 0.24271231889724731, 0.06961508095264435, 0.9443634152412415, 2.440598726272583, 1.5080418586730957, 1.1792573928833008, 0.23657956719398499, 0.42944347858428955, 0.005921409465372562, 0.26698529720306396, 0.7625155448913574, 1.7582628726959229, -0.014441112987697124, 0.5681126117706299, 1.1462801694869995, 1.2799335718154907, 0.09499408304691315, 2.408177614212036, 0.34819602966308594, 0.22183966636657715, 1.0033339262008667, 0.8529472351074219, 1.272139549255371, 1.0760416984558105, 1.5152746438980103, 1.9020289182662964, 2.0128579139709473, 1.8533053398132324, 2.125900983810425, 0.5378943681716919, 1.210828185081482, 1.5626342296600342, 1.7362046241760254, 0.9349398612976074, 0.2724217176437378, 1.0178982019424438, -0.0479712039232254, 0.06217978894710541, 0.2324219048023224, 0.5104881525039673, 0.5425843000411987, 0.9216734170913696, 1.8115788698196411, 0.9843130707740784, 2.2490763664245605, 1.36514151096344, 2.2176930904388428, 1.3756362199783325, 0.012080047279596329, 0.445217490196228, 0.956602931022644, 1.726032018661499, 2.0178751945495605, 0.6773681640625, 0.6459434628486633, -0.030979353934526443, 1.5029460191726685, 0.360395610332489, 0.20084315538406372, 1.1188253164291382, 0.01922588050365448, 0.5212548971176147]"
thesis,"[8, 9, 4, 7, 6, 7]",34,"[0.5990923643112183, 1.5401872396469116, 1.8959301710128784, 0.10921715199947357, 0.358448326587677, 0.8761065602302551, 0.3883770704269409, 0.2857740819454193, 2.0814621448516846, 0.32706207036972046, 0.03002498298883438, 1.7919251918792725, 1.382969617843628, 0.20958539843559265, -0.00434736255556345, 3.4572741985321045, 0.6217310428619385, -0.006921328604221344, 0.0005829185247421265, 0.9971107244491577, 2.490159511566162, 1.7393807172775269, 0.33013132214546204, 0.9405332803726196, 0.8723735213279724, 0.6623696088790894, 0.9775062203407288, 0.8073803186416626, 0.6435805559158325, 1.1593958139419556, 0.8193027377128601, 0.5715745687484741, 0.7560231685638428, 0.07566206902265549, 0.5955130457878113, -0.01802351325750351, 2.6413605213165283, 1.1896874904632568, 0.22852599620819092, 0.38269856572151184, 2.2897582054138184, 0.08540651947259903, 0.7772743105888367, 0.7248972654342651, 0.893121063709259, -0.011292681097984314, 1.8073633909225464, 0.8839150071144104, 1.793404221534729, 0.8718196153640747, 0.05794127658009529, 0.31152230501174927, 0.4646366834640503, 1.2505981922149658, 0.6057208776473999, 0.6420503258705139, 0.03527769446372986, 0.012214068323373795, 1.022987723350525, 0.9825057983398438, 0.7157103419303894, 0.9464131593704224, 0.02945178747177124, 0.28501012921333313]"
validity,"[28, 2, 14, 6, 20, 6, 8, 21]",34,"[0.23013007640838623, 2.1385927200317383, 1.0996328592300415, 0.12254409492015839, 0.3710843622684479, 1.247094750404358, 0.7422903776168823, 0.7995308637619019, 1.36592435836792, 0.5352585315704346, 0.0400565043091774, 1.04342782497406, 0.858263373374939, 0.619577944278717, -0.00130067253485322, 2.1780707836151123, 1.3078691959381104, 0.4698965847492218, 0.053794976323843, 1.262787938117981, 1.6678067445755005, 1.057860255241394, 0.3569491505622864, 0.30408576130867004, 0.5359228849411011, 1.4450788497924805, 0.9226080775260925, 1.0045225620269775, 0.6968986988067627, 1.117535948753357, 1.1091481447219849, 1.041060447692871, 1.5345155000686646, 0.5996645092964172, 0.5756368041038513, 0.05689844861626625, 1.579262375831604, 0.5878334045410156, 0.18910285830497742, 0.3928207457065582, 1.6449830532073975, 0.4529401361942291, 0.41054588556289673, 0.5691502094268799, 1.1027415990829468, 0.3971501886844635, 2.1205244064331055, 1.1590800285339355, 1.855804443359375, 1.2426282167434692, 0.06720233708620071, 0.6412944197654724, 0.9922211766242981, 1.0359306335449219, 1.116213083267212, 0.19799689948558807, 0.372442364692688, -0.017083285376429558, 0.8686190247535706, 0.5754413604736328, 0.5226196050643921, 1.025904655456543, 0.039108313620090485, 0.12785589694976807]"
verify,"[28, 4, 11, 6, 22, 21]",34,"[0.1779615432024002, 1.7319700717926025, 1.256711721420288, 0.11602593958377838, 0.27390339970588684, 0.9819474816322327, 0.5670322179794312, 0.5334493517875671, 1.6277559995651245, 0.5508309602737427, 0.031673282384872437, 1.1107978820800781, 0.8080427646636963, 0.38102808594703674, -0.00109530845656991, 2.5074896812438965, 1.026936411857605, 0.3036571741104126, 0.0312640443444252, 1.019447922706604, 1.9163914918899536, 1.1940343379974365, 0.264666348695755, 0.42486196756362915, 0.5337421894073486, 1.1625696420669556, 0.766471266746521, 0.7641667127609253, 0.483907550573349, 0.9073905348777771, 0.7709333896636963, 1.019119381904602, 1.2826281785964966, 0.38475921750068665, 0.42146041989326477, 0.0305507592856884, 1.8454351425170898, 0.5275059938430786, 0.2506403923034668, 0.4537598192691803, 1.8995572328567505, 0.3127102255821228, 0.5759651064872742, 0.505132794380188, 0.882337212562561, 0.19136066734790802, 1.7729190587997437, 0.9915953278541565, 1.5390669107437134, 1.0272564888000488, 0.09320308268070221, 0.4681694209575653, 0.7010817527770996, 0.8231237530708313, 0.9393243789672852, 0.32361871004104614, 0.27927160263061523, 0.011589530855417252, 0.6723865866661072, 0.6502587795257568, 0.5416082739830017, 0.7407205700874329, 0.04370395094156265, 0.2130034863948822]"
Content Words,"[18, 12, 5, 8, 4, 5, 8, 31, 26, 12, 11, 20, 7]",34,"[0.8415207266807556, 1.9306981563568115, 0.3940388858318329, 0.08885832130908966, 0.8820789456367493, 1.843338131904602, 1.0398906469345093, 0.8926292061805725, 0.4595797061920166, 0.2685791552066803, -0.010003735311329365, 0.4769434630870819, 0.8453879356384277, 1.3227803707122803, -0.005849473178386688, 1.0483323335647583, 0.9089601039886475, 0.8876913785934448, 0.04771456867456436, 1.8781574964523315, 0.6480187177658081, 0.5273987054824829, 0.8004248142242432, 0.8450360298156738, 1.1121604442596436, 0.7571333646774292, 1.1515576839447021, 1.5738117694854736, 1.5170029401779175, 1.4835107326507568, 1.7678897380828857, 0.36576637625694275, 0.8696666955947876, 1.0753785371780396, 1.3080259561538696, 0.7983573079109192, 0.6350216865539551, 1.0415669679641724, -0.0007795393466949463, 0.11227890849113464, 0.6039465665817261, 0.298118531703949, 0.5586434006690979, 0.7068809270858765, 1.3529685735702515, 0.7031066417694092, 1.8635973930358887, 0.958106279373169, 1.8090338706970215, 1.0057134628295898, 0.017808420583605766, 0.4440982937812805, 0.7502310872077942, 1.6161686182022095, 1.423226237297058, 0.6825649738311768, 0.3724901080131531, -0.0018850751221179962, 1.3515515327453613, 0.5431434512138367, 0.39286625385284424, 1.096158504486084, 0.018528282642364502, 0.520485520362854]"
abolition,"[2, 10, 12, 14, 6, 8, 6, 12, 5]",34,"[0.15586315095424652, 2.4088430404663086, 0.9552863836288452, 0.08795461058616638, 0.5721450448036194, 1.2688218355178833, 0.7011173367500305, 0.9593663215637207, 1.1634488105773926, 0.5926738977432251, 0.03852122277021408, 1.0020983219146729, 0.8120255470275879, 0.7407612204551697, -0.00446659279987216, 2.182321786880493, 1.588510274887085, 0.5039475560188293, 0.06031046807765961, 1.2464640140533447, 1.3788211345672607, 1.0267308950424194, 0.38968461751937866, 0.172405406832695, 0.36108773946762085, 1.6208937168121338, 0.783754825592041, 1.2086304426193237, 0.6278905868530273, 1.0303398370742798, 1.4009342193603516, 1.1220314502716064, 1.7108796834945679, 0.593440055847168, 0.4970136880874634, 0.08464134484529495, 1.5808286666870117, 0.6947786211967468, 0.1139303594827652, 0.36835601925849915, 1.5712559223175049, 0.5491130352020264, 0.32270896434783936, 0.42016249895095825, 1.1232984066009521, 0.41010361909866333, 2.315657615661621, 1.037318229675293, 2.0231845378875732, 1.224210500717163, 0.0386391207575798, 0.9199734330177307, 1.2384123802185059, 1.1665136814117432, 1.0361028909683228, 0.10067390650510788, 0.4887603223323822, -0.0021027158945798874, 0.9237943291664124, 0.7705457210540771, 0.7463549971580505, 1.3575962781906128, 0.022046148777008057, 0.12754817306995392]"
amendment,"[2, 19, 4, 5, 20, 19, 4, 5, 8]",34,"[0.5215266346931458, 1.6059209108352661, 1.219958782196045, 0.3281085193157196, 0.7574618458747864, 0.7094829678535461, 0.1853146106004715, 0.5962015390396118, 1.6880985498428345, 0.022017039358615875, -0.011887473054230213, 1.6610924005508423, 1.041528344154358, 0.5225334763526917, -0.0023012906312942505, 3.1253280639648438, 0.7530560493469238, 0.15342028439044952, 0.020104633644223213, 0.6853220462799072, 1.9715479612350464, 1.8614027500152588, 0.46451690793037415, 0.7201285362243652, 0.43700411915779114, 0.6008394956588745, 0.38918623328208923, 1.0944654941558838, 0.3545837998390198, 0.6551411747932434, 1.2855379581451416, 0.18922016024589539, 0.7044159173965454, 0.18698593974113464, 0.307995468378067, 0.05263210088014603, 2.535297393798828, 1.274749755859375, 0.24201560020446777, 0.47939085960388184, 2.6182050704956055, 0.05618259683251381, 0.773475170135498, 0.1280316859483719, 0.5817564725875854, 0.2721859812736511, 1.5422943830490112, 0.23648661375045776, 1.5288946628570557, 0.499500572681427, 0.06730085611343384, 0.8944512009620667, 0.8424599766731262, 1.394204020500183, 0.16508826613426208, 0.6834160089492798, 0.015829721465706825, -0.008984489366412163, 0.976571261882782, 1.5646438598632812, 1.26799738407135, 1.434248924255371, 0.1815555840730667, 0.5320547223091125]"
atmosphere,"[2, 8, 19, 12, 7, 3, 9, 4, 11, 4]",34,"[0.378185898065567, 2.4024360179901123, 0.8561839461326599, 0.11719085276126862, 0.72663414478302, 1.4884551763534546, 0.830414354801178, 1.0492757558822632, 0.9579737782478333, 0.5408393740653992, 0.023190628737211227, 0.9621633291244507, 0.8863176107406616, 0.9561508893966675, -0.0060491967014968395, 1.9674994945526123, 1.5418429374694824, 0.6376873254776001, 0.059040095657110214, 1.4468777179718018, 1.2117853164672852, 0.977522611618042, 0.5334333777427673, 0.3169820308685303, 0.5126144886016846, 1.4260444641113281, 0.8851799368858337, 1.4266917705535889, 0.8965563774108887, 1.16972815990448, 1.7016578912734985, 0.9285584688186646, 1.6164190769195557, 0.7482901811599731, 0.7398669123649597, 0.20826050639152527, 1.4036672115325928, 0.8688974380493164, 0.02216009795665741, 0.3086290955543518, 1.4200338125228882, 0.5380036234855652, 0.3112480044364929, 0.5175434350967407, 1.2396643161773682, 0.5290033221244812, 2.3347179889678955, 0.9661256670951843, 2.075247049331665, 1.2294944524765015, 0.024705268442630768, 0.8594653010368347, 1.2216379642486572, 1.417389154434204, 1.0668799877166748, 0.2768927812576294, 0.49332472681999207, 0.01011054590344429, 1.110933780670166, 0.7698488831520081, 0.7570320963859558, 1.4610202312469482, 0.04976437985897064, 0.24254915118217468]"
atom,"[2, 8, 12, 19]",34,"[0.461320161819458, 1.4406096935272217, 1.34783935546875, 0.25854605436325073, 0.796416163444519, 0.5119290947914124, 0.15887844562530518, 0.627997100353241, 1.761715054512024, 0.031346626579761505, -0.006803018972277641, 1.7334790229797363, 1.0264415740966797, 0.432769238948822, -0.007759587839245796, 3.4433376789093018, 0.7343368530273438, 0.09991641342639923, -0.0007415246218442917, 0.481469988822937, 2.0871946811676025, 1.9593924283981323, 0.5763924717903137, 0.6554703712463379, 0.2910357117652893, 0.5554794073104858, 0.23271463811397552, 0.993773341178894, 0.22388917207717896, 0.5400535464286804, 1.16436767578125, 0.1923574060201645, 0.636509120464325, 0.09463515877723694, 0.18406575918197632, -0.00181492418050766, 2.784921884536743, 1.2156133651733398, 0.18679645657539368, 0.44819170236587524, 2.682107925415039, 0.11487951874732971, 0.7763361930847168, 0.08447346091270447, 0.524145245552063, 0.2660296857357025, 1.4105077981948853, 0.08897242695093155, 1.4041860103607178, 0.45187824964523315, 0.06736505776643753, 0.9597125053405762, 0.8655643463134766, 1.238150954246521, -0.043184973299503326, 0.6063543558120728, 0.05897024646401405, 0.001940108835697174, 0.8875073194503784, 1.5837115049362183, 1.322596549987793, 1.3952735662460327, 0.11077076196670532, 0.48557016253471375]"
Bill of Rights,"[10, 6, 14, 14, 31, 12, 22, 31, 11, 6, 17, 9, 8, 7]",34,"[1.1177152395248413, 2.136472225189209, 0.1694042682647705, 0.054585572332143784, 1.0689295530319214, 2.6085052490234375, 1.6138813495635986, 1.2298835515975952, 0.32018470764160156, 0.3394554555416107, -0.014237320981919765, 0.1833254098892212, 0.7487105131149292, 1.9401471614837646, -3.67029570043087e-05, 0.42377322912216187, 0.793634295463562, 1.3929911851882935, 0.07417399436235428, 2.683678388595581, 0.41578978300094604, 0.21433091163635254, 1.1485967636108398, 1.1131675243377686, 1.6571241617202759, 0.7758592367172241, 1.6679435968399048, 1.9171115159988403, 2.2910397052764893, 2.0557174682617188, 2.211916923522949, 0.2412698119878769, 0.8199578523635864, 1.7546073198318481, 1.9770839214324951, 1.1924949884414673, 0.15900175273418427, 0.9921371340751648, -0.01101638376712799, -0.028575509786605835, 0.17707884311676025, 0.3690495789051056, 0.7209276556968689, 1.0289764404296875, 1.9248805046081543, 1.0647269487380981, 2.163058042526245, 1.4584532976150513, 2.1900665760040283, 1.3021197319030762, 0.033600643277168274, 0.18262839317321777, 0.684262752532959, 1.825089931488037, 2.205980062484741, 0.8907392621040344, 0.5809122920036316, 0.011656507849693298, 1.643923282623291, 0.29162636399269104, -0.038862019777297974, 0.9342922568321228, 0.00771075114607811, 0.7065399289131165]"
biosphere,"[10, 6, 12, 7, 3, 9, 4, 11, 4]",34,"[0.2033216804265976, 2.372760772705078, 0.885330319404602, 0.1244274228811264, 0.5487201809883118, 1.4163014888763428, 0.8353017568588257, 0.9840768575668335, 1.1274038553237915, 0.6522102355957031, 0.0389394536614418, 0.9386550188064575, 0.7518548965454102, 0.8077118992805481, -0.010436559095978737, 2.0417721271514893, 1.6033116579055786, 0.5685635805130005, 0.061264947056770325, 1.4000362157821655, 1.3452112674713135, 0.9206358194351196, 0.43208175897598267, 0.17813988029956818, 0.4421543776988983, 1.6488385200500488, 0.9313837885856628, 1.2316234111785889, 0.7707713842391968, 1.136771321296692, 1.463630199432373, 1.174486756324768, 1.7996282577514648, 0.7217435240745544, 0.5912142395973206, 0.11236279457807541, 1.4304808378219604, 0.6337890028953552, 0.06483495980501175, 0.37058234214782715, 1.4809013605117798, 0.590535044670105, 0.29311689734458923, 0.5112833380699158, 1.1909946203231812, 0.4875444173812866, 2.3406574726104736, 1.1501538753509521, 2.0058255195617676, 1.2941498756408691, 0.04257757216691971, 0.8658567667007446, 1.2130861282348633, 1.1458574533462524, 1.2044533491134644, 0.16810883581638336, 0.505702793598175, -0.004915792495012283, 0.9203703999519348, 0.6540200114250183, 0.7093708515167236, 1.2910548448562622, 0.05546099692583084, 0.18633529543876648]"
cellular respiration,"[18, 4, 14, 14, 13, 14, 2, 11, 31, 11, 4, 7, 3, 6, 11, 2, 8, 6, 12, 5]",34,"[0.9454888105392456, 2.318394660949707, 0.41728469729423523, 0.11147426068782806, 0.9977761507034302, 2.298297882080078, 1.357248306274414, 1.1684980392456055, 0.5996123552322388, 0.4200385510921478, 0.004659120459109545, 0.5067552328109741, 0.8576996326446533, 1.6819608211517334, -0.0007601338438689709, 1.0370838642120361, 0.9914779663085938, 1.1290924549102783, 0.061021365225315094, 2.33389949798584, 0.7319649457931519, 0.486691415309906, 1.0282793045043945, 0.8432143926620483, 1.2613177299499512, 1.0402214527130127, 1.4498649835586548, 1.8524658679962158, 1.9363046884536743, 1.7813525199890137, 2.0956461429595947, 0.4892267882823944, 1.0894721746444702, 1.4408297538757324, 1.6739985942840576, 0.8644077777862549, 0.6788874864578247, 1.0378429889678955, -0.04767237603664398, 0.14574114978313446, 0.715248703956604, 0.41583454608917236, 0.5578876733779907, 0.8638159036636353, 1.6809767484664917, 0.9255022406578064, 2.199141025543213, 1.2584375143051147, 2.1901493072509766, 1.2708373069763184, 0.03547211363911629, 0.4809999465942383, 0.9380248188972473, 1.74930739402771, 1.778656244277954, 0.6629104614257812, 0.5140354037284851, -0.0146644227206707, 1.537166714668274, 0.4306401312351227, 0.31393685936927795, 1.1668822765350342, 0.04913778603076935, 0.6597256064414978]"
checks and balances,"[18, 9, 4, 18, 16, 7, 31, 2, 5, 20, 31, 10, 2, 14, 2, 5, 18, 4, 7]",34,"[0.9041061401367188, 2.30715274810791, 0.31199076771736145, 0.12845078110694885, 0.9452154040336609, 2.440448522567749, 1.4683730602264404, 1.1245172023773193, 0.5207664370536804, 0.5695630311965942, 0.021733544766902924, 0.29603081941604614, 0.684492826461792, 1.7034449577331543, 0.0010588634759187698, 0.8595902919769287, 1.1753123998641968, 1.242386817932129, 0.0810294821858406, 2.418100118637085, 0.5475797653198242, 0.27943116426467896, 1.0485986471176147, 0.8826533555984497, 1.3561978340148926, 1.2695716619491577, 1.5123310089111328, 1.8118401765823364, 2.0198795795440674, 1.8717617988586426, 1.996782660484314, 0.8446605205535889, 1.3636610507965088, 1.575760841369629, 1.7134263515472412, 1.121437907218933, 0.4453827440738678, 0.8475502729415894, -0.06938768923282623, 0.10166440904140472, 0.47346803545951843, 0.6036133170127869, 0.5576272010803223, 0.9458447694778442, 1.807431936264038, 0.9483776092529297, 2.2175862789154053, 1.588233470916748, 2.0828075408935547, 1.2948088645935059, 0.004111442714929581, 0.4711378514766693, 0.9169301390647888, 1.5585969686508179, 2.1531524658203125, 0.721054196357727, 0.7094484567642212, -0.034063708037137985, 1.474286437034607, 0.3064987063407898, 0.24754098057746887, 1.066095232963562, 0.029273390769958496, 0.6995071172714233]"
chemical reaction,"[18, 9, 4, 19, 6, 18, 2, 14, 31, 11, 4, 2, 18, 8, 6, 12, 5]",34,"[0.8746809959411621, 2.373974323272705, 0.4393632411956787, 0.11448705196380615, 0.8787258863449097, 2.304657459259033, 1.3925448656082153, 1.1657142639160156, 0.5733929872512817, 0.4717065989971161, 0.007173183374106884, 0.41032350063323975, 0.8000578880310059, 1.6639822721481323, -0.0035579747054725885, 0.9069778919219971, 1.105658769607544, 1.1376769542694092, 0.07369600236415863, 2.381335735321045, 0.6847867965698242, 0.4146680533885956, 0.9172952771186829, 0.8193306922912598, 1.3088786602020264, 1.1347683668136597, 1.5085288286209106, 1.7646275758743286, 1.91688871383667, 1.8499399423599243, 1.9792104959487915, 0.6402988433837891, 1.2041003704071045, 1.477182149887085, 1.6438989639282227, 0.8570250868797302, 0.5745148658752441, 0.8983060717582703, -0.008718505501747131, 0.10891233384609222, 0.5211327075958252, 0.46446502208709717, 0.5271744728088379, 0.9112826585769653, 1.715495228767395, 0.8929248452186584, 2.3078267574310303, 1.4608330726623535, 2.2724320888519287, 1.3733502626419067, 0.030856642872095108, 0.40494054555892944, 0.9265326857566833, 1.673290729522705, 1.975792407989502, 0.6378242373466492, 0.5637362003326416, -0.00798242911696434, 1.5030580759048462, 0.3569023907184601, 0.20345400273799896, 1.085148811340332, 0.03892535716295242, 0.5582141280174255]"
Civil War,"[18, 6, 28, 6, 14, 31, 26, 2, 11]",34,"[0.6871892213821411, 1.102570652961731, 1.6576449871063232, 0.1456737220287323, 0.2952491343021393, 1.0534776449203491, 0.5427263379096985, 0.132661372423172, 2.150879144668579, 0.469635009765625, 0.038156554102897644, 1.318042516708374, 1.0407127141952515, 0.3365328907966614, 0.008089002221822739, 2.992265224456787, 0.36078089475631714, 0.24137437343597412, -0.00019522197544574738, 1.16869056224823, 2.4516220092773438, 1.4988571405410767, 0.5112762451171875, 1.185034990310669, 1.2357637882232666, 0.5930867195129395, 1.042228102684021, 0.5662132501602173, 0.9450455904006958, 1.199434518814087, 0.45358356833457947, 0.7929182052612305, 0.687940776348114, 0.4291027784347534, 0.8692725300788879, 0.5506413578987122, 2.227991819381714, 0.736965537071228, 0.21107837557792664, 0.3148490786552429, 2.1174206733703613, 0.08681754767894745, 1.1028633117675781, 0.8436815738677979, 0.908150315284729, 0.08378639072179794, 1.2196825742721558, 1.1638824939727783, 1.2067829370498657, 0.8195277452468872, 0.10335205495357513, -0.03616413101553917, 0.05819866061210632, 0.833277702331543, 1.22553551197052, 0.8827035427093506, 0.05184235796332359, -0.02667306736111641, 0.782025933265686, 0.6963698863983154, 0.32155585289001465, 0.2751626968383789, 0.05763371288776398, 0.5838554501533508]"
colonization,"[18, 12, 14, 12, 5, 6, 15, 2, 8, 6, 12, 5]",34,"[0.38964951038360596, 2.050733804702759, 1.3139961957931519, 0.19513894617557526, 0.644560694694519, 1.1086219549179077, 0.5536991953849792, 0.8145475387573242, 1.6964725255966187, 0.38843801617622375, 0.020377138629555702, 1.4283959865570068, 0.9328334331512451, 0.6636092066764832, -0.002191794104874134, 2.955723285675049, 1.2536067962646484, 0.338717520236969, 0.03345615789294243, 1.0969924926757812, 1.976545810699463, 1.4853097200393677, 0.4783187508583069, 0.4847358465194702, 0.507361888885498, 1.2252637147903442, 0.7040192484855652, 1.1189768314361572, 0.562260091304779, 0.9641170501708984, 1.2859585285186768, 0.8327997922897339, 1.338027834892273, 0.47503790259361267, 0.5171578526496887, 0.11177749186754227, 2.2172112464904785, 0.9039498567581177, 0.12301807850599289, 0.45491987466812134, 2.241136074066162, 0.3686486780643463, 0.5677969455718994, 0.40835848450660706, 0.9232885837554932, 0.3781021237373352, 2.100023031234741, 0.8315061926841736, 1.8629150390625, 0.9983084201812744, 0.08686700463294983, 0.8758934736251831, 1.022727370262146, 1.2307990789413452, 0.8219992518424988, 0.3736196458339691, 0.28519850969314575, -0.006912836804986, 0.9640204310417175, 1.053952693939209, 0.8866721987724304, 1.3174412250518799, 0.07480943202972412, 0.327975869178772]"
controlled experiment,"[18, 12, 5, 8, 11, 12, 14, 14, 4, 20, 31, 4, 27, 3, 4, 11, 6, 19, 4, 5, 8]",34,"[0.5320611000061035, 2.278717279434204, 0.6941491961479187, 0.23223547637462616, 0.899762749671936, 1.8245218992233276, 1.0828183889389038, 0.9802449941635132, 1.054307460784912, 0.5771731734275818, 0.0306853000074625, 0.8413437604904175, 0.6967380046844482, 1.2502188682556152, 0.0002264264039695263, 1.8398326635360718, 1.3651045560836792, 0.8324675559997559, 0.08002174645662308, 1.750746250152588, 1.1405326128005981, 0.8775430917739868, 0.8081591725349426, 0.5650272369384766, 0.7932146191596985, 1.3911778926849365, 1.0355225801467896, 1.5090692043304443, 1.3174080848693848, 1.3572810888290405, 1.778664231300354, 0.9807262420654297, 1.500651240348816, 1.0622371435165405, 1.0825272798538208, 0.6253653168678284, 1.3122055530548096, 0.9038228392601013, 0.015063032507896423, 0.3981737494468689, 1.6129043102264404, 0.5226666927337646, 0.5249016880989075, 0.5502899885177612, 1.3609199523925781, 0.6768486499786377, 2.1740403175354004, 1.1406917572021484, 1.9206855297088623, 1.1359333992004395, 0.02778775990009308, 0.8815147876739502, 1.0872297286987305, 1.38270103931427, 1.477060317993164, 0.510481595993042, 0.5086660385131836, -0.01375482976436615, 1.181946873664856, 0.7503349184989929, 0.7290228009223938, 1.3526546955108643, 0.13799218833446503, 0.5988638997077942]"
coordinate plane,"[18, 12, 12, 11, 20, 6, 5, 2, 8, 4, 31, 3, 14, 2, 5, 4]",34,"[0.9438735842704773, 2.5152180194854736, -0.014502614736557007, 0.013777513056993484, 0.9664726853370667, 2.5927584171295166, 1.551904559135437, 1.368604302406311, -0.166139617562294, 0.3912513554096222, -0.015864701941609383, 0.109064020216465, 0.8351718187332153, 1.9355647563934326, 0.005697422660887241, 0.04048183560371399, 1.1187573671340942, 1.3831804990768433, 0.09759785234928131, 2.574028730392456, 0.001211404800415039, 0.07512136548757553, 0.9975648522377014, 0.7329316139221191, 1.3438074588775635, 1.078325867652893, 1.474044919013977, 2.0953657627105713, 2.129023790359497, 1.951338529586792, 2.37728214263916, 0.4290403127670288, 1.1442620754241943, 1.648913025856018, 1.7812036275863647, 0.8928823471069336, -0.04420892894268036, 1.0432007312774658, -0.05108004808425903, 0.018624886870384216, 0.0033049732446670532, 0.5001437664031982, 0.36748558282852173, 0.9168014526367188, 1.895993709564209, 1.0328201055526733, 2.467573642730713, 1.4089362621307373, 2.3797082901000977, 1.3711268901824951, -0.016911491751670837, 0.4734729826450348, 1.077399492263794, 1.9821418523788452, 1.9926472902297974, 0.6255959272384644, 0.6290910840034485, 0.015200350433588028, 1.7492417097091675, 0.27974265813827515, 0.1327904909849167, 1.3436758518218994, 0.036065250635147095, 0.48869362473487854]"
data,"[20, 2, 8, 2]",34,"[0.4232322573661804, 1.6003494262695312, 1.2043569087982178, 0.09744760394096375, 0.49041369557380676, 0.7742339968681335, 0.3126766085624695, 0.5564566254615784, 1.3430789709091187, 0.20717746019363403, 0.0060490770265460014, 1.3448292016983032, 1.1252928972244263, 0.39149409532546997, -0.003324289107695222, 2.581555128097534, 0.8756994009017944, 0.15362486243247986, 0.025085438042879105, 0.7928123474121094, 1.6380527019500732, 1.4198782444000244, 0.31755268573760986, 0.565168023109436, 0.5035229921340942, 0.7650414705276489, 0.6022325754165649, 0.9678404331207275, 0.39331990480422974, 0.8025178909301758, 1.045287013053894, 0.5260286331176758, 0.9187942743301392, 0.17618706822395325, 0.3223840296268463, 0.047569867223501205, 2.096517562866211, 1.0642569065093994, 0.19090305268764496, 0.3622206747531891, 1.857588768005371, 0.18661513924598694, 0.5500936508178711, 0.34720978140830994, 0.744554340839386, 0.12776735424995422, 1.6410070657730103, 0.5232978463172913, 1.5870399475097656, 0.7133306860923767, 0.022653738036751747, 0.64898681640625, 0.7714611291885376, 1.2379724979400635, 0.3873257637023926, 0.45016834139823914, 0.1492084264755249, -0.010720185935497284, 0.9355844855308533, 1.0926456451416016, 0.89243084192276, 1.196860432624817, 0.033956997096538544, 0.2113165557384491]"
federalism,"[22, 4, 20, 4, 11, 2, 14, 6, 7, 19]",34,"[0.3060927391052246, 2.193892240524292, 1.3390467166900635, 0.16146066784858704, 0.46268895268440247, 1.2770477533340454, 0.7458814382553101, 0.8141255378723145, 1.6782777309417725, 0.5845763087272644, 0.036671705543994904, 1.1992045640945435, 0.9388715028762817, 0.6699449419975281, 0.0007345001213252544, 2.647136926651001, 1.266217589378357, 0.4852965176105499, 0.03594490885734558, 1.3286374807357788, 2.0001885890960693, 1.265040636062622, 0.42659610509872437, 0.4518950581550598, 0.6790159344673157, 1.3948601484298706, 0.9805148243904114, 1.0419214963912964, 0.7637577056884766, 1.23081374168396, 1.1593616008758545, 1.0371657609939575, 1.5252846479415894, 0.5984563827514648, 0.6815051436424255, 0.09310002624988556, 1.925567626953125, 0.6556314826011658, 0.20269031822681427, 0.3580649197101593, 1.9134021997451782, 0.4246731400489807, 0.5120847225189209, 0.6658514738082886, 1.170188546180725, 0.3859170377254486, 2.208709955215454, 1.2082375288009644, 1.9932159185409546, 1.3207242488861084, 0.08803410083055496, 0.5443490147590637, 0.937343418598175, 1.117460012435913, 1.1242603063583374, 0.31874147057533264, 0.40772444009780884, 0.00919003039598465, 0.9260225892066956, 0.6454278230667114, 0.5579211115837097, 0.974838137626648, 0.04299937188625336, 0.21196985244750977]"
force,"[22, 12, 11, 18, 4]",34,"[0.3938712775707245, 1.4194084405899048, 1.425065517425537, 0.15712225437164307, 0.318045437335968, 0.790199339389801, 0.46889379620552063, 0.2845115661621094, 1.6844182014465332, 0.3972742557525635, 0.039499420672655106, 1.3480316400527954, 0.9255744218826294, 0.28628718852996826, -0.0060147871263325214, 2.7106471061706543, 0.6948287487030029, 0.1211114376783371, 0.028392648324370384, 0.8922434449195862, 2.0623021125793457, 1.4163154363632202, 0.3478485643863678, 0.7073088884353638, 0.7046458125114441, 0.7725530862808228, 0.7565598487854004, 0.6437734961509705, 0.5499845743179321, 0.9651424884796143, 0.6552305221557617, 0.7274026870727539, 0.9565420150756836, 0.27800434827804565, 0.47388437390327454, 0.20121535658836365, 2.097100257873535, 0.6946122646331787, 0.22872743010520935, 0.3507974445819855, 1.9269837141036987, 0.11604532599449158, 0.7647380232810974, 0.5039364695549011, 0.8016791939735413, 0.1135292500257492, 1.43893301486969, 0.9162107706069946, 1.4452587366104126, 0.7766827940940857, 0.0666007548570633, 0.28779080510139465, 0.45846042037010193, 0.875294029712677, 0.8254104256629944, 0.5560696721076965, 0.06128459796309471, 0.0005089044570922852, 0.7075415849685669, 0.8100429177284241, 0.5957197546958923, 0.6871855854988098, 0.04960482567548752, 0.3992583155632019]"
geosphere,"[17, 4, 12, 7, 3, 9, 4, 11, 4]",34,"[0.2649555504322052, 2.471931219100952, 0.7359701991081238, 0.08373674750328064, 0.5990700721740723, 1.4616886377334595, 0.8817951083183289, 1.0325500965118408, 0.8249292373657227, 0.5841006636619568, 0.03214852511882782, 0.8865834474563599, 0.8557032346725464, 0.8876112103462219, -0.008071672171354294, 1.7278016805648804, 1.5437639951705933, 0.5963715314865112, 0.07496611773967743, 1.4668183326721191, 1.074647068977356, 0.8033465147018433, 0.44396644830703735, 0.15634699165821075, 0.43080592155456543, 1.5743714570999146, 0.9564071893692017, 1.3808622360229492, 0.8643563985824585, 1.1660699844360352, 1.6449817419052124, 1.04054856300354, 1.715592861175537, 0.7416563034057617, 0.6755677461624146, 0.10482383519411087, 1.2084338665008545, 0.7682607769966125, 0.03952474147081375, 0.33010828495025635, 1.266692876815796, 0.540041446685791, 0.18931370973587036, 0.5044780969619751, 1.2808473110198975, 0.5112795829772949, 2.375969171524048, 1.0722790956497192, 2.0709969997406006, 1.2474771738052368, 0.01691519096493721, 0.8522165417671204, 1.2605032920837402, 1.3375582695007324, 1.13029146194458, 0.13171914219856262, 0.48263126611709595, -0.001836184412240982, 1.0633517503738403, 0.6458402872085571, 0.6981416344642639, 1.4315284490585327, 0.032746635377407074, 0.1747920662164688]"
gravity,"[17, 11, 2, 28, 6, 8, 21]",34,"[0.53956139087677, 1.6537600755691528, 1.250950574874878, 0.2132994681596756, 0.586214005947113, 0.949996292591095, 0.5288366079330444, 0.662221372127533, 1.57827627658844, 0.2050725221633911, 0.014403284527361393, 1.3769543170928955, 0.9456069469451904, 0.6267255544662476, -0.003539217868819833, 2.730398416519165, 0.8049930334091187, 0.31258055567741394, 0.02477795071899891, 0.9926052689552307, 1.8795387744903564, 1.4883289337158203, 0.5304061770439148, 0.6724872589111328, 0.6210489273071289, 0.8119069337844849, 0.6900666952133179, 0.9833170175552368, 0.6333986520767212, 0.9162584543228149, 1.0890156030654907, 0.5107218027114868, 0.9126092195510864, 0.3877209424972534, 0.5562615990638733, 0.189011350274086, 2.0966100692749023, 0.9310835599899292, 0.1396927535533905, 0.35919153690338135, 2.0034844875335693, 0.2173772007226944, 0.6433560848236084, 0.42134225368499756, 0.8781940340995789, 0.3475223183631897, 1.6279984712600708, 0.6285327672958374, 1.5556832551956177, 0.839714765548706, 0.08919183909893036, 0.6409502625465393, 0.7310754656791687, 1.1956089735031128, 0.6256515979766846, 0.5486024022102356, 0.21006043255329132, -0.036410946398973465, 0.9634597301483154, 0.9705325961112976, 0.7619038820266724, 1.0564112663269043, 0.07473384588956833, 0.40047934651374817]"
hydrosphere,"[9, 21, 20, 11, 12, 7, 3, 9, 4, 11, 4]",34,"[0.2779979705810547, 2.8815760612487793, 0.5750882625579834, 0.057968053966760635, 0.735633909702301, 1.8396146297454834, 1.0893670320510864, 1.3136917352676392, 0.6792232394218445, 0.6690881848335266, 0.021991543471813202, 0.6512021422386169, 0.8013207912445068, 1.2096158266067505, -0.009814364835619926, 1.4915485382080078, 1.8939461708068848, 0.8870573043823242, 0.0938698947429657, 1.805246114730835, 0.8228784799575806, 0.6527934074401855, 0.5213855504989624, 0.09181810915470123, 0.5828486084938049, 1.8393077850341797, 1.1212362051010132, 1.6800360679626465, 1.0995441675186157, 1.402239441871643, 1.973785638809204, 1.2075108289718628, 1.968207836151123, 1.0422459840774536, 0.8717020750045776, 0.1743307113647461, 0.9755133390426636, 0.751866340637207, 0.01260155439376831, 0.2709171772003174, 1.0384414196014404, 0.7111526131629944, 0.14144310355186462, 0.5827996730804443, 1.5402393341064453, 0.7455835938453674, 2.7852063179016113, 1.2807961702346802, 2.3905158042907715, 1.5142570734024048, 0.018136462196707726, 0.9531714916229248, 1.486313819885254, 1.5266889333724976, 1.529969573020935, 0.09683116525411606, 0.6719218492507935, 0.00830601155757904, 1.2081927061080933, 0.5876147747039795, 0.585392951965332, 1.6099742650985718, 0.020887017250061035, 0.165739968419075]"
indigenous,"[6, 5, 20, 6, 17, 4, 5, 12, 13, 7]",34,"[0.5889802575111389, 2.060283899307251, 1.0359759330749512, 0.16844484210014343, 0.8434876203536987, 1.3029530048370361, 0.6945570707321167, 0.9399585723876953, 1.2220906019210815, 0.2351313829421997, -0.00476541742682457, 1.2390804290771484, 1.016024112701416, 0.902115523815155, -0.006198409479111433, 2.482164144515991, 1.1138826608657837, 0.4811871647834778, 0.045835815370082855, 1.3017734289169312, 1.4685306549072266, 1.297081470489502, 0.6057195663452148, 0.5609877109527588, 0.6693190932273865, 1.0141266584396362, 0.840327799320221, 1.369593620300293, 0.8682042360305786, 1.1130802631378174, 1.6317907571792603, 0.5245375633239746, 1.0850335359573364, 0.6253644227981567, 0.7271553874015808, 0.22836041450500488, 1.8702728748321533, 1.1612303256988525, 0.03928788751363754, 0.34136971831321716, 1.8025153875350952, 0.30388379096984863, 0.5089623928070068, 0.46860072016716003, 1.0852937698364258, 0.46269673109054565, 2.097799777984619, 0.746536910533905, 1.9763484001159668, 0.965593159198761, 0.04349730908870697, 0.8639411926269531, 1.035326600074768, 1.5687381029129028, 0.8659266233444214, 0.4876435399055481, 0.2530127465724945, 0.009585436433553696, 1.234038233757019, 1.1245611906051636, 0.8760046362876892, 1.4791406393051147, 0.0601949542760849, 0.3960706889629364]"
molecule,"[19, 12, 14, 4, 18, 13, 14, 4]",34,"[0.5154179334640503, 0.9368861317634583, 1.7907683849334717, 0.38211414217948914, 0.3861245810985565, 0.6277322173118591, 0.3181799650192261, 0.08225660026073456, 2.5632200241088867, 0.2914808690547943, 0.03736149147152901, 1.652023196220398, 0.8230924606323242, 0.22135597467422485, -0.006055331788957119, 3.472438335418701, 0.2673153877258301, 0.10065791010856628, 9.464845061302185e-05, 0.7396228909492493, 2.849395275115967, 1.8890424966812134, 0.5129381418228149, 1.1384040117263794, 0.8453116416931152, 0.4460570514202118, 0.6614993214607239, 0.4167688488960266, 0.5523098707199097, 0.8140193223953247, 0.3610669672489166, 0.5206187963485718, 0.4965963363647461, 0.20804207026958466, 0.48385223746299744, 0.24948489665985107, 2.7945351600646973, 0.6865037083625793, 0.44798439741134644, 0.5194575786590576, 2.924468517303467, 0.004143811762332916, 1.3732764720916748, 0.49475571513175964, 0.6325274705886841, 0.06492366641759872, 0.954474925994873, 0.7390570044517517, 0.9712948799133301, 0.4964965581893921, 0.1275908648967743, 0.20410116016864777, 0.09357954561710358, 0.6801318526268005, 0.730819582939148, 0.9470247030258179, -0.006721215322613716, -0.007459316402673721, 0.5456495881080627, 1.1942448616027832, 0.746125340461731, 0.37259331345558167, 0.17636342346668243, 0.7176388502120972]"
motion,"[19, 12, 8, 6, 12, 5]",34,"[0.3468257784843445, 2.255084991455078, 0.9996089935302734, 0.09686209261417389, 0.6640803813934326, 1.21575129032135, 0.6397749781608582, 0.8758335709571838, 1.1532362699508667, 0.3910333514213562, 0.0057220058515667915, 1.2127903699874878, 1.082478404045105, 0.71290123462677, -0.006577090360224247, 2.3753700256347656, 1.337264060974121, 0.3938395082950592, 0.05422539636492729, 1.1951847076416016, 1.3756425380706787, 1.2718147039413452, 0.4128458797931671, 0.3834461569786072, 0.4453759789466858, 1.1842530965805054, 0.7725563049316406, 1.2849862575531006, 0.6309312582015991, 1.061997890472412, 1.5225872993469238, 0.6982976794242859, 1.3191789388656616, 0.5286375880241394, 0.5092649459838867, 0.03971736505627632, 1.8660454750061035, 1.0883374214172363, 0.1280534416437149, 0.3524637222290039, 1.7615795135498047, 0.36321040987968445, 0.4288926124572754, 0.3963644206523895, 1.0746314525604248, 0.33947640657424927, 2.239671230316162, 0.7687957882881165, 2.0302581787109375, 1.0082532167434692, 0.012566767632961273, 0.8241512775421143, 1.1469274759292603, 1.4505232572555542, 0.7450988292694092, 0.2571506202220917, 0.3357856273651123, 0.0067151449620723724, 1.0690772533416748, 1.066678762435913, 0.9236370921134949, 1.5008643865585327, 0.04121670126914978, 0.19630742073059082]"
ordered pair,"[12, 11, 20, 4, 11, 4, 20, 31, 3, 2, 6, 11]",34,"[0.9646924138069153, 1.6333777904510498, 0.5046645402908325, 0.0904015600681305, 0.6691513657569885, 1.903069257736206, 1.0938336849212646, 0.7263895273208618, 0.7386466860771179, 0.2712487280368805, 0.008173518814146519, 0.48852303624153137, 0.7937502861022949, 1.3379384279251099, -0.00691948039457202, 1.0406500101089478, 0.5397478342056274, 0.8759374618530273, 0.05296802893280983, 2.0379371643066406, 0.9118286371231079, 0.538769006729126, 0.8675529360771179, 1.0848729610443115, 1.3686342239379883, 0.5646876096725464, 1.3395618200302124, 1.3758269548416138, 1.6863124370574951, 1.6112428903579712, 1.390878438949585, 0.3787649869918823, 0.6909089088439941, 1.178309679031372, 1.4813848733901978, 0.925991415977478, 0.7059944868087769, 0.8970390558242798, 0.029614314436912537, 0.08358056098222733, 0.6032085418701172, 0.20036254823207855, 0.7957677245140076, 0.8492518663406372, 1.3819328546524048, 0.7028363347053528, 1.6134217977523804, 1.1829314231872559, 1.68143892288208, 1.0041723251342773, 0.04786600172519684, 0.12193794548511505, 0.43830206990242004, 1.4059101343154907, 1.7075409889221191, 0.8696833848953247, 0.2882319390773773, -0.033730752766132355, 1.2238872051239014, 0.4064490497112274, 0.09919826686382294, 0.6623634099960327, 0.03538437932729721, 0.6579476594924927]"
organism,"[12, 11, 17, 2, 5, 6, 7, 19]",34,"[0.4369787573814392, 2.9166946411132812, 0.7855966687202454, 0.07413455843925476, 0.8339776992797852, 1.8158615827560425, 1.1221402883529663, 1.3602582216262817, 0.8239833116531372, 0.5431587100028992, 0.01094394363462925, 0.899773359298706, 0.9524558782577515, 1.2850044965744019, -0.0015301820822060108, 1.8425372838974, 1.7077083587646484, 0.8343857526779175, 0.07341162860393524, 1.8508460521697998, 1.0757827758789062, 0.8599685430526733, 0.6112824082374573, 0.2382003366947174, 0.6226340532302856, 1.663097620010376, 1.140439510345459, 1.7176518440246582, 1.1379395723342896, 1.4692387580871582, 2.0592026710510254, 0.931957483291626, 1.7606524229049683, 0.979637622833252, 0.9796720743179321, 0.10252455621957779, 1.314274787902832, 0.9478467702865601, 0.03199724107980728, 0.25517573952674866, 1.2406023740768433, 0.6322082281112671, 0.17405731976032257, 0.654604434967041, 1.5879333019256592, 0.7053012251853943, 2.9126460552215576, 1.2672415971755981, 2.6014904975891113, 1.5530338287353516, 0.029117826372385025, 0.9141467213630676, 1.4897832870483398, 1.7039331197738647, 1.3834275007247925, 0.1505029797554016, 0.6572587490081787, 0.030908945947885513, 1.389883279800415, 0.6734147667884827, 0.6428067088127136, 1.6253811120986938, 0.024024464190006256, 0.16739921271800995]"
percent,"[3, 4, 11, 18, 4, 5, 8]",34,"[0.2843857705593109, 1.6480687856674194, 1.423466682434082, 0.22488273680210114, 0.527967631816864, 0.5723289847373962, 0.17737707495689392, 0.48045188188552856, 1.7547030448913574, 0.2837606966495514, 0.027290312573313713, 1.6607657670974731, 0.9596736431121826, 0.228317990899086, -0.0061517697758972645, 3.2930257320404053, 1.0126413106918335, 0.03617390617728233, 0.02985319122672081, 0.4624660015106201, 2.1391212940216064, 1.755090594291687, 0.31388378143310547, 0.473905086517334, 0.20973637700080872, 0.9128924608230591, 0.3304558992385864, 0.8503084182739258, 0.09692353010177612, 0.5244064331054688, 1.005696415901184, 0.6082698106765747, 1.1008013486862183, 0.062260448932647705, 0.10924158990383148, -0.07390644401311874, 2.4809279441833496, 0.9996513724327087, 0.20103402435779572, 0.5030336380004883, 2.5830562114715576, 0.17796167731285095, 0.6462368965148926, 0.15325000882148743, 0.524753212928772, 0.12494724988937378, 1.5565510988235474, 0.36536478996276855, 1.4391590356826782, 0.6326156854629517, 0.07614828646183014, 0.8024473190307617, 0.873024046421051, 1.0586035251617432, 0.16784295439720154, 0.41823694109916687, 0.06751720607280731, 0.0008064024150371552, 0.7630683779716492, 1.3253253698349, 1.1377198696136475, 1.2847940921783447, 0.09936518967151642, 0.3476898670196533]"
photosynthesis,"[3, 9, 12, 8, 12, 7, 21, 5, 8, 9, 4, 7, 6, 7]",34,"[0.485842227935791, 2.8032000064849854, 0.8895677328109741, 0.10563239455223083, 0.912165105342865, 1.7509363889694214, 0.9822859168052673, 1.2883340120315552, 1.041360855102539, 0.4750274419784546, 0.022271595895290375, 1.1128486394882202, 0.9960718154907227, 1.2316910028457642, -0.01536478940397501, 2.235417604446411, 1.6473309993743896, 0.7685760259628296, 0.08207359910011292, 1.6863527297973633, 1.2814147472381592, 1.0657851696014404, 0.6925174593925476, 0.3624221086502075, 0.6117909550666809, 1.5441404581069946, 1.05086088180542, 1.7303330898284912, 1.0550212860107422, 1.384553074836731, 2.0916035175323486, 0.87557053565979, 1.6997889280319214, 0.910714328289032, 0.9052063822746277, 0.21000003814697266, 1.6064506769180298, 1.1337909698486328, -0.001638859510421753, 0.305989146232605, 1.5703057050704956, 0.530441164970398, 0.3707748055458069, 0.5688778162002563, 1.4787153005599976, 0.6926770210266113, 2.7537848949432373, 1.0664424896240234, 2.5040714740753174, 1.3884297609329224, 0.036689843982458115, 1.041703224182129, 1.4244840145111084, 1.722416639328003, 1.2737256288528442, 0.2731998562812805, 0.521535336971283, 0.005610253661870956, 1.345584511756897, 0.9856916666030884, 0.8257012963294983, 1.7645412683486938, 0.03831174969673157, 0.25111299753189087]"
physical change,"[3, 9, 21, 7, 6, 18, 2, 14, 31, 18, 9, 2, 5, 17, 4]",34,"[0.7002830505371094, 2.654231548309326, 0.41223761439323425, 0.06085614487528801, 0.7373137474060059, 2.600849151611328, 1.6276144981384277, 1.2170006036758423, 0.5717005729675293, 0.8986937403678894, 0.037024736404418945, 0.12431865185499191, 0.665625810623169, 1.671392560005188, -0.004069497808814049, 0.6866812705993652, 1.5332756042480469, 1.3612382411956787, 0.08810852468013763, 2.626499891281128, 0.5947571992874146, 0.1271127164363861, 0.8368292450904846, 0.6861563920974731, 1.3845067024230957, 1.668625831604004, 1.7320860624313354, 1.7542259693145752, 2.0890018939971924, 2.0478410720825195, 1.9412182569503784, 1.270625352859497, 1.8140331506729126, 1.660989761352539, 1.7382054328918457, 0.9187866449356079, 0.36213093996047974, 0.5922041535377502, -0.03132528066635132, 0.09413762390613556, 0.3136076033115387, 0.7650327682495117, 0.463253378868103, 1.1208208799362183, 1.972741723060608, 0.922471284866333, 2.571781635284424, 1.8976975679397583, 2.3257064819335938, 1.7010488510131836, 0.032695092260837555, 0.3909275531768799, 1.0439722537994385, 1.4487216472625732, 2.4604604244232178, 0.5404890179634094, 0.8455952405929565, -0.007748253643512726, 1.3658126592636108, 0.05843208730220795, 0.08764785528182983, 0.8895179629325867, 0.028107672929763794, 0.46979227662086487]"
proportion,"[3, 11, 12, 3, 12, 11, 8, 6, 12, 5]",34,"[0.4080551266670227, 2.9169294834136963, 0.7064695954322815, 0.06386108696460724, 1.0326545238494873, 1.5274070501327515, 0.8313277959823608, 1.3916171789169312, 0.6927493810653687, 0.35193783044815063, 0.01058531366288662, 1.1609351634979248, 1.028701663017273, 1.2038042545318604, -0.011313693597912788, 2.006117343902588, 1.7668687105178833, 0.6441735029220581, 0.07806651294231415, 1.451736569404602, 0.9773296117782593, 1.074960470199585, 0.6098847389221191, 0.12612557411193848, 0.26672667264938354, 1.5437777042388916, 0.7934339046478271, 1.8453078269958496, 0.8240835666656494, 1.131890058517456, 2.250596523284912, 0.6912528872489929, 1.639401912689209, 0.7427277565002441, 0.6665216088294983, -0.008258894085884094, 1.5406622886657715, 1.2524765729904175, -0.018223807215690613, 0.27898067235946655, 1.4035673141479492, 0.5963374972343445, 0.13066338002681732, 0.29915836453437805, 1.3303592205047607, 0.665905237197876, 2.7676494121551514, 0.7709380388259888, 2.4987833499908447, 1.227226972579956, -0.002030264586210251, 1.3234559297561646, 1.673869252204895, 1.867396354675293, 0.8511182069778442, 0.03334423899650574, 0.5925302505493164, 0.00864451378583908, 1.3995131254196167, 1.0853679180145264, 1.0466665029525757, 2.1395792961120605, 0.018562383949756622, 0.15328922867774963]"
quadrant,"[24, 13, 2, 20, 11, 2, 5, 8]",34,"[0.5833008885383606, 2.2063419818878174, 0.7416256070137024, 0.08460342884063721, 0.8752812147140503, 1.2695955038070679, 0.5596378445625305, 0.964551568031311, 0.6648522019386292, 0.1561775505542755, -0.016913872212171555, 1.0787296295166016, 1.116961121559143, 0.9536136984825134, -0.0057371556758880615, 1.9860515594482422, 1.2066941261291504, 0.4342311918735504, 0.03906427323818207, 1.2098102569580078, 0.9619063138961792, 1.0736864805221558, 0.5077031254768372, 0.41682207584381104, 0.5924750566482544, 0.9634904861450195, 0.6961193084716797, 1.600340723991394, 0.7816803455352783, 1.0503826141357422, 1.7914773225784302, 0.4172573685646057, 1.0854023694992065, 0.4906354546546936, 0.6277487277984619, 0.17758706212043762, 1.5277917385101318, 1.3008688688278198, 0.003161698579788208, 0.27158665657043457, 1.3310588598251343, 0.28747740387916565, 0.2687954306602478, 0.34494537115097046, 1.0416616201400757, 0.4368799328804016, 2.181741952896118, 0.6080408692359924, 2.0884768962860107, 0.87647545337677, -0.003309965133666992, 0.9132998585700989, 1.1672253608703613, 1.7693287134170532, 0.6558176875114441, 0.3432081341743469, 0.2621137499809265, -0.0045960694551467896, 1.3774000406265259, 1.040475606918335, 0.9501591920852661, 1.7662500143051147, 0.02797578275203705, 0.2685227394104004]"
ratio,"[11, 2, 8, 6, 12]",34,"[0.43652892112731934, 1.5368839502334595, 1.329043984413147, 0.18490473926067352, 0.648419976234436, 0.6284249424934387, 0.20213583111763, 0.5971940755844116, 1.59263014793396, 0.08654196560382843, -0.00787688884884119, 1.6170490980148315, 1.1006627082824707, 0.4030762016773224, -0.00783094484359026, 3.1109507083892822, 0.7753623723983765, 0.04409010335803032, 0.009092439897358418, 0.6232210397720337, 1.8928627967834473, 1.746121883392334, 0.40954533219337463, 0.5680761933326721, 0.35690775513648987, 0.644412636756897, 0.3999491333961487, 0.9893654584884644, 0.25738728046417236, 0.6590662598609924, 1.1048446893692017, 0.3200618326663971, 0.7684249877929688, 0.10337384790182114, 0.2219064086675644, -0.03457716852426529, 2.5035977363586426, 1.1844311952590942, 0.16642239689826965, 0.42958709597587585, 2.3452696800231934, 0.1113736629486084, 0.6146817207336426, 0.1894463449716568, 0.5973873734474182, 0.1672094315290451, 1.5813387632369995, 0.2887094020843506, 1.5665518045425415, 0.5847262740135193, 0.050572291016578674, 0.816712498664856, 0.8259714245796204, 1.2846735715866089, 0.11062337458133698, 0.4835777282714844, 0.051165513694286346, -0.006970906630158424, 0.9334876537322998, 1.3650710582733154, 1.1411833763122559, 1.3430817127227783, 0.0743187740445137, 0.3451662063598633]"
Reconstruction,"[11, 4, 18, 12, 5, 7, 8, 11, 13, 18, 8, 6, 12, 5]",34,"[0.3824698030948639, 3.421766996383667, 0.4796180725097656, 0.10164953768253326, 0.9370550513267517, 2.305344581604004, 1.520829439163208, 1.7022011280059814, 0.5870001316070557, 0.7174893617630005, 0.014878813177347183, 0.5751206874847412, 0.7693181037902832, 1.6736645698547363, -0.005412048194557428, 1.32966947555542, 2.167243719100952, 1.212607502937317, 0.12337273359298706, 2.2771100997924805, 0.653838038444519, 0.5519851446151733, 0.7905281186103821, 0.09074784815311432, 0.627631425857544, 2.1247246265411377, 1.328047513961792, 2.0155813694000244, 1.4464868307113647, 1.7257025241851807, 2.447584867477417, 1.2236196994781494, 2.2256834506988525, 1.4412683248519897, 1.192130208015442, 0.19449427723884583, 0.8165944814682007, 0.7841663360595703, -0.034257277846336365, 0.1775619089603424, 0.8952174186706543, 0.9537599682807922, 0.07205601036548615, 0.7343835830688477, 1.998367428779602, 1.0496735572814941, 3.3305482864379883, 1.5881857872009277, 2.8019003868103027, 1.8657760620117188, 0.014700105413794518, 1.063329815864563, 1.8027775287628174, 1.753710150718689, 1.886715054512024, 0.03698255121707916, 1.0321389436721802, -0.013493712991476059, 1.4457772970199585, 0.4806189239025116, 0.4958973526954651, 1.788714051246643, 0.02851949632167816, 0.16350075602531433]"
settlement,"[7, 4, 8, 8, 14, 4, 19, 4, 5, 8]",34,"[0.5290519595146179, 2.7313637733459473, 0.5600703954696655, 0.04446763917803764, 0.9060834646224976, 1.7327991724014282, 1.012286901473999, 1.2530165910720825, 0.48320573568344116, 0.3212113380432129, -0.010611067526042461, 0.909896969795227, 1.062170386314392, 1.2600843906402588, -0.004177728667855263, 1.4901208877563477, 1.4892733097076416, 0.788377046585083, 0.07972150295972824, 1.6660957336425781, 0.7084273099899292, 0.8122378587722778, 0.6096044778823853, 0.29978764057159424, 0.5871249437332153, 1.2666845321655273, 0.9978811144828796, 1.8249342441558838, 1.1257624626159668, 1.3285962343215942, 2.176734447479248, 0.5234981179237366, 1.3567336797714233, 0.8954610228538513, 0.9299532175064087, 0.10440754890441895, 1.1486883163452148, 1.227381944656372, 0.008095934987068176, 0.22553332149982452, 1.036726474761963, 0.47941526770591736, 0.16940440237522125, 0.512518048286438, 1.450528860092163, 0.6805641055107117, 2.6296472549438477, 0.8671720027923584, 2.4173920154571533, 1.276432991027832, 0.010869093239307404, 0.9431524276733398, 1.458159327507019, 1.9150781631469727, 1.0262800455093384, 0.19292877614498138, 0.5294504761695862, 0.009822845458984375, 1.4159661531448364, 0.7929952144622803, 0.7390006184577942, 1.8157168626785278, 0.02326381206512451, 0.16995865106582642]"
Literary Words,"[14, 6, 8, 4, 11, 2, 11, 21, 31, 26, 12, 11, 20, 7]",34,"[0.8693287968635559, 1.7845505475997925, 0.42377740144729614, 0.1025516539812088, 0.8331344127655029, 1.8852514028549194, 1.0843344926834106, 0.8873178362846375, 0.5558362603187561, 0.2783483862876892, -0.009422443807125092, 0.409480482339859, 0.7798360586166382, 1.349468469619751, -0.0041207484900951385, 0.9589695930480957, 0.7983988523483276, 0.9460024833679199, 0.043667539954185486, 1.9490541219711304, 0.7375534772872925, 0.48655131459236145, 0.8354142904281616, 0.9113451242446899, 1.200040340423584, 0.6856710910797119, 1.2118558883666992, 1.4748663902282715, 1.579299807548523, 1.5191048383712769, 1.6329869031906128, 0.33735066652297974, 0.8054530620574951, 1.1660161018371582, 1.3931939601898193, 0.843001127243042, 0.5930834412574768, 0.9141497015953064, 0.011609867215156555, 0.08895181119441986, 0.5666236877441406, 0.29163116216659546, 0.6583288311958313, 0.7815898656845093, 1.3634535074234009, 0.7333912253379822, 1.7705408334732056, 1.017339825630188, 1.739121913909912, 1.0310224294662476, 0.037840988487005234, 0.2947240471839905, 0.6078954935073853, 1.508601427078247, 1.538443922996521, 0.7339802980422974, 0.38572776317596436, 0.003575429320335388, 1.2894330024719238, 0.46040254831314087, 0.21582049131393433, 0.8641040921211243, 0.02461424469947815, 0.5546852946281433]"
allegory,"[2, 14, 14, 4, 17, 12, 11, 21]",34,"[0.4718411862850189, 1.9276118278503418, 1.194453239440918, 0.23928798735141754, 0.799613893032074, 1.0718486309051514, 0.49911269545555115, 0.8709448575973511, 1.4914355278015137, 0.18978485465049744, -0.008320576511323452, 1.5344406366348267, 1.0274813175201416, 0.6996554732322693, 0.0034690219908952713, 2.9399008750915527, 1.0267512798309326, 0.32559001445770264, 0.022470777854323387, 1.0540969371795654, 1.8357733488082886, 1.6572705507278442, 0.5861035585403442, 0.5427072048187256, 0.5164750814437866, 0.9753549098968506, 0.615256667137146, 1.2396738529205322, 0.5531275868415833, 0.9451541900634766, 1.4893509149551392, 0.3956244885921478, 0.9971696138381958, 0.42390158772468567, 0.4765629768371582, 0.08332882076501846, 2.223912239074707, 1.1309932470321655, 0.09892725199460983, 0.3944934010505676, 2.255370616912842, 0.24649634957313538, 0.5824451446533203, 0.32822707295417786, 0.9358250498771667, 0.40598735213279724, 1.9976940155029297, 0.5977617502212524, 1.8902114629745483, 0.8646132349967957, 0.060954369604587555, 0.881071150302887, 0.9882029891014099, 1.4481862783432007, 0.5323317646980286, 0.48287075757980347, 0.23110993206501007, 0.008019622415304184, 1.1758649349212646, 1.2456209659576416, 0.997111439704895, 1.4943349361419678, 0.1314137876033783, 0.43678373098373413]"
archetype,"[2, 11, 18, 9, 4, 8, 21, 3, 4]",34,"[0.3061600625514984, 2.8970584869384766, 0.5076347589492798, 0.05843431130051613, 0.6627005338668823, 1.8008794784545898, 1.1179780960083008, 1.2801289558410645, 0.5325326323509216, 0.6134623885154724, 0.032162539660930634, 0.629657506942749, 0.8092259168624878, 1.2504136562347412, -0.009194722399115562, 1.2610050439834595, 1.731054663658142, 0.885149359703064, 0.10846962034702301, 1.8392935991287231, 0.741107702255249, 0.5708218216896057, 0.5551814436912537, 0.128806009888649, 0.5855500102043152, 1.7312054634094238, 1.1203570365905762, 1.6600531339645386, 1.1751258373260498, 1.4283168315887451, 1.938173532485962, 1.1216241121292114, 1.8680514097213745, 1.0447005033493042, 0.9354439377784729, 0.16126582026481628, 0.8554268479347229, 0.7339857220649719, 0.010736331343650818, 0.1916925311088562, 0.7874168157577515, 0.6328442692756653, 0.1156955435872078, 0.591975212097168, 1.5975958108901978, 0.7543317079544067, 2.6958811283111572, 1.3234596252441406, 2.3904006481170654, 1.5153656005859375, 0.009366648271679878, 0.8456608653068542, 1.4207866191864014, 1.5252605676651, 1.5322595834732056, 0.10296548902988434, 0.6729364991188049, -0.007862932980060577, 1.2106738090515137, 0.4873039722442627, 0.4843079447746277, 1.532134771347046, 0.01894407719373703, 0.16301724314689636]"
characterization,"[18, 9, 2, 11, 2, 18, 8, 4, 11, 6, 15, 2, 8, 6, 12, 5]",34,"[0.5827063918113708, 2.9631731510162354, 0.7849545478820801, 0.12453727424144745, 0.928303599357605, 1.9809719324111938, 1.1208152770996094, 1.4169315099716187, 0.9463412761688232, 0.48751208186149597, 0.012376191094517708, 0.9152954816818237, 1.0007591247558594, 1.4427103996276855, -0.006126405205577612, 1.9029649496078491, 1.6967320442199707, 0.9409117698669434, 0.08740301430225372, 1.9804067611694336, 1.1010469198226929, 0.9088925123214722, 0.7449136972427368, 0.4024795889854431, 0.7542076706886292, 1.6089494228363037, 1.2107815742492676, 1.855652928352356, 1.2837995290756226, 1.561479926109314, 2.1715688705444336, 0.9155445098876953, 1.7322907447814941, 1.101352334022522, 1.1439712047576904, 0.25845247507095337, 1.329445719718933, 1.0633049011230469, -0.037740468978881836, 0.23137031495571136, 1.287639856338501, 0.5975667834281921, 0.2912757098674774, 0.6864159107208252, 1.6277722120285034, 0.8441052436828613, 2.9088399410247803, 1.226534128189087, 2.600449323654175, 1.5291794538497925, 0.05180313438177109, 0.9360514879226685, 1.4408503770828247, 1.823140025138855, 1.4964537620544434, 0.2650925815105438, 0.6425260305404663, 0.0005379617214202881, 1.4999111890792847, 0.7505651116371155, 0.6005941033363342, 1.6950371265411377, 0.04048403352499008, 0.27729564905166626]"
denouement,"[20, 4, 5, 12, 13, 4, 19, 4, 5, 8]",34,"[0.6198839545249939, 2.3271279335021973, 0.23595339059829712, 0.00705898180603981, 0.8676031827926636, 1.667306900024414, 1.0305612087249756, 1.1607606410980225, 0.10001552104949951, 0.22416794300079346, -0.015513475053012371, 0.5979998111724854, 0.8785011768341064, 1.331004023551941, -0.00012346962466835976, 0.8177236318588257, 1.1356501579284668, 0.817226767539978, 0.0837772935628891, 1.7211711406707764, 0.3175070285797119, 0.49424195289611816, 0.6551138758659363, 0.3597978353500366, 0.6977303624153137, 1.0217297077178955, 0.9762448668479919, 1.717881202697754, 1.250935673713684, 1.2715312242507935, 2.038032293319702, 0.36198166012763977, 1.1048625707626343, 0.9631388783454895, 1.0292322635650635, 0.3472019135951996, 0.5883163213729858, 1.0908814668655396, 0.010839253664016724, 0.13129450380802155, 0.5725134015083313, 0.37189507484436035, 0.18493111431598663, 0.47475624084472656, 1.3929280042648315, 0.6893826723098755, 2.201821804046631, 0.828454852104187, 2.120600461959839, 1.0936259031295776, -0.006830133497714996, 0.7442469000816345, 1.1815577745437622, 1.7871378660202026, 1.1312167644500732, 0.3425557613372803, 0.4168204963207245, -0.0018205009400844574, 1.367011308670044, 0.6407469511032104, 0.5201751589775085, 1.514325499534607, 0.008747778832912445, 0.28693512082099915]"
dramatic irony,"[20, 11, 2, 19, 2, 8, 6, 18, 31, 6, 11, 12, 5, 21]",34,"[0.3866913318634033, 3.2547178268432617, 0.6456233859062195, 0.10296630859375, 0.8664267063140869, 2.0718371868133545, 1.230858564376831, 1.5863018035888672, 0.7180249094963074, 0.6713395714759827, 0.021489378064870834, 0.7471350431442261, 0.8324421644210815, 1.489272117614746, 0.0009354758076369762, 1.6021010875701904, 2.032487154006958, 1.0944901704788208, 0.09487506747245789, 2.0117177963256836, 0.9145822525024414, 0.7290174961090088, 0.7125151753425598, 0.1282276064157486, 0.6204891204833984, 2.0154318809509277, 1.1662883758544922, 1.8978861570358276, 1.2374151945114136, 1.5483767986297607, 2.232135057449341, 1.2194390296936035, 2.1338696479797363, 1.1943601369857788, 1.0461695194244385, 0.20396320521831512, 1.0513886213302612, 0.8294687867164612, -0.05282658338546753, 0.21687999367713928, 1.0583641529083252, 0.8395466208457947, 0.0868929997086525, 0.6498832702636719, 1.7383437156677246, 0.9333866834640503, 3.104166269302368, 1.4172090291976929, 2.662017345428467, 1.7338685989379883, 0.022721407935023308, 1.1149983406066895, 1.674244999885559, 1.6678400039672852, 1.663108229637146, 0.09184978902339935, 0.8871654868125916, -0.0029194317758083344, 1.450637698173523, 0.5848946571350098, 0.5963297486305237, 1.7576521635055542, 0.03786662220954895, 0.17806191742420197]"
dynamic character,"[20, 21, 5, 2, 19, 6, 18, 31, 18, 9, 2, 11, 2, 18, 8, 4, 11]",34,"[0.7756765484809875, 2.059666395187378, 0.7020021677017212, 0.18996989727020264, 0.8971853852272034, 2.0441172122955322, 1.2477871179580688, 1.075270175933838, 1.1412889957427979, 0.548676073551178, 0.017366735264658928, 0.5695680975914001, 0.6058333516120911, 1.4861698150634766, -0.006582658272236586, 1.6853630542755127, 1.1559373140335083, 1.0547558069229126, 0.05783247575163841, 2.1135573387145996, 1.1889458894729614, 0.7559961080551147, 0.9795671105384827, 0.9053155183792114, 1.2417585849761963, 1.127716064453125, 1.308016300201416, 1.4879932403564453, 1.6255649328231812, 1.6574876308441162, 1.676419973373413, 0.800241231918335, 1.264578938484192, 1.3649014234542847, 1.4139717817306519, 0.917357325553894, 1.1223740577697754, 0.7138381600379944, 0.01723797619342804, 0.15925535559654236, 1.086862564086914, 0.5185260772705078, 0.7863671779632568, 0.8139818906784058, 1.535205602645874, 0.8784310221672058, 2.071772813796997, 1.3315244913101196, 1.9646227359771729, 1.2807527780532837, 0.06880512833595276, 0.44316399097442627, 0.8073768019676208, 1.3302054405212402, 1.8582029342651367, 0.7851602435112, 0.5993834137916565, -0.0007354654371738434, 1.2230792045593262, 0.5652306079864502, 0.2933425307273865, 0.885618269443512, 0.06290880590677261, 0.7018867135047913]"
epilogue,"[4, 3, 6, 14, 12, 17, 13, 4]",34,"[0.7319848537445068, 1.6466147899627686, 1.030723214149475, 0.1771366149187088, 0.7588854432106018, 1.214755654335022, 0.6616401672363281, 0.7306919097900391, 1.2240715026855469, 0.1478690356016159, -0.013622281141579151, 1.219003438949585, 0.9987083673477173, 0.8583258390426636, -0.003765680128708482, 2.4146180152893066, 0.6950676441192627, 0.4242974817752838, 0.039938099682331085, 1.2548824548721313, 1.478595495223999, 1.289875864982605, 0.6098218560218811, 0.8044106960296631, 0.885872483253479, 0.6508370637893677, 0.8450608849525452, 1.2425744533538818, 0.9534628391265869, 1.0651185512542725, 1.3865265846252441, 0.3244686424732208, 0.7277888059616089, 0.5897278785705566, 0.817501425743103, 0.38397541642189026, 1.8443187475204468, 1.164705514907837, 0.04864245653152466, 0.3201799690723419, 1.7360000610351562, 0.12141335010528564, 0.6547420024871826, 0.4842371940612793, 1.0063762664794922, 0.39314520359039307, 1.7105497121810913, 0.6917827129364014, 1.7558132410049438, 0.7849107980728149, 0.05635732039809227, 0.5933623313903809, 0.6836373209953308, 1.453839659690857, 0.8808477520942688, 0.74295574426651, 0.12026116251945496, -0.020956499502062798, 1.1597511768341064, 1.1050671339035034, 0.7414625287055969, 1.1515491008758545, 0.07206232845783234, 0.5238867402076721]"
exposition,"[4, 27, 3, 12, 7, 6, 8, 6, 12, 5]",34,"[0.25606927275657654, 2.738250970840454, 0.9968479871749878, 0.06396603584289551, 0.6421642899513245, 1.632188081741333, 0.9558609127998352, 1.1178252696990967, 1.1438806056976318, 0.6266220211982727, 0.031178893521428108, 1.0678361654281616, 0.9579861164093018, 0.9316294193267822, -0.004241439513862133, 2.177488327026367, 1.701913833618164, 0.6633750200271606, 0.07740761339664459, 1.5752941370010376, 1.4278727769851685, 1.0217363834381104, 0.4405016601085663, 0.2054082751274109, 0.5391926765441895, 1.7392269372940063, 1.0521906614303589, 1.4675695896148682, 0.9098010063171387, 1.3160320520401, 1.6714892387390137, 1.0826939344406128, 1.837998867034912, 0.7984761595726013, 0.7413326501846313, 0.0557449571788311, 1.609410285949707, 0.8624165654182434, 0.1017339825630188, 0.386239618062973, 1.5742769241333008, 0.601632297039032, 0.28040647506713867, 0.5708081722259521, 1.3960533142089844, 0.5561559796333313, 2.702563762664795, 1.2737759351730347, 2.4145307540893555, 1.444064974784851, 0.03411704674363136, 0.9301913976669312, 1.398247480392456, 1.3939014673233032, 1.3226960897445679, 0.09224141389131546, 0.5622785687446594, -0.013658242300152779, 1.1168780326843262, 0.7207536101341248, 0.703733503818512, 1.493431806564331, 0.02122030407190323, 0.10499238967895508]"
falling action,"[22, 2, 14, 14, 6, 5, 17, 31, 2, 18, 8, 6, 12, 5]",34,"[0.8551968932151794, 2.1429121494293213, 0.12864835560321808, 0.0232977457344532, 0.9111453294754028, 2.3391361236572266, 1.3954074382781982, 1.1282203197479248, 0.18376079201698303, 0.47293949127197266, 0.004935102537274361, 0.15416353940963745, 0.6992915868759155, 1.6517391204833984, 0.0027344366535544395, 0.36788803339004517, 1.0229767560958862, 1.2081336975097656, 0.08075409382581711, 2.366487503051758, 0.21920816600322723, 0.14897602796554565, 0.9108359813690186, 0.7837631702423096, 1.2434369325637817, 1.0643953084945679, 1.4594799280166626, 1.7788084745407104, 1.975465178489685, 1.7578480243682861, 2.0113558769226074, 0.5246959924697876, 1.0973585844039917, 1.524393916130066, 1.681836485862732, 0.950316309928894, 0.1348932385444641, 0.8832559585571289, -0.044920459389686584, 0.03812381625175476, 0.15974727272987366, 0.5044215321540833, 0.47287097573280334, 0.8738647699356079, 1.6983287334442139, 0.8949074745178223, 2.0961122512817383, 1.350393295288086, 2.034952402114868, 1.23079514503479, 0.008610842749476433, 0.3568611145019531, 0.8731070160865784, 1.6431514024734497, 1.9112050533294678, 0.6195353269577026, 0.6204487085342407, -0.002331884577870369, 1.4449856281280518, 0.26923415064811707, 0.12533165514469147, 0.9968773722648621, 0.009151183068752289, 0.5689463019371033]"
foil,"[22, 12, 6, 14]",34,"[0.9272328615188599, 1.09641432762146, 1.657349705696106, 0.10142870247364044, 0.46285611391067505, 0.8991042375564575, 0.3789622187614441, 0.24839088320732117, 1.9725098609924316, 0.045860350131988525, -0.005127571523189545, 1.6300067901611328, 1.3753933906555176, 0.3796537220478058, 0.0019109593704342842, 3.0891542434692383, 0.0004101693630218506, 0.12118341028690338, -0.00035960227251052856, 1.0133119821548462, 2.2925543785095215, 1.7315149307250977, 0.5415047407150269, 1.3706626892089844, 1.15965735912323, 0.06762808561325073, 0.9674584269523621, 0.756066083908081, 0.8492121696472168, 1.1110095977783203, 0.7328589558601379, 0.03532320261001587, 0.1261512041091919, 0.2345990687608719, 0.8275194764137268, 0.19801121950149536, 2.490415096282959, 1.3130686283111572, 0.3074760437011719, 0.22110192477703094, 2.1283671855926514, -0.11353285610675812, 1.175243854522705, 0.7367651462554932, 0.8709363341331482, 0.06514957547187805, 1.2976118326187134, 0.7329995632171631, 1.4087525606155396, 0.5775034427642822, 0.04809032753109932, -0.022195730358362198, 0.01280316710472107, 1.2862508296966553, 0.646333634853363, 1.0035507678985596, -0.06506872177124023, -0.009220652282238007, 1.067013144493103, 1.1862092018127441, 0.5012340545654297, 0.6159210205078125, 0.024261899292469025, 0.5456272959709167]"
indirect characterization,"[6, 5, 20, 6, 11, 4, 18, 8, 31, 18, 9, 2, 11, 2, 18, 8, 4, 11, 6, 15, 2, 8, 6, 12, 5]",34,"[0.8816666007041931, 2.691502809524536, 0.14849422872066498, 0.061843711882829666, 1.0120052099227905, 2.6358938217163086, 1.6869244575500488, 1.4946367740631104, 0.26995784044265747, 0.553596556186676, 0.004318736027926207, 0.17602324485778809, 0.6530826091766357, 1.9865831136703491, -0.003291897941380739, 0.5125693082809448, 1.4253172874450684, 1.455147385597229, 0.09288071095943451, 2.713923215866089, 0.31011709570884705, 0.1843617558479309, 1.0767643451690674, 0.7208703756332397, 1.3260362148284912, 1.4060219526290894, 1.602155327796936, 2.0186331272125244, 2.118102788925171, 1.9886170625686646, 2.3325908184051514, 0.7129884958267212, 1.4723831415176392, 1.7860262393951416, 1.7917739152908325, 0.9173636436462402, 0.23671337962150574, 0.8187989592552185, -0.06378142535686493, 0.005477875471115112, 0.17188914120197296, 0.6889960765838623, 0.47805601358413696, 0.9497596025466919, 2.0122904777526855, 1.161872386932373, 2.6505894660949707, 1.6054779291152954, 2.4818897247314453, 1.5845873355865479, 0.01949785090982914, 0.5480702519416809, 1.1664385795593262, 1.7535722255706787, 2.311152458190918, 0.606209933757782, 0.842340886592865, -0.005300112068653107, 1.5807698965072632, 0.27967992424964905, 0.11220070719718933, 1.1891390085220337, 0.020665355026721954, 0.5447133779525757]"
limited narrator,"[14, 6, 19, 6, 8, 4, 20, 31, 5, 2, 11, 11, 2, 8, 12, 11]",34,"[0.8124225735664368, 2.185468912124634, 0.7770916819572449, 0.20955558121204376, 0.987028181552887, 1.8067668676376343, 0.9332572817802429, 1.1664986610412598, 1.0307146310806274, 0.1901349425315857, -0.018608607351779938, 0.9503470659255981, 0.9096125364303589, 1.3504009246826172, -0.004453359637409449, 2.0113885402679443, 1.1217528581619263, 0.8351496458053589, 0.0404302179813385, 1.8013173341751099, 1.2509881258010864, 1.0698292255401611, 0.8654446005821228, 0.7536054849624634, 0.9662859439849854, 0.9656132459640503, 1.0706528425216675, 1.6562012434005737, 1.3031448125839233, 1.4578841924667358, 1.8998624086380005, 0.41194188594818115, 1.080334186553955, 1.0474481582641602, 1.171700358390808, 0.5508888959884644, 1.4446525573730469, 1.1189537048339844, -0.053821712732315063, 0.21452830731868744, 1.3643232583999634, 0.38973331451416016, 0.5369932055473328, 0.6539511680603027, 1.3333525657653809, 0.8012104630470276, 2.2448158264160156, 0.9359108805656433, 2.122506856918335, 1.1501379013061523, 0.06282082200050354, 0.7653161287307739, 1.0343661308288574, 1.7317636013031006, 1.2345802783966064, 0.6388996839523315, 0.43583500385284424, 0.0020931176841259003, 1.4242446422576904, 0.8912696242332458, 0.6401708722114563, 1.4169232845306396, 0.0688958540558815, 0.5563170909881592]"
motif,"[19, 12, 8, 6, 22]",34,"[0.46074897050857544, 1.939224362373352, 0.8989207744598389, 0.08789901435375214, 0.5685552954673767, 1.2746633291244507, 0.7478776574134827, 0.7909815311431885, 1.0033785104751587, 0.3626053035259247, 0.020353641360998154, 0.9489960670471191, 0.9191361665725708, 0.8006643652915955, -0.004189474508166313, 1.846139907836914, 1.0088958740234375, 0.4906635880470276, 0.05188479647040367, 1.3360586166381836, 1.2659679651260376, 0.962389349937439, 0.47553524374961853, 0.4907008707523346, 0.6283847093582153, 0.9779843091964722, 0.9146546125411987, 1.136118769645691, 0.8687454462051392, 1.126896619796753, 1.3104079961776733, 0.6427111625671387, 1.108517050743103, 0.6310294270515442, 0.7554121017456055, 0.19626830518245697, 1.3698312044143677, 0.8761221170425415, 0.11315178871154785, 0.283873975276947, 1.3332655429840088, 0.29610711336135864, 0.4415441155433655, 0.5488961338996887, 1.097905158996582, 0.37334001064300537, 1.9383394718170166, 0.8761623501777649, 1.8293009996414185, 1.0307836532592773, 0.03616422414779663, 0.5097177028656006, 0.8477461934089661, 1.3161957263946533, 0.9541863799095154, 0.3592146635055542, 0.28193336725234985, 0.021929632872343063, 1.0721089839935303, 0.713823139667511, 0.519553542137146, 1.075775146484375, 0.023688197135925293, 0.2590904235839844]"
prologue,"[3, 11, 12, 14, 12, 17, 13, 4]",34,"[0.46598461270332336, 2.1887571811676025, 0.8566220998764038, 0.1328810453414917, 0.8279898166656494, 1.2887171506881714, 0.7526314854621887, 0.9966727495193481, 0.976470410823822, 0.34262287616729736, 0.003630874678492546, 1.1010323762893677, 0.883847713470459, 0.9312165379524231, -0.008306663483381271, 2.183332920074463, 1.2949026823043823, 0.5275468230247498, 0.06380711495876312, 1.270389437675476, 1.1751999855041504, 1.1161831617355347, 0.5650295615196228, 0.37278836965560913, 0.5355449914932251, 1.1895043849945068, 0.7770044207572937, 1.414520502090454, 0.8095335960388184, 1.0071512460708618, 1.6808464527130127, 0.6626429557800293, 1.289848804473877, 0.6558404564857483, 0.6435173749923706, 0.2254793345928192, 1.6282994747161865, 1.037850022315979, 0.014034345746040344, 0.3423731327056885, 1.5807039737701416, 0.398674875497818, 0.4008820056915283, 0.36246660351753235, 1.1349165439605713, 0.49657633900642395, 2.1163699626922607, 0.7223144769668579, 2.010045289993286, 0.997586727142334, 0.02643592283129692, 0.9392552375793457, 1.1688101291656494, 1.4538164138793945, 0.898812472820282, 0.3776818513870239, 0.3444821238517761, -0.01227247528731823, 1.1372631788253784, 1.068196177482605, 0.8677945137023926, 1.524986743927002, 0.05195499211549759, 0.35698798298835754]"
rising action,"[11, 6, 7, 6, 5, 17, 31, 2, 18, 8, 6, 12, 5]",34,"[0.6240729093551636, 2.196871042251587, 0.4852931797504425, 0.0578044094145298, 0.7332875728607178, 2.0506396293640137, 1.2323651313781738, 0.9736096858978271, 0.6969003081321716, 0.6288233399391174, 0.025195421651005745, 0.3783758878707886, 0.688657283782959, 1.2903578281402588, -0.004248063080012798, 1.0429072380065918, 1.2713062763214111, 0.9719535112380981, 0.07396664470434189, 2.075899600982666, 0.7452600002288818, 0.41010624170303345, 0.7203073501586914, 0.6451613903045654, 1.0287866592407227, 1.3092248439788818, 1.3737707138061523, 1.4735767841339111, 1.5616610050201416, 1.5925389528274536, 1.672086238861084, 0.9323973655700684, 1.4171395301818848, 1.2728532552719116, 1.3485909700393677, 0.7627627849578857, 0.6182661056518555, 0.7080626487731934, 0.006050035357475281, 0.1660904735326767, 0.631476879119873, 0.5696684122085571, 0.49820762872695923, 0.821162223815918, 1.5377410650253296, 0.6975617408752441, 2.122295379638672, 1.3805274963378906, 1.9368082284927368, 1.3065510988235474, 0.03985830396413803, 0.44321408867836, 0.9120710492134094, 1.3581604957580566, 1.8196085691452026, 0.46661293506622314, 0.601630687713623, -0.012622565031051636, 1.1742984056472778, 0.3393680453300476, 0.24524033069610596, 0.9451084136962891, 0.012777697294950485, 0.4648486077785492]"
situational irony,"[7, 6, 8, 13, 2, 8, 6, 12, 5, 2, 14, 31, 6, 11, 12, 5, 21]",34,"[0.7503971457481384, 3.3345255851745605, 0.43691307306289673, 0.04596186801791191, 1.0403214693069458, 2.4383256435394287, 1.418342113494873, 1.7132331132888794, 0.3239116072654724, 0.4473595917224884, -0.007011862471699715, 0.6495556831359863, 1.0769845247268677, 1.8241046667099, 0.006360623985528946, 1.0859498977661133, 1.7568964958190918, 1.250598430633545, 0.11102953553199768, 2.3924341201782227, 0.5085580348968506, 0.5545265674591064, 0.8690671324729919, 0.3727568984031677, 0.9972414374351501, 1.657708764076233, 1.3948181867599487, 2.2609193325042725, 1.7143230438232422, 1.8317252397537231, 2.6038239002227783, 0.7736923694610596, 1.7169101238250732, 1.4040495157241821, 1.4265713691711426, 0.3613210618495941, 0.7826041579246521, 1.187259554862976, -0.08826735615730286, 0.11617263406515121, 0.6543064713478088, 0.677269458770752, 0.13290593028068542, 0.792407751083374, 1.9977844953536987, 0.9966634511947632, 3.193204879760742, 1.4241139888763428, 2.974536895751953, 1.7207838296890259, -0.003462929278612137, 0.9449267983436584, 1.5912293195724487, 2.1534504890441895, 1.7839475870132446, 0.29719576239585876, 0.7938992381095886, -0.010360928252339363, 1.8317824602127075, 0.5943686366081238, 0.422507107257843, 1.895595669746399, 0.022502407431602478, 0.2437850832939148]"
static character,"[7, 8, 2, 8, 6, 18, 31, 18, 9, 2, 11, 2, 18, 8, 4, 11]",34,"[0.8074823617935181, 1.8842092752456665, 0.35094842314720154, 0.09700779616832733, 0.9272063970565796, 2.0128090381622314, 1.2168437242507935, 1.0271104574203491, 0.6324566006660461, 0.4594157040119171, 0.006423016078770161, 0.2851685583591461, 0.5656894445419312, 1.5671323537826538, -0.010259238071739674, 0.9499796628952026, 0.9742478132247925, 1.1402117013931274, 0.058694805949926376, 2.0758233070373535, 0.6355445384979248, 0.4576428532600403, 0.9876413345336914, 0.899699330329895, 1.1908624172210693, 0.8474029302597046, 1.2533482313156128, 1.5587276220321655, 1.6881617307662964, 1.5672862529754639, 1.7331628799438477, 0.5809741020202637, 1.03255295753479, 1.3550043106079102, 1.4990804195404053, 0.9470122456550598, 0.5693703889846802, 0.7380844950675964, -0.023429885506629944, 0.03571335971355438, 0.5675089359283447, 0.4627975821495056, 0.6995337009429932, 0.78106689453125, 1.507837176322937, 0.9009636044502258, 1.836530089378357, 1.1311399936676025, 1.76802396774292, 1.1579692363739014, 0.05511952564120293, 0.3128216862678528, 0.7255299091339111, 1.3796217441558838, 1.739423394203186, 0.7427942156791687, 0.5908229947090149, 0.012319445610046387, 1.211115837097168, 0.40173786878585815, 0.16629190742969513, 0.8278224468231201, 0.03101455420255661, 0.6555625200271606]"
suspense,"[7, 13, 7, 3, 4, 5, 7, 4]",34,"[0.17312468588352203, 2.404244899749756, 1.290381908416748, 0.007331151515245438, 0.21375900506973267, 1.340143084526062, 0.7452982068061829, 0.5779221653938293, 1.3666197061538696, 0.8420808911323547, 0.07490372657775879, 1.1307921409606934, 1.104061484336853, 0.4004875421524048, -0.005003597587347031, 2.2759745121002197, 1.4634058475494385, 0.28817546367645264, 0.06657274067401886, 1.4097869396209717, 1.698085069656372, 0.9773706197738647, 0.17639178037643433, 0.2967960238456726, 0.5641182065010071, 1.7064659595489502, 1.1525228023529053, 1.0172587633132935, 0.7660318613052368, 1.2960445880889893, 1.126915454864502, 1.459551215171814, 1.8635962009429932, 0.44092699885368347, 0.6094151735305786, 0.07474330067634583, 1.6074875593185425, 0.7091749906539917, 0.13706231117248535, 0.41393521428108215, 1.5299593210220337, 0.4427906274795532, 0.3319234549999237, 0.7238634824752808, 1.2630313634872437, 0.12678301334381104, 2.3268542289733887, 1.3864489793777466, 2.037527561187744, 1.3208229541778564, 0.018609335646033287, 0.5517974495887756, 0.9790226817131042, 1.1168146133422852, 1.2514761686325073, 0.11825566738843918, 0.3342859447002411, -0.014897013083100319, 0.8983243107795715, 0.4980379045009613, 0.5992996096611023, 1.1155973672866821, 0.004685085266828537, 0.08503910899162292]"
unreliable narrator,"[13, 5, 11, 4, 14, 6, 2, 10, 14, 4, 31, 5, 2, 11, 11, 2, 8, 12, 11]",34,"[0.9211102724075317, 1.958107829093933, 0.6760969161987305, 0.2382383793592453, 1.1061396598815918, 1.6647440195083618, 0.8270959258079529, 1.1084134578704834, 0.9054007530212402, 0.0566943921148777, -0.02689957618713379, 0.9958391189575195, 0.931024432182312, 1.3752907514572144, -0.004322763066738844, 2.0028209686279297, 0.8873138427734375, 0.7473840713500977, 0.04141964763402939, 1.6600377559661865, 1.15619695186615, 1.105802059173584, 0.9523430466651917, 0.8329291343688965, 0.9347612261772156, 0.6923716068267822, 0.9126886129379272, 1.7112364768981934, 1.2720153331756592, 1.2960401773452759, 1.9326642751693726, 0.16174083948135376, 0.8080834150314331, 0.9681301712989807, 1.1313666105270386, 0.6007227301597595, 1.4714176654815674, 1.2863852977752686, -0.07322417199611664, 0.2107452154159546, 1.4509706497192383, 0.2724795341491699, 0.6137356758117676, 0.5275254249572754, 1.2258963584899902, 0.7649146318435669, 1.9634368419647217, 0.6528359055519104, 1.9255142211914062, 0.8906943798065186, 0.039120811969041824, 0.7864148020744324, 0.9295316934585571, 1.8239768743515015, 0.978395938873291, 0.7793141603469849, 0.3408316373825073, -0.0046265460550785065, 1.4422993659973145, 1.1066615581512451, 0.7561947703361511, 1.4824421405792236, 0.08623304963111877, 0.6999176144599915]"
verbal irony,"[28, 4, 11, 10, 2, 14, 31, 6, 11, 12, 5, 21]",34,"[0.5602651834487915, 2.8510994911193848, 0.5211142301559448, 0.024847429245710373, 0.5837402939796448, 2.323974370956421, 1.4491509199142456, 1.2380332946777344, 0.5000688433647156, 0.6874123215675354, 0.02663079835474491, 0.4051741361618042, 0.895296573638916, 1.4476393461227417, -0.0037254737690091133, 0.8948154449462891, 1.4908603429794312, 1.1106759309768677, 0.09891317784786224, 2.393380880355835, 0.741753339767456, 0.3132641315460205, 0.625805675983429, 0.44402581453323364, 1.0885566473007202, 1.6130865812301636, 1.583188772201538, 1.7226279973983765, 1.7210317850112915, 1.8594294786453247, 1.9044628143310547, 1.0691161155700684, 1.7219635248184204, 1.3759526014328003, 1.4658949375152588, 0.4351043105125427, 0.5483438968658447, 0.743886411190033, 0.0216502845287323, 0.16158798336982727, 0.40372633934020996, 0.5849241614341736, 0.24065138399600983, 0.9982651472091675, 1.8593919277191162, 0.7720962762832642, 2.7658908367156982, 1.7476025819778442, 2.5812833309173584, 1.7464635372161865, 0.029007526114583015, 0.45509955286979675, 1.1657195091247559, 1.6106235980987549, 2.111027956008911, 0.31411781907081604, 0.6890304088592529, 0.0015894286334514618, 1.3949335813522339, 0.17685851454734802, 0.12062188982963562, 1.0964027643203735, 0.004268646240234375, 0.21400153636932373]"
adjacent,"[2, 20, 23, 2, 18, 4, 5, 8]",34,"[0.4763246178627014, 2.092052698135376, 0.7444925904273987, 0.10739351809024811, 0.6158579587936401, 1.4861719608306885, 0.8560857176780701, 0.8590878248214722, 0.8699049949645996, 0.453468918800354, 0.010637192986905575, 0.7789233922958374, 0.777036190032959, 0.983569860458374, -0.0061308336444199085, 1.6852259635925293, 1.2175865173339844, 0.6278125047683716, 0.07000207901000977, 1.5051919221878052, 1.0327175855636597, 0.8167117834091187, 0.5310958027839661, 0.46473532915115356, 0.6851571798324585, 1.1637983322143555, 0.9586000442504883, 1.2914087772369385, 0.9782521724700928, 1.1970386505126953, 1.4459036588668823, 0.8743768930435181, 1.3649659156799316, 0.8193520307540894, 0.8734765648841858, 0.3700735569000244, 1.1647354364395142, 0.817199170589447, 0.022583067417144775, 0.2561618387699127, 1.1527338027954102, 0.44829991459846497, 0.3732992112636566, 0.5728055238723755, 1.2018870115280151, 0.4867120087146759, 2.042638063430786, 1.0485343933105469, 1.8609163761138916, 1.1574218273162842, 0.03904988616704941, 0.6309307813644409, 0.987501323223114, 1.3156911134719849, 1.253879427909851, 0.4047538936138153, 0.42471492290496826, -0.012943737208843231, 1.0318530797958374, 0.6766683459281921, 0.5422995686531067, 1.1377021074295044, 0.04397506266832352, 0.34017565846443176]"
anticipate,"[2, 5, 8, 6, 18, 6, 3, 2, 8, 4]",34,"[0.3768806755542755, 2.461956262588501, 1.1449859142303467, 0.11097230017185211, 0.6668608784675598, 1.2371519804000854, 0.608260989189148, 0.9787514209747314, 1.23428475856781, 0.38897809386253357, 0.022135848179459572, 1.3248177766799927, 1.0989224910736084, 0.7950223088264465, -0.004789499565958977, 2.6146388053894043, 1.5259026288986206, 0.43855127692222595, 0.05581216886639595, 1.1597295999526978, 1.546791434288025, 1.3414307832717896, 0.4465315043926239, 0.34074389934539795, 0.43068474531173706, 1.387924075126648, 0.7295054197311401, 1.4115387201309204, 0.6067664623260498, 1.0495426654815674, 1.609744668006897, 0.9004992246627808, 1.571023941040039, 0.4579657018184662, 0.544999361038208, -0.0028415247797966003, 1.97564697265625, 1.0874214172363281, 0.06941325217485428, 0.38457149267196655, 1.8580830097198486, 0.44656258821487427, 0.3140503466129303, 0.42961519956588745, 1.1016751527786255, 0.4295903444290161, 2.4613451957702637, 0.8513525724411011, 2.18491530418396, 1.1806942224502563, 0.03792561590671539, 1.0159295797348022, 1.29791259765625, 1.512670874595642, 0.7999587059020996, 0.23674561083316803, 0.3951262831687927, -0.01246803067624569, 1.1664810180664062, 0.998508632183075, 0.9258531928062439, 1.6654144525527954, 0.04864189773797989, 0.1228720173239708]"
antithesis,"[2, 5, 8, 6, 8, 9, 4, 7, 6, 7]",34,"[0.4742773473262787, 2.251317024230957, 1.3177073001861572, 0.07238399982452393, 0.5159773230552673, 1.3354847431182861, 0.7186910510063171, 0.8322461843490601, 1.4073008298873901, 0.4536629319190979, 0.024482065811753273, 1.3274672031402588, 1.1782629489898682, 0.7214126586914062, -0.0079193115234375, 2.5702297687530518, 1.161489725112915, 0.42337414622306824, 0.042802147567272186, 1.3852312564849854, 1.7811435461044312, 1.2878726720809937, 0.4165034890174866, 0.5356253981590271, 0.7565302848815918, 1.1628798246383667, 1.0478464365005493, 1.2230843305587769, 0.8551409244537354, 1.2963712215423584, 1.3776824474334717, 0.8194607496261597, 1.3186047077178955, 0.531671404838562, 0.7379401326179504, 0.047688793390989304, 1.9633089303970337, 1.0338010787963867, 0.09997318685054779, 0.31734126806259155, 1.7070528268814087, 0.2987554669380188, 0.4632958769798279, 0.6737138032913208, 1.207968831062317, 0.3229653537273407, 2.296395778656006, 1.0685522556304932, 2.1978070735931396, 1.2548418045043945, 0.04672336205840111, 0.5847103595733643, 0.9282946586608887, 1.4296284914016724, 1.0303865671157837, 0.37502777576446533, 0.2777784466743469, 0.017615865916013718, 1.1630966663360596, 0.825686514377594, 0.649488091468811, 1.2310885190963745, 0.028779543936252594, 0.18391060829162598]"
assonance,"[2, 7, 7, 12, 5, 2, 5, 18, 4]",34,"[0.3899063467979431, 2.700108528137207, 0.7035476565361023, 0.043807413429021835, 0.6833502650260925, 1.6397967338562012, 0.9324466586112976, 1.0419145822525024, 0.6842352747917175, 0.624575138092041, 0.03883777931332588, 0.7865613698959351, 0.9842977523803711, 1.050618290901184, 0.0025968020781874657, 1.5801907777786255, 1.5801290273666382, 0.6874988079071045, 0.08024636656045914, 1.6665849685668945, 0.9134616851806641, 0.70131516456604, 0.5120232701301575, 0.29852622747421265, 0.6308714151382446, 1.5883246660232544, 1.0538469552993774, 1.5810178518295288, 1.0811774730682373, 1.3658758401870728, 1.8264743089675903, 1.0737203359603882, 1.7124881744384766, 0.793685793876648, 0.8851776719093323, 0.2865923345088959, 1.0780088901519775, 0.9066537022590637, 0.040908798575401306, 0.24305827915668488, 1.0270267724990845, 0.5227005481719971, 0.19583290815353394, 0.5946192741394043, 1.4723042249679565, 0.5436338186264038, 2.514735221862793, 1.1978288888931274, 2.251970052719116, 1.3133059740066528, -0.007543545216321945, 0.7545854449272156, 1.2786056995391846, 1.5515295267105103, 1.2678170204162598, 0.18376712501049042, 0.5345020294189453, 0.0003179088234901428, 1.2930831909179688, 0.5614296197891235, 0.6293899416923523, 1.5345286130905151, 0.014831557869911194, 0.21881815791130066]"
cliché,"[18, 14, 6, 18, 9, 0]",34,"[0.04089684784412384, 1.8846502304077148, 0.8365896940231323, 0.0021277889609336853, 0.12907522916793823, 1.1993248462677002, 0.7920787334442139, 0.5543411374092102, 1.022471308708191, 0.8103558421134949, 0.05617872253060341, 0.4941752851009369, 0.6348999738693237, 0.4865092933177948, -0.006671099923551083, 1.343257188796997, 1.275558590888977, 0.5144822001457214, 0.05862830951809883, 1.2775120735168457, 1.1390364170074463, 0.5078908205032349, 0.17557774484157562, 0.21052251756191254, 0.5589631199836731, 1.467789649963379, 1.0292439460754395, 0.7659375667572021, 0.7532916069030762, 1.1086924076080322, 0.7701175212860107, 1.3410720825195312, 1.6142876148223877, 0.6035587787628174, 0.5733973979949951, 0.1168753132224083, 0.9207468628883362, 0.21390359103679657, 0.20598390698432922, 0.24270299077033997, 0.8931676149368286, 0.5210309028625488, 0.3464035391807556, 0.6453852653503418, 1.095850944519043, 0.24786220490932465, 1.8602062463760376, 1.300480842590332, 1.5521262884140015, 1.214804768562317, 0.048448871821165085, 0.2389756590127945, 0.756389319896698, 0.6948928833007812, 1.3103424310684204, 0.08987870812416077, 0.489848256111145, 0.019261684268712997, 0.6013197302818298, 0.11729295551776886, 0.18577761948108673, 0.5560535192489624, -0.019409604370594025, 0.05311264842748642]"
consonance,"[18, 12, 5, 7, 12, 5, 2, 5, 18, 4]",34,"[0.15666644275188446, 2.6241567134857178, 0.9004088044166565, 0.09392797946929932, 0.5878497958183289, 1.331984519958496, 0.7268926501274109, 0.9579242467880249, 0.9960663914680481, 0.6908212900161743, 0.04359118640422821, 1.0122222900390625, 0.8830773830413818, 0.7619178891181946, -0.003754381323233247, 2.1783711910247803, 1.7623416185379028, 0.4705379009246826, 0.07389754056930542, 1.2932660579681396, 1.2378225326538086, 0.9890458583831787, 0.32857340574264526, 0.10161004960536957, 0.336131751537323, 1.7462188005447388, 0.811485767364502, 1.3548164367675781, 0.6445131301879883, 1.0901975631713867, 1.6000194549560547, 1.287543773651123, 1.9278712272644043, 0.5725361704826355, 0.5057441592216492, 0.07254916429519653, 1.5045344829559326, 0.7931073307991028, 0.04468170553445816, 0.3787808418273926, 1.538180947303772, 0.5833955407142639, 0.1313672810792923, 0.4250788390636444, 1.2031278610229492, 0.40803787112236023, 2.510737657546997, 1.1094179153442383, 2.116481304168701, 1.2478913068771362, 0.01415872760117054, 0.9671981334686279, 1.3839077949523926, 1.3107982873916626, 1.0429470539093018, 0.06610290706157684, 0.5041897892951965, 0.009128198027610779, 1.049617886543274, 0.7664374113082886, 0.894496500492096, 1.5860847234725952, 0.03948652744293213, 0.1509542167186737]"
diction,"[20, 6, 18, 8, 6, 12, 5]",34,"[0.2559358477592468, 2.3147099018096924, 1.020157814025879, 0.07023188471794128, 0.5178825259208679, 1.3003363609313965, 0.7346890568733215, 0.8809412717819214, 1.1693873405456543, 0.5081495642662048, 0.029247252270579338, 1.0571335554122925, 0.9211592674255371, 0.724129319190979, -0.007265009917318821, 2.1343348026275635, 1.43141508102417, 0.4516131281852722, 0.06283663213253021, 1.3147547245025635, 1.396531105041504, 1.0346894264221191, 0.3602709174156189, 0.27559319138526917, 0.49894899129867554, 1.4362503290176392, 0.9072868227958679, 1.1910890340805054, 0.7206945419311523, 1.1576392650604248, 1.3830077648162842, 0.992160439491272, 1.5417215824127197, 0.5957171320915222, 0.5769809484481812, 0.06307678669691086, 1.5419434309005737, 0.7878492474555969, 0.11719292402267456, 0.32816487550735474, 1.4930719137191772, 0.4657084345817566, 0.315910667181015, 0.5081855058670044, 1.1657521724700928, 0.3900860548019409, 2.303380012512207, 1.0789837837219238, 2.0346453189849854, 1.2233890295028687, 0.03632037341594696, 0.7526419758796692, 1.1124943494796753, 1.262008547782898, 1.047241449356079, 0.1475573182106018, 0.4135776162147522, -0.004028774797916412, 0.995145320892334, 0.695361316204071, 0.6442193388938904, 1.314896583557129, 0.010910455137491226, 0.11125895380973816]"
diligent,"[20, 6, 14, 6, 17, 4, 5, 8]",34,"[0.4062332212924957, 1.7263495922088623, 1.5377517938613892, 0.24471600353717804, 0.6348513960838318, 0.7182226181030273, 0.2660526633262634, 0.6641796231269836, 1.9283119440078735, 0.15939679741859436, 0.0011755707673728466, 1.7554558515548706, 1.058160424232483, 0.4053567945957184, -0.001199487131088972, 3.490715742111206, 0.9410116672515869, 0.12170116603374481, 0.0212448351085186, 0.6895298957824707, 2.278329372406006, 1.9045450687408447, 0.41022881865501404, 0.5601963996887207, 0.4123810827732086, 0.8829183578491211, 0.4533618688583374, 0.9842089414596558, 0.28892040252685547, 0.7139617800712585, 1.1510303020477295, 0.5169089436531067, 0.9436310529708862, 0.16826337575912476, 0.2666364014148712, -0.07446891814470291, 2.725208044052124, 1.1060612201690674, 0.18809843063354492, 0.521669864654541, 2.7316439151763916, 0.18101418018341064, 0.6631108522415161, 0.24718309938907623, 0.674327552318573, 0.23367567360401154, 1.756726861000061, 0.42670708894729614, 1.6105972528457642, 0.7386547923088074, 0.09842388331890106, 0.9298455715179443, 0.9038134217262268, 1.2751847505569458, 0.28349584341049194, 0.49182653427124023, 0.09752494096755981, -0.009378543123602867, 0.933039128780365, 1.408416986465454, 1.1244598627090454, 1.382593035697937, 0.11088347434997559, 0.3724757134914398]"
ethos,"[4, 8, 9, 12, 7]",34,"[0.37023428082466125, 1.2945529222488403, 1.5617831945419312, 0.21084411442279816, 0.640125036239624, 0.40979692339897156, 0.1132933720946312, 0.4582814574241638, 2.056032419204712, 0.1412331759929657, 0.016125397756695747, 1.8050247430801392, 0.9924769401550293, 0.21280856430530548, -0.006529058795422316, 3.614417791366577, 0.6627370119094849, 0.003342561423778534, -0.006077896803617477, 0.3983737826347351, 2.37469482421875, 1.963910698890686, 0.4647362232208252, 0.6996135711669922, 0.34853222966194153, 0.5869355201721191, 0.2939780056476593, 0.7611912488937378, 0.13796576857566833, 0.5301194190979004, 0.9046075344085693, 0.3397652506828308, 0.6539050340652466, -0.017552321776747704, 0.10343970358371735, 0.006361149251461029, 2.8743388652801514, 1.0528323650360107, 0.28100693225860596, 0.47893792390823364, 2.765934944152832, 0.08685366064310074, 0.88385409116745, 0.15344813466072083, 0.48934829235076904, 0.11374849826097488, 1.300316333770752, 0.22389107942581177, 1.3020939826965332, 0.4660438299179077, 0.09268780052661896, 0.771303653717041, 0.6867321729660034, 1.0240837335586548, 0.020573660731315613, 0.5760148167610168, 0.028112541884183884, 0.004093330353498459, 0.7603052258491516, 1.437582015991211, 1.171201467514038, 1.14760160446167, 0.08080093562602997, 0.41455766558647156]"
euphemism,"[4, 13, 3, 9, 4, 19, 6, 7, 19]",34,"[0.521540105342865, 2.2471535205841064, 1.0846673250198364, 0.1172713190317154, 0.6009935140609741, 1.4656329154968262, 0.8309420943260193, 0.9136972427368164, 1.24825119972229, 0.4371632933616638, 0.02048264443874359, 1.1220283508300781, 1.0374581813812256, 0.8914573192596436, -0.0042289625853300095, 2.242764949798584, 1.160239338874817, 0.5785090923309326, 0.039387382566928864, 1.502761960029602, 1.5881086587905884, 1.13681960105896, 0.5433232188224792, 0.536083459854126, 0.7698937654495239, 1.2061103582382202, 1.0607175827026367, 1.3185986280441284, 0.9948328733444214, 1.3065259456634521, 1.503766655921936, 0.77870774269104, 1.3268076181411743, 0.7057672739028931, 0.8664707541465759, 0.17953917384147644, 1.639724612236023, 0.9268511533737183, 0.08808374404907227, 0.29857462644577026, 1.5493029356002808, 0.3709288537502289, 0.4637209177017212, 0.692741870880127, 1.2587034702301025, 0.4782179892063141, 2.262251138687134, 1.099679708480835, 2.1147918701171875, 1.2544608116149902, 0.057266876101493835, 0.6335799098014832, 1.0044797658920288, 1.4397238492965698, 1.1713907718658447, 0.40658557415008545, 0.35171252489089966, 0.011662594974040985, 1.174896001815796, 0.7296119928359985, 0.6048718094825745, 1.2241815328598022, 0.04590054601430893, 0.2728702127933502]"
exempt,"[4, 27, 4, 19, 3, 8]",34,"[0.3558818995952606, 2.5318987369537354, 0.9507332444190979, 0.13856634497642517, 0.8806187510490417, 1.254960536956787, 0.5441784262657166, 1.1483471393585205, 1.1174668073654175, 0.313759982585907, 0.013016190379858017, 1.382978916168213, 1.0640877485275269, 0.8807997703552246, 0.0004965341649949551, 2.5079996585845947, 1.5580902099609375, 0.5234885215759277, 0.049504511058330536, 1.1452274322509766, 1.444105863571167, 1.4122682809829712, 0.5337241291999817, 0.2650620639324188, 0.28763246536254883, 1.3843903541564941, 0.6243693828582764, 1.5939033031463623, 0.5796823501586914, 0.9661070704460144, 1.938345193862915, 0.6170231103897095, 1.496147632598877, 0.5150226354598999, 0.48462975025177, -0.022256135940551758, 1.934170126914978, 1.2210367918014526, 0.06398412585258484, 0.374521940946579, 1.9369208812713623, 0.45360714197158813, 0.3380086421966553, 0.2677494287490845, 1.0579439401626587, 0.5783901214599609, 2.475796699523926, 0.5862323045730591, 2.2317655086517334, 1.066577672958374, 0.025237303227186203, 1.2452787160873413, 1.4719223976135254, 1.6678311824798584, 0.577414870262146, 0.21486806869506836, 0.414352148771286, 0.013027254492044449, 1.23779296875, 1.20737624168396, 1.109527826309204, 1.938714861869812, 0.097731813788414, 0.2095603048801422]"
free verse,"[22, 11, 4, 4, 31, 28, 4, 11, 7, 4]",34,"[0.7969865202903748, 1.7564873695373535, 0.7552547454833984, -0.0017402097582817078, 0.24973919987678528, 2.009711980819702, 1.2046024799346924, 0.4700917601585388, 0.6901112198829651, 0.5685223937034607, 0.03622344881296158, 0.3988747000694275, 0.9616879224777222, 0.9446125030517578, 9.939633309841156e-05, 0.8056309223175049, 0.62186598777771, 0.7676022052764893, 0.06273089349269867, 2.2018513679504395, 1.0893511772155762, 0.2861149311065674, 0.4612204134464264, 1.0392361879348755, 1.5801180601119995, 0.8206232786178589, 1.6860350370407104, 1.1214102506637573, 1.777445912361145, 1.894546389579773, 1.0423165559768677, 0.7761965990066528, 0.9523066282272339, 1.077763319015503, 1.5317037105560303, 0.7702435255050659, 0.5637894868850708, 0.6791528463363647, 0.14229562878608704, 0.1244533583521843, 0.2697238624095917, 0.181379035115242, 0.6968992948532104, 1.1819981336593628, 1.5508947372436523, 0.3688065707683563, 1.8501019477844238, 1.7205637693405151, 1.874493956565857, 1.2584012746810913, 0.03337367624044418, -0.21634292602539062, 0.20867501199245453, 1.2970328330993652, 2.056974172592163, 0.8081945180892944, 0.26973527669906616, 0.010074816644191742, 1.143934726715088, 0.06473218649625778, -0.2080790251493454, 0.2756640315055847, -0.01467856764793396, 0.4165838956832886]"
jargon,"[23, 2, 11, 17, 12, 5]",34,"[0.4071182608604431, 2.3945512771606445, 0.7662860751152039, 0.04826783761382103, 0.8172378540039062, 1.3331959247589111, 0.6962127685546875, 1.0888561010360718, 0.8757781982421875, 0.30594250559806824, 0.00604679249227047, 1.072810411453247, 0.9916365146636963, 0.9277145266532898, -0.0028704546857625246, 2.0624032020568848, 1.3826730251312256, 0.5002396106719971, 0.051777783781290054, 1.34975004196167, 1.149631381034851, 1.05137300491333, 0.4811054766178131, 0.29948559403419495, 0.49000319838523865, 1.3180768489837646, 0.8304785490036011, 1.5015650987625122, 0.7436786890029907, 1.1024717092514038, 1.7570881843566895, 0.5993241667747498, 1.3333276510238647, 0.6066487431526184, 0.6130534410476685, 0.0995011031627655, 1.5823887586593628, 1.0593950748443604, 0.09147275984287262, 0.2943120002746582, 1.4620089530944824, 0.4285900592803955, 0.317693293094635, 0.3870565593242645, 1.227421522140503, 0.5015367269515991, 2.3997867107391357, 0.8758703470230103, 2.17474627494812, 1.0623260736465454, 0.024926763027906418, 0.9571043848991394, 1.2812271118164062, 1.5721218585968018, 0.8862119913101196, 0.1827087253332138, 0.4130278527736664, -0.0014509446918964386, 1.2157355546951294, 1.001339077949524, 0.8724871873855591, 1.636431097984314, 0.00825195387005806, 0.19109776616096497]"
logos,"[14, 12, 17, 12, 7]",34,"[0.3673970401287079, 1.325889229774475, 1.4677824974060059, 0.22606559097766876, 0.7646194100379944, 0.3751756250858307, 0.08126012980937958, 0.5370101928710938, 1.9203423261642456, 0.10677095502614975, -0.0011155807878822088, 1.8328207731246948, 0.9793709516525269, 0.22168533504009247, -0.003641855902969837, 3.7366015911102295, 0.7797600030899048, -0.03187090903520584, -0.009308557957410812, 0.31081682443618774, 2.204676628112793, 2.008969783782959, 0.48266199231147766, 0.6181796193122864, 0.23769047856330872, 0.6640129089355469, 0.1667979657649994, 0.8297585248947144, 0.036317646503448486, 0.428255558013916, 1.0462462902069092, 0.295297771692276, 0.6962236166000366, -0.04092533141374588, -0.005490154027938843, 0.018025048077106476, 2.9308712482452393, 1.1667730808258057, 0.1978815793991089, 0.5109862089157104, 2.845707654953003, 0.12183921039104462, 0.790019690990448, 0.025745302438735962, 0.4075554609298706, 0.13108506798744202, 1.3686546087265015, 0.10834306478500366, 1.3265753984451294, 0.38215887546539307, 0.07080735266208649, 1.0111078023910522, 0.8197171092033386, 1.0612937211990356, -0.09800311177968979, 0.5692417025566101, 0.018314434215426445, -0.00017138943076133728, 0.8195433020591736, 1.6243551969528198, 1.393356204032898, 1.345668077468872, 0.09274868667125702, 0.44040149450302124]"
meter,"[19, 4, 8, 4, 11]",34,"[0.542283833026886, 1.717145323753357, 1.3653813600540161, 0.09140174090862274, 0.5849864482879639, 0.8707731366157532, 0.3721560537815094, 0.6083336472511292, 1.4506734609603882, 0.19095942378044128, 0.0017094085924327374, 1.5509012937545776, 1.260959267616272, 0.4230615794658661, -0.0019240397959947586, 2.921815872192383, 0.8756461143493652, 0.10482459515333176, 0.013499312102794647, 0.9388192296028137, 1.8469834327697754, 1.5811549425125122, 0.3879791796207428, 0.6703914999961853, 0.5985731482505798, 0.7106539011001587, 0.6967664361000061, 1.0603777170181274, 0.5043078660964966, 0.9841870069503784, 1.2199029922485352, 0.37176012992858887, 0.8333756923675537, 0.17217783629894257, 0.43198275566101074, -0.01655501127243042, 2.2639729976654053, 1.2339072227478027, 0.14467225968837738, 0.31711870431900024, 1.962357521057129, 0.13167667388916016, 0.5733615159988403, 0.429622620344162, 0.8468340635299683, 0.164631649851799, 1.874305009841919, 0.524162769317627, 1.8449537754058838, 0.7853875160217285, 0.03272739052772522, 0.58526611328125, 0.7483559846878052, 1.4356883764266968, 0.32046541571617126, 0.5174695253372192, 0.09586749970912933, 0.015737198293209076, 1.1116911172866821, 1.1187560558319092, 0.8608518838882446, 1.324305534362793, 0.03401947021484375, 0.2739831805229187]"
morpheme,"[19, 12, 11, 3, 9, 4, 19, 4]",34,"[0.7271536588668823, 2.0144476890563965, 1.174092411994934, 0.19040299952030182, 0.7293209433555603, 1.3752473592758179, 0.6944299936294556, 0.8228858709335327, 1.2098016738891602, 0.16918233036994934, 0.003215784439817071, 1.4254868030548096, 1.2289565801620483, 0.8580766916275024, -0.00773746520280838, 2.3688442707061768, 0.918147087097168, 0.4104001224040985, 0.03919754549860954, 1.450259804725647, 1.6097309589385986, 1.3899641036987305, 0.5634711980819702, 0.7709767818450928, 0.8289712071418762, 0.803168773651123, 1.0266491174697876, 1.3881301879882812, 0.9864213466644287, 1.336645483970642, 1.5695343017578125, 0.3090883195400238, 0.9229650497436523, 0.5419812798500061, 0.8667929172515869, 0.06628584116697311, 1.8803431987762451, 1.2895760536193848, 0.07783599197864532, 0.25574612617492676, 1.6794716119766235, 0.23840230703353882, 0.5935893654823303, 0.6575952768325806, 1.2145819664001465, 0.4359765648841858, 2.2281110286712646, 0.878756582736969, 2.156748056411743, 1.0026799440383911, 0.03671520948410034, 0.6706936955451965, 0.8555446267127991, 1.7433832883834839, 0.8998249769210815, 0.6364540457725525, 0.23177334666252136, 0.010886959731578827, 1.330776572227478, 1.0606389045715332, 0.7288291454315186, 1.410570740699768, 0.10820642113685608, 0.3745315372943878]"
oxymoron,"[12, 27, 21, 19, 12, 11, 12, 5]",34,"[0.3042828142642975, 2.443950891494751, 1.2809247970581055, 0.24455906450748444, 0.9987854957580566, 0.918967068195343, 0.2022203952074051, 1.0678232908248901, 1.657109022140503, 0.26287850737571716, -0.004654517397284508, 1.840528964996338, 1.126129150390625, 0.624824047088623, -0.007460260763764381, 3.719165563583374, 1.614534616470337, 0.21609950065612793, 0.025700416415929794, 0.6598934531211853, 1.9717600345611572, 1.9931904077529907, 0.4717029631137848, 0.26217156648635864, 0.06006691977381706, 1.37125563621521, 0.24076426029205322, 1.5098681449890137, 0.058195896446704865, 0.6391305327415466, 1.8856748342514038, 0.6542506814002991, 1.5205681324005127, 0.19461169838905334, 0.04886847734451294, -0.09213250130414963, 2.8867835998535156, 1.4604977369308472, 0.07758412510156631, 0.5842359066009521, 2.9332897663116455, 0.3841005563735962, 0.4914748966693878, -0.007686898112297058, 0.7036222815513611, 0.35528314113616943, 2.366867780685425, 0.2062179446220398, 2.07840633392334, 0.7901735901832581, 0.0677194744348526, 1.632171630859375, 1.5679738521575928, 1.6621909141540527, 0.08338623493909836, 0.30771511793136597, 0.2467145025730133, 0.0005680248141288757, 1.1640278100967407, 1.8952014446258545, 1.7652195692062378, 2.2201240062713623, 0.14602884650230408, 0.32106250524520874]"
paradox,"[3, 2, 11, 2, 20, 12, 27]",34,"[0.2932486832141876, 1.2876511812210083, 1.6365023851394653, 0.4586699306964874, 0.6532593965530396, 0.5357716679573059, 0.11892339587211609, 0.4770165681838989, 2.4884722232818604, 0.2406524419784546, 0.00611677672713995, 1.8709830045700073, 0.7586257457733154, 0.2532195746898651, -0.0038646406028419733, 3.917825698852539, 0.8875576257705688, 0.0992221087217331, 0.007360382005572319, 0.39723220467567444, 2.654973268508911, 2.2170934677124023, 0.466072142124176, 0.704361081123352, 0.3004109263420105, 0.7846575975418091, 0.23992376029491425, 0.6835421323776245, 0.021064333617687225, 0.4236094355583191, 0.8143349885940552, 0.6207215189933777, 0.9682691097259521, 0.13651122152805328, 0.05961935222148895, 0.07305958867073059, 3.1355860233306885, 0.8845754265785217, 0.28992006182670593, 0.6968401670455933, 3.4406344890594482, 0.22846227884292603, 1.0242595672607422, 0.09573805332183838, 0.4054322838783264, 0.1598946899175644, 1.344414234161377, 0.3126301169395447, 1.1673660278320312, 0.47854292392730713, 0.12688034772872925, 0.9283646941184998, 0.7178109288215637, 0.8271187543869019, 0.255414217710495, 0.6895301938056946, 0.12234702706336975, -0.017607372254133224, 0.6212915778160095, 1.669474482536316, 1.3257139921188354, 1.1216920614242554, 0.2559379041194916, 0.615104615688324]"
pathos,"[3, 2, 8, 9, 12, 7]",34,"[0.34711071848869324, 1.8736659288406372, 1.2121092081069946, 0.12969517707824707, 0.6837292909622192, 0.9969960451126099, 0.4920015037059784, 0.7992154359817505, 1.4802861213684082, 0.35558828711509705, 0.017081942409276962, 1.3523913621902466, 0.9201076030731201, 0.5757943987846375, -0.004712516441941261, 2.743027448654175, 1.199378490447998, 0.34834471344947815, 0.030459480360150337, 0.9262145757675171, 1.722172737121582, 1.406441569328308, 0.4859059453010559, 0.47653788328170776, 0.42473137378692627, 1.077920913696289, 0.62334144115448, 1.097694993019104, 0.47841137647628784, 0.8447809815406799, 1.2717385292053223, 0.7007921934127808, 1.2179031372070312, 0.3760758638381958, 0.3924642503261566, 0.1435876339673996, 2.0886073112487793, 0.9460278153419495, 0.12282367795705795, 0.40906745195388794, 2.0276246070861816, 0.3676307797431946, 0.5711596012115479, 0.34180861711502075, 0.8972131013870239, 0.3085630536079407, 1.8945692777633667, 0.635533332824707, 1.7723655700683594, 0.9087672829627991, 0.04928723722696304, 0.8504937887191772, 0.9841916561126709, 1.1621795892715454, 0.5957341194152832, 0.39692452549934387, 0.2994554340839386, -0.00015773624181747437, 0.9287187457084656, 1.0920097827911377, 0.9009114503860474, 1.3070263862609863, 0.03867322951555252, 0.2676418423652649]"
pun,"[3, 13, 5]",34,"[0.14099448919296265, 1.9925932884216309, 0.832535445690155, -0.007093604654073715, 0.433126300573349, 0.9121275544166565, 0.4794619083404541, 0.6525650024414062, 0.8520384430885315, 0.43181687593460083, 0.024134371429681778, 1.0212843418121338, 0.9866491556167603, 0.39432021975517273, -0.0035141732078045607, 1.8784116506576538, 1.1881675720214844, 0.23162806034088135, 0.05697494000196457, 0.8677089810371399, 1.1486592292785645, 0.975293755531311, 0.18390530347824097, 0.13417349755764008, 0.19322027266025543, 1.234699010848999, 0.6649171113967896, 1.0661605596542358, 0.4138264060020447, 0.7987710237503052, 1.191455602645874, 0.8670675754547119, 1.3496413230895996, 0.2756158113479614, 0.27933934330940247, -0.12403494864702225, 1.4729610681533813, 0.8732932209968567, 0.1619914472103119, 0.33806926012039185, 1.3812822103500366, 0.4007111191749573, 0.21279683709144592, 0.3331955373287201, 0.921113133430481, 0.14036677777767181, 1.8939263820648193, 0.7802437543869019, 1.682767391204834, 0.8955836892127991, -0.002274986356496811, 0.7874999642372131, 1.0881305932998657, 1.2045458555221558, 0.6015451550483704, 0.04975627362728119, 0.3158763647079468, -0.001955842599272728, 0.8180500864982605, 0.7932396531105042, 0.8304482698440552, 1.3399670124053955, -0.006334204226732254, 0.05553498864173889]"
register,"[11, 4, 17, 6, 7, 8, 4, 11]",34,"[0.6836809515953064, 1.847314476966858, 1.4739503860473633, 0.09987746179103851, 0.6154501438140869, 1.1452568769454956, 0.5857880711555481, 0.6949522495269775, 1.6438654661178589, 0.20231837034225464, -0.002315316116437316, 1.605906367301941, 1.285625696182251, 0.6063224077224731, 0.0009186211973428726, 3.079348087310791, 0.8290766477584839, 0.2530514597892761, 0.016316549852490425, 1.2485685348510742, 2.0108463764190674, 1.6224284172058105, 0.5327764749526978, 0.8298366069793701, 0.8456375002861023, 0.7406896352767944, 0.9349462389945984, 1.159293532371521, 0.7678191661834717, 1.2166823148727417, 1.3101930618286133, 0.3934084475040436, 0.8356887102127075, 0.3807772696018219, 0.7231476306915283, 0.07309677451848984, 2.3341357707977295, 1.2329856157302856, 0.10837230086326599, 0.2955709397792816, 2.023841381072998, 0.1660541146993637, 0.6429381966590881, 0.6305749416351318, 1.073007345199585, 0.2936764061450958, 2.0829989910125732, 0.8193880319595337, 2.0356414318084717, 0.9867188334465027, 0.06261825561523438, 0.5121036171913147, 0.7433198094367981, 1.498522400856018, 0.6889660358428955, 0.6234958171844482, 0.16346846520900726, 0.00923817977309227, 1.2215282917022705, 1.0270509719848633, 0.6991869211196899, 1.2178287506103516, 0.03329777717590332, 0.346744179725647]"
repetition,"[11, 4, 3, 4, 8, 6, 8, 6, 12, 5]",34,"[0.3930577039718628, 2.8617193698883057, 0.670123279094696, 0.033840764313936234, 0.8551756739616394, 1.6421154737472534, 0.8933030366897583, 1.2969690561294556, 0.6209216117858887, 0.3760886490345001, 0.0068574342876672745, 0.9632327556610107, 1.0474580526351929, 1.1609957218170166, -0.005167573690414429, 1.715916633605957, 1.6752426624298096, 0.7026351690292358, 0.09953880310058594, 1.6008926630020142, 0.8269459009170532, 0.8890076875686646, 0.547423779964447, 0.16333302855491638, 0.46424975991249084, 1.5198791027069092, 0.9590075016021729, 1.7928874492645264, 0.9943059682846069, 1.2854259014129639, 2.092653751373291, 0.7686367034912109, 1.5616204738616943, 0.819881796836853, 0.7805883288383484, 0.02229396253824234, 1.294677495956421, 1.1519099473953247, 0.02530515193939209, 0.28216174244880676, 1.1762802600860596, 0.536955714225769, 0.12261559814214706, 0.42725157737731934, 1.4290481805801392, 0.6523635983467102, 2.708477735519409, 0.9569963812828064, 2.520690441131592, 1.3366588354110718, -0.011259883642196655, 1.0745245218276978, 1.5429831743240356, 1.7969021797180176, 1.0212879180908203, 0.10109832137823105, 0.5232874155044556, -0.00529291108250618, 1.374385118484497, 0.8630689382553101, 0.7610360383987427, 1.9241197109222412, 0.014479149132966995, 0.12970024347305298]"
retrieve,"[11, 4, 8, 11, 6, 4, 28, 4]",34,"[1.0746886730194092, 2.1553235054016113, 1.1887328624725342, -0.02813980169594288, 0.5039528608322144, 1.7947603464126587, 0.9700493812561035, 0.761853039264679, 0.8875201344490051, 0.12241876125335693, -0.008602955378592014, 1.241984486579895, 1.6292264461517334, 0.9703513979911804, -0.0074633462354540825, 1.8262220621109009, 0.6107938289642334, 0.47770190238952637, 0.041161686182022095, 2.053133487701416, 1.3630166053771973, 1.0312273502349854, 0.5274683833122253, 1.0859863758087158, 1.467889666557312, 0.534793496131897, 1.626946210861206, 1.5192214250564575, 1.5207737684249878, 1.9483388662338257, 1.5611340999603271, 0.1450863480567932, 0.6394999027252197, 0.7194874882698059, 1.3640272617340088, 0.13316786289215088, 1.4972039461135864, 1.4702786207199097, 0.06741487234830856, 0.028648942708969116, 0.7769474983215332, 0.10389739274978638, 0.5722366571426392, 1.1153895854949951, 1.6106992959976196, 0.42386746406555176, 2.514894485473633, 1.3233357667922974, 2.5845749378204346, 1.23622727394104, -0.0016911737620830536, 0.1454153209924698, 0.5465326309204102, 2.0420608520507812, 1.3492870330810547, 0.760706901550293, 0.17832599580287933, 0.0026242397725582123, 1.675801157951355, 0.6367174386978149, 0.1645926684141159, 1.1601225137710571, -0.02314210683107376, 0.26904061436653137]"
rhetoric,"[11, 9, 4, 8, 12, 11, 6, 18]",34,"[0.24380668997764587, 1.7039819955825806, 1.554129958152771, 0.18418624997138977, 0.3646465241909027, 0.8806157112121582, 0.4963169991970062, 0.5104628801345825, 2.014103412628174, 0.5324252247810364, 0.03732829913496971, 1.4518860578536987, 0.9193222522735596, 0.307384729385376, -0.0018436559475958347, 3.2071292400360107, 1.0638847351074219, 0.1894197165966034, 0.026988714933395386, 0.8933982253074646, 2.3351879119873047, 1.5728764533996582, 0.34410521388053894, 0.5568035840988159, 0.5264732837677002, 1.1498452425003052, 0.7107678055763245, 0.7169655561447144, 0.3735189437866211, 0.9256815910339355, 0.8195011019706726, 0.9996956586837769, 1.3345378637313843, 0.3377727270126343, 0.3818846344947815, 0.06459026038646698, 2.36271595954895, 0.6605792045593262, 0.2445734590291977, 0.4553980231285095, 2.4195499420166016, 0.30283650755882263, 0.7194153666496277, 0.5237340331077576, 0.8467683792114258, 0.16720344126224518, 1.8337981700897217, 0.971576988697052, 1.592705249786377, 0.9953898191452026, 0.1056826263666153, 0.522294819355011, 0.7314542531967163, 0.8795498609542847, 0.8133097887039185, 0.41747361421585083, 0.22437503933906555, 0.01645466312766075, 0.6944680213928223, 0.9276528358459473, 0.7268127799034119, 0.8576375842094421, 0.06631205976009369, 0.27566203474998474]"
rhyme scheme,"[11, 9, 21, 19, 4, 31, 7, 18, 9, 4, 19, 4]",34,"[0.8223608732223511, 2.0492422580718994, 0.3870600759983063, 0.09876103699207306, 0.672051727771759, 2.430636405944824, 1.547697901725769, 0.9221640825271606, 0.5603691935539246, 0.7045543789863586, 0.024970730766654015, 0.07315729558467865, 0.6577545404434204, 1.5582447052001953, -0.0018019848503172398, 0.4738798439502716, 0.9663858413696289, 1.2085516452789307, 0.07734521478414536, 2.5027904510498047, 0.6175874471664429, 0.12917688488960266, 0.8671189546585083, 0.9374192953109741, 1.4993319511413574, 1.1069014072418213, 1.6390491724014282, 1.5192179679870605, 2.111269474029541, 1.9547666311264038, 1.6296429634094238, 0.8910204172134399, 1.254610300064087, 1.5687557458877563, 1.7371464967727661, 1.120886206626892, 0.20479100942611694, 0.6015999913215637, 0.030300192534923553, 0.11888715624809265, 0.2861030697822571, 0.5204220414161682, 0.6566424369812012, 1.1163804531097412, 1.8351879119873047, 0.7784016728401184, 2.010465621948242, 1.7093682289123535, 1.9475642442703247, 1.3879560232162476, 0.01575622148811817, 0.08884721249341965, 0.6446255445480347, 1.335305094718933, 2.2916488647460938, 0.7738062739372253, 0.6091517210006714, -0.020417403429746628, 1.2641499042510986, 0.061706628650426865, -0.03725966811180115, 0.60333251953125, 0.037019506096839905, 0.5865978002548218]"
scarce,"[7, 18, 2, 11, 18, 4]",34,"[0.2258719950914383, 2.015890598297119, 0.9909780621528625, 0.07267424464225769, 0.2893476188182831, 1.20560622215271, 0.7349927425384521, 0.5795372724533081, 1.1749649047851562, 0.6637799143791199, 0.055901940912008286, 0.843091607093811, 0.8218810558319092, 0.5804460048675537, -0.01030213013291359, 1.8638345003128052, 1.1774438619613647, 0.4273308515548706, 0.05562656745314598, 1.2935394048690796, 1.4493857622146606, 0.8555703163146973, 0.3127312660217285, 0.36393436789512634, 0.6358401775360107, 1.3084238767623901, 0.9837721586227417, 0.9301794767379761, 0.7735013961791992, 1.15536367893219, 0.979814887046814, 1.1467875242233276, 1.5274103879928589, 0.574949324131012, 0.6378926634788513, 0.2136559933423996, 1.315722107887268, 0.49591171741485596, 0.16031432151794434, 0.2752852737903595, 1.2223615646362305, 0.3576025068759918, 0.4338584244251251, 0.6106553077697754, 1.107417345046997, 0.2997804880142212, 1.893181562423706, 1.2114171981811523, 1.7501848936080933, 1.1578350067138672, 0.04438982903957367, 0.34112682938575745, 0.7871474623680115, 0.9530573487281799, 1.2391244173049927, 0.23017297685146332, 0.33169880509376526, 0.0035688094794750214, 0.7913694977760315, 0.38113975524902344, 0.40566033124923706, 0.8313407301902771, 0.013509191572666168, 0.2215251326560974]"
slang,"[7, 14, 2, 5, 17]",34,"[0.3638324439525604, 1.1722478866577148, 1.5138739347457886, 0.20681722462177277, 0.40071678161621094, 0.6759698987007141, 0.3792456090450287, 0.3774566352367401, 2.1293673515319824, 0.3307623267173767, 0.025061896070837975, 1.4050183296203613, 0.759482741355896, 0.3347267508506775, -0.005156410858035088, 3.030271291732788, 0.5813002586364746, 0.18320608139038086, 0.024426234886050224, 0.7658531665802002, 2.3421294689178467, 1.5805846452713013, 0.4027601182460785, 0.8108639717102051, 0.5821791291236877, 0.6447350978851318, 0.5944552421569824, 0.6199935674667358, 0.4050871729850769, 0.7018816471099854, 0.6782694458961487, 0.5657304525375366, 0.7104794383049011, 0.25858452916145325, 0.3805018961429596, 0.10432659834623337, 2.365452766418457, 0.664869487285614, 0.4456779956817627, 0.4795974791049957, 2.4254326820373535, 0.15540307760238647, 1.0041091442108154, 0.3500015437602997, 0.6575375199317932, 0.17182256281375885, 1.1830554008483887, 0.5747711062431335, 1.1244248151779175, 0.6181238889694214, 0.1326126754283905, 0.31964921951293945, 0.4519074857234955, 0.8025722503662109, 0.5104983448982239, 0.6533058285713196, 0.1593150943517685, 0.00649232417345047, 0.6349545121192932, 1.0359461307525635, 0.6935932040214539, 0.6569494009017944, 0.07126781344413757, 0.483730286359787]"
style,"[7, 8, 21, 14, 4]",34,"[0.7303338050842285, 1.552027940750122, 1.5570844411849976, 0.025349687784910202, 0.3571782112121582, 1.07785964012146, 0.4834226071834564, 0.3084328770637512, 1.5882127285003662, 0.2086450755596161, 0.01704169064760208, 1.5417656898498535, 1.425506591796875, 0.3533574640750885, -0.00021150941029191017, 2.785137414932251, 0.46680930256843567, 0.08556613326072693, 0.014226210303604603, 1.2347935438156128, 2.0196642875671387, 1.440001130104065, 0.3578515648841858, 1.0269290208816528, 1.048431634902954, 0.4994518458843231, 1.1011937856674194, 0.9506320953369141, 0.8611092567443848, 1.3397964239120483, 0.9429672956466675, 0.3355731964111328, 0.5644847750663757, 0.21416856348514557, 0.782615065574646, 0.09030495584011078, 2.1312201023101807, 1.2719969749450684, 0.20778518915176392, 0.2557688057422638, 1.719856858253479, 0.010438323020935059, 0.7487147450447083, 0.7839739322662354, 1.0333316326141357, 0.07662538439035416, 1.8383476734161377, 0.9588639736175537, 1.8737316131591797, 0.8585916757583618, 0.032224517315626144, 0.20822782814502716, 0.3758949041366577, 1.4227310419082642, 0.7537176012992859, 0.722227931022644, 8.506886661052704e-05, -0.0006445944309234619, 1.1379950046539307, 0.8563090562820435, 0.4979683756828308, 0.9167168736457825, -0.001096326857805252, 0.291626900434494]"
syntax,"[7, 21, 5, 8, 2, 27]",34,"[0.4420543611049652, 1.5624171495437622, 1.8889198303222656, 0.27113062143325806, 0.7086792588233948, 0.5240591168403625, 0.08299672603607178, 0.5610763430595398, 2.521775960922241, 0.21324628591537476, 0.02857866697013378, 2.093451738357544, 1.0670777559280396, 0.2653116285800934, -0.005017232149839401, 4.3758769035339355, 0.9615293741226196, 0.0038031265139579773, -0.006730714812874794, 0.4620782732963562, 2.8710405826568604, 2.320035696029663, 0.4627276062965393, 0.763756513595581, 0.45645734667778015, 0.8664387464523315, 0.3809114694595337, 0.9030534029006958, 0.08498996496200562, 0.5785273313522339, 1.0637191534042358, 0.5766823291778564, 0.9432715177536011, 0.00413669366389513, 0.1393338292837143, 0.006057076156139374, 3.47097110748291, 1.1725298166275024, 0.32145386934280396, 0.6403495669364929, 3.435520648956299, 0.18201526999473572, 0.9972789287567139, 0.1855398714542389, 0.547741711139679, 0.13823403418064117, 1.6448057889938354, 0.3576508164405823, 1.5111415386199951, 0.5866266489028931, 0.1245741993188858, 0.980951189994812, 0.8888395428657532, 1.1669288873672485, 0.19395828247070312, 0.6458166241645813, 0.06082585081458092, 0.0005720183253288269, 0.889797568321228, 1.7822723388671875, 1.410966396331787, 1.4003138542175293, 0.12752939760684967, 0.49958863854408264]"
voice,"[28, 12, 6, 18, 4]",34,"[0.6180339455604553, 1.4742728471755981, 1.397481083869934, 0.14179866015911102, 0.3812373876571655, 0.9725652933120728, 0.5017279386520386, 0.33709418773651123, 1.6169450283050537, 0.2921590805053711, 0.028173601254820824, 1.3757587671279907, 1.1024059057235718, 0.4298703968524933, -0.003949053585529327, 2.702383279800415, 0.5334125757217407, 0.15758207440376282, 0.02025270275771618, 1.0962555408477783, 2.003399133682251, 1.3968297243118286, 0.4028850197792053, 0.8881024122238159, 0.9485413432121277, 0.6198961734771729, 0.930723249912262, 0.817288875579834, 0.7840152978897095, 1.1168179512023926, 0.7909532189369202, 0.5847719311714172, 0.7524199485778809, 0.34410524368286133, 0.6980679631233215, 0.3046567738056183, 2.074073553085327, 0.9432601928710938, 0.16554594039916992, 0.31407487392425537, 1.8259327411651611, 0.029926761984825134, 0.7709063291549683, 0.632658839225769, 0.911923885345459, 0.12306079268455505, 1.530689001083374, 0.9439697265625, 1.6004079580307007, 0.801514744758606, 0.056414999067783356, 0.20781780779361725, 0.3784729242324829, 1.1267417669296265, 0.8919689059257507, 0.6816426515579224, 0.004662010818719864, -0.008330835029482841, 0.9338918328285217, 0.8606501221656799, 0.5533639192581177, 0.7537994384765625, 0.03653137385845184, 0.4433383345603943]"
acknowledge,"[2, 18, 16, 5, 12, 26, 14, 4, 20, 17, 4]",34,"[0.5137784481048584, 2.911638021469116, 0.4220574200153351, -0.007186338305473328, 0.5867890119552612, 2.4851648807525635, 1.6612838506698608, 1.3428988456726074, 0.3787230849266052, 0.8112332224845886, 0.027510974556207657, 0.22338630259037018, 0.7905181646347046, 1.5467643737792969, -0.0045467037707567215, 0.6326229572296143, 1.666265606880188, 1.260722279548645, 0.12075115740299225, 2.5993337631225586, 0.5435512065887451, 0.16740617156028748, 0.645522952079773, 0.4270552396774292, 1.1184899806976318, 1.7497812509536743, 1.7124383449554443, 1.6945840120315552, 1.8509891033172607, 2.0020675659179688, 2.016298294067383, 1.2090133428573608, 1.869323492050171, 1.577433705329895, 1.5675867795944214, 0.5046716928482056, 0.2931589186191559, 0.6507002115249634, 0.052994683384895325, 0.10769319534301758, 0.15890052914619446, 0.727233350276947, 0.21346598863601685, 1.0775185823440552, 2.012350082397461, 0.8484901785850525, 2.89127254486084, 1.943624496459961, 2.61118221282959, 1.8929234743118286, 0.010755999013781548, 0.4317667484283447, 1.2142893075942993, 1.5800212621688843, 2.4138150215148926, 0.32871946692466736, 0.8128826022148132, 0.02059388905763626, 1.3849822282791138, 0.1009746789932251, 0.027967244386672974, 1.0346468687057495, -0.002008426934480667, 0.16588598489761353]"
annotate,"[2, 5, 5, 12, 8, 2, 8, 4]",34,"[0.6891415119171143, 2.780352830886841, 0.7421079874038696, 0.01566554233431816, 0.9059835076332092, 1.6465811729431152, 0.8756452798843384, 1.2604297399520874, 0.5783746838569641, 0.22557497024536133, -0.0035140698309987783, 1.1877553462982178, 1.3423330783843994, 1.1923729181289673, -0.007690581027418375, 1.8285572528839111, 1.4495398998260498, 0.5767747163772583, 0.06305497884750366, 1.6952582597732544, 0.9275239706039429, 1.0280300378799438, 0.596866250038147, 0.44067811965942383, 0.6853715181350708, 1.1858938932418823, 1.0861164331436157, 1.8852667808532715, 1.0645390748977661, 1.4284635782241821, 2.2207696437835693, 0.4346943795681, 1.2848526239395142, 0.741183340549469, 0.9104844331741333, 0.07534351199865341, 1.5296636819839478, 1.4550068378448486, -0.000961795449256897, 0.18955320119857788, 1.0732300281524658, 0.42534101009368896, 0.227315753698349, 0.5624428987503052, 1.495205044746399, 0.5908406376838684, 2.7839112281799316, 0.9046786427497864, 2.63928484916687, 1.2038692235946655, -0.013260331004858017, 0.9472820162773132, 1.4531301259994507, 2.1260998249053955, 0.9532455801963806, 0.24900299310684204, 0.4323122203350067, -0.00832335464656353, 1.6335735321044922, 1.0256423950195312, 0.859096109867096, 2.0349340438842773, 0.013707432895898819, 0.17324820160865784]"
appraise,"[2, 3, 3, 11, 2, 6, 7, 4]",34,"[0.4449392855167389, 2.4683735370635986, 0.8332962393760681, 0.044985849410295486, 0.4805156886577606, 1.6968317031860352, 1.034112811088562, 0.9778388738632202, 0.9539170265197754, 0.5216311812400818, 0.033892445266246796, 0.8351411819458008, 0.9981156587600708, 0.9635542035102844, -0.0002645212225615978, 1.6235606670379639, 1.2986953258514404, 0.6770410537719727, 0.07174524664878845, 1.7880526781082153, 1.2527915239334106, 0.6994456052780151, 0.47212961316108704, 0.3879980146884918, 0.7543458342552185, 1.483105182647705, 1.2726850509643555, 1.4052585363388062, 1.158419132232666, 1.4663153886795044, 1.528331995010376, 0.9285902976989746, 1.5299882888793945, 0.864094614982605, 0.9646000266075134, 0.1360258013010025, 1.129576325416565, 0.8016541004180908, 0.12537704408168793, 0.26873335242271423, 1.041035532951355, 0.4672265946865082, 0.31196367740631104, 0.7675460577011108, 1.4676082134246826, 0.5733298659324646, 2.467942476272583, 1.3600664138793945, 2.240056276321411, 1.410496473312378, 0.03769059106707573, 0.5828154683113098, 1.0843889713287354, 1.430873155593872, 1.434616208076477, 0.23908671736717224, 0.48999959230422974, -0.011277807876467705, 1.1647802591323853, 0.3874768912792206, 0.3583984673023224, 1.1549071073532104, 0.0008590817451477051, 0.15866753458976746]"
coherence,"[18, 12, 9, 4, 11, 4, 5, 18, 4]",34,"[0.33566197752952576, 1.3755584955215454, 1.0040510892868042, 0.24593444168567657, 0.5172280669212341, 0.836627721786499, 0.40933337807655334, 0.39176276326179504, 1.4063467979431152, 0.37238743901252747, 0.021336611360311508, 1.105848789215088, 0.6900460720062256, 0.4940550625324249, -0.008758439682424068, 2.363028049468994, 0.8025797605514526, 0.24672748148441315, 0.020692141726613045, 0.8594964146614075, 1.614564299583435, 1.26163911819458, 0.424874871969223, 0.6052581071853638, 0.531282365322113, 0.7490361928939819, 0.5715447664260864, 0.8094099760055542, 0.5262712240219116, 0.7377429604530334, 0.8329800367355347, 0.7125090956687927, 0.9111226797103882, 0.3408019244670868, 0.43359318375587463, 0.2722814977169037, 1.7981897592544556, 0.7077383995056152, 0.13595537841320038, 0.4095698595046997, 1.8868014812469482, 0.16842597723007202, 0.6771904230117798, 0.29237112402915955, 0.6574044823646545, 0.21494098007678986, 1.3130214214324951, 0.6293550133705139, 1.2439541816711426, 0.6568182706832886, 0.0727020651102066, 0.5259525179862976, 0.5622020959854126, 0.882786214351654, 0.7015684843063354, 0.5500985383987427, 0.13494929671287537, 0.013328466564416885, 0.6961823105812073, 0.8760108947753906, 0.7857153415679932, 0.8600663542747498, 0.13798533380031586, 0.524699866771698]"
criterion,"[18, 11, 6, 8, 4, 11, 6, 12, 5]",34,"[0.1470779925584793, 2.018998146057129, 1.217728614807129, 0.1602100431919098, 0.4081428647041321, 0.945372462272644, 0.4668062925338745, 0.6641594767570496, 1.5298033952713013, 0.4801675081253052, 0.029681488871574402, 1.262101173400879, 0.8538570404052734, 0.40786415338516235, -0.004627774003893137, 2.693124771118164, 1.3054752349853516, 0.2601203918457031, 0.038449712097644806, 0.8936902284622192, 1.8405250310897827, 1.3264223337173462, 0.25406160950660706, 0.2725971043109894, 0.32781630754470825, 1.3283745050430298, 0.6187077164649963, 0.9312119483947754, 0.34213700890541077, 0.8305846452713013, 1.0212717056274414, 0.990231990814209, 1.4624375104904175, 0.3430490791797638, 0.3006651699542999, -0.04454224556684494, 1.9690614938735962, 0.6793105006217957, 0.16910505294799805, 0.4734376072883606, 2.082913637161255, 0.3758111894130707, 0.4418068528175354, 0.36677026748657227, 0.844719648361206, 0.24523480236530304, 1.9863194227218628, 0.8405545949935913, 1.6989738941192627, 1.020878553390503, 0.08228788524866104, 0.773061990737915, 0.991855800151825, 0.9844232201576233, 0.701537013053894, 0.19293536245822906, 0.2875030040740967, -0.0036840829998254776, 0.7483175992965698, 0.8793340921401978, 0.8160703182220459, 1.1427764892578125, 0.05778775364160538, 0.17071139812469482]"
derive,"[20, 4, 11, 6, 28, 4]",34,"[0.6450778841972351, 1.5582574605941772, 1.6625529527664185, 0.18439167737960815, 0.36394286155700684, 0.9371433258056641, 0.40461599826812744, 0.3925802409648895, 1.8115051984786987, 0.14374187588691711, 0.0066313655115664005, 1.7677990198135376, 1.3736863136291504, 0.2783319652080536, -0.0026182367000728846, 3.103020191192627, 0.5716022253036499, 0.06042357534170151, 0.00831034779548645, 1.056203842163086, 2.2946226596832275, 1.7772743701934814, 0.31108400225639343, 0.9517409801483154, 0.9238226413726807, 0.5722277164459229, 0.954450249671936, 0.8672349452972412, 0.6175433397293091, 1.1960018873214722, 0.8621913194656372, 0.33518898487091064, 0.6709465980529785, 0.1510147750377655, 0.573793351650238, -0.07042815536260605, 2.531559467315674, 1.1823445558547974, 0.22466188669204712, 0.35306841135025024, 2.160896062850952, 0.03647872060537338, 0.8056687116622925, 0.6626248359680176, 0.9324907660484314, 0.10527346283197403, 1.8699002265930176, 0.8927375078201294, 1.8702722787857056, 0.8278390169143677, 0.06632933765649796, 0.40704071521759033, 0.4267246723175049, 1.339495301246643, 0.6907501220703125, 0.7381500005722046, 0.008968197740614414, -0.011797385290265083, 1.0820358991622925, 1.0997666120529175, 0.6879630088806152, 0.9725455045700073, 0.10246843099594116, 0.3189142346382141]"
explicit,"[4, 27, 3, 14, 6, 18, 6, 8]",34,"[0.09582935273647308, 3.039999008178711, 0.8738833069801331, 0.02589351311326027, 0.46057626605033875, 1.81868577003479, 1.0794751644134521, 1.1801494359970093, 1.001668095588684, 0.8847852349281311, 0.05868352949619293, 0.7659566402435303, 0.8932247161865234, 0.988618016242981, 0.000582860317081213, 1.7073066234588623, 1.972920536994934, 0.8417006731033325, 0.1131383627653122, 1.7660309076309204, 1.199365496635437, 0.7165286540985107, 0.40648406744003296, 0.0637868344783783, 0.5045859813690186, 2.105070114135742, 1.2083381414413452, 1.5083787441253662, 1.0226995944976807, 1.4668405055999756, 1.7172508239746094, 1.6140714883804321, 2.242443084716797, 0.961357593536377, 0.8617078065872192, 0.037295326590538025, 1.1773720979690552, 0.6292535662651062, 0.12302204221487045, 0.32628631591796875, 1.2313423156738281, 0.7617669701576233, 0.14783233404159546, 0.7036025524139404, 1.5905532836914062, 0.6010053753852844, 2.8809807300567627, 1.5597351789474487, 2.4325947761535645, 1.7106850147247314, 0.037516023963689804, 0.8356882333755493, 1.5122771263122559, 1.3732224702835083, 1.61616849899292, -0.025459706783294678, 0.7269824147224426, 0.010704006999731064, 1.1017707586288452, 0.4279029965400696, 0.4618605971336365, 1.4575831890106201, 0.016614560037851334, 0.0391550213098526]"
implicit,"[6, 19, 3, 14, 6, 18, 6, 8]",34,"[0.02606978826224804, 2.9650509357452393, 0.9430281519889832, 0.03890790417790413, 0.40787652134895325, 1.6532384157180786, 0.9388524293899536, 1.1259169578552246, 1.182431936264038, 0.9080309867858887, 0.060029808431863785, 0.8447299003601074, 0.8668041229248047, 0.8197065591812134, 0.005815616808831692, 1.9153214693069458, 2.0018410682678223, 0.7546433210372925, 0.08971855044364929, 1.5490330457687378, 1.3863561153411865, 0.7997759580612183, 0.3509727418422699, 0.02891857922077179, 0.3572819232940674, 2.122614622116089, 1.0494734048843384, 1.3411569595336914, 0.7607052326202393, 1.2983698844909668, 1.5917450189590454, 1.6550911664962769, 2.297537326812744, 0.8303950428962708, 0.6868163347244263, -0.009341493248939514, 1.294412612915039, 0.5294933915138245, 0.1087273508310318, 0.3817589282989502, 1.4673939943313599, 0.7612047791481018, 0.17912428081035614, 0.6535193920135498, 1.4169257879257202, 0.536394476890564, 2.850111722946167, 1.4683432579040527, 2.289306402206421, 1.6396337747573853, 0.06693260371685028, 0.8870548605918884, 1.4813735485076904, 1.1866010427474976, 1.4599430561065674, -0.1010625809431076, 0.6757869124412537, 0.012139812111854553, 0.9880510568618774, 0.43672770261764526, 0.5083996653556824, 1.3943201303482056, 0.031256310641765594, -0.03329776972532272]"
objectivity,"[12, 10, 23, 4, 18, 8, 6, 28, 6, 8, 21]",34,"[0.25642427802085876, 2.917584180831909, 1.1186935901641846, 0.19118595123291016, 0.6488708257675171, 1.5679738521575928, 0.9216165542602539, 1.2342519760131836, 1.372497320175171, 0.6484617590904236, 0.04607544094324112, 1.2043795585632324, 0.90445876121521, 0.9589794278144836, -0.005476541817188263, 2.5442402362823486, 1.9248193502426147, 0.6557610034942627, 0.0791139155626297, 1.4938342571258545, 1.643174409866333, 1.189559817314148, 0.519130289554596, 0.14915837347507477, 0.404209166765213, 1.9482330083847046, 0.9629840850830078, 1.4654247760772705, 0.7684726715087891, 1.2412588596343994, 1.7385746240615845, 1.3224639892578125, 2.096406936645508, 0.8095219135284424, 0.6459733843803406, 0.03247375041246414, 1.8168305158615112, 0.7810032367706299, 0.04335251450538635, 0.4171748459339142, 1.8197929859161377, 0.7104107737541199, 0.27464327216148376, 0.5505145788192749, 1.390198826789856, 0.6132133603096008, 2.8240039348602295, 1.2512073516845703, 2.43538498878479, 1.5195534229278564, 0.051963821053504944, 1.1205462217330933, 1.543050765991211, 1.3845795392990112, 1.292616844177246, 0.11044393479824066, 0.6326971650123596, -0.018093619495630264, 1.129486322402954, 0.8635833263397217, 0.8162944912910461, 1.6549022197723389, 0.06588530540466309, 0.1616811454296112]"
rebuttal,"[11, 4, 10, 13, 8, 8, 2, 14]",34,"[0.3637907803058624, 2.447927713394165, 0.9286572337150574, 0.07652421295642853, 0.5614756345748901, 1.5365862846374512, 0.9343291521072388, 1.0330969095230103, 0.9878137707710266, 0.5353527069091797, 0.024349845945835114, 0.9166700839996338, 0.913629412651062, 0.9369757771492004, -0.00837885495275259, 1.8466970920562744, 1.4805452823638916, 0.6753602027893066, 0.07357500493526459, 1.5462716817855835, 1.2185760736465454, 0.8727147579193115, 0.5011586546897888, 0.33505478501319885, 0.6361059546470642, 1.453611135482788, 1.0518105030059814, 1.3481122255325317, 0.9361821413040161, 1.3086957931518555, 1.5235365629196167, 1.006306529045105, 1.615491509437561, 0.7941091656684875, 0.7971246838569641, 0.14414511620998383, 1.334725260734558, 0.7569244503974915, 0.052879542112350464, 0.24896278977394104, 1.1937944889068604, 0.543720543384552, 0.3199554681777954, 0.6485594511032104, 1.388157606124878, 0.5270163416862488, 2.416496753692627, 1.2014001607894897, 2.177168130874634, 1.374244213104248, 0.033711932599544525, 0.6670545339584351, 1.1268861293792725, 1.3173396587371826, 1.2759989500045776, 0.20722249150276184, 0.5570662617683411, -0.008579634130001068, 1.1341615915298462, 0.5856329798698425, 0.4780675172805786, 1.259804606437683, 0.011141102761030197, 0.1346561312675476]"
subjectivity,"[7, 13, 10, 23, 4, 18, 8, 6, 28, 6, 8, 21]",34,"[0.239166721701622, 2.8514058589935303, 1.4632186889648438, 0.2859114408493042, 0.7411295175552368, 1.4077790975570679, 0.7741100788116455, 1.1769837141036987, 1.8732470273971558, 0.6855947971343994, 0.04813603684306145, 1.4972996711730957, 0.9185695648193359, 0.8029141426086426, -0.0024513332173228264, 3.3429439067840576, 2.014969825744629, 0.5324167609214783, 0.0644129067659378, 1.2318421602249146, 2.144955635070801, 1.5399975776672363, 0.537222146987915, 0.1996261030435562, 0.2751057744026184, 1.9916629791259766, 0.7955092787742615, 1.3630892038345337, 0.523227334022522, 1.0328112840652466, 1.6647729873657227, 1.4084117412567139, 2.155346155166626, 0.6500006318092346, 0.49033987522125244, -0.00014685839414596558, 2.376039981842041, 0.8664758205413818, 0.05770820379257202, 0.5912075042724609, 2.548635959625244, 0.7067863345146179, 0.4303683042526245, 0.46560803055763245, 1.1882081031799316, 0.4923510253429413, 2.7703731060028076, 1.058322787284851, 2.3357841968536377, 1.45236074924469, 0.08520464599132538, 1.2886768579483032, 1.552194356918335, 1.31046462059021, 1.0812666416168213, 0.18266165256500244, 0.5673299431800842, -0.015247052535414696, 1.0634474754333496, 1.1708837747573853, 1.0515233278274536, 1.7098592519760132, 0.11098189651966095, 0.2281542718410492]"
substantiate,"[7, 13, 10, 7, 8, 2, 5, 8, 6, 2, 8, 4]",34,"[0.6037583351135254, 2.8470418453216553, 0.6340129375457764, 0.12218177318572998, 1.0036391019821167, 1.9663969278335571, 1.1843609809875488, 1.4230095148086548, 0.6256323456764221, 0.49399974942207336, -0.004360763356089592, 0.6985276341438293, 0.8755613565444946, 1.560706377029419, -0.007071479223668575, 1.544740915298462, 1.7273451089859009, 1.0401192903518677, 0.07824647426605225, 1.9197990894317627, 0.7162907123565674, 0.7203503847122192, 0.856363832950592, 0.4063257575035095, 0.7087956070899963, 1.4969491958618164, 1.0690704584121704, 1.9073238372802734, 1.3226470947265625, 1.47976553440094, 2.2295122146606445, 0.9097095727920532, 1.7016901969909668, 1.0976999998092651, 1.1337889432907104, 0.3792675733566284, 1.0658910274505615, 1.0431537628173828, -0.06924694776535034, 0.1977657675743103, 1.0151703357696533, 0.6856749057769775, 0.2640494108200073, 0.6458327770233154, 1.6296613216400146, 0.8407687544822693, 2.74947190284729, 1.0563596487045288, 2.4801952838897705, 1.51781165599823, 0.010335007682442665, 0.9886158108711243, 1.4661142826080322, 1.781856656074524, 1.3909879922866821, 0.36757659912109375, 0.7412894368171692, -0.001869015395641327, 1.4661297798156738, 0.6859091520309448, 0.6437265276908875, 1.7058489322662354, 0.04851876199245453, 0.28922221064567566]"
sufficient,"[7, 13, 22, 22, 6, 18, 6, 4, 5, 8]",34,"[0.5706415176391602, 2.7339670658111572, 0.24389564990997314, 0.011647488921880722, 0.9354758858680725, 2.0193750858306885, 1.2863699197769165, 1.3877729177474976, 0.1765674352645874, 0.5000377297401428, -0.003090522950515151, 0.39099550247192383, 0.7511892914772034, 1.5843905210494995, 8.196337148547173e-05, 0.7601982355117798, 1.5594366788864136, 1.1054534912109375, 0.08919934928417206, 2.0270872116088867, 0.2242489755153656, 0.3580307960510254, 0.7384982109069824, 0.2954031229019165, 0.7267592549324036, 1.451953411102295, 1.1523181200027466, 1.8567161560058594, 1.459996223449707, 1.4554888010025024, 2.2469406127929688, 0.779991865158081, 1.5590850114822388, 1.228614330291748, 1.244542121887207, 0.38836777210235596, 0.4461049437522888, 0.9137496948242188, -0.04779171943664551, 0.10875068604946136, 0.4986356794834137, 0.6380918025970459, 0.13223469257354736, 0.6334260702133179, 1.638175129890442, 0.8521748781204224, 2.6360838413238525, 1.1339900493621826, 2.3503708839416504, 1.4465138912200928, 0.013977959752082825, 0.8101487755775452, 1.3820401430130005, 1.7558655738830566, 1.556905746459961, 0.24983930587768555, 0.7080877423286438, 0.021394263952970505, 1.4045779705047607, 0.44429904222488403, 0.42466074228286743, 1.5078827142715454, 0.011139076203107834, 0.2484845221042633]"
transfer,"[8, 11, 2, 5, 7, 22, 4, 11]",34,"[0.47133857011795044, 2.4161946773529053, 0.697719156742096, 0.023804251104593277, 0.6523011922836304, 1.756929874420166, 1.1260377168655396, 1.0468804836273193, 0.7969026565551758, 0.5560228824615479, 0.021191323176026344, 0.6927093267440796, 0.8984670639038086, 1.1252037286758423, -0.004060697741806507, 1.4364970922470093, 1.2690547704696655, 0.8278539180755615, 0.07899068295955658, 1.8613948822021484, 1.0435781478881836, 0.6806302070617676, 0.5914448499679565, 0.4868548810482025, 0.7877172231674194, 1.2782204151153564, 1.2763442993164062, 1.4599273204803467, 1.2589315176010132, 1.4932925701141357, 1.6758439540863037, 0.8053159713745117, 1.4156545400619507, 0.9905219674110413, 1.1248598098754883, 0.2573263645172119, 0.9698706269264221, 0.7980824112892151, 0.08179248869419098, 0.17101173102855682, 0.9435118436813354, 0.4721314609050751, 0.35930538177490234, 0.7600432634353638, 1.5714333057403564, 0.6512781977653503, 2.3753914833068848, 1.2791051864624023, 2.1687495708465576, 1.415611982345581, 0.044838063418865204, 0.4232885241508484, 1.028515338897705, 1.4323185682296753, 1.4534856081008911, 0.2993025481700897, 0.5616502165794373, 0.02064840868115425, 1.1867523193359375, 0.4146132171154022, 0.28644663095474243, 1.0799062252044678, 0.0003952719271183014, 0.25107860565185547]"
validate,"[28, 2, 14, 6, 20, 2, 8, 4]",34,"[0.5784164667129517, 2.048717737197876, 1.102468490600586, 0.18264810740947723, 0.7181011438369751, 1.1743240356445312, 0.5134053826332092, 0.8455402851104736, 1.2652020454406738, 0.16189277172088623, -0.006423411890864372, 1.4020195007324219, 1.1781350374221802, 0.7655029892921448, -0.00045702047646045685, 2.5570356845855713, 1.0667563676834106, 0.38443830609321594, 0.03322003036737442, 1.1740161180496216, 1.573390245437622, 1.4952200651168823, 0.5233002305030823, 0.6038781404495239, 0.6170579791069031, 0.9335070848464966, 0.7251092195510864, 1.338645339012146, 0.7025827169418335, 1.0587509870529175, 1.504852533340454, 0.41621607542037964, 1.0649689435958862, 0.45119014382362366, 0.6198754906654358, 0.15205426514148712, 2.046133279800415, 1.230181097984314, 0.08747734129428864, 0.35061633586883545, 1.9191701412200928, 0.24187545478343964, 0.5171802639961243, 0.41401636600494385, 0.9796790480613708, 0.4075215756893158, 2.0605628490448, 0.6459103226661682, 1.9949325323104858, 0.9155204892158508, 0.034555286169052124, 0.8504542708396912, 1.0162988901138306, 1.5530773401260376, 0.6259816288948059, 0.4825078845024109, 0.2090875208377838, -0.033977676182985306, 1.2259732484817505, 1.1320148706436157, 0.9474217295646667, 1.4940294027328491, 0.10528786480426788, 0.3069687485694885]"
ambiguous,"[2, 19, 10, 6, 17, 13, 12, 13, 7]",34,"[0.49036136269569397, 3.4332473278045654, -0.1313750147819519, 0.017238903790712357, 1.163078784942627, 2.6808040142059326, 1.8662806749343872, 2.0353732109069824, -0.23214836418628693, 0.688969075679779, -0.00934717059135437, 0.041567057371139526, 0.5475047826766968, 2.1324281692504883, -5.858438089489937e-05, 0.12250316888093948, 2.153473138809204, 1.6854459047317505, 0.12898199260234833, 2.624345302581787, -0.3078788220882416, -0.009656965732574463, 0.9853789806365967, 0.04517361521720886, 0.7849003672599792, 2.0902512073516846, 1.4519259929656982, 2.3216519355773926, 1.9322181940078735, 1.8580816984176636, 2.9076671600341797, 0.9481097459793091, 2.1039702892303467, 1.8671921491622925, 1.516292691230774, 0.43492430448532104, -0.07499346137046814, 0.737909197807312, -0.05674554407596588, 0.018132537603378296, 0.026024192571640015, 1.0774476528167725, -0.06237137317657471, 0.7683907747268677, 2.210784912109375, 1.3205655813217163, 3.3379337787628174, 1.679017424583435, 2.9472386837005615, 1.9278796911239624, -0.02927258238196373, 1.0745216608047485, 1.932661533355713, 1.8645566701889038, 2.2350711822509766, 0.11578485369682312, 1.1831566095352173, 0.019934535026550293, 1.6620556116104126, 0.26659053564071655, 0.35520637035369873, 1.7549712657928467, 0.0015111044049263, 0.1508413851261139]"
antecedent,"[2, 5, 8, 4, 18, 4, 20, 4, 5, 8]",34,"[0.4776237905025482, 1.2615550756454468, 1.6000703573226929, 0.3142928183078766, 0.5758069753646851, 0.5048567652702332, 0.1332973688840866, 0.38016119599342346, 2.2159371376037598, 0.09643398225307465, -0.00554482638835907, 1.8036264181137085, 0.9743688106536865, 0.28003689646720886, -0.0034270265605300665, 3.5568649768829346, 0.5488303303718567, 0.04818699136376381, 0.005077579990029335, 0.5407686829566956, 2.498961925506592, 2.067073345184326, 0.4349229037761688, 0.8779544830322266, 0.48373493552207947, 0.46352437138557434, 0.37810850143432617, 0.7336318492889404, 0.2396993339061737, 0.5674318075180054, 0.8455228805541992, 0.26037123799324036, 0.5525735020637512, 0.05662308633327484, 0.2311500906944275, -0.04431921988725662, 2.9015231132507324, 1.0604782104492188, 0.3906610310077667, 0.5268200635910034, 2.9046709537506104, 0.038618240505456924, 1.0452790260314941, 0.19146738946437836, 0.4825395345687866, 0.14445406198501587, 1.2395431995391846, 0.27393192052841187, 1.2233085632324219, 0.45301371812820435, 0.09414912760257721, 0.6245492100715637, 0.5481436252593994, 1.063238263130188, 0.1734599769115448, 0.7857874631881714, 0.007410778664052486, -0.0002873465418815613, 0.7439107298851013, 1.5366376638412476, 1.1196264028549194, 1.019066572189331, 0.16772335767745972, 0.5875210762023926]"
appositive,"[2, 3, 3, 12, 7, 6, 8, 6, 28, 4]",34,"[0.17439775168895721, 3.3024964332580566, 0.6426767110824585, 0.05405968055129051, 0.6616523861885071, 2.022921323776245, 1.3556077480316162, 1.523335337638855, 0.7241103649139404, 0.7846806049346924, 0.02917519025504589, 0.6800531148910522, 0.8259406089782715, 1.2663111686706543, -0.006212357897311449, 1.400700569152832, 2.12282133102417, 1.0274795293807983, 0.11778117716312408, 1.993009090423584, 0.9134094715118408, 0.6014419794082642, 0.4966828525066376, -0.03683418035507202, 0.5132360458374023, 2.1353392601013184, 1.326172113418579, 1.7510160207748413, 1.1986850500106812, 1.5318987369537354, 2.026437997817993, 1.3574248552322388, 2.2125349044799805, 1.2008392810821533, 0.9295080304145813, -0.0629841759800911, 1.0072671175003052, 0.6330424547195435, 0.04788913577795029, 0.2765105962753296, 0.8807632923126221, 0.9051483273506165, 0.013059034943580627, 0.673019289970398, 1.8339177370071411, 0.8480966091156006, 3.1359455585479736, 1.6144014596939087, 2.7311017513275146, 1.8477336168289185, 0.017255255952477455, 0.9860812425613403, 1.7096048593521118, 1.4570399522781372, 1.7923319339752197, -0.0830782800912857, 0.9466814994812012, -0.02031361684203148, 1.2024885416030884, 0.4130619466304779, 0.4498659372329712, 1.5970789194107056, 0.006204664707183838, 0.010927371680736542]"
cognate,"[18, 12, 17, 5, 2, 8, 4]",34,"[0.515882670879364, 2.200733184814453, 0.7118998765945435, 0.049513619393110275, 0.7263930439949036, 1.4016215801239014, 0.7930881977081299, 0.9592986106872559, 0.7372161149978638, 0.2988889515399933, -0.0021430652122944593, 0.9838191270828247, 0.9777958393096924, 0.980798602104187, -0.008117294870316982, 1.7801026105880737, 1.1687923669815063, 0.5246762037277222, 0.0628487765789032, 1.4346064329147339, 1.0079528093338013, 0.9461334943771362, 0.5133534669876099, 0.42112791538238525, 0.6223150491714478, 1.0674257278442383, 0.8922505974769592, 1.4794989824295044, 0.9168354272842407, 1.1908377408981323, 1.7069658041000366, 0.5411174297332764, 1.180153727531433, 0.704275369644165, 0.7630050182342529, 0.18494006991386414, 1.3656302690505981, 1.0642666816711426, 0.060429200530052185, 0.23325881361961365, 1.1580394506454468, 0.3599163889884949, 0.32036224007606506, 0.4488433599472046, 1.1947753429412842, 0.5194550156593323, 2.1819159984588623, 0.8549126386642456, 2.0798251628875732, 1.0326205492019653, 0.021829744800925255, 0.7622504830360413, 1.1100268363952637, 1.5791581869125366, 0.9314056634902954, 0.3252831697463989, 0.3708050549030304, -0.004509834572672844, 1.207403302192688, 0.8218874931335449, 0.71952223777771, 1.479251742362976, 0.025744810700416565, 0.2752954363822937]"
comprehensive,"[18, 12, 19, 3, 11, 4, 9, 4, 5, 7, 6, 28, 4]",34,"[0.43338367342948914, 2.219367027282715, 1.2864445447921753, 0.2062329202890396, 0.7506338953971863, 1.1839114427566528, 0.6238753199577332, 0.8974886536598206, 1.6595863103866577, 0.4170478582382202, 0.02551083080470562, 1.4801403284072876, 1.0027422904968262, 0.7733308672904968, -0.0010372400283813477, 3.0751454830169678, 1.320047378540039, 0.3886299431324005, 0.039048366248607635, 1.1267813444137573, 1.9679776430130005, 1.5443273782730103, 0.5840052366256714, 0.48721858859062195, 0.49678730964660645, 1.2617502212524414, 0.6798638105392456, 1.292036771774292, 0.6528712511062622, 0.9942588210105896, 1.5222617387771606, 0.8384199142456055, 1.3835738897323608, 0.49206429719924927, 0.5541707873344421, 0.12200218439102173, 2.2804882526397705, 1.0462424755096436, 0.08535856753587723, 0.4923608601093292, 2.3272294998168945, 0.36417636275291443, 0.525373101234436, 0.3710574507713318, 0.9946829676628113, 0.479096919298172, 2.194629192352295, 0.7438606023788452, 1.9752960205078125, 1.0335155725479126, 0.07249587029218674, 1.0116389989852905, 1.1483792066574097, 1.3585269451141357, 0.7593382596969604, 0.42729008197784424, 0.28550752997398376, -0.011996030807495117, 1.0638998746871948, 1.091326117515564, 0.9922191500663757, 1.5293115377426147, 0.09597338736057281, 0.38120290637016296]"
coordinating conjunction,"[18, 12, 12, 11, 20, 6, 5, 2, 8, 6, 5, 17, 31, 18, 12, 5, 23, 13, 5, 18, 8, 6, 12, 5]",34,"[0.7871734499931335, 3.154758930206299, -0.2237991988658905, 0.013849403709173203, 1.343011498451233, 2.82155704498291, 1.8208714723587036, 1.9109327793121338, -0.23138271272182465, 0.5703648328781128, -0.014469017274677753, -0.001447036862373352, 0.5604770183563232, 2.3702104091644287, 0.0019092122092843056, 0.10133980959653854, 1.8124516010284424, 1.6848829984664917, 0.11524641513824463, 2.7924389839172363, -0.3085351884365082, -0.001618027687072754, 1.22191321849823, 0.40440288186073303, 1.05208420753479, 1.6934202909469604, 1.4255999326705933, 2.5010159015655518, 2.167353868484497, 1.935849905014038, 3.00856876373291, 0.7010644674301147, 1.6964808702468872, 1.9543873071670532, 1.7618427276611328, 0.7982720732688904, -0.09248743951320648, 0.9446915984153748, -0.09542571008205414, -0.026221349835395813, -0.04188205301761627, 0.9223782420158386, 0.19604143500328064, 0.7499245405197144, 2.1735432147979736, 1.410489559173584, 3.063502550125122, 1.499577522277832, 2.7741215229034424, 1.665693998336792, -0.03310249373316765, 1.0123988389968872, 1.6915920972824097, 2.0637292861938477, 2.2345550060272217, 0.41104480624198914, 1.1154359579086304, 0.02685452625155449, 1.7687188386917114, 0.3545008599758148, 0.34356212615966797, 1.801828145980835, 0.018742837011814117, 0.48865002393722534]"
correlative conjunction,"[18, 12, 11, 11, 4, 14, 2, 8, 6, 28, 4, 31, 18, 12, 5, 23, 13, 5, 18, 8, 6, 12, 5]",34,"[0.7473313808441162, 3.403782367706299, -0.021710507571697235, 0.07829169929027557, 1.3573236465454102, 2.8309390544891357, 1.7582067251205444, 1.9704174995422363, -0.03571335971355438, 0.592932403087616, -0.008417222648859024, 0.18740789592266083, 0.6811805963516235, 2.3284175395965576, -0.0010446594096720219, 0.5033249855041504, 2.0377368927001953, 1.6227190494537354, 0.11296269297599792, 2.7686684131622314, 0.01862223446369171, 0.16548791527748108, 1.1885172128677368, 0.34958505630493164, 0.9508864879608154, 1.8611207008361816, 1.394890546798706, 2.5533053874969482, 2.0499048233032227, 1.9460630416870117, 3.054150104522705, 0.8475548028945923, 1.9339392185211182, 1.8517183065414429, 1.7108360528945923, 0.7123584747314453, 0.20038887858390808, 1.02909255027771, -0.12701046466827393, 0.08244717866182327, 0.2753506600856781, 0.9367581009864807, 0.14867158234119415, 0.762466549873352, 2.156527280807495, 1.389919638633728, 3.3014984130859375, 1.4586095809936523, 2.9280145168304443, 1.7664649486541748, -0.019712932407855988, 1.182906985282898, 1.8194341659545898, 2.168675661087036, 2.137681484222412, 0.3439166247844696, 1.0996367931365967, 0.019722510129213333, 1.8206050395965576, 0.4563537538051605, 0.4834521412849426, 2.006978988647461, 0.03847291320562363, 0.43264585733413696]"
figurative language,"[22, 6, 17, 13, 11, 2, 8, 6, 28, 4, 31, 14, 2, 5, 17, 13, 2, 17, 4]",34,"[0.9652597308158875, 2.485346555709839, -0.0625261440873146, 0.0729726105928421, 1.2808250188827515, 2.5702931880950928, 1.667332410812378, 1.6308540105819702, -0.021513506770133972, 0.30949291586875916, -0.030122822150588036, 0.13171111047267914, 0.5924583673477173, 2.152674674987793, 0.005697011947631836, 0.26210570335388184, 1.219082236289978, 1.547306776046753, 0.09565654397010803, 2.5571982860565186, -0.04459752142429352, 0.15914326906204224, 1.2230885028839111, 0.6936340928077698, 1.2776693105697632, 1.1391218900680542, 1.3876138925552368, 2.1690168380737305, 2.1651992797851562, 1.8395549058914185, 2.5517423152923584, 0.21042495965957642, 1.094045639038086, 1.7932885885238647, 1.7955223321914673, 0.9235557913780212, 0.08572889864444733, 0.970184862613678, -0.08585359156131744, -0.01211005449295044, 0.15115155279636383, 0.6199582815170288, 0.40985411405563354, 0.7454472780227661, 1.9178996086120605, 1.3194544315338135, 2.434793710708618, 1.249155879020691, 2.39652943611145, 1.3761667013168335, 0.015452999621629715, 0.6445671319961548, 1.1919044256210327, 1.8581907749176025, 1.9567025899887085, 0.6263939738273621, 0.7984737157821655, -0.02552993781864643, 1.7211017608642578, 0.33138522505760193, 0.14215721189975739, 1.3365317583084106, 0.031123459339141846, 0.5922755002975464]"
inevitable,"[6, 5, 4, 28, 6, 8, 2, 10, 14, 4]",34,"[0.5399349927902222, 1.9070724248886108, 1.7970808744430542, 0.363643079996109, 0.9080160856246948, 0.44376301765441895, -0.048852868378162384, 0.7106667757034302, 2.221742630004883, -0.034801870584487915, 0.008704098872840405, 2.3767318725585938, 1.3145573139190674, 0.3371768295764923, -0.0046119727194309235, 4.547579765319824, 1.0169212818145752, -0.095900759100914, 0.0006682630628347397, 0.35197892785072327, 2.6787807941436768, 2.5286285877227783, 0.5247930884361267, 0.6374262571334839, 0.19483503699302673, 0.8656535148620605, 0.18050509691238403, 1.1814701557159424, 0.011964105069637299, 0.48547422885894775, 1.4094792604446411, 0.3077044188976288, 0.9389289617538452, -0.12190048396587372, 0.04224173724651337, -0.12182366102933884, 3.6329495906829834, 1.622201919555664, 0.11805734038352966, 0.6233035326004028, 3.4483861923217773, 0.09928767383098602, 0.7498765587806702, 0.015041753649711609, 0.4516911506652832, 0.19305770099163055, 1.8531779050827026, 0.04545062780380249, 1.8317574262619019, 0.48400336503982544, 0.06350500881671906, 1.4382174015045166, 1.19429349899292, 1.5638048648834229, -0.18051928281784058, 0.5840787291526794, -0.03374093770980835, -0.025143370032310486, 1.1472285985946655, 2.103501081466675, 1.7976285219192505, 1.9702415466308594, 0.16864460706710815, 0.5057616829872131]"
interjection,"[6, 5, 8, 4, 11, 23, 4, 18, 8, 6, 12, 5]",34,"[0.4368797242641449, 3.2451062202453613, 0.643862247467041, 0.07156184315681458, 0.9501535892486572, 1.8756450414657593, 1.0713239908218384, 1.5185964107513428, 0.5841422080993652, 0.4462604224681854, 0.009767510928213596, 0.9786633253097534, 1.0595324039459229, 1.3731451034545898, -0.009201038628816605, 1.7106236219406128, 1.952634334564209, 0.8459380865097046, 0.10617499053478241, 1.815677523612976, 0.8391050100326538, 0.894322395324707, 0.616956889629364, 0.12695877254009247, 0.4589541256427765, 1.7428783178329468, 1.0523545742034912, 1.9974957704544067, 1.0974373817443848, 1.437970757484436, 2.383359909057617, 0.8825556039810181, 1.8835264444351196, 0.9948883056640625, 0.8999651074409485, 0.03587736934423447, 1.267645001411438, 1.1671867370605469, -0.03732939064502716, 0.22413218021392822, 1.1225711107254028, 0.6880801916122437, 0.05661548674106598, 0.5041081309318542, 1.6548126935958862, 0.7978634834289551, 3.0820019245147705, 1.1017693281173706, 2.7774996757507324, 1.5344125032424927, -0.0025275275111198425, 1.1836743354797363, 1.7488316297531128, 1.9663878679275513, 1.2302742004394531, 0.05236881971359253, 0.7190659046173096, -0.011286940425634384, 1.4865472316741943, 0.8644324541091919, 0.8081678152084351, 2.105809450149536, 0.020365141332149506, 0.11887232214212418]"
linguistic,"[14, 6, 5, 17, 13, 6, 7, 8, 6, 18]",34,"[0.09200124442577362, 2.801280975341797, 0.832304835319519, 0.03786521777510643, 0.39465007185935974, 1.9035120010375977, 1.3408206701278687, 1.157934546470642, 1.0627669095993042, 1.0617032051086426, 0.06307289749383926, 0.4617606997489929, 0.5886898040771484, 1.0331189632415771, -0.0014970428310334682, 1.4010237455368042, 1.947104811668396, 0.9995359182357788, 0.08382424712181091, 1.939300298690796, 1.1860707998275757, 0.43183714151382446, 0.45344576239585876, 0.09565358608961105, 0.6573671698570251, 2.140407085418701, 1.3550777435302734, 1.2141833305358887, 1.1685447692871094, 1.5187058448791504, 1.4535577297210693, 1.702236294746399, 2.288318157196045, 1.1712087392807007, 0.997010350227356, 0.19366025924682617, 0.8693701028823853, 0.1727004051208496, 0.13448451459407806, 0.272652804851532, 0.9369571208953857, 0.8777672648429871, 0.257169246673584, 0.8766622543334961, 1.634993076324463, 0.6311923265457153, 2.716726541519165, 1.7973735332489014, 2.2424402236938477, 1.8597922325134277, 0.07302406430244446, 0.5697362422943115, 1.26409113407135, 0.9382565021514893, 2.0039286613464355, -0.008767187595367432, 0.8663454651832581, 0.023725025355815887, 0.8989191651344299, 0.0439942330121994, 0.15121422708034515, 0.8268836736679077, 0.0030870847404003143, 0.029315423220396042]"
meticulous,"[19, 4, 8, 6, 18, 13, 14, 12, 13, 7]",34,"[0.44981303811073303, 1.556538701057434, 1.4631996154785156, 0.3148495554924011, 0.8020485639572144, 0.8613638281822205, 0.49153417348861694, 0.6993475556373596, 2.0266480445861816, 0.30254822969436646, 0.014781510457396507, 1.5063472986221313, 0.7638669013977051, 0.6204827427864075, -0.006515705958008766, 3.3090193271636963, 0.9670231342315674, 0.33237653970718384, 0.01072241272777319, 0.811073362827301, 2.248384714126587, 1.6827903985977173, 0.6488717794418335, 0.6421028971672058, 0.5230395197868347, 0.8844300508499146, 0.5316731333732605, 0.9562889337539673, 0.539742112159729, 0.7295685410499573, 1.103016972541809, 0.6224882006645203, 0.9728467464447021, 0.4130881428718567, 0.4622073471546173, 0.16901575028896332, 2.5084099769592285, 0.8378804326057434, 0.17396101355552673, 0.5188671946525574, 2.6561508178710938, 0.3069395422935486, 0.817602813243866, 0.3123227059841156, 0.7308308482170105, 0.3818036913871765, 1.5611402988433838, 0.5279762148857117, 1.441595435142517, 0.7704277038574219, 0.11122466623783112, 0.8123296499252319, 0.7992116212844849, 1.0197789669036865, 0.5930302739143372, 0.5843639373779297, 0.2415538877248764, 0.0032441243529319763, 0.8257138133049011, 1.1811829805374146, 0.9456272721290588, 1.0912656784057617, 0.10989344120025635, 0.5436397194862366]"
modifier,"[19, 12, 20, 6, 22, 6, 4, 11]",34,"[0.625033438205719, 1.9295132160186768, 0.9167514443397522, 0.14629943668842316, 0.7493425011634827, 1.2949490547180176, 0.7355779409408569, 0.8686226606369019, 1.0609210729599, 0.18331283330917358, -0.008879752829670906, 1.1001405715942383, 1.0209202766418457, 0.937970757484436, -0.004650150891393423, 2.103825330734253, 0.8754287958145142, 0.48574069142341614, 0.04383520036935806, 1.3674731254577637, 1.3254401683807373, 1.1220753192901611, 0.5883876085281372, 0.6109185218811035, 0.716297447681427, 0.805933952331543, 0.8870998620986938, 1.3254503011703491, 0.9451934099197388, 1.1376532316207886, 1.5115071535110474, 0.3817515969276428, 0.9103519916534424, 0.6314767003059387, 0.8347881436347961, 0.19926604628562927, 1.5799305438995361, 1.093026041984558, 0.05868905782699585, 0.2868972718715668, 1.5397601127624512, 0.20421600341796875, 0.47211408615112305, 0.5292786955833435, 1.0993655920028687, 0.4654930830001831, 2.0010833740234375, 0.7631805539131165, 1.9239649772644043, 0.9460187554359436, 0.05128783732652664, 0.6108114719390869, 0.8731266260147095, 1.539775013923645, 0.8727275729179382, 0.49458974599838257, 0.21519939601421356, 0.010774761438369751, 1.2133212089538574, 0.8848272562026978, 0.6447639465332031, 1.2511897087097168, 0.044934310019016266, 0.36439645290374756]"
parallel structure,"[3, 2, 11, 2, 14, 14, 4, 14, 31, 7, 8, 11, 13, 18, 8, 13, 11, 4]",34,"[0.9933053851127625, 2.763664722442627, -0.01505868136882782, 0.03533913567662239, 1.0763952732086182, 3.0113492012023926, 1.9119514226913452, 1.52809476852417, -0.055066585540771484, 0.598185122013092, -0.002212685300037265, -0.00264151394367218, 0.7626669406890869, 2.15037202835083, -0.006344298832118511, 0.058416351675987244, 1.3606239557266235, 1.6569679975509644, 0.10432727634906769, 2.936812400817871, 0.025751277804374695, -0.04335989058017731, 1.1554924249649048, 0.8026392459869385, 1.47523832321167, 1.3978626728057861, 1.810491919517517, 2.2609739303588867, 2.4825966358184814, 2.2461864948272705, 2.5766751766204834, 0.5936592221260071, 1.4828104972839355, 1.9848278760910034, 2.0801610946655273, 1.0301480293273926, -0.08414699137210846, 0.9907683730125427, -0.08454672992229462, -0.008221656084060669, -0.08324387669563293, 0.7233161330223083, 0.44807887077331543, 1.1201821565628052, 2.2128641605377197, 1.258078694343567, 2.7228879928588867, 1.7376177310943604, 2.6100378036499023, 1.646117091178894, 0.00022825226187705994, 0.4692763388156891, 1.2153366804122925, 1.9308528900146484, 2.4648914337158203, 0.6300711035728455, 0.8834830522537231, -0.024457447230815887, 1.7795531749725342, 0.13058483600616455, 0.09808783233165741, 1.226470947265625, 0.03000222146511078, 0.531807005405426]"
phrase,"[3, 9, 11, 2, 7, 4]",34,"[0.4820616543292999, 1.814406394958496, 1.1443558931350708, 0.06768129765987396, 0.4296513497829437, 1.3092371225357056, 0.7480454444885254, 0.5682780742645264, 1.326612114906311, 0.49350476264953613, 0.032809190452098846, 1.033278226852417, 1.019816279411316, 0.6286768913269043, 0.00257882010191679, 2.1021976470947266, 0.9297364950180054, 0.4063425362110138, 0.04906652122735977, 1.392004370689392, 1.5729591846466064, 1.002501130104065, 0.42786404490470886, 0.6684756278991699, 0.8142629265785217, 1.0488051176071167, 1.06014084815979, 1.0453230142593384, 0.9359879493713379, 1.2390222549438477, 1.1118745803833008, 0.774504542350769, 1.1631410121917725, 0.5571295619010925, 0.7996094226837158, 0.3206058442592621, 1.482441782951355, 0.8478161692619324, 0.1810796707868576, 0.2872091829776764, 1.4378347396850586, 0.2618570327758789, 0.5812339782714844, 0.6686557531356812, 1.1527618169784546, 0.2832554280757904, 1.8660396337509155, 1.0635929107666016, 1.781212329864502, 1.041595697402954, 0.041250474750995636, 0.2826888859272003, 0.6542425751686096, 1.1958001852035522, 1.0883923768997192, 0.4833294153213501, 0.2712417244911194, -0.020639166235923767, 0.9794806838035583, 0.5577262043952942, 0.41461265087127686, 0.8737159371376038, 0.009753890335559845, 0.2894008457660675]"
rhetorical question,"[11, 9, 4, 8, 12, 11, 6, 18, 2, 14, 31, 24, 13, 4, 7, 8, 6, 12, 5]",34,"[0.9035890102386475, 2.542487382888794, 0.1734682023525238, 0.06180057302117348, 1.0655887126922607, 2.6576311588287354, 1.7211484909057617, 1.4273189306259155, 0.2692123353481293, 0.6020007133483887, 0.0018522909376770258, 0.09388916939496994, 0.6346752047538757, 2.0003490447998047, -0.0003376775421202183, 0.3829716742038727, 1.317577838897705, 1.5063527822494507, 0.08884553611278534, 2.7210350036621094, 0.2887231707572937, 0.15911473333835602, 1.1182703971862793, 0.8100283145904541, 1.4373835325241089, 1.2807445526123047, 1.6197903156280518, 1.9739105701446533, 2.2353274822235107, 2.021794319152832, 2.303126096725464, 0.6777517795562744, 1.3442890644073486, 1.8314412832260132, 1.8733831644058228, 1.0633727312088013, 0.162606343626976, 0.7937524318695068, -0.02178366482257843, 0.011808082461357117, 0.20990335941314697, 0.6634790301322937, 0.5907008647918701, 0.9933314323425293, 2.035733938217163, 1.1140815019607544, 2.4745078086853027, 1.5902193784713745, 2.3873708248138428, 1.5289392471313477, 0.0042357053607702255, 0.42182019352912903, 1.0528950691223145, 1.7184633016586304, 2.3441579341888428, 0.6902050375938416, 0.7932795286178589, 0.019308604300022125, 1.576460599899292, 0.2794007658958435, 0.06565214693546295, 1.1007863283157349, 0.02674269676208496, 0.6134568452835083]"
semantic,"[7, 4, 19, 2, 5, 8, 6, 18]",34,"[0.40465497970581055, 1.7781132459640503, 1.1893858909606934, 0.18629761040210724, 0.6203840970993042, 0.9109674692153931, 0.41889047622680664, 0.6562920212745667, 1.5406674146652222, 0.29922720789909363, 0.014375045895576477, 1.336613655090332, 0.9150584936141968, 0.5889484882354736, -0.0025125439278781414, 2.784986734390259, 1.017471194267273, 0.26351574063301086, 0.018775470554828644, 0.8682719469070435, 1.8303942680358887, 1.4418717622756958, 0.4737200140953064, 0.523612380027771, 0.4590282738208771, 0.9447782039642334, 0.5644916296005249, 1.0523195266723633, 0.44994089007377625, 0.8173001408576965, 1.2091224193572998, 0.6824765205383301, 1.0834347009658813, 0.35241663455963135, 0.4454256594181061, 0.1224469542503357, 2.079347610473633, 0.9261248707771301, 0.16619017720222473, 0.42987769842147827, 2.11793851852417, 0.2680887281894684, 0.5663812160491943, 0.32927703857421875, 0.7750914096832275, 0.31962651014328003, 1.7592146396636963, 0.6200350522994995, 1.5796846151351929, 0.8326671719551086, 0.08316464722156525, 0.7767073512077332, 0.8965550065040588, 1.2019997835159302, 0.5794068574905396, 0.4238591492176056, 0.20299817621707916, -0.0004188157618045807, 0.9004881978034973, 1.0293893814086914, 0.9145798683166504, 1.2535139322280884, 0.08303293585777283, 0.3624255359172821]"
subordinating conjunction,"[7, 13, 10, 12, 11, 20, 6, 5, 2, 8, 6, 5, 17, 31, 18, 12, 5, 23, 13, 5, 18, 8, 6, 12, 5]",34,"[0.7757460474967957, 3.17659068107605, 0.032004036009311676, 0.14984312653541565, 1.5207420587539673, 2.622981548309326, 1.6722981929779053, 1.9407211542129517, 0.20703493058681488, 0.5196470618247986, -0.02038513869047165, 0.28997454047203064, 0.5314657688140869, 2.299966335296631, -0.0022682282142341137, 0.942509651184082, 2.0237181186676025, 1.5539038181304932, 0.11301013827323914, 2.523543357849121, 0.05511908233165741, 0.4305277466773987, 1.3245792388916016, 0.4200459122657776, 0.8590608239173889, 1.7465304136276245, 1.2005786895751953, 2.464524507522583, 1.8577889204025269, 1.7063020467758179, 3.027039051055908, 0.8394756317138672, 1.8076480627059937, 1.8087280988693237, 1.5487427711486816, 0.8188168406486511, 0.4740641117095947, 1.027740478515625, -0.16126585006713867, 0.10908341407775879, 0.6641638875007629, 0.964064359664917, 0.2989788055419922, 0.5853860378265381, 2.033348321914673, 1.3614656925201416, 3.0569770336151123, 1.226407766342163, 2.6644608974456787, 1.5754051208496094, -0.011932816356420517, 1.292723298072815, 1.800001859664917, 2.059394359588623, 1.9855831861495972, 0.4712904095649719, 1.1005723476409912, 0.011356066912412643, 1.7370202541351318, 0.7601818442344666, 0.6278295516967773, 2.075864553451538, 0.058658428490161896, 0.6303037405014038]"
biodiversity,"[10, 6, 12, 20, 6, 28, 4, 11, 7, 6, 8, 21]",34,"[0.25370702147483826, 2.827449321746826, 0.9736846685409546, 0.0898733139038086, 0.5321077704429626, 1.7859586477279663, 1.1395353078842163, 1.2024140357971191, 1.178511619567871, 0.7060630917549133, 0.03928052634000778, 0.9456291198730469, 0.8486412763595581, 1.0213102102279663, -0.006843703333288431, 2.006695508956909, 1.7459017038345337, 0.781804084777832, 0.08522602915763855, 1.8069617748260498, 1.4659518003463745, 0.8696941137313843, 0.49131885170936584, 0.20764179527759552, 0.6242695450782776, 1.853685736656189, 1.228783369064331, 1.402573585510254, 1.0041439533233643, 1.461786150932312, 1.6578917503356934, 1.2805712223052979, 1.9862422943115234, 0.9732727408409119, 0.8608916401863098, 0.12391863763332367, 1.3965468406677246, 0.6447978019714355, 0.07655075192451477, 0.3665323257446289, 1.352954387664795, 0.6440446376800537, 0.26931917667388916, 0.7125707864761353, 1.5505900382995605, 0.6379414200782776, 2.8099215030670166, 1.4992173910140991, 2.464959144592285, 1.6390472650527954, 0.062028586864471436, 0.8290383815765381, 1.3454854488372803, 1.2891229391098022, 1.6364840269088745, 0.10849560797214508, 0.6275888085365295, -0.0012662634253501892, 1.1249504089355469, 0.5411364436149597, 0.49106454849243164, 1.3218681812286377, 0.02415557950735092, 0.11086226999759674]"
cell,"[18, 4, 14, 14]",34,"[0.3466688096523285, 1.9500226974487305, 0.8259729743003845, 0.01205834373831749, 0.29133865237236023, 1.1704881191253662, 0.7286900877952576, 0.49281322956085205, 0.9001597762107849, 0.4991101026535034, 0.044226307421922684, 0.9447565078735352, 1.0796726942062378, 0.46854168176651, 0.004549802280962467, 1.480391502380371, 1.000422716140747, 0.3575272560119629, 0.0568067692220211, 1.3204731941223145, 1.0840505361557007, 0.6910386085510254, 0.24335461854934692, 0.3586863577365875, 0.4951592981815338, 1.1329680681228638, 0.9777078032493591, 1.0732699632644653, 0.8696208000183105, 1.122176170349121, 1.098323106765747, 0.8805563449859619, 1.2224799394607544, 0.40618252754211426, 0.6155126690864563, 0.01912952959537506, 1.102555513381958, 0.8075603246688843, 0.18004021048545837, 0.3182927370071411, 1.164218544960022, 0.35014107823371887, 0.33933085203170776, 0.5272595882415771, 1.0654317140579224, 0.16803397238254547, 1.8828532695770264, 1.0110059976577759, 1.7961177825927734, 0.9256914854049683, -0.010010771453380585, 0.4318508207798004, 0.76851487159729, 1.1812214851379395, 0.8421928286552429, 0.2653343677520752, 0.2822422385215759, -0.016238460317254066, 1.0154269933700562, 0.4926823079586029, 0.5275063514709473, 1.0317518711090088, 0.06656374782323837, 0.13656064867973328]"
civilization,"[18, 6, 28, 6, 14, 6, 15, 2, 8, 6, 12, 5]",34,"[0.22182150185108185, 2.327751874923706, 1.4226988554000854, 0.22151066362857819, 0.5859626531600952, 1.1382019519805908, 0.6023184061050415, 0.9379856586456299, 1.9099277257919312, 0.5505577325820923, 0.029430130496621132, 1.4269641637802124, 0.8445303440093994, 0.6471616625785828, 0.005679657682776451, 3.1157665252685547, 1.5585172176361084, 0.44394928216934204, 0.04377603903412819, 1.0765390396118164, 2.1249184608459473, 1.5116180181503296, 0.4508877694606781, 0.33664628863334656, 0.3700939416885376, 1.5774284601211548, 0.6671918630599976, 1.0675421953201294, 0.46776968240737915, 0.9274613261222839, 1.287302017211914, 1.1773242950439453, 1.6772230863571167, 0.4910796582698822, 0.46414920687675476, -0.017023965716362, 2.3251166343688965, 0.7117596864700317, 0.1456730216741562, 0.5380535125732422, 2.4835221767425537, 0.5266988277435303, 0.5081037282943726, 0.4097440242767334, 0.9614071846008301, 0.40797415375709534, 2.3297641277313232, 0.954422116279602, 1.9082549810409546, 1.2021592855453491, 0.1262131631374359, 1.0095524787902832, 1.1899068355560303, 1.0861515998840332, 0.914484441280365, 0.23041506111621857, 0.4177435040473938, -0.018424872308969498, 0.8907097578048706, 0.9633663892745972, 0.8571264147758484, 1.32514488697052, 0.10141962766647339, 0.21662893891334534]"
climate zone,"[18, 14, 6, 19, 2, 8, 4, 31, 15, 12, 5, 4]",34,"[0.7853905558586121, 1.8256266117095947, 0.36204299330711365, 0.11411941051483154, 0.8049473762512207, 1.9461560249328613, 1.1442197561264038, 0.8738038539886475, 0.5782793760299683, 0.4098723530769348, 0.0038002387154847383, 0.34185558557510376, 0.6064773797988892, 1.3913466930389404, 0.0006120041944086552, 0.8630999326705933, 0.9225742816925049, 0.975977897644043, 0.05636053904891014, 1.9839671850204468, 0.673999547958374, 0.36634278297424316, 0.8653910160064697, 0.8527466058731079, 1.1833328008651733, 0.8847322463989258, 1.2077300548553467, 1.4610031843185425, 1.6213436126708984, 1.525712490081787, 1.5966912508010864, 0.6192195415496826, 1.0046660900115967, 1.2533950805664062, 1.4017448425292969, 0.9794793128967285, 0.5349036455154419, 0.741500198841095, 0.012180313467979431, 0.1599235236644745, 0.6474504470825195, 0.39176419377326965, 0.6399198770523071, 0.7381595373153687, 1.3788199424743652, 0.7450195550918579, 1.7754836082458496, 1.1665486097335815, 1.6966617107391357, 1.0364516973495483, 0.03776780143380165, 0.37158089876174927, 0.689271092414856, 1.3464962244033813, 1.6566261053085327, 0.7138009071350098, 0.42912086844444275, -0.009344875812530518, 1.1881533861160278, 0.37588974833488464, 0.22799423336982727, 0.8790085911750793, 0.040224283933639526, 0.6324381828308105]"
coefficient,"[18, 12, 4, 22, 22, 6, 18, 6, 4, 5, 8]",34,"[0.6628469824790955, 2.7395479679107666, 0.2988288700580597, 0.05045562610030174, 1.0070085525512695, 1.9171520471572876, 1.1628820896148682, 1.3769943714141846, 0.2561803460121155, 0.32259634137153625, -0.008265267126262188, 0.6180664896965027, 0.8897461891174316, 1.5922921895980835, -0.0021803174167871475, 1.0635415315628052, 1.4107204675674438, 1.0079562664031982, 0.09180726110935211, 1.9360920190811157, 0.41224268078804016, 0.5637067556381226, 0.7893288135528564, 0.38040754199028015, 0.6780186295509338, 1.2392535209655762, 1.0763522386550903, 1.9459460973739624, 1.3975811004638672, 1.4063260555267334, 2.310567855834961, 0.5495667457580566, 1.365104079246521, 1.134890079498291, 1.2519451379776, 0.2985582649707794, 0.7067095041275024, 1.1315094232559204, -0.06231853365898132, 0.12347792088985443, 0.7260411977767944, 0.5010128617286682, 0.14592155814170837, 0.5696734189987183, 1.5642364025115967, 0.8705679178237915, 2.6034302711486816, 0.9701681733131409, 2.3907268047332764, 1.3445732593536377, 0.025539858266711235, 0.8519382476806641, 1.3831217288970947, 1.9268449544906616, 1.3304105997085571, 0.2998605966567993, 0.6012261509895325, 0.01484023779630661, 1.4814828634262085, 0.6185268759727478, 0.5231625437736511, 1.6486743688583374, 0.024927549064159393, 0.3041875660419464]"
control group,"[18, 12, 5, 8, 11, 12, 14, 31, 17, 11, 12, 13, 3]",34,"[0.6511551737785339, 2.312751531600952, 0.8390824794769287, 0.18172676861286163, 0.9293743968009949, 1.7497562170028687, 0.9909387826919556, 1.1285244226455688, 1.054665207862854, 0.4191438555717468, 0.002148097613826394, 0.9440557956695557, 0.8909494876861572, 1.216586947441101, -0.005047495011240244, 2.117222785949707, 1.3521976470947266, 0.8129441738128662, 0.0638018473982811, 1.6809360980987549, 1.2608797550201416, 1.0794599056243896, 0.7969856262207031, 0.6249860525131226, 0.8213274478912354, 1.2176882028579712, 1.015998363494873, 1.5817959308624268, 1.1647597551345825, 1.3359036445617676, 1.8252171277999878, 0.7101130485534668, 1.342223048210144, 1.007682204246521, 1.0159993171691895, 0.4859257936477661, 1.5031360387802124, 1.0553011894226074, -0.01158517599105835, 0.28881168365478516, 1.5002107620239258, 0.49081090092658997, 0.571529746055603, 0.5845715999603271, 1.3581618070602417, 0.6978577971458435, 2.265089273452759, 0.9777784943580627, 2.096297264099121, 1.1712566614151, 0.03389422222971916, 0.8159875273704529, 1.1071282625198364, 1.5609593391418457, 1.3259015083312988, 0.5556109547615051, 0.49819618463516235, 0.0005177892744541168, 1.3379623889923096, 0.9792534112930298, 0.6964074969291687, 1.4219660758972168, 0.07245995104312897, 0.5123598575592041]"
convection,"[18, 12, 5, 28, 4, 18, 8, 6, 12, 5]",34,"[0.34354010224342346, 3.3445796966552734, 0.6191684007644653, 0.05027631297707558, 0.9137253761291504, 1.9189263582229614, 1.1136651039123535, 1.5717445611953735, 0.5917942523956299, 0.49758195877075195, 0.007394656538963318, 0.9628860950469971, 1.0559664964675903, 1.3499114513397217, -0.004825643263757229, 1.7048981189727783, 2.0460171699523926, 0.8641247749328613, 0.11351847648620605, 1.8568048477172852, 0.7812618017196655, 0.8862820863723755, 0.5861986875534058, 0.040307462215423584, 0.46742892265319824, 1.8868205547332764, 1.0586297512054443, 2.012096643447876, 1.1087253093719482, 1.481650710105896, 2.425030469894409, 0.9948598146438599, 1.943673014640808, 1.0194206237792969, 0.822724461555481, -0.015932723879814148, 1.2803078889846802, 1.121801495552063, -0.013595148921012878, 0.25411298871040344, 1.1164910793304443, 0.7496487498283386, -0.0061054527759552, 0.49237146973609924, 1.7233670949935913, 0.8182908296585083, 3.207531213760376, 1.2256065607070923, 2.8316876888275146, 1.5730725526809692, -0.01958363875746727, 1.275280237197876, 1.8583762645721436, 1.9428980350494385, 1.3133193254470825, 0.0008280128240585327, 0.7631170749664307, -0.014834104105830193, 1.4901599884033203, 0.8513739109039307, 0.8422387838363647, 2.20338773727417, 0.016673296689987183, 0.07338885962963104]"
dependent variable,"[20, 4, 3, 4, 5, 20, 4, 5, 8, 31, 28, 2, 11, 6, 2, 10, 14, 4]",34,"[1.0068228244781494, 2.0356476306915283, 0.2963949143886566, 0.1292663961648941, 1.118107795715332, 1.8615144491195679, 0.9473094344139099, 1.040518045425415, 0.3158237338066101, 0.10362641513347626, -0.015913471579551697, 0.6943004131317139, 0.9011502265930176, 1.507263422012329, 0.008222169242799282, 1.2464401721954346, 0.859670877456665, 0.8389856815338135, 0.053942643105983734, 1.8198844194412231, 0.5447127819061279, 0.6636111736297607, 0.9557115435600281, 0.8329849243164062, 1.0897889137268066, 0.7780165672302246, 0.9575517177581787, 1.891471266746521, 1.5543622970581055, 1.3761416673660278, 2.099677085876465, 0.1595281958580017, 0.7781147956848145, 1.0416905879974365, 1.2608435153961182, 0.892210066318512, 0.8751897811889648, 1.3619022369384766, -0.07590046525001526, 0.18025606870651245, 0.892263650894165, 0.25169023871421814, 0.5401449203491211, 0.4969184100627899, 1.3062660694122314, 0.7576680183410645, 1.916805624961853, 0.7139302492141724, 1.9582741260528564, 0.783648669719696, -0.017666157335042953, 0.8189034461975098, 0.9571865797042847, 1.93324875831604, 1.1368741989135742, 0.8103920221328735, 0.2986290454864502, -0.026743479073047638, 1.5802854299545288, 0.9123185276985168, 0.711568295955658, 1.5854945182800293, 0.06179526448249817, 0.7273993492126465]"
empire,"[4, 19, 3, 6, 11, 4]",34,"[1.0469844341278076, 2.315636157989502, 0.7889570593833923, 0.012493323534727097, 0.723587691783905, 1.8902474641799927, 1.0437804460525513, 1.016937255859375, 0.5791882872581482, 0.07003103196620941, -0.0067917350679636, 0.980965256690979, 1.4392331838607788, 1.2929409742355347, -0.005776040721684694, 1.3785758018493652, 0.6840815544128418, 0.7196046113967896, 0.06069612875580788, 2.0608341693878174, 0.9659672975540161, 0.7848750352859497, 0.723250687122345, 0.9055114984512329, 1.235056757926941, 0.6386299133300781, 1.48313570022583, 1.7697590589523315, 1.6103731393814087, 1.7759568691253662, 1.854398250579834, 0.058227285742759705, 0.6522378921508789, 0.900844395160675, 1.4378395080566406, 0.1313888430595398, 1.1003894805908203, 1.4560489654541016, 0.018227115273475647, 0.044535890221595764, 0.6010574102401733, 0.1823827475309372, 0.4423574209213257, 0.939682126045227, 1.590804100036621, 0.7055288553237915, 2.4622247219085693, 1.1395217180252075, 2.5231740474700928, 1.2236396074295044, 0.0065649040043354034, 0.4084644615650177, 0.7942633032798767, 2.0650460720062256, 1.3003045320510864, 0.6144254803657532, 0.29800352454185486, -0.006697123870253563, 1.7366856336593628, 0.573326826095581, 0.20143306255340576, 1.3453330993652344, 0.0018198899924755096, 0.30343565344810486]"
energy transfer,"[4, 5, 4, 11, 17, 21, 31, 8, 11, 2, 5, 7, 22, 4, 11]",34,"[0.7546437382698059, 2.559814453125, 0.13038331270217896, 0.009792868047952652, 0.9535731077194214, 2.490112543106079, 1.6123403310775757, 1.389992356300354, 0.21008330583572388, 0.5550540685653687, 0.0009178488980978727, 0.1470518708229065, 0.6338038444519043, 1.8193352222442627, -0.002365563064813614, 0.43018001317977905, 1.3527262210845947, 1.3794641494750977, 0.09580700099468231, 2.5184617042541504, 0.3126416802406311, 0.14158596098423004, 0.9607391357421875, 0.6383981704711914, 1.16173255443573, 1.3226910829544067, 1.5226460695266724, 1.8978184461593628, 1.9346325397491455, 1.8574012517929077, 2.2128238677978516, 0.6437125205993652, 1.4158073663711548, 1.6423985958099365, 1.673224687576294, 0.7856815457344055, 0.11123749613761902, 0.7957007884979248, -0.013267114758491516, 0.035667359828948975, 0.19239449501037598, 0.6461892127990723, 0.4036121368408203, 0.8873190879821777, 1.908644199371338, 1.0788995027542114, 2.5210535526275635, 1.4963730573654175, 2.3244848251342773, 1.560385823249817, 0.02970149740576744, 0.47919726371765137, 1.1048378944396973, 1.6382137537002563, 2.104489803314209, 0.4969327449798584, 0.8042327761650085, 0.0004048086702823639, 1.4450114965438843, 0.1891983300447464, 0.06532387435436249, 1.093349575996399, 0.0036107003688812256, 0.42353707551956177]"
equation,"[4, 24, 13, 2, 8, 6, 12, 5]",34,"[0.3349912166595459, 2.477403163909912, 0.9666106104850769, 0.06821896135807037, 0.7225412726402283, 1.2477562427520752, 0.5968937873840332, 1.018916130065918, 1.0202043056488037, 0.41710007190704346, 0.012108436785638332, 1.1736259460449219, 1.080335259437561, 0.7763223052024841, -0.004991131369024515, 2.2948832511901855, 1.5539660453796387, 0.4389459490776062, 0.04551765322685242, 1.2112693786621094, 1.2680284976959229, 1.18331778049469, 0.407156765460968, 0.24688324332237244, 0.3772103786468506, 1.383327841758728, 0.7396935224533081, 1.4157085418701172, 0.6283664107322693, 1.046652913093567, 1.6543021202087402, 0.8250738382339478, 1.5067211389541626, 0.4803828299045563, 0.49265509843826294, 0.015659786760807037, 1.7668359279632568, 1.0709285736083984, 0.04542785882949829, 0.34419435262680054, 1.5675562620162964, 0.46442997455596924, 0.2494029700756073, 0.3683958053588867, 1.0792609453201294, 0.3986852765083313, 2.398768186569214, 0.7675532102584839, 2.189879894256592, 1.112134337425232, 0.006698984652757645, 1.0167609453201294, 1.3088878393173218, 1.4910954236984253, 0.7198867797851562, 0.14418943226337433, 0.40061095356941223, 0.0009683184325695038, 1.1804653406143188, 0.960705578327179, 0.9483254551887512, 1.6791648864746094, 0.024150393903255463, 0.1197824701666832]"
expression,"[4, 27, 3, 11, 4, 7, 7, 6, 12, 5]",34,"[0.5756959915161133, 3.199411153793335, 0.14867663383483887, -0.03994225338101387, 0.8499468564987183, 2.769151210784912, 1.782530665397644, 1.589957594871521, 0.08103495836257935, 0.7125712037086487, 0.013122995384037495, 0.19386973977088928, 0.8557839393615723, 1.8589253425598145, -0.004075265489518642, 0.31925827264785767, 1.7054458856582642, 1.4729468822479248, 0.14062614738941193, 2.7294492721557617, 0.16278082132339478, 0.07580734044313431, 0.8277767896652222, 0.3109991252422333, 1.0443012714385986, 1.7839295864105225, 1.7315025329589844, 2.148695468902588, 2.0500681400299072, 2.0600085258483887, 2.5124945640563965, 0.9099959135055542, 1.834356665611267, 1.7570337057113647, 1.7177953720092773, 0.4232662320137024, 0.11795083433389664, 0.9027050137519836, -0.0018582046031951904, 0.09002567082643509, 0.14358176290988922, 0.7649198770523071, 0.12287871539592743, 1.0066500902175903, 2.186426877975464, 1.1039798259735107, 3.090801477432251, 1.7796516418457031, 2.828521490097046, 1.9042129516601562, 0.011797277256846428, 0.6169927716255188, 1.5394483804702759, 1.9200958013534546, 2.2692995071411133, 0.18772241473197937, 0.9050540924072266, 0.004442378878593445, 1.5877692699432373, 0.13566605746746063, 0.1216227263212204, 1.4205281734466553, 0.0038606449961662292, 0.20131224393844604]"
feudalism,"[22, 4, 13, 20, 2, 14, 6, 7, 19]",34,"[0.46693146228790283, 2.361074447631836, 1.0174177885055542, 0.09849615395069122, 0.4704209566116333, 1.634366512298584, 0.969683825969696, 0.86690753698349, 1.1528477668762207, 0.5969505906105042, 0.030187999829649925, 0.8399100303649902, 0.9660754203796387, 0.9293326735496521, -0.001977324951440096, 1.8266210556030273, 1.2895821332931519, 0.6483277082443237, 0.058827705681324005, 1.7343775033950806, 1.4174326658248901, 0.8007808923721313, 0.44797924160957336, 0.49248504638671875, 0.8781916499137878, 1.379313349723816, 1.2539349794387817, 1.246253252029419, 1.1224197149276733, 1.4939703941345215, 1.4013707637786865, 0.9787925481796265, 1.5189250707626343, 0.8296458721160889, 0.9949361681938171, 0.28579944372177124, 1.2642790079116821, 0.7556682229042053, 0.13555915653705597, 0.25619903206825256, 1.177831768989563, 0.41213107109069824, 0.41916197538375854, 0.7978862524032593, 1.366308569908142, 0.45595642924308777, 2.369119882583618, 1.316186547279358, 2.20060658454895, 1.394396185874939, 0.05586995184421539, 0.38662463426589966, 0.9262800812721252, 1.3603384494781494, 1.438287615776062, 0.3354196548461914, 0.4076268672943115, 0.003977719694375992, 1.1294910907745361, 0.4376075267791748, 0.33352798223495483, 1.007689356803894, 0.024439089000225067, 0.20269998908042908]"
geological,"[17, 4, 12, 14, 12, 17, 6, 18, 2, 14]",34,"[0.5037351846694946, 2.0311295986175537, 1.2405049800872803, 0.22354058921337128, 0.8463423848152161, 1.0202804803848267, 0.513629674911499, 0.9400674700737, 1.5727708339691162, 0.18862125277519226, -0.006049886345863342, 1.5487027168273926, 1.0649257898330688, 0.7154680490493774, -0.0018303976394236088, 3.082069158554077, 1.1367557048797607, 0.32093513011932373, 0.027679841965436935, 0.9863178730010986, 1.805490493774414, 1.683595061302185, 0.5890841484069824, 0.4916265904903412, 0.48747721314430237, 1.0597286224365234, 0.6350035667419434, 1.2711288928985596, 0.569982647895813, 0.9242172241210938, 1.5592705011367798, 0.509296178817749, 1.101028561592102, 0.43239104747772217, 0.45856600999832153, 0.06195022538304329, 2.407745361328125, 1.1658897399902344, 0.07776809483766556, 0.40064674615859985, 2.2767229080200195, 0.3096778392791748, 0.5283510684967041, 0.30675917863845825, 0.9139363169670105, 0.4250263571739197, 2.042983055114746, 0.5720608830451965, 1.9425448179244995, 0.8735824823379517, 0.06888306885957718, 1.0107287168502808, 1.1468873023986816, 1.4979106187820435, 0.5280826091766357, 0.4356679618358612, 0.22209182381629944, -0.015458207577466965, 1.174591064453125, 1.2955266237258911, 1.0857528448104858, 1.6094564199447632, 0.09125912189483643, 0.40893450379371643]"
independent variable,"[6, 5, 20, 4, 3, 4, 5, 20, 4, 5, 8, 31, 28, 2, 11, 6, 2, 10, 14, 4]",34,"[1.029860496520996, 2.052299976348877, 0.25740066170692444, 0.12052536010742188, 1.1151396036148071, 1.9236284494400024, 1.0088516473770142, 1.0650634765625, 0.26948320865631104, 0.11016914248466492, -0.017978111281991005, 0.6375284790992737, 0.8878965377807617, 1.5657528638839722, 0.008644269779324532, 1.1182053089141846, 0.8431683778762817, 0.8861953020095825, 0.0576716810464859, 1.9039682149887085, 0.4847109615802765, 0.5958182215690613, 0.9769154191017151, 0.8489654064178467, 1.13617742061615, 0.7690156698226929, 1.0107444524765015, 1.907362937927246, 1.6211848258972168, 1.424387812614441, 2.118053913116455, 0.15238939225673676, 0.7697292566299438, 1.102478265762329, 1.3265522718429565, 0.9162474870681763, 0.7721416354179382, 1.3367881774902344, -0.0759609043598175, 0.15931084752082825, 0.7948563098907471, 0.25711679458618164, 0.540145993232727, 0.5325424671173096, 1.3612949848175049, 0.786352276802063, 1.940032720565796, 0.771536111831665, 1.9835668802261353, 0.819743275642395, -0.017172925174236298, 0.7697431445121765, 0.9364893436431885, 1.9346377849578857, 1.2310305833816528, 0.817578911781311, 0.317802369594574, -0.028167832642793655, 1.597030520439148, 0.8538080453872681, 0.637989342212677, 1.5393809080123901, 0.05843133479356766, 0.7243819236755371]"
kinetic energy,"[16, 6, 5, 4, 8, 6, 18, 31, 4, 5, 4, 11, 17, 21]",34,"[0.49457988142967224, 1.9230213165283203, 1.1698079109191895, 0.12549687922000885, 0.5301072597503662, 1.4416970014572144, 0.9167177677154541, 0.7327730059623718, 1.5338027477264404, 0.5765200257301331, 0.035373929888010025, 1.0463415384292603, 0.796114444732666, 0.8457158803939819, 0.0019301306456327438, 2.3396544456481934, 1.0334581136703491, 0.5692662596702576, 0.04633260518312454, 1.525285005569458, 1.7853014469146729, 1.0886708498001099, 0.6005679965019226, 0.6850550770759583, 0.9070874452590942, 1.135791301727295, 1.0538208484649658, 1.0336220264434814, 1.0216214656829834, 1.3008708953857422, 1.1922413110733032, 0.913805365562439, 1.2553390264511108, 0.8213380575180054, 0.9255460500717163, 0.4186963140964508, 1.6341419219970703, 0.6544381380081177, 0.15660066902637482, 0.30312976241111755, 1.5856608152389526, 0.37726426124572754, 0.653218150138855, 0.6843934059143066, 1.2111976146697998, 0.4652886986732483, 1.9376877546310425, 1.262321949005127, 1.8120036125183105, 1.2068395614624023, 0.08045648783445358, 0.389989972114563, 0.6985599994659424, 1.0466827154159546, 1.4115301370620728, 0.5225668549537659, 0.4035278856754303, -0.005861107259988785, 0.9432865381240845, 0.5620656609535217, 0.3761967420578003, 0.7766493558883667, 0.044720523059368134, 0.41217586398124695]"
latitude,"[14, 2, 8, 6, 8, 13, 20, 4]",34,"[0.4667828679084778, 2.1287307739257812, 1.0724475383758545, 0.08531039953231812, 0.5436873435974121, 1.3948893547058105, 0.8304212093353271, 0.8286153078079224, 1.1302284002304077, 0.46295034885406494, 0.015275889076292515, 1.0064051151275635, 0.9889093637466431, 0.8359090685844421, -0.0030153507832437754, 1.953384518623352, 1.1470952033996582, 0.5282750129699707, 0.058336012065410614, 1.4829472303390503, 1.3727529048919678, 0.9503775835037231, 0.4385485351085663, 0.4825405478477478, 0.7585269808769226, 1.143459439277649, 1.0608980655670166, 1.2033461332321167, 0.9467465877532959, 1.2716455459594727, 1.3448785543441772, 0.7693530321121216, 1.2665716409683228, 0.6558475494384766, 0.80714350938797, 0.18596118688583374, 1.441624641418457, 0.8816685080528259, 0.11756603419780731, 0.2853419780731201, 1.3158879280090332, 0.35618868470191956, 0.4156497120857239, 0.6334166526794434, 1.2394003868103027, 0.3908594846725464, 2.1450445652008057, 1.0445038080215454, 2.0475614070892334, 1.1963329315185547, 0.02984369732439518, 0.4971989095211029, 0.879113495349884, 1.3291805982589722, 1.1336416006088257, 0.366385281085968, 0.35210391879081726, 0.0018821656703948975, 1.0980857610702515, 0.6534514427185059, 0.47843432426452637, 1.0948572158813477, 0.021561041474342346, 0.2128872573375702]"
longitude,"[14, 12, 5, 17, 6, 8, 13, 20, 4]",34,"[0.33606043457984924, 1.9802050590515137, 1.2187801599502563, 0.09271959960460663, 0.4163703918457031, 1.1611478328704834, 0.6935895681381226, 0.6674428582191467, 1.3935444355010986, 0.4892275929450989, 0.020520273596048355, 1.171458125114441, 0.9928027391433716, 0.5534488558769226, -0.004412624053657055, 2.392102003097534, 1.0753525495529175, 0.35847046971321106, 0.046095654368400574, 1.2320795059204102, 1.6972075700759888, 1.1744550466537476, 0.32268354296684265, 0.4616541862487793, 0.6744579672813416, 1.149143099784851, 0.9337977170944214, 0.9812836647033691, 0.6880390644073486, 1.128045678138733, 1.099722981452942, 0.8806182146072388, 1.2827776670455933, 0.48700833320617676, 0.5938637852668762, 0.10235080868005753, 1.7912929058074951, 0.7832205295562744, 0.18461911380290985, 0.38117074966430664, 1.689438819885254, 0.2886106073856354, 0.49165669083595276, 0.5757400989532471, 1.0860397815704346, 0.24996133148670197, 2.0076904296875, 1.0572251081466675, 1.8861057758331299, 1.0966830253601074, 0.05383732169866562, 0.5077565312385559, 0.7960700988769531, 1.1271451711654663, 1.054809808731079, 0.35447174310684204, 0.24115149676799774, 0.002478398382663727, 0.9300013184547424, 0.7521066665649414, 0.5979681611061096, 0.9811607599258423, 0.02926533669233322, 0.20930349826812744]"
membrane,"[19, 4, 19, 10, 11, 2, 5, 4]",34,"[0.5102472305297852, 1.9195131063461304, 0.9986220598220825, 0.2027430683374405, 0.7868548035621643, 1.058593988418579, 0.5364541411399841, 0.8174505829811096, 1.2205332517623901, 0.2254585325717926, 0.00720699317753315, 1.2128959894180298, 0.9288734197616577, 0.844383180141449, -0.005620473064482212, 2.4869120121002197, 0.9805307388305664, 0.3811698853969574, 0.03513483703136444, 1.0739035606384277, 1.5128551721572876, 1.2662864923477173, 0.6317123770713806, 0.5382586121559143, 0.49858924746513367, 0.9093416929244995, 0.6159932017326355, 1.2699146270751953, 0.6927578449249268, 0.9432811141014099, 1.4657257795333862, 0.5116924047470093, 1.044528603553772, 0.45379140973091125, 0.6142929792404175, 0.19955556094646454, 1.814936876296997, 1.0568547248840332, 0.058912597596645355, 0.3271093964576721, 1.8137930631637573, 0.24463611841201782, 0.4807606041431427, 0.3664778172969818, 0.9180884957313538, 0.44423192739486694, 1.8612568378448486, 0.5866453647613525, 1.7458295822143555, 0.8720391392707825, 0.05195453763008118, 0.8147791624069214, 0.963668704032898, 1.4100263118743896, 0.5762559175491333, 0.4597321152687073, 0.24586810171604156, -0.00849882885813713, 1.0896530151367188, 0.9942972660064697, 0.8730707168579102, 1.3704217672348022, 0.07144010812044144, 0.3936411142349243]"
monarchy,"[19, 12, 5, 2, 11, 18, 9, 21]",34,"[0.2465553730726242, 2.4250447750091553, 1.097001552581787, 0.15713155269622803, 0.7228780388832092, 1.195591926574707, 0.5576974153518677, 1.0181635618209839, 1.3726210594177246, 0.5200865864753723, 0.022071516141295433, 1.283246636390686, 0.9493542909622192, 0.6815998554229736, 0.0016851052641868591, 2.753338575363159, 1.640896201133728, 0.4508959650993347, 0.04426954686641693, 0.9874460101127625, 1.5996170043945312, 1.362123966217041, 0.43997374176979065, 0.2220449149608612, 0.24343791604042053, 1.5341837406158447, 0.5699070692062378, 1.3120542764663696, 0.38987022638320923, 0.8630908131599426, 1.5808913707733154, 0.9992425441741943, 1.7190438508987427, 0.48904353380203247, 0.3710108697414398, -0.01074313372373581, 2.0145914554595947, 0.9621512293815613, 0.06725110858678818, 0.42634227871894836, 2.0893008708953857, 0.5210362076759338, 0.38594990968704224, 0.30301690101623535, 0.9702001810073853, 0.43534812331199646, 2.3851475715637207, 0.7178950905799866, 2.004295587539673, 1.105591893196106, 0.06532663851976395, 1.0642328262329102, 1.3289520740509033, 1.3219865560531616, 0.6677988767623901, 0.17726200819015503, 0.44123202562332153, 0.0031531788408756256, 1.0193867683410645, 1.1049495935440063, 1.0246177911758423, 1.6044604778289795, 0.067075215280056, 0.19310173392295837]"
natural selection,"[5, 2, 8, 13, 11, 2, 14, 31, 7, 4, 14, 4, 18, 8, 6, 12, 5]",34,"[0.6862971782684326, 2.776413917541504, 0.2744351029396057, 0.05332140997052193, 0.9455034732818604, 2.5137674808502197, 1.5235313177108765, 1.3796401023864746, 0.3045346736907959, 0.6333392262458801, 0.018685568124055862, 0.2904858887195587, 0.7758804559707642, 1.7275437116622925, -0.009306540712714195, 0.6611727476119995, 1.5843318700790405, 1.2452259063720703, 0.10643637180328369, 2.453251838684082, 0.39348143339157104, 0.22998982667922974, 0.8754889369010925, 0.5136964321136475, 1.0380702018737793, 1.5721862316131592, 1.5138421058654785, 1.9939576387405396, 1.88407301902771, 1.8618383407592773, 2.300447463989258, 0.8886966705322266, 1.674681305885315, 1.5631260871887207, 1.5694502592086792, 0.7150462865829468, 0.32255256175994873, 0.9083063006401062, -0.05605721473693848, 0.13579154014587402, 0.39920106530189514, 0.7127021551132202, 0.3110576570034027, 0.8768479824066162, 1.9121404886245728, 0.9706963300704956, 2.6805942058563232, 1.4959200620651245, 2.433903694152832, 1.5616341829299927, 0.0017625950276851654, 0.6802107691764832, 1.2737809419631958, 1.7757829427719116, 1.9893659353256226, 0.37317490577697754, 0.8122959733009338, -0.017409861087799072, 1.4989875555038452, 0.3292899429798126, 0.29895174503326416, 1.4170430898666382, 0.015456188470125198, 0.39333581924438477]"
nucleus,"[5, 13, 18, 14, 4, 13, 7]",34,"[0.3326566815376282, 1.265307903289795, 1.5812973976135254, 0.18164634704589844, 0.3263004720211029, 0.8266313672065735, 0.48296114802360535, 0.3333647549152374, 2.0337204933166504, 0.4336315095424652, 0.03315718472003937, 1.3487194776535034, 0.8349076509475708, 0.3176569640636444, -0.00771164707839489, 3.0004055500030518, 0.6812453269958496, 0.1874794214963913, 0.024274999275803566, 0.8934295773506165, 2.2821977138519287, 1.4799153804779053, 0.36090904474258423, 0.7177000045776367, 0.7120068073272705, 0.813988208770752, 0.7648327350616455, 0.6335225105285645, 0.5945090055465698, 0.9104800224304199, 0.5849207043647766, 0.8374406099319458, 0.9632517099380493, 0.3043961226940155, 0.49917301535606384, 0.1321539282798767, 2.245069742202759, 0.6040606498718262, 0.2610432505607605, 0.454332172870636, 2.297999620437622, 0.22195479273796082, 0.778010368347168, 0.5619908571243286, 0.8139201998710632, 0.1388537734746933, 1.4151448011398315, 0.9187082648277283, 1.3074243068695068, 0.8748759031295776, 0.11810058355331421, 0.3234231770038605, 0.4925300180912018, 0.7637806534767151, 0.8212308287620544, 0.5568145513534546, 0.171282097697258, -0.020558368414640427, 0.6289059519767761, 0.7418835759162903, 0.5674360990524292, 0.5858531594276428, 0.049211420118808746, 0.3749367296695709]"
organelle,"[12, 11, 17, 2, 5, 4, 14, 14, 4]",34,"[0.6931642889976501, 2.7709615230560303, 0.4123239815235138, 0.004052232950925827, 0.9834622740745544, 1.916900873184204, 1.1052035093307495, 1.3242278099060059, 0.22616693377494812, 0.2730126678943634, -0.00975036807358265, 0.7593867778778076, 1.0946847200393677, 1.5020235776901245, 0.006202193908393383, 1.085840106010437, 1.2958769798278809, 0.8723769187927246, 0.08913703262805939, 1.9751731157302856, 0.4504241347312927, 0.5874485969543457, 0.7368081212043762, 0.380831241607666, 0.7563977241516113, 1.2388955354690552, 1.1230672597885132, 2.0064611434936523, 1.4330075979232788, 1.5063039064407349, 2.3472375869750977, 0.4561682939529419, 1.244128942489624, 1.0218983888626099, 1.202816128730774, 0.30468714237213135, 0.807945728302002, 1.2943657636642456, -0.006010010838508606, 0.16437071561813354, 0.6984935402870178, 0.4180043637752533, 0.1095978394150734, 0.5836292505264282, 1.5946024656295776, 0.7482746243476868, 2.6318359375, 1.0014183521270752, 2.5506362915039062, 1.2749314308166504, -0.017738744616508484, 0.8878780603408813, 1.405928373336792, 2.08335542678833, 1.1864380836486816, 0.2688322961330414, 0.5016154050827026, 0.015586182475090027, 1.6685820817947388, 0.6585788130760193, 0.6153499484062195, 1.8343368768692017, 0.006155442446470261, 0.2762807607650757]"
plate tectonics,"[3, 14, 2, 8, 4, 31, 8, 4, 18, 8, 12, 5, 6, 18, 7]",34,"[0.7184497714042664, 2.369488000869751, 0.6835867166519165, 0.039534810930490494, 0.7901865243911743, 2.0407257080078125, 1.1720633506774902, 0.9682817459106445, 0.7386828660964966, 0.531182587146759, 0.02396250143647194, 0.6901551485061646, 0.9771378040313721, 1.3087313175201416, -0.011110127903521061, 1.3653972148895264, 1.207846760749817, 0.8934485912322998, 0.06728999316692352, 2.0535311698913574, 0.9451944828033447, 0.6462356448173523, 0.739906907081604, 0.7518218755722046, 1.0619570016860962, 1.1700412034988403, 1.3576767444610596, 1.6558624505996704, 1.566812515258789, 1.6810929775238037, 1.8767664432525635, 0.7568032741546631, 1.310711145401001, 1.1229143142700195, 1.3622876405715942, 0.6799872517585754, 0.9148146510124207, 1.0291261672973633, 0.0021637529134750366, 0.1877678483724594, 0.8432624340057373, 0.43382570147514343, 0.5177797079086304, 0.8430730104446411, 1.600741982460022, 0.6795329451560974, 2.319370985031128, 1.2702852487564087, 2.1976332664489746, 1.2724227905273438, 0.02079710178077221, 0.5090779066085815, 0.9670479893684387, 1.6332181692123413, 1.6271661520004272, 0.4844127297401428, 0.49291613698005676, 0.00555487722158432, 1.3974655866622925, 0.5125992894172668, 0.4365660548210144, 1.2668002843856812, 0.011847048997879028, 0.4113602340221405]"
potential energy,"[3, 12, 8, 4, 5, 8, 6, 2, 14, 31, 4, 5, 4, 11, 17, 21]",34,"[0.6833560466766357, 2.238938331604004, 0.7722945213317871, 0.12045679986476898, 0.9565544128417969, 1.6553670167922974, 0.9736111164093018, 1.1336684226989746, 0.9344786405563354, 0.31122663617134094, -0.008036674931645393, 0.9939898252487183, 0.9000524282455444, 1.2454379796981812, -0.0025494284927845, 1.97787344455719, 1.2156767845153809, 0.7383720874786377, 0.058360643684864044, 1.6461502313613892, 1.1121653318405151, 1.0306446552276611, 0.7915802001953125, 0.5883929133415222, 0.7887533903121948, 1.0513100624084473, 0.9627788662910461, 1.5956703424453735, 1.1501049995422363, 1.287232756614685, 1.8948429822921753, 0.4879235029220581, 1.158645749092102, 0.9383412003517151, 0.98836350440979, 0.42965489625930786, 1.4606504440307617, 1.1248762607574463, 0.009837508201599121, 0.26365047693252563, 1.3896887302398682, 0.40194451808929443, 0.4933788478374481, 0.4931533634662628, 1.3022557497024536, 0.6744241714477539, 2.1961207389831543, 0.8124388456344604, 2.141897678375244, 1.1320440769195557, 0.040228720754384995, 0.7968717813491821, 1.1037760972976685, 1.631261944770813, 1.0942237377166748, 0.5329360961914062, 0.42266374826431274, -0.008549358695745468, 1.3314173221588135, 0.9092937111854553, 0.6776760220527649, 1.444313645362854, 0.05485209822654724, 0.46853652596473694]"
rate,"[11, 2, 8, 4]",34,"[0.697795033454895, 1.7453274726867676, 1.4235984086990356, 0.023963693529367447, 0.45165401697158813, 0.9420410394668579, 0.3710111975669861, 0.4812372922897339, 1.2893576622009277, 0.1110726147890091, 0.0012859010603278875, 1.5697718858718872, 1.4623167514801025, 0.4107384979724884, -0.005588702391833067, 2.6332099437713623, 0.7179582118988037, 0.046590834856033325, 0.014638859778642654, 1.0726187229156494, 1.7638541460037231, 1.4779658317565918, 0.30601805448532104, 0.8117964267730713, 0.8140906095504761, 0.5594837665557861, 0.9022053480148315, 1.1121267080307007, 0.6383748054504395, 1.179628849029541, 1.1401528120040894, 0.28438156843185425, 0.7179485559463501, 0.10280146449804306, 0.5851496458053589, -0.04526904970407486, 2.1543641090393066, 1.3630545139312744, 0.15144386887550354, 0.22776927053928375, 1.5927157402038574, 0.0722220242023468, 0.567608654499054, 0.5883642435073853, 0.9384336471557617, 0.09917500615119934, 1.960440754890442, 0.6842297315597534, 1.9865171909332275, 0.8179210424423218, 0.017092276364564896, 0.4668200612068176, 0.6417381763458252, 1.6149966716766357, 0.46467697620391846, 0.5845778584480286, 0.036693453788757324, -0.00822746567428112, 1.2060692310333252, 1.0154683589935303, 0.7124614715576172, 1.2808436155319214, 0.005704157054424286, 0.19703972339630127]"
Reformation,"[11, 4, 22, 12, 11, 19, 2, 8, 6, 12, 5]",34,"[0.41071611642837524, 2.9739229679107666, 0.7194274067878723, 0.06832486391067505, 0.9501935243606567, 1.6481730937957764, 0.9335024952888489, 1.438786268234253, 0.732104480266571, 0.37591344118118286, 0.001925208023749292, 1.0982965230941772, 0.9961618185043335, 1.264620304107666, -0.004030271433293819, 1.9438717365264893, 1.7643296718597412, 0.7227568626403809, 0.07658027112483978, 1.6621934175491333, 0.9712532758712769, 1.0042973756790161, 0.6346911787986755, 0.1381690800189972, 0.3962227702140808, 1.6206575632095337, 0.9052709937095642, 1.8180878162384033, 0.9431977272033691, 1.2967408895492554, 2.2550082206726074, 0.756787896156311, 1.6816538572311401, 0.8570041656494141, 0.7864209413528442, 0.026203781366348267, 1.4249517917633057, 1.130653977394104, -0.01724866032600403, 0.2591465711593628, 1.3380334377288818, 0.6024882793426514, 0.08978009968996048, 0.42174041271209717, 1.4373620748519897, 0.7299017310142517, 2.904437303543091, 0.9723842740058899, 2.59005069732666, 1.3782768249511719, 0.010940834879875183, 1.2195754051208496, 1.6591136455535889, 1.8358981609344482, 1.0319126844406128, 0.062231943011283875, 0.5989184379577637, 0.012007106095552444, 1.4373403787612915, 0.919771134853363, 0.8989362716674805, 2.0110280513763428, 0.02261805534362793, 0.14386549592018127]"
Renaissance,"[11, 4, 5, 2, 6, 7, 7, 2, 5, 18, 4]",34,"[0.5686732530593872, 2.344539165496826, 0.8745180368423462, 0.0757632702589035, 0.6397481560707092, 1.5526577234268188, 0.850031316280365, 0.8942163586616516, 0.9676973223686218, 0.47017282247543335, 0.028553277254104614, 0.9355367422103882, 1.0379623174667358, 0.9992448091506958, -0.0015570996329188347, 1.9073423147201538, 1.2163015604019165, 0.5980391502380371, 0.04969973489642143, 1.6359039545059204, 1.2020728588104248, 0.8941259384155273, 0.5864191055297852, 0.5502188205718994, 0.8068302869796753, 1.252805471420288, 1.106080174446106, 1.4397356510162354, 1.1415276527404785, 1.3828094005584717, 1.6040866374969482, 0.8579283952713013, 1.3564949035644531, 0.7283061742782593, 0.9677109122276306, 0.3185342848300934, 1.393792748451233, 0.9739197492599487, 0.024554625153541565, 0.2446933537721634, 1.236074686050415, 0.3631117641925812, 0.39020004868507385, 0.6708210706710815, 1.3350979089736938, 0.49932870268821716, 2.2781364917755127, 1.11941659450531, 2.119982957839966, 1.1999703645706177, 0.02551816776394844, 0.5949873328208923, 1.0208629369735718, 1.5176199674606323, 1.2046488523483276, 0.3872378468513489, 0.36161887645721436, -0.0040617696940898895, 1.2701849937438965, 0.6042228937149048, 0.5855141282081604, 1.3064147233963013, 0.032659150660037994, 0.3418160378932953]"
thermal energy,"[8, 9, 4, 11, 19, 2, 14, 31, 4, 5, 4, 11, 17, 21]",34,"[0.7134343385696411, 1.9347680807113647, 1.0787222385406494, 0.16986778378486633, 0.8780741095542908, 1.43159818649292, 0.7919298410415649, 0.9157487750053406, 1.3451299667358398, 0.291633278131485, 0.005203826818615198, 1.2477517127990723, 0.9815108776092529, 1.0070182085037231, 0.0022864751517772675, 2.500278949737549, 0.9582550525665283, 0.5589007139205933, 0.028920501470565796, 1.430234670639038, 1.633215069770813, 1.2959424257278442, 0.7682600617408752, 0.7398626804351807, 0.7947639226913452, 0.9083006381988525, 0.8980708718299866, 1.3854018449783325, 1.0158953666687012, 1.1890933513641357, 1.6365749835968018, 0.4341350197792053, 0.9968552589416504, 0.7447255253791809, 0.9213041067123413, 0.40975669026374817, 1.8103464841842651, 1.12639319896698, 0.05783546715974808, 0.3095964789390564, 1.785645842552185, 0.30193015933036804, 0.6248143911361694, 0.536396861076355, 1.1334705352783203, 0.5544666647911072, 1.943963885307312, 0.753061056137085, 1.8931642770767212, 0.9983378052711487, 0.06135709211230278, 0.6985753774642944, 0.8841308951377869, 1.5093803405761719, 0.8997288346290588, 0.6204876899719238, 0.33232903480529785, 0.00025197863578796387, 1.2445639371871948, 0.9586153626441956, 0.7375068068504333, 1.266746163368225, 0.06680195033550262, 0.5273157954216003]"
topography,"[8, 12, 3, 12, 17, 11, 2, 3, 9, 21]",34,"[0.5041413307189941, 1.7720062732696533, 1.5948691368103027, 0.37242746353149414, 1.00251305103302, 0.6746468544006348, 0.13151472806930542, 0.8431856036186218, 2.1713144779205322, 0.08040602505207062, -0.00530521385371685, 2.070507764816284, 1.0395246744155884, 0.4829154908657074, 0.002418399788439274, 4.190387725830078, 1.1043661832809448, 0.1461275815963745, -0.001779213547706604, 0.4601960778236389, 2.491100549697876, 2.285749673843384, 0.653559684753418, 0.6567904949188232, 0.2434207946062088, 0.9121755361557007, 0.19483307003974915, 1.1973342895507812, 0.10369288176298141, 0.503075122833252, 1.464170217514038, 0.3683803081512451, 0.9755817651748657, 0.1304161697626114, 0.1000525951385498, 0.047518979758024216, 3.2639098167419434, 1.3747307062149048, 0.11321277916431427, 0.5974947214126587, 3.296949863433838, 0.27630043029785156, 0.8364630341529846, 0.04247524216771126, 0.5644549131393433, 0.33188146352767944, 1.7933069467544556, 0.12145058065652847, 1.6667519807815552, 0.5447180867195129, 0.09063243120908737, 1.3723680973052979, 1.1425474882125854, 1.3730239868164062, 0.007277339696884155, 0.6614895462989807, 0.17327532172203064, -0.012123683467507362, 1.045343279838562, 1.9483264684677124, 1.6090667247772217, 1.7950623035430908, 0.17528758943080902, 0.5752387642860413]"
external conflict,"[4, 27, 8, 4, 11, 5, 2, 14, 31, 18, 12, 5, 22, 14, 6, 18, 8]",34,"[0.8375282287597656, 2.5144383907318115, 0.17337888479232788, 0.06605903804302216, 1.03959321975708, 2.5616109371185303, 1.5808537006378174, 1.4132695198059082, 0.27249306440353394, 0.5326923131942749, 0.003065569093450904, 0.13948902487754822, 0.6442403197288513, 1.9205777645111084, 0.0016621463000774384, 0.48828765749931335, 1.3253895044326782, 1.4634865522384644, 0.1011977344751358, 2.553182363510132, 0.28029966354370117, 0.17741531133651733, 1.05105459690094, 0.7392735481262207, 1.295920968055725, 1.2871297597885132, 1.5065757036209106, 1.9762587547302246, 2.0831964015960693, 1.911757230758667, 2.2695624828338623, 0.67332524061203, 1.3691800832748413, 1.7239435911178589, 1.7887917757034302, 0.9373572468757629, 0.2188754826784134, 0.8462454676628113, -0.034245312213897705, 0.026238247752189636, 0.24000203609466553, 0.6484575867652893, 0.4725375175476074, 0.9315102100372314, 1.9227526187896729, 1.1148489713668823, 2.461191415786743, 1.5147712230682373, 2.3448596000671387, 1.5124183893203735, 0.024623237550258636, 0.5058184862136841, 1.1035176515579224, 1.7282097339630127, 2.159226179122925, 0.6245595216751099, 0.8008097410202026, 0.00841621682047844, 1.5368719100952148, 0.28817737102508545, 0.10095031559467316, 1.1439427137374878, 0.02267446368932724, 0.5318566560745239]"
internal conflict,"[6, 5, 8, 4, 11, 5, 2, 14, 31, 18, 12, 5, 22, 14, 6, 18, 8]",34,"[0.820387065410614, 2.6379165649414062, 0.09069815278053284, 0.044407863169908524, 0.9984382390975952, 2.6650679111480713, 1.6593692302703857, 1.495897650718689, 0.14659354090690613, 0.5564916729927063, 0.001058555906638503, 0.04942968487739563, 0.650165855884552, 1.9660404920578003, 0.0003615827299654484, 0.23642206192016602, 1.3723479509353638, 1.5430397987365723, 0.10495206713676453, 2.641324758529663, 0.1473275125026703, 0.060061052441596985, 1.0346368551254272, 0.6448485851287842, 1.3478071689605713, 1.3791472911834717, 1.5943107604980469, 2.0248970985412598, 2.1616992950439453, 2.0027241706848145, 2.313866376876831, 0.6975042223930359, 1.4366250038146973, 1.8089792728424072, 1.8020237684249878, 0.8666459321975708, 0.06499827653169632, 0.7614126801490784, -0.03574252128601074, -0.013872325420379639, 0.07056638598442078, 0.7119498252868652, 0.4081786274909973, 1.0017430782318115, 2.0363707542419434, 1.147355556488037, 2.580636501312256, 1.6820993423461914, 2.4493680000305176, 1.60383939743042, 0.013813206925988197, 0.4796030819416046, 1.1624354124069214, 1.7204030752182007, 2.289691686630249, 0.5354938507080078, 0.8545001745223999, 0.00928645208477974, 1.5797845125198364, 0.18203553557395935, 0.03084823489189148, 1.1476701498031616, 0.015566136687994003, 0.4534620940685272]"
outcome,"[12, 13, 8, 18, 12, 19, 4]",34,"[0.5441657900810242, 2.554135799407959, 0.2334909737110138, 0.1205931305885315, 0.8690713047981262, 1.9270613193511963, 1.295702576637268, 1.3469489812850952, 0.2220187932252884, 0.3894408345222473, -0.006474379450082779, 0.4143613576889038, 0.6779034733772278, 1.5691914558410645, -0.007904891856014729, 0.6809364557266235, 1.382832646369934, 1.0492221117019653, 0.09466852247714996, 1.94357168674469, 0.3317285180091858, 0.3414689898490906, 0.7937154173851013, 0.2882869839668274, 0.7301018834114075, 1.3186900615692139, 1.1008702516555786, 1.7841817140579224, 1.4246622323989868, 1.4111316204071045, 2.0551023483276367, 0.6739277243614197, 1.4537148475646973, 1.2349112033843994, 1.128061056137085, 0.3896799683570862, 0.4875101149082184, 0.7872150540351868, -0.003177538514137268, 0.15693633258342743, 0.5716598629951477, 0.600102424621582, 0.2150886058807373, 0.6201179027557373, 1.6428717374801636, 0.8414418697357178, 2.442340135574341, 1.1445046663284302, 2.242307662963867, 1.3519648313522339, -0.0007924176752567291, 0.779687762260437, 1.325621485710144, 1.635005235671997, 1.508562684059143, 0.31016695499420166, 0.6883516907691956, -0.0110520850867033, 1.2921935319900513, 0.48900648951530457, 0.42369741201400757, 1.4380671977996826, 0.03182040899991989, 0.2916001081466675]"
pacing,"[3, 2, 18, 6, 5, 17]",34,"[0.07443907856941223, 1.7348670959472656, 1.3977853059768677, 0.18021288514137268, 0.3217189610004425, 0.8555101156234741, 0.4897807538509369, 0.5928893685340881, 1.903446912765503, 0.6433016061782837, 0.05585981905460358, 1.2357966899871826, 0.6330002546310425, 0.3710022270679474, -0.004606598988175392, 2.7873475551605225, 1.2728440761566162, 0.32651466131210327, 0.04569578915834427, 0.8467649817466736, 2.0844061374664307, 1.3759799003601074, 0.3099760413169861, 0.39420709013938904, 0.29365861415863037, 1.3590385913848877, 0.5925642251968384, 0.7063868045806885, 0.29606571793556213, 0.7290868163108826, 0.8225767612457275, 1.2174510955810547, 1.5310591459274292, 0.35364243388175964, 0.2880246043205261, 0.04798366129398346, 2.037602663040161, 0.41929709911346436, 0.2859097719192505, 0.4849385619163513, 2.1977388858795166, 0.5016913414001465, 0.6543889045715332, 0.3887760639190674, 0.7980982065200806, 0.23237890005111694, 1.7302749156951904, 0.9007596373558044, 1.3997375965118408, 0.9982429146766663, 0.12471999228000641, 0.680653989315033, 0.9042167663574219, 0.7031049728393555, 0.8533827662467957, 0.2997058033943176, 0.41714248061180115, -0.006628362461924553, 0.5556402802467346, 0.8158387541770935, 0.7193508744239807, 0.8894816040992737, 0.07479841262102127, 0.2173687219619751]"
sarcasm,"[7, 2, 11, 18, 2, 7, 19]",34,"[0.38756832480430603, 2.5928516387939453, 0.9555237293243408, 0.0607043094933033, 0.5857784748077393, 1.7494966983795166, 1.0090657472610474, 1.1224578619003296, 1.100164771080017, 0.6411099433898926, 0.03138120844960213, 0.8514753580093384, 0.9495335817337036, 1.045120120048523, -0.010469402186572552, 1.8951876163482666, 1.5197256803512573, 0.8012089729309082, 0.055744022130966187, 1.7965641021728516, 1.3297030925750732, 0.8614044189453125, 0.5533841848373413, 0.3637399673461914, 0.7380091547966003, 1.5735327005386353, 1.2431899309158325, 1.4395031929016113, 1.1157065629959106, 1.4922243356704712, 1.6035746335983276, 1.0731581449508667, 1.7225522994995117, 0.9180281758308411, 0.9756618142127991, 0.1452660858631134, 1.346287727355957, 0.7341729402542114, 0.037283897399902344, 0.21203112602233887, 1.1737749576568604, 0.5886089205741882, 0.35128432512283325, 0.8119086027145386, 1.5073212385177612, 0.609503984451294, 2.6026012897491455, 1.3676044940948486, 2.3328113555908203, 1.5365556478500366, 0.04860120266675949, 0.6074214577674866, 1.1654428243637085, 1.385368824005127, 1.482814908027649, 0.19495221972465515, 0.628149151802063, 0.025918826460838318, 1.1967942714691162, 0.4935748875141144, 0.4316413998603821, 1.179564356803894, 0.00534159317612648, 0.16518127918243408]"
subgenre,"[7, 13, 10, 17, 4, 5, 11, 4]",34,"[0.4406024217605591, 1.8756234645843506, 1.0742498636245728, 0.1892140507698059, 0.608493983745575, 1.2250789403915405, 0.7446577548980713, 0.6937481760978699, 1.3862932920455933, 0.4745733439922333, 0.026310807093977928, 1.028422236442566, 0.7785584926605225, 0.755859375, -0.008480529300868511, 2.348895788192749, 1.1165825128555298, 0.4476099908351898, 0.046284157782793045, 1.2712887525558472, 1.551270842552185, 1.0727596282958984, 0.545307457447052, 0.5314626693725586, 0.6144297122955322, 1.1383171081542969, 0.8857787251472473, 1.0560352802276611, 0.7950612306594849, 1.0361790657043457, 1.18185293674469, 0.9163826704025269, 1.2979756593704224, 0.628941535949707, 0.7219103574752808, 0.3426288366317749, 1.6511554718017578, 0.7567464113235474, 0.06486884504556656, 0.3831108808517456, 1.6673719882965088, 0.3642677962779999, 0.548666775226593, 0.5223554372787476, 1.0320234298706055, 0.38841813802719116, 1.8264621496200562, 0.9056392908096313, 1.682564377784729, 1.025600790977478, 0.06474697589874268, 0.6245954036712646, 0.8343156576156616, 1.0908511877059937, 1.0672276020050049, 0.43716055154800415, 0.3249870836734772, -0.01112508587539196, 0.902269721031189, 0.7674148678779602, 0.6399828195571899, 0.9962026476860046, 0.054255127906799316, 0.43389034271240234]"
amalgamate,"[2, 19, 2, 14, 17, 2, 19, 2, 8, 4]",34,"[0.4408953785896301, 3.2086329460144043, 0.5114870667457581, 0.07295329868793488, 1.011339545249939, 2.0134153366088867, 1.1573928594589233, 1.6396832466125488, 0.4406592845916748, 0.5158951282501221, 0.007108080200850964, 0.7365938425064087, 0.8765684366226196, 1.5337071418762207, -0.004787789657711983, 1.3651095628738403, 2.0577926635742188, 1.0625464916229248, 0.0885223001241684, 1.934476375579834, 0.5865452885627747, 0.6670874357223511, 0.729568362236023, 0.0930645763874054, 0.4997027814388275, 1.861430048942566, 1.0639666318893433, 2.040099859237671, 1.2181435823440552, 1.450934886932373, 2.421278953552246, 0.92789626121521, 1.9465818405151367, 1.1545995473861694, 1.0063297748565674, 0.17981138825416565, 0.959406852722168, 0.9926287531852722, -0.06513150036334991, 0.19366492331027985, 0.8488596677780151, 0.8229243755340576, 0.04917652904987335, 0.5378360748291016, 1.6546753644943237, 0.9347858428955078, 3.0463273525238037, 1.1248081922531128, 2.737907886505127, 1.60813570022583, -0.00044490396976470947, 1.2274267673492432, 1.7911003828048706, 1.8393746614456177, 1.3559319972991943, 0.048050686717033386, 0.8530108332633972, 0.004393015056848526, 1.5264878273010254, 0.6951796412467957, 0.7225304245948792, 1.9804110527038574, 0.020268581807613373, 0.1295469105243683]"
articulate,"[2, 11, 8, 6, 18, 13, 14, 2, 8, 4]",34,"[0.5383988618850708, 1.901524305343628, 0.9799084663391113, 0.16196244955062866, 0.670050323009491, 1.2949045896530151, 0.8143683671951294, 0.7959937453269958, 1.2803566455841064, 0.40585458278656006, 0.024489764124155045, 0.9835269451141357, 0.8154770135879517, 0.9338927268981934, -0.006540317088365555, 2.0448360443115234, 1.0050710439682007, 0.5812233686447144, 0.04046846181154251, 1.3562530279159546, 1.4757091999053955, 1.0219995975494385, 0.6512670516967773, 0.6039074659347534, 0.765571653842926, 1.018249750137329, 0.9258717894554138, 1.1899030208587646, 0.9947949647903442, 1.1329913139343262, 1.291906714439392, 0.7067058086395264, 1.1385724544525146, 0.72230064868927, 0.8438141345977783, 0.35797542333602905, 1.5168536901474, 0.7641050815582275, 0.11747598648071289, 0.2858486473560333, 1.5173522233963013, 0.34597450494766235, 0.6118680834770203, 0.5342545509338379, 1.123862385749817, 0.5420617461204529, 1.7955857515335083, 0.8957098722457886, 1.7385785579681396, 1.039308786392212, 0.06716860085725784, 0.5388002991676331, 0.817572832107544, 1.1802631616592407, 1.0931439399719238, 0.47638237476348877, 0.3450779616832733, -0.02651672624051571, 0.9890628457069397, 0.6410369277000427, 0.5061327815055847, 0.9968101382255554, 0.04808426648378372, 0.4249119162559509]"
assert,"[2, 7, 7, 4, 11, 8]",34,"[0.33000433444976807, 2.7002804279327393, 0.6347482800483704, -0.01737503707408905, 0.4619539976119995, 1.9978950023651123, 1.2935765981674194, 1.0320943593978882, 0.6037472486495972, 0.8175039887428284, 0.0351412408053875, 0.49581652879714966, 0.9459078311920166, 1.067510724067688, -0.00452807080000639, 0.9838145971298218, 1.5736465454101562, 0.9005545377731323, 0.09608407318592072, 2.0179219245910645, 0.7995520830154419, 0.3609994649887085, 0.42520201206207275, 0.27419471740722656, 0.7581790685653687, 1.6417471170425415, 1.4622853994369507, 1.4941167831420898, 1.3723284006118774, 1.608473300933838, 1.6751126050949097, 1.1227494478225708, 1.7745240926742554, 1.0891920328140259, 1.14774751663208, 0.16021032631397247, 0.6554174423217773, 0.7024045586585999, 0.08600557595491409, 0.20425407588481903, 0.5901681184768677, 0.6458402276039124, 0.19932666420936584, 0.8856828212738037, 1.7060059309005737, 0.5786270499229431, 2.5900611877441406, 1.4785076379776, 2.288464069366455, 1.6156330108642578, 0.015921732410788536, 0.3926140367984772, 1.1714966297149658, 1.4223698377609253, 1.6607539653778076, 0.09894692897796631, 0.7184731364250183, -0.005035383626818657, 1.113649845123291, 0.15851975977420807, 0.20697236061096191, 1.0687955617904663, -0.004916828125715256, 0.07261045277118683]"
authenticate,"[2, 13, 8, 9, 4, 5, 8, 6, 18, 2, 8, 4]",34,"[0.5383824706077576, 2.4888651371002197, 0.9418290853500366, 0.08445025980472565, 0.796595573425293, 1.4631497859954834, 0.7410790920257568, 1.0847699642181396, 0.9584311842918396, 0.33794185519218445, 0.010385897010564804, 1.1387542486190796, 1.1217252016067505, 1.0359140634536743, -0.010694291442632675, 2.1275038719177246, 1.372063398361206, 0.5713582038879395, 0.060739558190107346, 1.4496009349822998, 1.2196649312973022, 1.0989404916763306, 0.5634456872940063, 0.42072945833206177, 0.6179949641227722, 1.2130645513534546, 0.9320142865180969, 1.6064671277999878, 0.9281483888626099, 1.2451188564300537, 1.836441159248352, 0.689612865447998, 1.3711060285568237, 0.6507030725479126, 0.7812113165855408, 0.11670459806919098, 1.6015682220458984, 1.1765645742416382, 0.011649832129478455, 0.2479603886604309, 1.3966232538223267, 0.40370288491249084, 0.31807681918144226, 0.5285927057266235, 1.287772297859192, 0.5239855647087097, 2.424365282058716, 0.8470932841300964, 2.295323371887207, 1.2092533111572266, 0.019784150645136833, 0.8629004955291748, 1.216690182685852, 1.7237873077392578, 0.9015217423439026, 0.3131275773048401, 0.4152345359325409, 0.0004332736134529114, 1.3219481706619263, 0.910444438457489, 0.7717778086662292, 1.664212703704834, 0.026369549334049225, 0.21557077765464783]"
bibliography,"[10, 6, 10, 14, 6, 12, 17, 11, 2, 3, 9, 21]",34,"[0.26839399337768555, 1.758782148361206, 1.5992058515548706, 0.4840855896472931, 0.8295538425445557, 0.7073050737380981, 0.20915056765079498, 0.7722297310829163, 2.4908077716827393, 0.2946239411830902, 0.022854577749967575, 1.9318922758102417, 0.7139700055122375, 0.47014158964157104, 0.0001844358630478382, 4.045101642608643, 1.207492470741272, 0.23249885439872742, 0.005989556200802326, 0.5655139088630676, 2.7072155475616455, 2.2201735973358154, 0.5790377855300903, 0.5752555727958679, 0.20377996563911438, 1.1491914987564087, 0.23097805678844452, 0.9698786735534668, 0.092405304312706, 0.5023249387741089, 1.221238374710083, 0.6980008482933044, 1.210619330406189, 0.2569229006767273, 0.08640746772289276, 0.057638972997665405, 3.122317314147949, 0.8959120512008667, 0.25924989581108093, 0.6863973140716553, 3.479205846786499, 0.3828503489494324, 0.9391636252403259, 0.06315656006336212, 0.5957255959510803, 0.36324843764305115, 1.7308721542358398, 0.36333608627319336, 1.4542407989501953, 0.6570653915405273, 0.14041543006896973, 1.258778691291809, 1.0554256439208984, 1.0083264112472534, 0.30134668946266174, 0.5852048993110657, 0.31836995482444763, -0.01236206665635109, 0.7501528859138489, 1.7118887901306152, 1.4655725955963135, 1.4662479162216187, 0.2520575225353241, 0.6002703309059143]"
concession,"[18, 12, 5, 18, 4, 7, 7, 6, 12, 5]",34,"[0.169853076338768, 2.6794703006744385, 0.6164470911026001, -0.0034648291766643524, 0.4264046847820282, 1.8729476928710938, 1.2535183429718018, 1.0203924179077148, 0.7860705852508545, 0.9101997017860413, 0.05833941698074341, 0.44951385259628296, 0.6835814118385315, 1.0309447050094604, -0.003643558593466878, 1.178700566291809, 1.6671679019927979, 0.8913685083389282, 0.10063044726848602, 1.946410059928894, 0.8725749254226685, 0.3793477714061737, 0.449423223733902, 0.1673533171415329, 0.6746315956115723, 1.8868688344955444, 1.3496429920196533, 1.3163717985153198, 1.2390339374542236, 1.52786386013031, 1.5131551027297974, 1.4869778156280518, 2.0218939781188965, 1.1022270917892456, 1.0242929458618164, 0.28887102007865906, 0.6710121035575867, 0.38947349786758423, 0.08664408326148987, 0.23127791285514832, 0.7620270252227783, 0.7189863324165344, 0.18107688426971436, 0.8116542100906372, 1.6592600345611572, 0.6020721793174744, 2.556617259979248, 1.7199444770812988, 2.168450117111206, 1.6112079620361328, 0.02486022189259529, 0.5045280456542969, 1.198939323425293, 1.0866923332214355, 1.8916103839874268, 0.03759033977985382, 0.7276562452316284, 0.008579820394515991, 0.978216290473938, 0.1045898050069809, 0.22597160935401917, 0.9684672951698303, -0.021451756358146667, 0.1360507607460022]"
contend,"[18, 12, 5, 8, 4, 5, 20]",34,"[0.21680372953414917, 1.9809974431991577, 1.124577522277832, 0.1190188080072403, 0.47131314873695374, 0.7909696102142334, 0.3508289158344269, 0.6186542510986328, 1.3435776233673096, 0.4127415716648102, 0.035067081451416016, 1.2788867950439453, 0.9813510179519653, 0.4096936285495758, -0.014436803758144379, 2.6483778953552246, 1.2642443180084229, 0.14637047052383423, 0.04389142245054245, 0.7967051863670349, 1.6565346717834473, 1.3292080163955688, 0.21413154900074005, 0.33280524611473083, 0.32966676354408264, 1.1815342903137207, 0.5843291282653809, 1.0246903896331787, 0.2699524164199829, 0.7771052122116089, 1.1667965650558472, 0.8827191591262817, 1.3479536771774292, 0.20594525337219238, 0.22422479093074799, -0.011208124458789825, 2.0179309844970703, 0.9184678792953491, 0.2144894301891327, 0.4386192262172699, 1.9467731714248657, 0.2789992690086365, 0.44961315393447876, 0.24978500604629517, 0.7801278829574585, 0.19188915193080902, 1.892221212387085, 0.6417487263679504, 1.6813730001449585, 0.8414333462715149, 0.0520193986594677, 0.8400455117225647, 1.0169891119003296, 1.1733102798461914, 0.5322004556655884, 0.2555749714374542, 0.18738359212875366, -0.005408037453889847, 0.8523668050765991, 1.0974748134613037, 1.0225461721420288, 1.3637981414794922, 0.042987219989299774, 0.17148199677467346]"
convey,"[18, 12, 5, 28, 4, 21]",34,"[0.21698972582817078, 2.4477086067199707, 1.1102584600448608, 0.03737032786011696, 0.4520297348499298, 1.2077968120574951, 0.5819312334060669, 0.8190898299217224, 1.1618614196777344, 0.5376168489456177, 0.030849140137434006, 1.2456828355789185, 1.1076757907867432, 0.5520557165145874, -0.004556143656373024, 2.412846326828003, 1.4710338115692139, 0.3170439302921295, 0.06119248643517494, 1.2254575490951538, 1.519831657409668, 1.2137788534164429, 0.23152247071266174, 0.2376593053340912, 0.4639911651611328, 1.464138388633728, 0.8389409780502319, 1.2489246129989624, 0.5774915814399719, 1.1370168924331665, 1.4313809871673584, 1.043324589729309, 1.5910909175872803, 0.4080289900302887, 0.4335710108280182, -0.02564273029565811, 1.7849223613739014, 0.9436395764350891, 0.09618855267763138, 0.3824183940887451, 1.6127609014511108, 0.40095841884613037, 0.24854367971420288, 0.4685831665992737, 1.1402300596237183, 0.2984657287597656, 2.4003331661224365, 1.0224933624267578, 2.1574196815490723, 1.1657673120498657, 0.01438535563647747, 0.8646169304847717, 1.2117043733596802, 1.363554835319519, 0.8840413689613342, 0.1519917994737625, 0.3081137537956238, 0.007204700261354446, 1.0632317066192627, 0.8847426772117615, 0.8568552732467651, 1.5403918027877808, 0.024911440908908844, 0.09805995970964432]"
discern,"[20, 6, 7, 18, 4, 11, 5]",34,"[0.1468907594680786, 2.7501790523529053, 0.588578462600708, -0.05026036873459816, 0.29753822088241577, 1.9322906732559204, 1.3214366436004639, 1.0217453241348267, 0.6410582661628723, 0.9827274680137634, 0.05582701787352562, 0.3693234920501709, 0.7470047473907471, 0.9680424928665161, -0.005842198617756367, 0.9156204462051392, 1.7241488695144653, 0.9303219318389893, 0.11617277562618256, 2.0095393657684326, 0.7817209959030151, 0.289907842874527, 0.32608380913734436, 0.1551257073879242, 0.7753705978393555, 1.8878945112228394, 1.4765450954437256, 1.2685010433197021, 1.278872013092041, 1.62346351146698, 1.5084855556488037, 1.5558205842971802, 2.102964162826538, 1.1610487699508667, 1.0529491901397705, 0.23959127068519592, 0.5712850689888, 0.34274423122406006, 0.11015036702156067, 0.1738569438457489, 0.5065914392471313, 0.7131296396255493, 0.1654205322265625, 0.9002796411514282, 1.7428021430969238, 0.5316746830940247, 2.6218905448913574, 1.8856984376907349, 2.2697393894195557, 1.7173229455947876, 0.025437120348215103, 0.342221200466156, 1.1604517698287964, 1.098676085472107, 2.0848467350006104, 0.038509055972099304, 0.7035456895828247, 0.01244407519698143, 0.9668822288513184, 0.06317929178476334, 0.11613547056913376, 0.8876481056213379, -0.018395259976387024, 0.031523559242486954]"
discrepancy,"[20, 6, 7, 18, 11, 4, 3, 2, 5, 18, 21]",34,"[0.1328810453414917, 2.9610681533813477, 1.1936625242233276, 0.12696748971939087, 0.5158025622367859, 1.6390851736068726, 0.9467660188674927, 1.0793147087097168, 1.5033841133117676, 0.9405696988105774, 0.04987471550703049, 1.0644601583480835, 0.8795037269592285, 0.7892683148384094, -0.0011732764542102814, 2.6592109203338623, 2.1069834232330322, 0.6534916162490845, 0.07764062285423279, 1.4876800775527954, 1.7149431705474854, 1.07462477684021, 0.3801439106464386, 0.11094319075345993, 0.46762412786483765, 2.167121648788452, 1.0347377061843872, 1.3535268306732178, 0.6896070241928101, 1.2538284063339233, 1.621740460395813, 1.7273991107940674, 2.3588223457336426, 0.7772107720375061, 0.6218236684799194, 0.06171490252017975, 1.7539976835250854, 0.6676849722862244, 0.06503336876630783, 0.5050773024559021, 1.9146826267242432, 0.7368812561035156, 0.284351646900177, 0.6036752462387085, 1.3327691555023193, 0.49130040407180786, 2.8596928119659424, 1.37315034866333, 2.3221700191497803, 1.6344339847564697, 0.08372776210308075, 1.0261127948760986, 1.4525796175003052, 1.2030011415481567, 1.4714010953903198, 0.08091017603874207, 0.6141998767852783, -0.009145643562078476, 1.022178053855896, 0.7015812397003174, 0.7415912747383118, 1.465151071548462, 0.07227624952793121, 0.12292638421058655]"
dispute,"[20, 6, 7, 3, 13, 8, 4]",34,"[0.3404008746147156, 2.3137593269348145, 1.1554007530212402, 0.061138104647397995, 0.46523338556289673, 1.3104794025421143, 0.7214521765708923, 0.8181747794151306, 1.2144429683685303, 0.5160835385322571, 0.035250224173069, 1.1572755575180054, 1.078212857246399, 0.668367862701416, -0.0074504101648926735, 2.2446837425231934, 1.355610728263855, 0.39827480912208557, 0.05675302818417549, 1.3417809009552002, 1.596453309059143, 1.071968913078308, 0.32287362217903137, 0.36274176836013794, 0.6156264543533325, 1.368535041809082, 0.9941361546516418, 1.2119215726852417, 0.764167070388794, 1.2159963846206665, 1.344271183013916, 0.9695314168930054, 1.5176856517791748, 0.5221211314201355, 0.6234036087989807, 0.050540369004011154, 1.6926530599594116, 0.8963938355445862, 0.1462218463420868, 0.34077489376068115, 1.4920910596847534, 0.3956335186958313, 0.37861594557762146, 0.6010966300964355, 1.190881609916687, 0.2982114851474762, 2.3218159675598145, 1.1028209924697876, 2.1517834663391113, 1.23308527469635, 0.027471626177430153, 0.6648838520050049, 1.035984754562378, 1.3674285411834717, 1.0692509412765503, 0.24274426698684692, 0.346677303314209, 0.0014394409954547882, 1.0429036617279053, 0.7396760582923889, 0.6390239000320435, 1.3024137020111084, 0.0112992525100708, 0.10596364736557007]"
hypothesize,"[9, 21, 3, 12, 8, 9, 4, 7, 6, 15, 4]",34,"[0.24025551974773407, 2.2875120639801025, 1.3696138858795166, 0.13975241780281067, 0.43911680579185486, 1.3332499265670776, 0.7579888701438904, 0.7968270778656006, 1.707200288772583, 0.6789215803146362, 0.051891062408685684, 1.214773178100586, 0.876333475112915, 0.627990186214447, -0.008328917436301708, 2.697794198989868, 1.470618486404419, 0.4749378263950348, 0.05384426563978195, 1.3129026889801025, 1.9795020818710327, 1.2147929668426514, 0.35460466146469116, 0.40125855803489685, 0.6402678489685059, 1.5475056171417236, 0.993897557258606, 1.0478711128234863, 0.7113356590270996, 1.1857038736343384, 1.172674536705017, 1.2719274759292603, 1.7215070724487305, 0.5970120429992676, 0.6002784967422485, 0.14749786257743835, 1.9648109674453735, 0.6545713543891907, 0.15829762816429138, 0.4578443765640259, 1.933458685874939, 0.47914236783981323, 0.5310138463973999, 0.6300426721572876, 1.1699533462524414, 0.33794233202934265, 2.313835382461548, 1.253361463546753, 2.052969217300415, 1.3146778345108032, 0.07893753051757812, 0.7024139761924744, 1.0075560808181763, 1.047818660736084, 1.285964012145996, 0.2782764434814453, 0.4071083664894104, 0.007088031619787216, 0.8834398984909058, 0.7500588297843933, 0.6355551481246948, 1.0994127988815308, 0.04042288661003113, 0.18412134051322937]"
merit,"[19, 4, 11, 6, 8]",34,"[0.5288529396057129, 1.4855849742889404, 1.621652603149414, 0.14015169441699982, 0.45921483635902405, 0.7056394219398499, 0.24013957381248474, 0.43254736065864563, 1.7855900526046753, 0.13886162638664246, 0.008398567326366901, 1.7219194173812866, 1.2638088464736938, 0.2598839998245239, -0.005719271954149008, 3.2675018310546875, 0.6681088209152222, 0.018525924533605576, -0.0014137346297502518, 0.7674620747566223, 2.2149055004119873, 1.7675578594207764, 0.35440975427627563, 0.7826498746871948, 0.5991756319999695, 0.5642319917678833, 0.6522102355957031, 0.8662551641464233, 0.3976399898529053, 0.8981814980506897, 0.8871169686317444, 0.33508601784706116, 0.6615911722183228, 0.04280746728181839, 0.3948419690132141, -0.12995460629463196, 2.5738377571105957, 1.1958016157150269, 0.2093401402235031, 0.3749386966228485, 2.269050121307373, 0.0919746607542038, 0.719163179397583, 0.46873903274536133, 0.6993253231048584, 0.09390424937009811, 1.6998605728149414, 0.5338118076324463, 1.6740130186080933, 0.7070631384849548, 0.05715739354491234, 0.5357300043106079, 0.6056843996047974, 1.2653813362121582, 0.2727305293083191, 0.572516143321991, 0.03781525045633316, 0.018358539789915085, 1.0005710124969482, 1.1782113313674927, 0.8652519583702087, 1.1157817840576172, 0.05195823311805725, 0.27988481521606445]"
methodology,"[19, 4, 8, 9, 12, 20, 12, 14, 12, 17, 21]",34,"[0.4223141074180603, 2.6296911239624023, 0.9951629638671875, 0.193229079246521, 1.0480116605758667, 1.2995576858520508, 0.6186127662658691, 1.270089864730835, 1.2060887813568115, 0.3294205069541931, 0.003268760396167636, 1.426672101020813, 0.9727212190628052, 1.016086459159851, -0.0036818908993154764, 2.8433284759521484, 1.6915204524993896, 0.4913918077945709, 0.0560205914080143, 1.1388428211212158, 1.4527899026870728, 1.4478284120559692, 0.6304627656936646, 0.23178641498088837, 0.3074183464050293, 1.4889229536056519, 0.5738603472709656, 1.6821839809417725, 0.5671054124832153, 0.955338180065155, 2.102691173553467, 0.7563899755477905, 1.611024260520935, 0.5927377939224243, 0.44289517402648926, 0.09900985658168793, 2.117849111557007, 1.2560235261917114, -0.00886470079421997, 0.41152554750442505, 2.072974920272827, 0.5278904438018799, 0.29538971185684204, 0.19893747568130493, 1.0793259143829346, 0.5838629007339478, 2.557629346847534, 0.5992664098739624, 2.2954823970794678, 1.0664379596710205, 0.031748849898576736, 1.440339207649231, 1.5784138441085815, 1.7310560941696167, 0.6161723136901855, 0.27829909324645996, 0.4630637764930725, 0.002106286585330963, 1.300654411315918, 1.3913142681121826, 1.2814699411392212, 2.1268746852874756, 0.0818113386631012, 0.33029431104660034]"
plagiarize,"[3, 14, 2, 17, 6, 2, 11, 6, 15, 4]",34,"[0.5587256550788879, 1.9920092821121216, 1.3050017356872559, 0.20037131011486053, 0.6897875666618347, 1.2693095207214355, 0.7534597516059875, 0.8722209334373474, 1.6789546012878418, 0.3495142161846161, 0.015070673078298569, 1.3537150621414185, 0.9359912872314453, 0.8389230966567993, 0.003746205009520054, 2.7562177181243896, 1.0858120918273926, 0.46629923582077026, 0.031083200126886368, 1.3283307552337646, 1.9242767095565796, 1.3966975212097168, 0.6250357627868652, 0.6154496669769287, 0.747016191482544, 1.157748818397522, 0.9167910218238831, 1.1612226963043213, 0.840519905090332, 1.1602579355239868, 1.3436481952667236, 0.7307589054107666, 1.238044261932373, 0.6397039294242859, 0.7622002363204956, 0.2620115876197815, 2.0394692420959473, 0.8757753372192383, 0.12117325514554977, 0.3618985414505005, 2.01826548576355, 0.3730715811252594, 0.5922828912734985, 0.5614267587661743, 1.0991392135620117, 0.48839130997657776, 2.07452654838562, 0.9841530919075012, 1.9225351810455322, 1.0934123992919922, 0.09119938313961029, 0.6960804462432861, 0.9308998584747314, 1.2985199689865112, 1.0387165546417236, 0.4762105345726013, 0.3321571946144104, -0.02339266613125801, 1.0986385345458984, 0.8449538350105286, 0.6628450751304626, 1.1748273372650146, 0.061407893896102905, 0.4078240692615509]"
prejudice,"[3, 11, 4, 23, 13, 20, 6, 18, 4]",34,"[0.3068966567516327, 2.0964503288269043, 1.2960103750228882, 0.11086393892765045, 0.3529786169528961, 1.2395603656768799, 0.7700611352920532, 0.6454122066497803, 1.532910704612732, 0.6260771751403809, 0.04414760321378708, 1.1435730457305908, 0.9452955722808838, 0.5899695754051208, -0.008724180981516838, 2.4207701683044434, 1.2101680040359497, 0.34077590703964233, 0.04821186512708664, 1.3477004766464233, 1.8476061820983887, 1.1023356914520264, 0.3252168893814087, 0.41957196593284607, 0.7608616352081299, 1.3654968738555908, 1.05619215965271, 0.9705711603164673, 0.7864134311676025, 1.2208205461502075, 1.0318760871887207, 1.1789761781692505, 1.5082422494888306, 0.5560528635978699, 0.6381807327270508, 0.171197772026062, 1.7796531915664673, 0.6286606788635254, 0.18430112302303314, 0.407295823097229, 1.6674020290374756, 0.36201557517051697, 0.4932979643344879, 0.6522668600082397, 1.149702548980713, 0.2556523382663727, 2.0999653339385986, 1.2928647994995117, 1.9551172256469727, 1.2079359292984009, 0.05037084221839905, 0.4969787895679474, 0.8262338042259216, 1.0611294507980347, 1.3179059028625488, 0.3009984493255615, 0.28226661682128906, -0.007463734596967697, 0.8861525654792786, 0.5970702171325684, 0.5213932991027832, 0.9859760403633118, 0.024957679212093353, 0.23720255494117737]"
preliminary,"[3, 11, 4, 14, 6, 19, 6, 5, 2, 11, 21]",34,"[0.44578585028648376, 1.6618494987487793, 1.7794785499572754, 0.2871187627315521, 0.5396220684051514, 0.7181822657585144, 0.3214081823825836, 0.5934668779373169, 2.3408315181732178, 0.23773154616355896, 0.01564246229827404, 1.8919495344161987, 1.052385926246643, 0.3884407579898834, 0.004068873822689056, 3.820267915725708, 0.8452416658401489, 0.1190885379910469, 0.01048808079212904, 0.7841064929962158, 2.7293059825897217, 2.063462018966675, 0.47611203789711, 0.689872682094574, 0.515078067779541, 0.8616790771484375, 0.5324534177780151, 0.8788135051727295, 0.3474481403827667, 0.7732904553413391, 1.004022479057312, 0.6185998916625977, 0.964301586151123, 0.20156964659690857, 0.36975419521331787, -0.09125123172998428, 2.975538969039917, 0.9653159976005554, 0.2584322988986969, 0.5653171539306641, 3.0280508995056152, 0.18793173134326935, 0.7936608791351318, 0.3749401569366455, 0.7001479268074036, 0.24450664222240448, 1.7470605373382568, 0.60528564453125, 1.5857243537902832, 0.8297884464263916, 0.12735293805599213, 0.7859140038490295, 0.8276142477989197, 1.1436669826507568, 0.42664968967437744, 0.5873697400093079, 0.12307700514793396, -0.002592107281088829, 0.8555475473403931, 1.296164870262146, 1.0167063474655151, 1.157430648803711, 0.13725250959396362, 0.43896055221557617]"
propaganda,"[3, 11, 12, 3, 2, 17, 2, 5, 20, 2]",34,"[0.7301708459854126, 2.9319815635681152, 1.4413268566131592, 0.22824768722057343, 1.411848783493042, 1.2127608060836792, 0.3408200144767761, 1.3826650381088257, 1.5290238857269287, 0.048177652060985565, -0.013538233004510403, 2.151474714279175, 1.4909788370132446, 1.0485366582870483, -0.004493379034101963, 4.016625881195068, 1.795720100402832, 0.26387372612953186, 0.022612247616052628, 1.0140808820724487, 1.891714096069336, 2.1361584663391113, 0.7349076271057129, 0.4723869264125824, 0.28814366459846497, 1.3691298961639404, 0.4280511140823364, 2.0172579288482666, 0.448810875415802, 0.938444972038269, 2.4960885047912598, 0.3829422891139984, 1.4241855144500732, 0.28496983647346497, 0.4001777470111847, 0.03463762253522873, 3.1614584922790527, 2.0493381023406982, -0.07979036867618561, 0.49237462878227234, 2.759572982788086, 0.4023667871952057, 0.3912630081176758, 0.07729475945234299, 0.9432962536811829, 0.5073708295822144, 2.9096999168395996, 0.2682119607925415, 2.7666523456573486, 0.8927921056747437, 0.007789105176925659, 1.898063063621521, 1.8470234870910645, 2.319101333618164, 0.2100220024585724, 0.3761798143386841, 0.2831457555294037, -0.017065249383449554, 1.7910698652267456, 2.0962014198303223, 1.928588628768921, 2.8396480083465576, 0.09680107235908508, 0.35387498140335083]"
scrutinize,"[7, 18, 11, 13, 8, 6, 5, 6, 15, 4]",34,"[0.218744158744812, 2.4299473762512207, 1.126489281654358, 0.03988579288125038, 0.18938153982162476, 1.6162571907043457, 1.0730444192886353, 0.7455759048461914, 1.335671067237854, 0.8299241662025452, 0.05614444985985756, 0.8006590604782104, 0.8671146631240845, 0.7269234657287598, -0.009250479750335217, 1.8650486469268799, 1.4384260177612305, 0.602385401725769, 0.07514308393001556, 1.7395482063293457, 1.5838176012039185, 0.7363361120223999, 0.29238834977149963, 0.3502897620201111, 0.8701285719871521, 1.6747486591339111, 1.3623496294021606, 1.010330319404602, 1.0409339666366577, 1.542013168334961, 1.1001795530319214, 1.485364556312561, 1.838932752609253, 0.8610552549362183, 0.886012077331543, 0.1904655396938324, 1.3047302961349487, 0.40778684616088867, 0.2005392462015152, 0.3141646385192871, 1.1695899963378906, 0.5112194418907166, 0.4040011167526245, 0.8884806632995605, 1.4432841539382935, 0.3666183054447174, 2.4316487312316895, 1.746764898300171, 2.158353328704834, 1.5749683380126953, 0.06828871369361877, 0.3274114727973938, 0.918781042098999, 1.0179165601730347, 1.827991008758545, 0.16132065653800964, 0.4707821309566498, 0.004479598253965378, 0.9003073573112488, 0.21231675148010254, 0.2048058807849884, 0.7869147062301636, -0.0010053999722003937, 0.09413744509220123]"
speculate,"[7, 3, 4, 18, 13, 14, 2, 8, 4]",34,"[0.43881553411483765, 1.5597529411315918, 1.490074872970581, 0.2138206511735916, 0.4570131003856659, 1.0166549682617188, 0.6412920355796814, 0.49266546964645386, 1.9981801509857178, 0.48283660411834717, 0.04059578850865364, 1.3136292695999146, 0.7932595014572144, 0.5463547110557556, -0.005326644517481327, 2.862459659576416, 0.8570365905761719, 0.33414581418037415, 0.02140115760266781, 1.1042370796203613, 2.227586030960083, 1.4066053628921509, 0.5152568221092224, 0.7375627756118774, 0.7983162999153137, 0.9890832901000977, 0.8509615659713745, 0.7918963432312012, 0.7452176809310913, 1.0289150476455688, 0.8018205761909485, 0.8564494848251343, 1.0956809520721436, 0.4851973056793213, 0.623626172542572, 0.2904388904571533, 2.148642063140869, 0.6001853942871094, 0.2579387426376343, 0.4264865815639496, 2.178694486618042, 0.2961440086364746, 0.8711592555046082, 0.5654653310775757, 0.9430464506149292, 0.312368243932724, 1.588714361190796, 1.0030796527862549, 1.5155655145645142, 0.9474038481712341, 0.10497283935546875, 0.4214704632759094, 0.5926268100738525, 0.8382555842399597, 1.0643997192382812, 0.5896915793418884, 0.2400904893875122, -0.03381213918328285, 0.7198607325553894, 0.7576966881752014, 0.5648087859153748, 0.6909030675888062, 0.07049635052680969, 0.4451853632926941]"
stereotype,"[7, 8, 4, 11, 4, 12, 8, 21, 3, 4]",34,"[0.6189367175102234, 2.5015742778778076, 0.834106981754303, 0.04420458897948265, 0.5889773368835449, 1.7651280164718628, 1.0773849487304688, 0.9791306257247925, 0.8275125026702881, 0.3878292739391327, 0.015102144330739975, 0.9561058282852173, 1.1111202239990234, 1.0740543603897095, -0.010292870923876762, 1.6131418943405151, 1.1775269508361816, 0.6635308265686035, 0.08290858566761017, 1.9126863479614258, 1.1515902280807495, 0.8291224241256714, 0.5521916747093201, 0.5781431198120117, 0.9394503831863403, 1.1963293552398682, 1.3415652513504028, 1.5014889240264893, 1.2940975427627563, 1.6252034902572632, 1.7539589405059814, 0.6688783168792725, 1.2861874103546143, 0.9357060790061951, 1.093830943107605, 0.25783294439315796, 1.1946829557418823, 1.0363659858703613, 0.09181664884090424, 0.19762612879276276, 0.986437201499939, 0.3289250135421753, 0.42920437455177307, 0.7878084182739258, 1.5703728199005127, 0.5532141923904419, 2.49257493019104, 1.3194020986557007, 2.380225896835327, 1.3413208723068237, 0.01820567436516285, 0.5193179845809937, 1.0207959413528442, 1.6847283840179443, 1.5030615329742432, 0.4142552614212036, 0.3512449860572815, -0.008742960169911385, 1.3174293041229248, 0.6660300493240356, 0.4278438687324524, 1.2992830276489258, 0.01020875945687294, 0.24755269289016724]"
unify,"[13, 5, 6, 22, 21]",34,"[0.27012163400650024, 1.8641527891159058, 0.9319333434104919, 0.05257897451519966, 0.3845013678073883, 1.1478370428085327, 0.701330840587616, 0.6580077409744263, 1.1474792957305908, 0.47832876443862915, 0.02237342856824398, 0.896600604057312, 0.839975118637085, 0.6010469794273376, -0.003698630491271615, 1.903466820716858, 1.0213475227355957, 0.4334886372089386, 0.044582709670066833, 1.191048502922058, 1.405070424079895, 0.9392154216766357, 0.322451651096344, 0.4012894034385681, 0.5533856153488159, 1.116441011428833, 0.865502655506134, 0.9527417421340942, 0.6757763624191284, 1.0271341800689697, 1.0403084754943848, 0.8689827919006348, 1.276168704032898, 0.5216577649116516, 0.5916626453399658, 0.102822445333004, 1.3855445384979248, 0.6456941366195679, 0.17548641562461853, 0.3055066168308258, 1.37014639377594, 0.3442661762237549, 0.3989686965942383, 0.5317330956459045, 1.036133885383606, 0.3152627646923065, 1.8852916955947876, 1.0337761640548706, 1.6347017288208008, 1.0758920907974243, 0.05672264099121094, 0.4916943907737732, 0.775131344795227, 1.007400393486023, 1.038560390472412, 0.25498664379119873, 0.36744993925094604, -0.0024401359260082245, 0.789609968662262, 0.5237252712249756, 0.4927915334701538, 0.8553363084793091, 0.005968175828456879, 0.14332133531570435]"
accumulate,"[2, 18, 18, 13, 19, 13, 14, 2, 8, 4]",34,"[0.36191779375076294, 2.2077245712280273, 1.0930331945419312, 0.1875464916229248, 0.720322847366333, 1.3332446813583374, 0.7292331457138062, 0.9352028369903564, 1.3715568780899048, 0.5973179340362549, 0.021389206871390343, 1.025113582611084, 0.8349944353103638, 0.8650689721107483, -0.00810855720192194, 2.412428855895996, 1.493264079093933, 0.583984375, 0.04069875553250313, 1.2549690008163452, 1.570995807647705, 1.1720212697982788, 0.5446383357048035, 0.3973442316055298, 0.5598754286766052, 1.3885713815689087, 0.7940775156021118, 1.2675704956054688, 0.7444136142730713, 1.0646511316299438, 1.4516655206680298, 1.0566550493240356, 1.6009085178375244, 0.6685191988945007, 0.6463905572891235, 0.2469293177127838, 1.7609264850616455, 0.7857563495635986, 0.0767308920621872, 0.3779464364051819, 1.8104997873306274, 0.534432590007782, 0.5130594968795776, 0.4889388978481293, 1.0759766101837158, 0.4793538749217987, 2.127620220184326, 0.8692818880081177, 1.8672258853912354, 1.171179175376892, 0.0666617900133133, 0.8498205542564392, 1.1056567430496216, 1.2455806732177734, 1.0241482257843018, 0.3532330095767975, 0.4649851322174072, 0.004518397152423859, 1.000403881072998, 0.8759474158287048, 0.7923293709754944, 1.2982603311538696, 0.08095070719718933, 0.3289371430873871]"
adequate,"[2, 20, 4, 24, 13, 2, 8, 4]",34,"[0.4286721646785736, 1.6804050207138062, 1.4579914808273315, 0.1314869523048401, 0.4627809524536133, 0.8105218410491943, 0.33306270837783813, 0.47783732414245605, 1.7051738500595093, 0.3268736004829407, 0.010668780654668808, 1.5205087661743164, 1.1627140045166016, 0.3648875057697296, -0.004083640407770872, 3.0843870639801025, 0.8872271776199341, 0.09399311244487762, 0.010303769260644913, 0.8936496376991272, 2.0668904781341553, 1.6245118379592896, 0.34141361713409424, 0.6577975749969482, 0.6046149730682373, 0.8211779594421387, 0.6367793083190918, 0.9334807395935059, 0.4178171455860138, 0.9042173027992249, 0.9743451476097107, 0.6424678564071655, 1.0219316482543945, 0.16337978839874268, 0.3978608548641205, 0.10181981325149536, 2.410501480102539, 1.0325343608856201, 0.19551515579223633, 0.43287041783332825, 2.2001733779907227, 0.13811756670475006, 0.640365481376648, 0.4084309935569763, 0.7551509141921997, 0.12641999125480652, 1.7491930723190308, 0.6471214890480042, 1.689639925956726, 0.7888296842575073, 0.04463285952806473, 0.601738691329956, 0.7101448178291321, 1.1567137241363525, 0.5025264620780945, 0.508551836013794, 0.10013335943222046, -0.014206990599632263, 0.9057095646858215, 1.0759929418563843, 0.9239587187767029, 1.1080909967422485, 0.05908934026956558, 0.29319584369659424]"
advocate,"[2, 20, 28, 12, 18, 2, 8, 4]",34,"[0.6387239694595337, 2.2688775062561035, 0.5861253142356873, 0.06630901992321014, 0.7927728891372681, 1.619433879852295, 0.9283311367034912, 1.0344045162200928, 0.6519172191619873, 0.2980729043483734, -0.0023679148871451616, 0.8317651748657227, 0.9331921339035034, 1.194031000137329, -0.008340747095644474, 1.5304738283157349, 1.1789973974227905, 0.6903411149978638, 0.07141926884651184, 1.6956878900527954, 0.7949542999267578, 0.7929327487945557, 0.646307647228241, 0.5448979735374451, 0.7966626882553101, 1.089277982711792, 1.040969729423523, 1.5842182636260986, 1.1787546873092651, 1.350256085395813, 1.811177134513855, 0.5852440595626831, 1.2042959928512573, 0.8756001591682434, 0.9925523996353149, 0.41742143034935, 1.14445960521698, 1.0753700733184814, -0.015639469027519226, 0.18581397831439972, 0.9618954658508301, 0.3703958988189697, 0.35643288493156433, 0.5362329483032227, 1.3242992162704468, 0.6408978700637817, 2.235351085662842, 0.9513877034187317, 2.120006561279297, 1.0763567686080933, 0.028241606429219246, 0.7275083661079407, 1.1027138233184814, 1.6441725492477417, 1.1960949897766113, 0.42075735330581665, 0.3857196569442749, -0.027811121195554733, 1.3358947038650513, 0.7380663752555847, 0.6121025085449219, 1.4445384740829468, 0.02398541569709778, 0.3620296120643616]"
allude,"[2, 14, 14, 13, 20, 4]",34,"[0.254220187664032, 2.167842388153076, 0.9511576890945435, 0.02481495961546898, 0.2968781590461731, 1.371124267578125, 0.8925780653953552, 0.652202844619751, 1.0192804336547852, 0.6578676700592041, 0.04152488708496094, 0.8108174800872803, 0.9692622423171997, 0.6284226179122925, 0.0022885454818606377, 1.551021695137024, 1.1581796407699585, 0.4936394691467285, 0.07516924291849136, 1.4723249673843384, 1.222029447555542, 0.6521011590957642, 0.2727339565753937, 0.3162241578102112, 0.619600236415863, 1.382189154624939, 1.1344246864318848, 1.0722293853759766, 0.9514496326446533, 1.2709921598434448, 1.1630017757415771, 1.1053032875061035, 1.475784182548523, 0.6249250769615173, 0.7713249921798706, 0.11687351763248444, 1.1086044311523438, 0.6587635278701782, 0.20213362574577332, 0.3229401707649231, 1.1182756423950195, 0.40641385316848755, 0.2831287980079651, 0.6686438322067261, 1.2679550647735596, 0.25311028957366943, 2.083094835281372, 1.270204782485962, 1.9133976697921753, 1.214137315750122, 0.02127821557223797, 0.3669130504131317, 0.8611094951629639, 1.1313005685806274, 1.2157875299453735, 0.17066515982151031, 0.40031588077545166, -0.008010342717170715, 0.9578914642333984, 0.3498193621635437, 0.3790602684020996, 0.9233535528182983, 0.0038054026663303375, 0.09987695515155792]"
ambivalent,"[2, 19, 10, 6, 28, 2, 14, 4, 5, 8]",34,"[0.5748727321624756, 2.85274076461792, 0.12129460275173187, 0.03503752872347832, 0.9300047755241394, 2.2447614669799805, 1.4657130241394043, 1.534061312675476, 0.06101308763027191, 0.4753986895084381, -0.004995172843337059, 0.3020493686199188, 0.6726266145706177, 1.748939037322998, -0.003306759288534522, 0.5491920113563538, 1.6224453449249268, 1.2918109893798828, 0.10260489583015442, 2.2288506031036377, 0.1429082304239273, 0.24371401965618134, 0.8485168814659119, 0.28175899386405945, 0.8389878869056702, 1.5523955821990967, 1.2736650705337524, 1.9698829650878906, 1.6611719131469727, 1.6527276039123535, 2.3237497806549072, 0.7409584522247314, 1.64014732837677, 1.46214759349823, 1.3742032051086426, 0.44674158096313477, 0.3293634057044983, 0.8304751515388489, -0.029522433876991272, 0.08617612719535828, 0.3265776038169861, 0.7100979089736938, 0.1257748007774353, 0.6985621452331543, 1.7831087112426758, 1.0429434776306152, 2.749492883682251, 1.3609893321990967, 2.542358875274658, 1.5861859321594238, 0.012055108323693275, 0.8148694038391113, 1.4976205825805664, 1.7334544658660889, 1.79478120803833, 0.2689763307571411, 0.7814784646034241, -0.0018845535814762115, 1.4692448377609253, 0.32803428173065186, 0.33769360184669495, 1.477925419807434, 0.015837427228689194, 0.25071287155151367]"
apprehensive,"[2, 3, 3, 11, 4, 9, 4, 5, 7, 6, 28, 4]",34,"[0.34025245904922485, 2.728827714920044, 0.8029604554176331, 0.042991239577531815, 0.5564149022102356, 1.695823311805725, 1.087815284729004, 1.1034135818481445, 0.8996479511260986, 0.6149048805236816, 0.039360161870718, 0.8977872133255005, 0.92528235912323, 1.0229761600494385, 0.0009323833510279655, 1.6802105903625488, 1.5701242685317993, 0.7286096811294556, 0.08745448291301727, 1.7339991331100464, 1.1835360527038574, 0.7627584934234619, 0.4882630705833435, 0.23610258102416992, 0.6241927742958069, 1.6909178495407104, 1.1596131324768066, 1.4671043157577515, 1.0928781032562256, 1.3944735527038574, 1.7256978750228882, 1.081467866897583, 1.7497210502624512, 0.8981711268424988, 0.8940505981445312, 0.13759972155094147, 1.1454851627349854, 0.7805938124656677, 0.09174974262714386, 0.31705307960510254, 1.1747359037399292, 0.5553087592124939, 0.21213236451148987, 0.62994384765625, 1.4982917308807373, 0.629976212978363, 2.607250213623047, 1.322163462638855, 2.320061206817627, 1.4686490297317505, 0.03316593915224075, 0.784715473651886, 1.2888187170028687, 1.4082188606262207, 1.4482274055480957, 0.13422751426696777, 0.535161554813385, -0.024240588769316673, 1.1695441007614136, 0.464437335729599, 0.4799911379814148, 1.384745478630066, 0.017063170671463013, 0.1343918740749359]"
authentic,"[2, 13, 8, 9, 4, 5, 8, 6, 18]",34,"[0.16923432052135468, 1.8515349626541138, 1.2658593654632568, 0.17489135265350342, 0.4677204489707947, 0.8884559273719788, 0.40993717312812805, 0.6180146932601929, 1.667263388633728, 0.5620096921920776, 0.0340036042034626, 1.2202425003051758, 0.7891230583190918, 0.43669602274894714, -0.007855916395783424, 2.755232095718384, 1.2220224142074585, 0.3095071315765381, 0.03503997251391411, 0.7997191548347473, 1.891929268836975, 1.337042212486267, 0.33024436235427856, 0.3689501881599426, 0.3460317552089691, 1.2004497051239014, 0.5776247978210449, 0.8982278108596802, 0.330333948135376, 0.7475404143333435, 0.9972581267356873, 1.0738948583602905, 1.4209312200546265, 0.3373546004295349, 0.32231080532073975, 0.03274014964699745, 2.041759967803955, 0.6706517934799194, 0.18745803833007812, 0.4693606197834015, 2.1908490657806396, 0.38695400953292847, 0.5847527384757996, 0.3681328594684601, 0.7849259376525879, 0.2069423794746399, 1.7726898193359375, 0.739580512046814, 1.5065029859542847, 0.9527116417884827, 0.09130367636680603, 0.7227787375450134, 0.884435772895813, 0.9222769141197205, 0.6934279799461365, 0.3125556707382202, 0.30503135919570923, 0.016289804130792618, 0.673343300819397, 0.9656183123588562, 0.8374915719032288, 1.05001699924469, 0.08128029108047485, 0.26431578397750854]"
biased,"[10, 6, 2, 7, 4, 20]",34,"[0.18828023970127106, 1.6009093523025513, 1.3108303546905518, 0.11179445683956146, 0.1734955906867981, 1.0427078008651733, 0.682240903377533, 0.4750913381576538, 1.7038042545318604, 0.6512253284454346, 0.04224742203950882, 1.0008623600006104, 0.6933106780052185, 0.3961891829967499, -0.002479302231222391, 2.2779715061187744, 0.9761765003204346, 0.3474884629249573, 0.03779603913426399, 1.1707886457443237, 1.9197626113891602, 1.030816912651062, 0.271591454744339, 0.497558057308197, 0.6893696188926697, 1.1851102113723755, 0.9393510222434998, 0.6164506077766418, 0.6477445363998413, 1.03530752658844, 0.6351653337478638, 1.1607491970062256, 1.311166524887085, 0.4917403757572174, 0.5334515571594238, 0.17322638630867004, 1.6693891286849976, 0.3434508144855499, 0.2859010100364685, 0.4196743071079254, 1.6846944093704224, 0.37003293633461, 0.6334928274154663, 0.6278438568115234, 0.963604211807251, 0.17363440990447998, 1.6543080806732178, 1.2068753242492676, 1.455397367477417, 1.1162927150726318, 0.0924476683139801, 0.3040086328983307, 0.5655052661895752, 0.6577263474464417, 1.204481840133667, 0.38749995827674866, 0.3145110607147217, -0.010108213871717453, 0.5829415917396545, 0.46328476071357727, 0.35634201765060425, 0.4941338300704956, 0.04083315283060074, 0.21717286109924316]"
compatible,"[18, 12, 19, 3, 2, 8, 6, 10, 14, 4]",34,"[0.5001089572906494, 2.5652964115142822, 1.044926404953003, 0.2268204540014267, 1.1482517719268799, 1.1976474523544312, 0.4272000789642334, 1.2274360656738281, 1.2927371263504028, 0.19008541107177734, 0.0017040027305483818, 1.5608326196670532, 1.0643982887268066, 1.0039838552474976, -0.004497523419559002, 3.067078113555908, 1.6142648458480835, 0.4507671892642975, 0.025198737159371376, 1.00136137008667, 1.606391191482544, 1.6113150119781494, 0.6953041553497314, 0.32377195358276367, 0.19995278120040894, 1.307737112045288, 0.40715551376342773, 1.7317689657211304, 0.4962731599807739, 0.8155661821365356, 2.083561658859253, 0.5243308544158936, 1.4205297231674194, 0.4359146058559418, 0.42988497018814087, 0.0801919549703598, 2.3058414459228516, 1.428153395652771, -0.04296572506427765, 0.4795822501182556, 2.305914878845215, 0.4320053160190582, 0.36386269330978394, 0.11926983296871185, 0.8756685256958008, 0.6194328665733337, 2.4578757286071777, 0.31031185388565063, 2.2421367168426514, 0.9233554601669312, 0.041914600878953934, 1.5753332376480103, 1.603865623474121, 1.7749433517456055, 0.34005075693130493, 0.30181604623794556, 0.3351741135120392, 0.0017851926386356354, 1.3320194482803345, 1.4994717836380005, 1.45074462890625, 2.220458745956421, 0.09942156076431274, 0.34533047676086426]"
compelling,"[18, 12, 19, 3, 4, 14, 14, 6, 5, 17]",34,"[0.337020605802536, 1.932417869567871, 1.1392453908920288, 0.3001714050769806, 0.8417638540267944, 0.9595964550971985, 0.424466997385025, 0.7876583337783813, 1.616182804107666, 0.31460481882095337, 0.020412717014551163, 1.5738770961761475, 0.9196845293045044, 0.6370493173599243, -0.002195121720433235, 3.040053606033325, 1.145904541015625, 0.3115294575691223, 0.0262233205139637, 0.849452555179596, 1.8463637828826904, 1.7005590200424194, 0.578752875328064, 0.48639559745788574, 0.29301804304122925, 1.0919384956359863, 0.4523756504058838, 1.2360371351242065, 0.4644412696361542, 0.7662864923477173, 1.5265228748321533, 0.60265052318573, 1.1327354907989502, 0.34807342290878296, 0.33841273188591003, 0.08606692403554916, 2.3685519695281982, 1.0973377227783203, 0.1592029631137848, 0.5031870603561401, 2.529094696044922, 0.314177930355072, 0.6386502981185913, 0.17440742254257202, 0.8207133412361145, 0.37289363145828247, 1.8447265625, 0.4577109217643738, 1.7058583498001099, 0.7256219387054443, 0.07330015301704407, 1.0868442058563232, 1.1090818643569946, 1.3462660312652588, 0.3801807165145874, 0.45861929655075073, 0.2680908739566803, 0.006924640387296677, 1.023474097251892, 1.3467799425125122, 1.286151647567749, 1.6167536973953247, 0.1898595690727234, 0.49295803904533386]"
concise,"[18, 12, 5, 18, 6, 7, 4]",34,"[-0.022564109414815903, 2.5861642360687256, 1.1176774501800537, 0.04024682566523552, 0.1441572904586792, 1.4205631017684937, 0.9146023392677307, 0.717884361743927, 1.3309353590011597, 0.9869292378425598, 0.07274675369262695, 0.8298138380050659, 0.8238860368728638, 0.5141234397888184, -0.005197006743401289, 2.0290307998657227, 1.7064292430877686, 0.46507999300956726, 0.08897225558757782, 1.5265233516693115, 1.5449159145355225, 0.7736703157424927, 0.12511418759822845, 0.09818848222494125, 0.5569813251495361, 1.9694762229919434, 1.1903536319732666, 0.9440441131591797, 0.7869627475738525, 1.3343487977981567, 1.0555673837661743, 1.7679890394210815, 2.116704225540161, 0.666334331035614, 0.6089287400245667, 0.019018620252609253, 1.356868028640747, 0.34297531843185425, 0.16406501829624176, 0.39888110756874084, 1.3741949796676636, 0.596973180770874, 0.22084642946720123, 0.7241507768630981, 1.351331114768982, 0.2637612819671631, 2.484589099884033, 1.6728241443634033, 2.0573666095733643, 1.5408023595809937, 0.042970117181539536, 0.5328842997550964, 1.081831932067871, 0.8835880160331726, 1.6144964694976807, -0.004202991724014282, 0.4980320334434509, 0.000390615314245224, 0.7522867918014526, 0.2967807948589325, 0.4030018448829651, 0.936192512512207, 0.008486595004796982, 0.03627857565879822]"
conclusive,"[18, 12, 5, 18, 14, 13, 7, 6, 28, 4]",34,"[0.1742788553237915, 2.835106134414673, 1.0965348482131958, 0.09610332548618317, 0.46177178621292114, 1.7798680067062378, 1.1842268705368042, 1.090643286705017, 1.3717540502548218, 0.897941529750824, 0.04810904338955879, 0.8248250484466553, 0.7928866147994995, 0.9566004872322083, -0.0073347557336091995, 2.1362805366516113, 1.8525067567825317, 0.8079346418380737, 0.08251018822193146, 1.8071328401565552, 1.5040146112442017, 0.8832775354385376, 0.4297129809856415, 0.20776796340942383, 0.7367131114006042, 1.9864407777786255, 1.298604130744934, 1.2823406457901, 1.0827268362045288, 1.5222026109695435, 1.483838438987732, 1.5917586088180542, 2.108017683029175, 0.9847794771194458, 0.884066104888916, 0.1391904503107071, 1.452063798904419, 0.46544724702835083, 0.10983960330486298, 0.36008965969085693, 1.396222710609436, 0.7197990417480469, 0.28107476234436035, 0.7864663600921631, 1.570947527885437, 0.585114061832428, 2.7659003734588623, 1.685867428779602, 2.397932291030884, 1.74991774559021, 0.07115691900253296, 0.686188817024231, 1.2952499389648438, 1.1219831705093384, 1.8314783573150635, 0.10241013765335083, 0.6824783682823181, 0.0013173818588256836, 1.0349704027175903, 0.3552367687225342, 0.4022679924964905, 1.1266509294509888, 0.022946886718273163, 0.12645713984966278]"
contemplate,"[18, 12, 5, 8, 4, 19, 3, 14, 2, 8, 4]",34,"[0.26979777216911316, 2.993110179901123, 0.4937345087528229, 0.0676717460155487, 0.7768435478210449, 1.7997852563858032, 1.0630650520324707, 1.344596028327942, 0.5376603603363037, 0.6158769726753235, 0.02975415252149105, 0.6587933897972107, 0.8193022012710571, 1.2863205671310425, -0.0005664345808327198, 1.316125750541687, 1.828399896621704, 0.9345914125442505, 0.10651025176048279, 1.7213679552078247, 0.7312400341033936, 0.591107964515686, 0.6053074598312378, 0.06538820266723633, 0.4571675658226013, 1.8084893226623535, 0.9801908731460571, 1.7903167009353638, 1.0821360349655151, 1.3317248821258545, 2.077336311340332, 1.1067843437194824, 1.9134325981140137, 1.0024476051330566, 0.8747931122779846, 0.1592014580965042, 0.8474822640419006, 0.8164693117141724, 0.0340266153216362, 0.2743440568447113, 0.9984318017959595, 0.6760091781616211, 0.08997392654418945, 0.4930530786514282, 1.5478028059005737, 0.820911169052124, 2.7290656566619873, 1.1485034227371216, 2.384897232055664, 1.4850623607635498, 0.013094104826450348, 1.0359550714492798, 1.5814052820205688, 1.5651003122329712, 1.316464900970459, 0.04279789328575134, 0.6932356953620911, -0.0058980900794267654, 1.2758572101593018, 0.5454620718955994, 0.5991572737693787, 1.7272590398788452, 0.032092444598674774, 0.14359405636787415]"
convergent,"[18, 12, 5, 28, 4, 11, 17, 4, 5, 8]",34,"[0.39944031834602356, 2.7717654705047607, 0.7277451157569885, 0.06520549952983856, 0.8424476981163025, 1.5413020849227905, 0.8462256789207458, 1.2412354946136475, 0.7495589256286621, 0.399716317653656, 0.003222710220143199, 1.0680745840072632, 1.0699577331542969, 1.065496802330017, -0.0021651326678693295, 2.00242018699646, 1.60287344455719, 0.6443754434585571, 0.08350799977779388, 1.4884040355682373, 1.0469590425491333, 1.0685985088348389, 0.5046623349189758, 0.19295330345630646, 0.4404169023036957, 1.4608303308486938, 0.8767732977867126, 1.7247910499572754, 0.8644750118255615, 1.2122812271118164, 2.0503735542297363, 0.7665331363677979, 1.576340675354004, 0.7450923323631287, 0.7124295830726624, -0.013379968702793121, 1.4839977025985718, 1.1553035974502563, 0.012699231505393982, 0.2866783142089844, 1.4003573656082153, 0.5237455368041992, 0.1326655149459839, 0.42916545271873474, 1.3764259815216064, 0.6258313059806824, 2.6714439392089844, 0.9188811779022217, 2.390803813934326, 1.2598774433135986, 0.014468172565102577, 1.0610342025756836, 1.5133187770843506, 1.7799606323242188, 0.9643465280532837, 0.14766138792037964, 0.5170187950134277, 0.0117216557264328, 1.3444894552230835, 0.9550232887268066, 0.873211145401001, 1.877148151397705, 0.036151863634586334, 0.18729661405086517]"
cynical,"[18, 21, 5, 6, 18, 2, 14]",34,"[0.36171725392341614, 2.275879383087158, 1.158692479133606, 0.08343414962291718, 0.4159407913684845, 1.38436758518219, 0.8527584671974182, 0.8303196430206299, 1.4638952016830444, 0.5843198895454407, 0.03033449314534664, 1.0616040229797363, 0.9903602600097656, 0.7268472909927368, 0.0004387912340462208, 2.242461919784546, 1.2973898649215698, 0.516834020614624, 0.05627427250146866, 1.520449161529541, 1.6871604919433594, 1.0809680223464966, 0.4075075387954712, 0.4497143626213074, 0.7389547228813171, 1.3836746215820312, 1.0854765176773071, 1.0935391187667847, 0.8788748979568481, 1.3250513076782227, 1.243240237236023, 1.1070154905319214, 1.5236159563064575, 0.709232747554779, 0.7795616984367371, 0.10943454504013062, 1.6418904066085815, 0.6322657465934753, 0.16403909027576447, 0.27726438641548157, 1.5469025373458862, 0.46649062633514404, 0.45794567465782166, 0.7089933156967163, 1.2857866287231445, 0.4029242694377899, 2.2793076038360596, 1.3496078252792358, 2.0038719177246094, 1.3144110441207886, 0.07484312355518341, 0.46759992837905884, 0.9260622262954712, 1.1927975416183472, 1.3443189859390259, 0.2610408663749695, 0.44299668073654175, -0.011182993650436401, 0.997198760509491, 0.5382876396179199, 0.4110872745513916, 1.0088402032852173, 0.022789694368839264, 0.1884574145078659]"
deficient,"[20, 4, 22, 6, 18, 6, 4, 5, 8]",34,"[0.45857563614845276, 2.1629552841186523, 0.8884772062301636, 0.10863865911960602, 0.7044693231582642, 1.1637530326843262, 0.6159274578094482, 0.8860940933227539, 1.0717074871063232, 0.28012117743492126, -0.003418158506974578, 1.1529812812805176, 0.9895514249801636, 0.8414869904518127, -0.0007567619904875755, 2.2540335655212402, 1.1521047353744507, 0.486711323261261, 0.053886089473962784, 1.1611515283584595, 1.2945797443389893, 1.2332173585891724, 0.4892968237400055, 0.44480592012405396, 0.48373422026634216, 1.0523881912231445, 0.6964308023452759, 1.3408377170562744, 0.6999084949493408, 0.9663450717926025, 1.5821727514266968, 0.5955396890640259, 1.1894139051437378, 0.5390962958335876, 0.6440353989601135, 0.08703892678022385, 1.7040601968765259, 1.08194899559021, 0.1114012598991394, 0.3220468759536743, 1.7099337577819824, 0.3090142607688904, 0.38806310296058655, 0.35160404443740845, 1.0105630159378052, 0.4709203541278839, 2.056596517562866, 0.6585429906845093, 1.8670578002929688, 0.979371190071106, 0.04997309669852257, 0.8418599367141724, 1.0938467979431152, 1.464970588684082, 0.7229114174842834, 0.36806997656822205, 0.29885655641555786, -0.011446690186858177, 1.0824943780899048, 0.9917269945144653, 0.8598241806030273, 1.4175165891647339, 0.05974332243204117, 0.28577229380607605]"
definitive,"[20, 4, 22, 6, 5, 6, 8, 6, 28, 4]",34,"[0.6398954391479492, 2.530794620513916, 0.9730521440505981, 0.0315069817006588, 0.5545677542686462, 1.770024061203003, 1.0521423816680908, 1.0499012470245361, 0.9170171022415161, 0.3528045415878296, 0.008448345586657524, 1.0649551153182983, 1.210357666015625, 1.0630652904510498, -0.0032759641762822866, 1.7913492918014526, 1.1776323318481445, 0.6537829637527466, 0.08229616284370422, 1.8925913572311401, 1.229432463645935, 0.9097650051116943, 0.5091370940208435, 0.5562900304794312, 0.9640241265296936, 1.2066937685012817, 1.3544057607650757, 1.5101420879364014, 1.2774934768676758, 1.638619303703308, 1.7162039279937744, 0.6696216464042664, 1.2736884355545044, 0.8763909339904785, 1.1159255504608154, 0.08327939361333847, 1.3542604446411133, 1.095102071762085, 0.05909012258052826, 0.21599632501602173, 1.0452953577041626, 0.3748045563697815, 0.3000519573688507, 0.8374158143997192, 1.5513707399368286, 0.576345682144165, 2.6626393795013428, 1.375749945640564, 2.5447378158569336, 1.4276666641235352, 0.03299436718225479, 0.5828384757041931, 1.0620057582855225, 1.7051910161972046, 1.4418368339538574, 0.36474600434303284, 0.3721908628940582, -0.01667843386530876, 1.4258469343185425, 0.5940582752227783, 0.35532259941101074, 1.363454818725586, 0.01500885933637619, 0.1461535096168518]"
deliberate,"[20, 4, 14, 6, 10, 4, 11, 2, 8, 4]",34,"[0.41006678342819214, 2.2156033515930176, 1.2479666471481323, 0.15278786420822144, 0.6404271721839905, 1.1311252117156982, 0.5483605265617371, 0.8915448784828186, 1.4003002643585205, 0.32039958238601685, 0.014410672709345818, 1.4462575912475586, 1.098854660987854, 0.6735596060752869, -0.004654049873352051, 2.80302357673645, 1.2841107845306396, 0.32115527987480164, 0.041724614799022675, 1.0996241569519043, 1.79375422000885, 1.4711490869522095, 0.4415205717086792, 0.39873015880584717, 0.494591623544693, 1.2097783088684082, 0.7272284626960754, 1.271908164024353, 0.5820194482803345, 1.035090446472168, 1.471706509590149, 0.7191283702850342, 1.3450127840042114, 0.41255632042884827, 0.488493949174881, 0.007455945014953613, 2.127220392227173, 1.0818085670471191, 0.08885055780410767, 0.4026404619216919, 2.0118300914764404, 0.32758629322052, 0.41382747888565063, 0.4162512421607971, 0.9948810338973999, 0.37172746658325195, 2.2174525260925293, 0.7414878606796265, 2.0654265880584717, 1.0738258361816406, 0.05539221689105034, 0.9046807289123535, 1.1423956155776978, 1.4784941673278809, 0.644646167755127, 0.33498623967170715, 0.24686568975448608, -0.009056434035301208, 1.1312576532363892, 1.0665335655212402, 0.917715847492218, 1.5460011959075928, 0.06540064513683319, 0.23746907711029053]"
diminish,"[20, 6, 19, 6, 5, 6, 7, 9]",34,"[0.4054807722568512, 1.962686538696289, 1.062015175819397, 0.09981545805931091, 0.4488465189933777, 1.2850860357284546, 0.7714114189147949, 0.7970220446586609, 1.3742754459381104, 0.4410669803619385, 0.02290918305516243, 1.0653889179229736, 0.8950400352478027, 0.7180649042129517, 0.004144580103456974, 2.1735055446624756, 1.0525230169296265, 0.48144057393074036, 0.042508047074079514, 1.347249150276184, 1.6206506490707397, 1.083497166633606, 0.47374486923217773, 0.48473212122917175, 0.6997954249382019, 1.193798303604126, 0.9656510949134827, 1.052272081375122, 0.8466761112213135, 1.177613615989685, 1.2108581066131592, 0.857567310333252, 1.2650246620178223, 0.65833580493927, 0.6996092200279236, 0.14002615213394165, 1.651956558227539, 0.7152469158172607, 0.16909760236740112, 0.3193211555480957, 1.5987461805343628, 0.37094739079475403, 0.5088500380516052, 0.6066967248916626, 1.0984752178192139, 0.396528959274292, 2.035968065261841, 1.1193397045135498, 1.8278049230575562, 1.136543869972229, 0.07464252412319183, 0.5573840737342834, 0.8870079517364502, 1.1908968687057495, 1.1291977167129517, 0.37739598751068115, 0.318477600812912, 0.0008652657270431519, 0.9617109894752502, 0.6263412833213806, 0.4905211925506592, 1.0005481243133545, 0.04332786798477173, 0.2651325762271881]"
disparate,"[20, 6, 7, 3, 2, 11, 2, 8, 4]",34,"[0.39063799381256104, 2.4571492671966553, 1.47477388381958, 0.11022484302520752, 0.5844154357910156, 1.1304658651351929, 0.41770410537719727, 0.9173533320426941, 1.587310791015625, 0.40868356823921204, 0.022388458251953125, 1.7010804414749146, 1.306607723236084, 0.5208386778831482, 0.0037107914686203003, 3.2363669872283936, 1.5110499858856201, 0.22162610292434692, 0.02797725982964039, 1.0555591583251953, 2.0632495880126953, 1.6628906726837158, 0.34600937366485596, 0.37279751896858215, 0.4494190514087677, 1.408397912979126, 0.7265319228172302, 1.3151111602783203, 0.4098988175392151, 1.0556904077529907, 1.5212187767028809, 0.9103118181228638, 1.5802688598632812, 0.2744329273700714, 0.38061872124671936, -0.08703050762414932, 2.445765256881714, 1.1942822933197021, 0.060851626098155975, 0.4319562017917633, 2.2229135036468506, 0.3933113217353821, 0.35759538412094116, 0.4563794434070587, 1.0005428791046143, 0.2698740065097809, 2.5112011432647705, 0.8146058917045593, 2.2683308124542236, 1.1502658128738403, 0.04079034551978111, 1.0162018537521362, 1.243922472000122, 1.5578595399856567, 0.5741312503814697, 0.27648887038230896, 0.2771014869213104, 0.00027420371770858765, 1.2075300216674805, 1.167387843132019, 1.0470789670944214, 1.7487565279006958, 0.05692429840564728, 0.1460137963294983]"
divergent,"[20, 6, 28, 4, 11, 17, 4, 5, 8]",34,"[0.42728957533836365, 2.191359281539917, 0.929838240146637, 0.13693194091320038, 0.7194809317588806, 1.2860627174377441, 0.7307998538017273, 0.9533942937850952, 1.1075886487960815, 0.3162635564804077, 0.0023150979541242123, 1.167934775352478, 0.9279522895812988, 0.8621121644973755, -0.003311693435534835, 2.297400951385498, 1.2401844263076782, 0.5160861611366272, 0.06331637501716614, 1.2392632961273193, 1.393831729888916, 1.191112995147705, 0.5151492357254028, 0.4069873094558716, 0.49963390827178955, 1.1361576318740845, 0.7734583616256714, 1.3432358503341675, 0.7329654693603516, 1.051446795463562, 1.581041932106018, 0.6424599289894104, 1.2837501764297485, 0.6283631324768066, 0.6566104292869568, 0.10567733645439148, 1.6871815919876099, 1.0158213376998901, 0.05725960433483124, 0.3543945550918579, 1.705637812614441, 0.36151593923568726, 0.3681056499481201, 0.40650150179862976, 1.0981812477111816, 0.5233160257339478, 2.188709020614624, 0.7974993586540222, 1.9993971586227417, 1.0659303665161133, 0.060412343591451645, 0.8421633839607239, 1.1328290700912476, 1.4157445430755615, 0.8554853200912476, 0.34037119150161743, 0.3329618275165558, -0.003729619085788727, 1.1019935607910156, 0.9398611187934875, 0.7757299542427063, 1.4242388010025024, 0.05834450572729111, 0.27982184290885925]"
dubious,"[20, 13, 10, 6, 12, 13, 7]",34,"[0.41504967212677, 1.5199581384658813, 1.067717432975769, 0.2300303429365158, 0.7131979465484619, 0.9974383115768433, 0.6011732220649719, 0.689092755317688, 1.4627015590667725, 0.31119558215141296, 0.017800427973270416, 1.0866535902023315, 0.6836881637573242, 0.6915608048439026, -0.015302651561796665, 2.4471678733825684, 0.9550683498382568, 0.41062653064727783, 0.03139038756489754, 0.9570149183273315, 1.5956741571426392, 1.2223408222198486, 0.6049257516860962, 0.5587024092674255, 0.5419884920120239, 0.9114769697189331, 0.6855340600013733, 0.972853422164917, 0.6865755319595337, 0.8316832184791565, 1.0737100839614868, 0.6838842630386353, 1.0368636846542358, 0.5149479508399963, 0.5331296920776367, 0.2997139096260071, 1.8411048650741577, 0.7442184686660767, 0.1201256662607193, 0.3923977017402649, 1.8872764110565186, 0.35049986839294434, 0.6599267721176147, 0.3894234299659729, 0.8454652428627014, 0.35601359605789185, 1.5195441246032715, 0.6936451196670532, 1.4289027452468872, 0.8093487620353699, 0.06640363484621048, 0.6954946517944336, 0.7825857400894165, 1.0090593099594116, 0.8037084937095642, 0.5036896467208862, 0.29026198387145996, -0.012778781354427338, 0.8113176226615906, 0.9267987012863159, 0.7577401399612427, 1.0057008266448975, 0.05385985225439072, 0.4402167797088623]"
empathetic,"[4, 19, 3, 2, 8, 9, 4, 8, 6, 18]",34,"[0.2012815624475479, 3.144562244415283, 0.3079497814178467, 0.057951848953962326, 0.8590568900108337, 1.9577157497406006, 1.202760934829712, 1.5466126203536987, 0.4004415273666382, 0.7094883918762207, 0.029034247621893883, 0.4477474093437195, 0.6251585483551025, 1.4331419467926025, -0.0006261044181883335, 1.0524280071258545, 2.1202340126037598, 1.1357587575912476, 0.11127951741218567, 1.7835713624954224, 0.4763106107711792, 0.36814385652542114, 0.6578614115715027, -0.07240864634513855, 0.3543935716152191, 2.0277915000915527, 0.9823598861694336, 1.8728902339935303, 1.1053361892700195, 1.2716810703277588, 2.2286882400512695, 1.2852504253387451, 2.150897741317749, 1.1767624616622925, 0.8835392594337463, 0.14904648065567017, 0.624630331993103, 0.6710382103919983, 0.004264697432518005, 0.27818357944488525, 0.8108904361724854, 0.8787766695022583, 0.014397725462913513, 0.48207545280456543, 1.603906273841858, 0.9089443683624268, 2.9033732414245605, 1.2418767213821411, 2.4436991214752197, 1.6328638792037964, 0.017709068953990936, 1.2073850631713867, 1.744297742843628, 1.4858784675598145, 1.5289297103881836, -0.01892484724521637, 0.8999244570732117, 0.011865157634019852, 1.199187159538269, 0.47538885474205017, 0.5726240873336792, 1.7402310371398926, 0.02249716967344284, 0.071998730301857]"
evoke,"[4, 28, 12, 16, 4]",34,"[0.8391488194465637, 1.6361299753189087, 0.9645375609397888, -0.04318217933177948, 0.2688210606575012, 1.6465398073196411, 1.0129989385604858, 0.44512054324150085, 0.7898795008659363, 0.34272798895835876, 0.012808856554329395, 0.7558383941650391, 1.1858247518539429, 0.7988830804824829, -0.008389250375330448, 1.1851751804351807, 0.46842125058174133, 0.4934115707874298, 0.05071636289358139, 1.9325982332229614, 1.1436378955841064, 0.5925323367118835, 0.4193445146083832, 1.009660243988037, 1.3979846239089966, 0.5530998706817627, 1.5699106454849243, 1.052850365638733, 1.492091178894043, 1.7360590696334839, 1.0209195613861084, 0.4973154067993164, 0.6774219274520874, 0.7796905040740967, 1.325675129890442, 0.4001654088497162, 0.929770290851593, 0.9344213604927063, 0.13153554499149323, 0.0824987143278122, 0.46675392985343933, 0.12976710498332977, 0.6211456060409546, 1.0867093801498413, 1.4152133464813232, 0.26829686760902405, 1.887611746788025, 1.459415078163147, 1.928492546081543, 1.1264374256134033, 0.014617929235100746, -0.1146295815706253, 0.24396291375160217, 1.4207065105438232, 1.6380033493041992, 0.7100806832313538, 0.16033747792243958, -0.0010877400636672974, 1.2098525762557983, 0.2746526896953583, -0.07540297508239746, 0.5288361310958862, -0.029788434505462646, 0.2933139503002167]"
exemplary,"[4, 27, 4, 19, 3, 14, 2, 11, 21]",34,"[0.44465136528015137, 2.0674145221710205, 1.6334998607635498, 0.2982085049152374, 0.7077144980430603, 1.0349643230438232, 0.3577130138874054, 0.7369368076324463, 2.06941819190979, 0.35181301832199097, 0.028615429997444153, 1.906367540359497, 1.200669765472412, 0.5090917348861694, 0.0014030495658516884, 3.646050453186035, 1.1657981872558594, 0.20753821730613708, 0.02262115478515625, 1.0063567161560059, 2.4827239513397217, 2.01222825050354, 0.4808497130870819, 0.6698365211486816, 0.5482045412063599, 1.1077500581741333, 0.6727906465530396, 1.1984024047851562, 0.47562268376350403, 0.9973111152648926, 1.440132737159729, 0.629639744758606, 1.1844756603240967, 0.2591172754764557, 0.4320431053638458, -0.030634939670562744, 2.8380119800567627, 1.239753007888794, 0.18875399231910706, 0.5025757551193237, 2.8041796684265137, 0.25095805525779724, 0.7503215670585632, 0.3893774747848511, 0.8969383835792542, 0.28540098667144775, 2.14524507522583, 0.6608197093009949, 2.0098354816436768, 0.9007274508476257, 0.0881199985742569, 0.9268530011177063, 1.0089930295944214, 1.4828951358795166, 0.5053706169128418, 0.5557799339294434, 0.21184027194976807, 0.01442929357290268, 1.1453465223312378, 1.4292078018188477, 1.1684119701385498, 1.5901257991790771, 0.18939363956451416, 0.4392172694206238]"
fluctuate,"[22, 14, 13, 18, 8, 13, 2, 8, 4]",34,"[0.4845096170902252, 2.8649561405181885, 0.318168967962265, -0.0028520412743091583, 0.7900695204734802, 2.0739989280700684, 1.2855173349380493, 1.4120841026306152, 0.21187368035316467, 0.5773546099662781, 0.0050248741172254086, 0.37332481145858765, 0.8198193311691284, 1.500174880027771, -0.00749611621722579, 0.7376124858856201, 1.717941164970398, 1.1155589818954468, 0.09510095417499542, 2.0504274368286133, 0.30120038986206055, 0.3243497312068939, 0.6504316926002502, 0.2306160032749176, 0.7404997944831848, 1.6028902530670166, 1.2305431365966797, 1.860502004623413, 1.419159173965454, 1.549874186515808, 2.1036508083343506, 0.9427163600921631, 1.7803908586502075, 1.2031248807907104, 1.1478793621063232, 0.28741270303726196, 0.5040781497955322, 0.8175787925720215, -0.04733222723007202, 0.09020934998989105, 0.37490713596343994, 0.7430254220962524, 0.1128619834780693, 0.7232950925827026, 1.7502961158752441, 0.8390607833862305, 2.7810001373291016, 1.3176400661468506, 2.4976258277893066, 1.5769522190093994, -0.003207903355360031, 0.7777366042137146, 1.4340593814849854, 1.6582250595092773, 1.651447057723999, 0.17295317351818085, 0.8172104954719543, -0.008466942235827446, 1.3637810945510864, 0.353724867105484, 0.35919255018234253, 1.4778096675872803, -0.004804983735084534, 0.11099463701248169]"
heterogeneous,"[9, 4, 8, 4, 11, 12, 17, 4, 5, 4, 12, 13, 7]",34,"[0.6813510656356812, 2.27831768989563, 0.9448676109313965, 0.13050095736980438, 1.0590531826019287, 1.329832911491394, 0.6559238433837891, 1.0695651769638062, 1.021925687789917, 0.16401970386505127, -0.013064033351838589, 1.3633472919464111, 1.1379109621047974, 1.0464167594909668, -0.008089586161077023, 2.5407562255859375, 1.2046600580215454, 0.4656517505645752, 0.042237523943185806, 1.332446575164795, 1.2979625463485718, 1.3723728656768799, 0.6624225378036499, 0.5622910261154175, 0.6269416809082031, 0.973365068435669, 0.7757928371429443, 1.6381253004074097, 0.8708690404891968, 1.1222349405288696, 2.0170607566833496, 0.3149959444999695, 1.0448429584503174, 0.6043261289596558, 0.7509961724281311, 0.26324617862701416, 1.9229257106781006, 1.447122573852539, -0.0039186030626297, 0.3009556531906128, 1.7602121829986572, 0.25741857290267944, 0.44782859086990356, 0.34576132893562317, 1.0899717807769775, 0.5268409848213196, 2.2659809589385986, 0.5342650413513184, 2.215245485305786, 0.8872459530830383, 0.025017358362674713, 1.0245662927627563, 1.2069545984268188, 1.8753479719161987, 0.6680392622947693, 0.4662243723869324, 0.22587743401527405, 0.02003191038966179, 1.46060049533844, 1.314414620399475, 1.0867897272109985, 1.8502289056777954, 0.05182906985282898, 0.4225796163082123]"
homogeneous,"[9, 12, 19, 12, 17, 4, 5, 4, 12, 13, 7]",34,"[0.8465423583984375, 1.839386224746704, 1.0423210859298706, 0.22991277277469635, 1.1926302909851074, 1.1897717714309692, 0.542621910572052, 0.9429290890693665, 1.2986502647399902, 0.0022191964089870453, -0.02394639328122139, 1.5347232818603516, 1.0729273557662964, 1.0413093566894531, -0.010929413139820099, 2.947880506515503, 0.8761025667190552, 0.39130911231040955, 0.02266409434378147, 1.1501916646957397, 1.5510531663894653, 1.6603264808654785, 0.8572338223457336, 0.833488941192627, 0.6835038661956787, 0.5775734186172485, 0.6214407682418823, 1.5565584897994995, 0.8438502550125122, 0.9707624912261963, 1.8883298635482788, 0.06878843903541565, 0.6691939830780029, 0.5680757164955139, 0.7328650951385498, 0.4522010385990143, 2.304089307785034, 1.5513060092926025, -0.01915574073791504, 0.3560950458049774, 2.173462152481079, 0.15410122275352478, 0.7286463975906372, 0.25983601808547974, 0.9123378396034241, 0.49707457423210144, 1.835045576095581, 0.2905445098876953, 1.916817307472229, 0.6113641858100891, 0.03741718456149101, 1.044388771057129, 1.0383596420288086, 1.8012431859970093, 0.47745296359062195, 0.7604709267616272, 0.10816432535648346, 0.012051325291395187, 1.392552137374878, 1.6250560283660889, 1.2597399950027466, 1.7834056615829468, 0.09726667404174805, 0.69110506772995]"
illuminate,"[6, 14, 14, 13, 19, 6, 5, 2, 8, 4]",34,"[0.550593912601471, 2.7119343280792236, 0.9549196362495422, 0.15415102243423462, 0.8430336117744446, 1.7422358989715576, 1.0091108083724976, 1.2655256986618042, 1.0574504137039185, 0.3929850459098816, 0.0015470156213268638, 1.147175908088684, 1.1035106182098389, 1.2093647718429565, -0.0015739751979708672, 2.18595027923584, 1.466506838798523, 0.7281781435012817, 0.07834964990615845, 1.7110941410064697, 1.3210231065750122, 1.1500014066696167, 0.6646363139152527, 0.3845057487487793, 0.6852701902389526, 1.4468363523483276, 1.0660343170166016, 1.7146332263946533, 1.1229811906814575, 1.4177800416946411, 2.0401432514190674, 0.7678897380828857, 1.5299471616744995, 0.9449266791343689, 0.966930627822876, 0.12763962149620056, 1.6712647676467896, 1.1477001905441284, 0.0627904012799263, 0.31938713788986206, 1.596170425415039, 0.4898848831653595, 0.32753390073776245, 0.6091982126235962, 1.466050148010254, 0.6541150808334351, 2.670149326324463, 1.0867809057235718, 2.498389720916748, 1.377555012702942, 0.04063379392027855, 0.935261607170105, 1.3874999284744263, 1.8409171104431152, 1.208462119102478, 0.32709211111068726, 0.49373698234558105, -2.086162567138672e-05, 1.4311769008636475, 0.9404902458190918, 0.7716888785362244, 1.713346004486084, 0.07031242549419403, 0.30304381251335144]"
impartial,"[6, 19, 3, 2, 11, 8, 6, 2, 14]",34,"[0.5672292113304138, 2.97220516204834, 0.631834864616394, 0.09454260766506195, 1.025693655014038, 1.9183353185653687, 1.0183944702148438, 1.5406298637390137, 0.6886974573135376, 0.3176863491535187, -0.0001446849200874567, 0.9005615711212158, 1.0587842464447021, 1.4497770071029663, -0.003928673453629017, 1.670151948928833, 1.657302737236023, 0.9925218820571899, 0.08969345688819885, 1.778527021408081, 0.8631448745727539, 0.8600038290023804, 0.7885823845863342, 0.25323930382728577, 0.5350790023803711, 1.5090056657791138, 1.0456479787826538, 1.9969781637191772, 1.1645784378051758, 1.3895127773284912, 2.3059804439544678, 0.6242372989654541, 1.5557490587234497, 1.0213744640350342, 1.0169676542282104, 0.03722212836146355, 1.2355018854141235, 1.1900300979614258, -0.04782697558403015, 0.23857924342155457, 1.1723988056182861, 0.6027229428291321, 0.1845291256904602, 0.5586745738983154, 1.5400102138519287, 0.9114664793014526, 2.8426525592803955, 0.9570125937461853, 2.60198974609375, 1.4542603492736816, 0.04060157760977745, 1.1158976554870605, 1.591775894165039, 1.8998690843582153, 1.1248196363449097, 0.11782117933034897, 0.6583633422851562, 0.006283123046159744, 1.5926016569137573, 0.793110728263855, 0.6684640645980835, 1.901898741722107, 0.03875090926885605, 0.16065210103988647]"
indisputable,"[6, 5, 20, 6, 7, 3, 13, 8, 2, 10, 14, 4]",34,"[0.43589675426483154, 2.3939919471740723, 1.5098012685775757, 0.2843134105205536, 1.0338656902313232, 0.9141588807106018, 0.24385666847229004, 1.0909836292266846, 1.864127516746521, 0.19365528225898743, 0.004397550132125616, 2.02310848236084, 1.1889485120773315, 0.6281318664550781, -0.002274123951792717, 4.054050445556641, 1.5579917430877686, 0.21759730577468872, 0.020234042778611183, 0.6946290135383606, 2.2574446201324463, 2.151806592941284, 0.5832436084747314, 0.37458336353302, 0.14866383373737335, 1.3326565027236938, 0.31270042061805725, 1.4701147079467773, 0.1743876188993454, 0.667373776435852, 1.821658968925476, 0.587517499923706, 1.4684252738952637, 0.21597059071063995, 0.16646572947502136, -0.04928269237279892, 3.174732208251953, 1.509688377380371, 0.0446716845035553, 0.6226303577423096, 3.1377999782562256, 0.37465158104896545, 0.5682308673858643, 0.09169673919677734, 0.7221842408180237, 0.3635396361351013, 2.37233304977417, 0.2521982192993164, 2.1926631927490234, 0.8380259275436401, 0.05174047499895096, 1.628901720046997, 1.5490663051605225, 1.66025972366333, 0.12894892692565918, 0.4241613447666168, 0.20129571855068207, -0.0021886471658945084, 1.209167242050171, 1.961251974105835, 1.717470645904541, 2.159773588180542, 0.13819094002246857, 0.37963390350341797]"
legitimate,"[14, 4, 17, 6, 8, 6, 19, 2, 8, 4]",34,"[0.4478926658630371, 2.770320177078247, 1.0814546346664429, 0.10309655964374542, 0.813034176826477, 1.451418399810791, 0.7057512402534485, 1.259156584739685, 1.121858835220337, 0.3301755487918854, 0.0008255133870989084, 1.378805160522461, 1.1541484594345093, 1.0026406049728394, 0.004555445164442062, 2.5106945037841797, 1.643356204032898, 0.5486103296279907, 0.05066379904747009, 1.4029152393341064, 1.4571764469146729, 1.312339186668396, 0.5470970869064331, 0.26001572608947754, 0.44275715947151184, 1.512757658958435, 0.8067501783370972, 1.66905677318573, 0.7369083166122437, 1.1862026453018188, 1.9751983880996704, 0.7562836408615112, 1.5911951065063477, 0.6115396022796631, 0.6530819535255432, -0.0449957475066185, 1.8717020750045776, 1.1829912662506104, 0.009959354996681213, 0.34755849838256836, 1.7485178709030151, 0.5034992694854736, 0.19695715606212616, 0.4300292134284973, 1.238629698753357, 0.599473237991333, 2.7707202434539795, 0.8532113432884216, 2.5082736015319824, 1.3055479526519775, 0.036284275352954865, 1.1527469158172607, 1.4998176097869873, 1.7619731426239014, 0.7944193482398987, 0.17225806415081024, 0.4634091854095459, -0.005566693842411041, 1.396109700202942, 0.9861302375793457, 0.9171184301376343, 1.9372084140777588, 0.048569679260253906, 0.14355778694152832]"
mediocre,"[19, 4, 20, 6, 12, 18, 11, 4]",34,"[0.6039358973503113, 1.914347767829895, 0.8823395371437073, 0.0835563987493515, 0.5148085951805115, 1.4926213026046753, 0.9219664335250854, 0.756420373916626, 1.0198290348052979, 0.32425105571746826, 0.0030501573346555233, 0.8788797855377197, 0.9361475706100464, 0.9535526633262634, -0.010344229638576508, 1.736918568611145, 0.8095842599868774, 0.5495160818099976, 0.05798179283738136, 1.6605629920959473, 1.2729640007019043, 0.8640486001968384, 0.5528535842895508, 0.6609728336334229, 0.9633828401565552, 0.8704074621200562, 1.1469613313674927, 1.2059085369110107, 1.1555814743041992, 1.4140669107437134, 1.3082067966461182, 0.5710948705673218, 0.9748220443725586, 0.8007435202598572, 0.9930793046951294, 0.2873763144016266, 1.2990283966064453, 0.842624843120575, 0.09515748918056488, 0.21438536047935486, 1.1366065740585327, 0.20983032882213593, 0.5280821323394775, 0.7123082876205444, 1.2709051370620728, 0.47503024339675903, 1.9941706657409668, 1.1522886753082275, 1.9244067668914795, 1.11670982837677, 0.05866261571645737, 0.31262025237083435, 0.6870570778846741, 1.3532994985580444, 1.2951942682266235, 0.49386054277420044, 0.25914275646209717, -0.003889136016368866, 1.1282227039337158, 0.5463931560516357, 0.32478195428848267, 0.8944945335388184, 0.026430964469909668, 0.3504467308521271]"
naive,"[5, 2, 6, 28, 4]",34,"[0.8667876124382019, 1.8082078695297241, 1.1985774040222168, 0.03883102163672447, 0.46709704399108887, 1.362886667251587, 0.6958925724029541, 0.5779273509979248, 1.088352918624878, 0.11198927462100983, -0.003869931912049651, 1.3235650062561035, 1.4075138568878174, 0.7191044092178345, -0.002938424004241824, 2.134002208709717, 0.5708363056182861, 0.3178709149360657, 0.03348388895392418, 1.577298879623413, 1.5194255113601685, 1.2255070209503174, 0.4263971745967865, 0.9613778591156006, 1.1453615427017212, 0.5280940532684326, 1.2238868474960327, 1.2480202913284302, 1.1425068378448486, 1.4710654020309448, 1.27086341381073, 0.23132409155368805, 0.6500297784805298, 0.483541876077652, 1.0122352838516235, 0.14018180966377258, 1.7580255270004272, 1.3257639408111572, 0.10607591271400452, 0.19954660534858704, 1.29681396484375, 0.056738290935754776, 0.5957344770431519, 0.8249325752258301, 1.2113367319107056, 0.2727985680103302, 2.0936734676361084, 1.0566383600234985, 2.13997745513916, 0.9767650365829468, 0.007983334362506866, 0.3431158661842346, 0.5555816888809204, 1.678823709487915, 1.0534919500350952, 0.7389012575149536, 0.06691168248653412, -0.0047214701771736145, 1.329136848449707, 0.8402249813079834, 0.4683845043182373, 1.0644406080245972, 0.02884642779827118, 0.29182520508766174]"
pertinent,"[3, 4, 11, 8, 6, 5, 4, 5, 8]",34,"[0.45607730746269226, 2.5210587978363037, 0.7964910864830017, 0.02920779213309288, 0.7711998224258423, 1.3878473043441772, 0.7742056250572205, 1.060977816581726, 0.693693995475769, 0.3402726948261261, 0.009241380728781223, 1.1090096235275269, 1.1037453413009644, 0.9510576128959656, -0.0093772504478693, 1.9067509174346924, 1.4203829765319824, 0.5316102504730225, 0.0744246244430542, 1.3690532445907593, 1.0439627170562744, 1.0176557302474976, 0.4625663459300995, 0.30311912298202515, 0.43731558322906494, 1.230649471282959, 0.8779531717300415, 1.5743870735168457, 0.8315759897232056, 1.1473491191864014, 1.8298794031143188, 0.6233140230178833, 1.3910889625549316, 0.6107810735702515, 0.6984467506408691, -0.00617082417011261, 1.4646985530853271, 1.2042292356491089, 0.027546435594558716, 0.24557048082351685, 1.2568387985229492, 0.41546839475631714, 0.211589515209198, 0.4206027388572693, 1.2567540407180786, 0.4894038438796997, 2.424102306365967, 0.7989553213119507, 2.282891273498535, 1.1487468481063843, -0.0004532262682914734, 0.8784896731376648, 1.28031587600708, 1.6804351806640625, 0.8359847664833069, 0.18438418209552765, 0.42818784713745117, 0.003226619213819504, 1.2677457332611084, 0.9042306542396545, 0.8089662790298462, 1.6903111934661865, 0.009897079318761826, 0.1476336419582367]"
plausible,"[3, 14, 2, 13, 7, 6, 10, 14, 4]",34,"[0.5109177231788635, 2.328246593475342, 1.1135985851287842, 0.1786288172006607, 0.8838136792182922, 1.296678900718689, 0.6707540154457092, 1.035189151763916, 1.3268300294876099, 0.30305010080337524, -0.0018473619129508734, 1.3123533725738525, 1.0509718656539917, 0.898206353187561, -0.0009124181233346462, 2.691638946533203, 1.3275954723358154, 0.4895075261592865, 0.033061958849430084, 1.2488361597061157, 1.5932667255401611, 1.3843971490859985, 0.588291347026825, 0.42678600549697876, 0.5831966996192932, 1.2522883415222168, 0.7698312401771545, 1.4557236433029175, 0.7812542915344238, 1.0679802894592285, 1.712376594543457, 0.6307407021522522, 1.2994135618209839, 0.5532591938972473, 0.6334977149963379, 0.15523290634155273, 1.994222640991211, 1.142056941986084, 0.05158156156539917, 0.3952648639678955, 1.9385379552841187, 0.3774109184741974, 0.4165520668029785, 0.4002656638622284, 1.0916898250579834, 0.5046932697296143, 2.2540884017944336, 0.7222378849983215, 2.127209186553955, 1.0885189771652222, 0.05350206792354584, 1.0277870893478394, 1.2195408344268799, 1.566693663597107, 0.7959134578704834, 0.37352627515792847, 0.32432985305786133, -0.0257999487221241, 1.243687629699707, 1.0677785873413086, 0.9666239023208618, 1.620476245880127, 0.061595991253852844, 0.3282853960990906]"
proficient,"[3, 11, 12, 22, 6, 18, 6, 4, 5, 8]",34,"[0.437979519367218, 2.8285491466522217, 0.7344344258308411, 0.05956457927823067, 0.9203706383705139, 1.4773502349853516, 0.8127487897872925, 1.248781442642212, 0.686168909072876, 0.34199023246765137, -0.0019505133386701345, 1.1540344953536987, 1.0654131174087524, 1.1189863681793213, -0.003616666654124856, 2.0597047805786133, 1.635287880897522, 0.6117634773254395, 0.08139011263847351, 1.4407730102539062, 0.9315575361251831, 1.0849589109420776, 0.5332900285720825, 0.20625001192092896, 0.41365745663642883, 1.4466543197631836, 0.801592230796814, 1.7849706411361694, 0.8488482236862183, 1.1519819498062134, 2.169187307357788, 0.7248293161392212, 1.5287330150604248, 0.7033947110176086, 0.7082275748252869, 0.010611876845359802, 1.5205271244049072, 1.2685346603393555, -0.005375400185585022, 0.27638718485832214, 1.4008816480636597, 0.4823901355266571, 0.11014718562364578, 0.32959815859794617, 1.3051120042800903, 0.618998646736145, 2.6908249855041504, 0.8139955997467041, 2.4333648681640625, 1.2125667333602905, 0.009966056793928146, 1.173858404159546, 1.558000087738037, 1.855497121810913, 0.890434980392456, 0.15522338449954987, 0.4812813401222229, 0.0074881501495838165, 1.4038537740707397, 1.045680284500122, 0.9951338768005371, 2.0126070976257324, 0.028864167630672455, 0.1920468807220459]"
prosper,"[3, 11, 12, 7, 3, 4, 11]",34,"[0.20671133697032928, 2.340588331222534, 0.9089996218681335, 0.06114945188164711, 0.6227783560752869, 1.1146334409713745, 0.6363285183906555, 0.9490830898284912, 1.0337846279144287, 0.5064932107925415, 0.03303227946162224, 1.1550700664520264, 0.898055911064148, 0.6544253826141357, -0.004831688478589058, 2.2589173316955566, 1.5173944234848022, 0.39537620544433594, 0.053815487772226334, 1.1028070449829102, 1.3249354362487793, 1.1011834144592285, 0.39274030923843384, 0.12098737806081772, 0.24839389324188232, 1.4894158840179443, 0.6988276839256287, 1.254866123199463, 0.5164434909820557, 0.8984222412109375, 1.5191937685012817, 0.9394172430038452, 1.5945549011230469, 0.47464150190353394, 0.38272443413734436, -0.025840483605861664, 1.6573731899261475, 0.8572939038276672, 0.07909180223941803, 0.3651951551437378, 1.6116830110549927, 0.5004724264144897, 0.26300156116485596, 0.33032354712486267, 1.0530657768249512, 0.374257355928421, 2.2280943393707275, 0.7915115356445312, 1.9714221954345703, 1.0919077396392822, 0.018867697566747665, 0.995168149471283, 1.2933450937271118, 1.2754677534103394, 0.7393811345100403, 0.110354483127594, 0.41313156485557556, 0.009518340229988098, 0.9681447148323059, 0.9137570261955261, 0.8985196948051453, 1.5106093883514404, 0.02234867960214615, 0.15747913718223572]"
scrutiny,"[7, 18, 11, 13, 8, 6, 5, 21]",34,"[0.13225919008255005, 2.1336591243743896, 0.917362630367279, 0.024562161415815353, 0.2320062816143036, 1.3600881099700928, 0.879558265209198, 0.6734758615493774, 1.1010922193527222, 0.7998046278953552, 0.05470265820622444, 0.6572991609573364, 0.7191767692565918, 0.6081565022468567, -0.006609175819903612, 1.590627670288086, 1.3672255277633667, 0.5733864307403564, 0.06500080227851868, 1.3899381160736084, 1.3268423080444336, 0.6457732319831848, 0.2833172082901001, 0.25443047285079956, 0.6010491847991943, 1.5362095832824707, 1.0774312019348145, 0.9049810171127319, 0.7930824756622314, 1.2058249711990356, 0.9963757991790771, 1.3551559448242188, 1.72599458694458, 0.7100380659103394, 0.6674729585647583, 0.18043005466461182, 1.045683741569519, 0.3592441976070404, 0.17154444754123688, 0.29827195405960083, 1.1051217317581177, 0.5184693932533264, 0.3879386782646179, 0.686521053314209, 1.2143951654434204, 0.32338836789131165, 2.0466153621673584, 1.3607943058013916, 1.7557700872421265, 1.3451135158538818, 0.05369347333908081, 0.3692191243171692, 0.8558909893035889, 0.8207592368125916, 1.442766785621643, 0.11126571893692017, 0.47160330414772034, 0.004397999495267868, 0.7407102584838867, 0.2669309079647064, 0.2684692144393921, 0.7384046912193298, 0.0032575465738773346, 0.0901859775185585]"
skeptical,"[7, 16, 4, 3, 8, 6, 18, 2, 14]",34,"[0.35803645849227905, 2.702967405319214, 1.2133663892745972, 0.07464054226875305, 0.5035113096237183, 1.7240910530090332, 1.0747709274291992, 1.0081586837768555, 1.4698307514190674, 0.8003972172737122, 0.05035452917218208, 0.9993934631347656, 0.9857128858566284, 0.9185976982116699, 0.0015224618837237358, 2.2024309635162354, 1.6407999992370605, 0.6969925165176392, 0.06917491555213928, 1.8175324201583862, 1.7232924699783325, 0.9476799964904785, 0.48289811611175537, 0.4187740683555603, 0.8358498811721802, 1.762836217880249, 1.303999423980713, 1.3070842027664185, 1.1048603057861328, 1.5323468446731567, 1.5117777585983276, 1.3365384340286255, 1.8660820722579956, 0.9019096493721008, 0.9672399163246155, 0.1938621699810028, 1.5068453550338745, 0.6331823468208313, 0.1531946063041687, 0.31465691328048706, 1.4674677848815918, 0.594048798084259, 0.4521560072898865, 0.822760820388794, 1.551155686378479, 0.5377160310745239, 2.65254545211792, 1.560569405555725, 2.3300700187683105, 1.6113765239715576, 0.06504763662815094, 0.5669689178466797, 1.0814727544784546, 1.2699313163757324, 1.6938660144805908, 0.23370803892612457, 0.5898346900939941, -0.01495182141661644, 1.0828394889831543, 0.43111467361450195, 0.3366672396659851, 1.110609769821167, 0.015735995024442673, 0.16574889421463013]"
subtle,"[7, 13, 10, 8, 14, 4]",34,"[0.30880698561668396, 1.3625867366790771, 1.4218852519989014, 0.2740981876850128, 0.48612359166145325, 0.7768290638923645, 0.43818601965904236, 0.4303189516067505, 1.9722918272018433, 0.4268832504749298, 0.033645689487457275, 1.278781533241272, 0.6022046804428101, 0.4519018530845642, -0.009014967828989029, 2.929893732070923, 0.838791012763977, 0.27485015988349915, 0.024845300242304802, 0.7928633689880371, 2.1508567333221436, 1.4274898767471313, 0.4949178099632263, 0.6369670629501343, 0.49966973066329956, 0.8561768531799316, 0.553831934928894, 0.6998181343078613, 0.45294854044914246, 0.6896752715110779, 0.7105769515037537, 0.867058277130127, 1.0207083225250244, 0.3363763391971588, 0.4142664074897766, 0.23789426684379578, 2.167656898498535, 0.5674188733100891, 0.2320084571838379, 0.5329627990722656, 2.3879547119140625, 0.2819148302078247, 0.8578697443008423, 0.38037365674972534, 0.7000290751457214, 0.21391797065734863, 1.3307982683181763, 0.6477611064910889, 1.2040714025497437, 0.7611679434776306, 0.1118987649679184, 0.5443844795227051, 0.6136953830718994, 0.720652163028717, 0.7056488394737244, 0.5649949908256531, 0.21174566447734833, -0.002888774499297142, 0.5861161351203918, 0.9582040309906006, 0.7235566973686218, 0.7449662685394287, 0.10659465193748474, 0.49817153811454773]"
succinct,"[7, 13, 18, 18, 6, 5, 18, 8]",34,"[0.08820311725139618, 3.189392566680908, 0.5192344188690186, 0.0043474771082401276, 0.4953388273715973, 2.21982741355896, 1.5290791988372803, 1.3706934452056885, 0.5665147304534912, 1.0642157793045044, 0.05327904224395752, 0.28206154704093933, 0.6530522704124451, 1.3078460693359375, -0.014275050722062588, 0.9059503078460693, 2.1795361042022705, 1.1654659509658813, 0.1408456712961197, 2.1780126094818115, 0.5637674331665039, 0.22870315611362457, 0.47023072838783264, -0.05136293172836304, 0.629124104976654, 2.300992488861084, 1.4858170747756958, 1.6066220998764038, 1.3907973766326904, 1.7028340101242065, 1.8976881504058838, 1.7881042957305908, 2.504253387451172, 1.3976529836654663, 1.1070224046707153, 0.15518127381801605, 0.5452737808227539, 0.3907685875892639, 0.06074348837137222, 0.19948647916316986, 0.5305708646774292, 1.0208077430725098, 0.0389447957277298, 0.900040864944458, 1.9474821090698242, 0.756571888923645, 3.063767433166504, 1.9531596899032593, 2.551807403564453, 1.9709051847457886, 0.009254679083824158, 0.7497695088386536, 1.6057183742523193, 1.2989442348480225, 2.2425320148468018, -0.08484603464603424, 1.0259631872177124, 0.007104098796844482, 1.074585199356079, 0.15727198123931885, 0.27164775133132935, 1.2604565620422363, -0.004318859428167343, -0.01286829262971878]"
surplus,"[7, 13, 11, 3, 14, 13, 7]",34,"[0.3894385099411011, 2.032740354537964, 1.341925024986267, 0.06534217298030853, 0.4565970003604889, 1.3002396821975708, 0.7362220287322998, 0.6290242075920105, 1.4963434934616089, 0.5891034603118896, 0.03907814994454384, 1.2226351499557495, 1.1206434965133667, 0.5662606954574585, 0.0008169757202267647, 2.462045431137085, 1.0919699668884277, 0.3221578001976013, 0.04599197953939438, 1.3670415878295898, 1.75087308883667, 1.1409183740615845, 0.3796554207801819, 0.5133345127105713, 0.6765622496604919, 1.2620820999145508, 1.0860785245895386, 1.0958584547042847, 0.8934859037399292, 1.2514338493347168, 1.2174800634384155, 0.954962968826294, 1.3276541233062744, 0.4759138524532318, 0.7567014098167419, 0.08527283370494843, 1.8115113973617554, 0.9164108037948608, 0.16468623280525208, 0.3679313063621521, 1.7281935214996338, 0.36392343044281006, 0.43773090839385986, 0.6993685960769653, 1.1832337379455566, 0.18711714446544647, 2.1079416275024414, 1.1111252307891846, 1.9332425594329834, 1.1500412225723267, 0.042080849409103394, 0.47052502632141113, 0.855767548084259, 1.292699933052063, 0.9583791494369507, 0.3148156404495239, 0.34389522671699524, 0.002645626664161682, 1.0204447507858276, 0.6384509801864624, 0.6002277135848999, 1.0820155143737793, 0.011448819190263748, 0.22331702709197998]"
tentative,"[8, 4, 5, 8, 2, 8, 6, 28, 4]",34,"[0.5761154890060425, 2.429131269454956, 1.0751235485076904, 0.08511857688426971, 0.7767465710639954, 1.326646327972412, 0.6300917863845825, 1.0532201528549194, 1.025071144104004, 0.18566563725471497, -0.0066832201555371284, 1.4104344844818115, 1.2533255815505981, 0.9180541634559631, -0.0052414448000490665, 2.446986675262451, 1.2646455764770508, 0.4441157877445221, 0.04824298620223999, 1.3138008117675781, 1.378625512123108, 1.3461904525756836, 0.519931435585022, 0.45502352714538574, 0.5786782503128052, 1.0785205364227295, 0.809384286403656, 1.5751577615737915, 0.7977066040039062, 1.1853021383285522, 1.8068944215774536, 0.44576025009155273, 1.185465931892395, 0.48995864391326904, 0.6756393313407898, -0.034971654415130615, 1.9273632764816284, 1.3519314527511597, 0.008452549576759338, 0.299129456281662, 1.6566954851150513, 0.3096183240413666, 0.3113698661327362, 0.4528622329235077, 1.155534267425537, 0.49511364102363586, 2.4736521244049072, 0.7134425640106201, 2.366894245147705, 1.0972049236297607, 0.025439634919166565, 0.9686606526374817, 1.2564939260482788, 1.7874802350997925, 0.6573827266693115, 0.33680859208106995, 0.2743581235408783, -0.00778886117041111, 1.399440884590149, 1.0784486532211304, 0.9155446290969849, 1.781225323677063, 0.046193577349185944, 0.1791611611843109]"
tolerant,"[8, 12, 14, 4, 11, 2, 5, 8]",34,"[0.6221187114715576, 1.3450156450271606, 1.3771183490753174, 0.2543182969093323, 0.780583381652832, 0.6358147859573364, 0.16882014274597168, 0.5609495639801025, 1.8650894165039062, -0.04151137173175812, -0.02207152172923088, 1.6994976997375488, 1.050719976425171, 0.49294063448905945, -0.0029965927824378014, 3.336707830429077, 0.52228844165802, 0.12251982092857361, 0.0006720181554555893, 0.6060882806777954, 2.127249002456665, 1.916299819946289, 0.5579468011856079, 0.8836244344711304, 0.5296587944030762, 0.36749786138534546, 0.3703763484954834, 0.9994081258773804, 0.3608876168727875, 0.613699734210968, 1.179099678993225, 0.02627338469028473, 0.3970228433609009, 0.129546120762825, 0.31943657994270325, 0.06277912855148315, 2.718986749649048, 1.3044549226760864, 0.29741060733795166, 0.4488978683948517, 2.6595780849456787, 0.016972258687019348, 0.9652044773101807, 0.16448035836219788, 0.5680015683174133, 0.21748918294906616, 1.3234609365463257, 0.11504372954368591, 1.3528825044631958, 0.41570889949798584, 0.08445121347904205, 0.7101747393608093, 0.6686531901359558, 1.3534090518951416, 0.04010094329714775, 0.7740604877471924, 0.0016374960541725159, -0.006212841719388962, 0.9829924702644348, 1.6204363107681274, 1.1875654458999634, 1.2866021394729614, 0.12456284463405609, 0.5759266018867493]"
undermine,"[13, 5, 20, 4, 11, 19, 6, 5, 4]",34,"[0.8708497285842896, 1.9314996004104614, 1.2561033964157104, 0.07584826648235321, 0.5879971981048584, 1.3709028959274292, 0.7293558120727539, 0.7093684077262878, 1.2053343057632446, 0.11971484124660492, 0.0020778286270797253, 1.4289753437042236, 1.4017903804779053, 0.7916315793991089, -0.0011191964149475098, 2.433887243270874, 0.6228276491165161, 0.3505569100379944, 0.03443228080868721, 1.5533075332641602, 1.6929017305374146, 1.3504137992858887, 0.5542457699775696, 0.9091814756393433, 1.058907151222229, 0.618004560470581, 1.18850839138031, 1.2974086999893188, 1.111523985862732, 1.4806033372879028, 1.4378669261932373, 0.2214728742837906, 0.7028554677963257, 0.5508610010147095, 1.012213110923767, 0.1345408707857132, 1.896001935005188, 1.3751333951950073, 0.10483914613723755, 0.191706120967865, 1.5210459232330322, 0.08512632548809052, 0.6100732684135437, 0.803425669670105, 1.2547729015350342, 0.348274290561676, 2.1353960037231445, 0.9824261665344238, 2.1852023601531982, 1.0190198421478271, 0.01815633662045002, 0.3931449055671692, 0.6641919016838074, 1.7650749683380127, 0.9453795552253723, 0.6977465748786926, 0.08999288082122803, 0.019402068108320236, 1.4197542667388916, 0.9562137126922607, 0.545954704284668, 1.2056801319122314, 0.029914818704128265, 0.3753196895122528]"
unequivocal,"[13, 5, 4, 24, 13, 6, 28, 12, 18, 2, 14]",34,"[0.5379765033721924, 2.5573415756225586, 0.7515420317649841, 0.10719875991344452, 0.7324756979942322, 1.789994239807129, 1.11739182472229, 1.1803325414657593, 0.8782765865325928, 0.4804131090641022, 0.004579754080623388, 0.8381738662719727, 0.8966493606567383, 1.2199901342391968, -0.003940027207136154, 1.6968064308166504, 1.4308581352233887, 0.8509732484817505, 0.07427504658699036, 1.820055603981018, 1.0666768550872803, 0.8398724794387817, 0.6565627455711365, 0.4320948123931885, 0.8132206797599792, 1.4064340591430664, 1.166195273399353, 1.5467170476913452, 1.2157020568847656, 1.4610893726348877, 1.8060531616210938, 0.8865189552307129, 1.5235618352890015, 1.0353792905807495, 1.049851655960083, 0.3006535470485687, 1.2551519870758057, 0.8727067708969116, 0.003506988286972046, 0.2407490313053131, 1.1536481380462646, 0.5269775390625, 0.3351171910762787, 0.6686122417449951, 1.4789241552352905, 0.7045624852180481, 2.514735698699951, 1.2373039722442627, 2.2721445560455322, 1.369353175163269, 0.052204567939043045, 0.7389745116233826, 1.2062183618545532, 1.5278775691986084, 1.4980738162994385, 0.3163882791996002, 0.537545919418335, -0.0019639991223812103, 1.3369783163070679, 0.6264483332633972, 0.5109633803367615, 1.3573906421661377, 0.04202134907245636, 0.309487909078598]"
acceleration,"[2, 18, 18, 4, 14, 4, 11, 2, 8, 6, 12, 5]",34,"[0.29906192421913147, 2.6051650047302246, 0.9362622499465942, 0.10176432132720947, 0.8096596002578735, 1.3802059888839722, 0.7375156879425049, 1.099697232246399, 1.0471919775009155, 0.5366016626358032, 0.022495754063129425, 1.0928843021392822, 0.9154465198516846, 0.9386948943138123, -0.005661684554070234, 2.2665512561798096, 1.69969642162323, 0.5611294507980347, 0.05741441249847412, 1.3221033811569214, 1.2692071199417114, 1.1124827861785889, 0.4950953722000122, 0.18740294873714447, 0.38659489154815674, 1.5716137886047363, 0.7770202159881592, 1.4952350854873657, 0.7243518829345703, 1.0866259336471558, 1.786365270614624, 0.9611712694168091, 1.6972371339797974, 0.6414469480514526, 0.5994670391082764, 0.11081977188587189, 1.6069713830947876, 0.9527094960212708, 0.0464189350605011, 0.3490563631057739, 1.6237276792526245, 0.551328182220459, 0.25270137190818787, 0.3697013854980469, 1.174009084701538, 0.5289723873138428, 2.4605422019958496, 0.8426132202148438, 2.2047293186187744, 1.2395557165145874, 0.028604265302419662, 1.044589638710022, 1.392717957496643, 1.476755976676941, 0.8913116455078125, 0.1332867592573166, 0.4953363835811615, 0.006649445742368698, 1.156425952911377, 0.8838551044464111, 0.8980923891067505, 1.6815502643585205, 0.03766760975122452, 0.20665669441223145]"
biome,"[10, 6, 12, 19, 4]",34,"[0.5461770296096802, 1.9547946453094482, 0.5849351286888123, 0.1610102355480194, 0.6631346344947815, 1.4609174728393555, 0.9017488956451416, 0.8792793154716492, 0.7167008519172668, 0.2672387957572937, -0.008267595432698727, 0.8077014684677124, 0.8191244602203369, 1.0401743650436401, -0.0069501628167927265, 1.3571346998214722, 0.9179807901382446, 0.6254703998565674, 0.0578448660671711, 1.5425266027450562, 0.9350095987319946, 0.7829632759094238, 0.6062180399894714, 0.521970272064209, 0.7329122424125671, 0.860000729560852, 0.9747800827026367, 1.3279509544372559, 1.0728733539581299, 1.2013193368911743, 1.536446452140808, 0.46736958622932434, 0.9874870777130127, 0.842876136302948, 0.8957435488700867, 0.3129054605960846, 1.075559377670288, 0.855591893196106, 0.07156163454055786, 0.2643584907054901, 1.111814022064209, 0.28078362345695496, 0.45495548844337463, 0.5542564392089844, 1.2294739484786987, 0.5023589730262756, 1.9304977655410767, 0.9071630835533142, 1.8632140159606934, 1.0075969696044922, 0.03498650714755058, 0.5417325496673584, 0.8885331749916077, 1.4261707067489624, 1.1100620031356812, 0.47824573516845703, 0.3031703531742096, 0.0035041682422161102, 1.081882119178772, 0.7149608731269836, 0.5267719626426697, 1.1477446556091309, 0.08368036150932312, 0.3909587860107422]"
chromosome,"[18, 9, 11, 12, 19, 12, 7, 12, 19, 4]",34,"[0.7934636473655701, 2.085731029510498, 0.4680946469306946, 0.1374349743127823, 0.9717963933944702, 1.7301651239395142, 1.0714857578277588, 1.1057765483856201, 0.5914499759674072, 0.16325852274894714, -0.02466295100748539, 0.7654128074645996, 0.8824725151062012, 1.4217166900634766, -0.004166228696703911, 1.358882188796997, 0.9002199172973633, 0.8398476839065552, 0.06003545597195625, 1.804134488105774, 0.7675559520721436, 0.7832258939743042, 0.897922933101654, 0.6925176382064819, 0.902669370174408, 0.7435463666915894, 1.010547399520874, 1.6745948791503906, 1.3704982995986938, 1.3597394227981567, 1.9680380821228027, 0.19014936685562134, 0.836595892906189, 1.06858229637146, 1.1782504320144653, 0.5160173177719116, 1.0106103420257568, 1.1099915504455566, 0.007532909512519836, 0.1768869012594223, 1.0566880702972412, 0.28039252758026123, 0.5379192233085632, 0.5832854509353638, 1.406375527381897, 0.7642558813095093, 2.0764169692993164, 0.7874366641044617, 2.0264768600463867, 0.9982731342315674, 0.026278585195541382, 0.5999187231063843, 0.990530252456665, 1.7513185739517212, 1.1621596813201904, 0.6094086766242981, 0.36708348989486694, 0.01033259928226471, 1.3732830286026, 0.8060556650161743, 0.5279358625411987, 1.3659290075302124, 0.05630851536989212, 0.5328488349914551]"
decomposition,"[20, 4, 18, 12, 19, 3, 12, 7, 6, 8, 6, 12, 5]",34,"[0.34326720237731934, 2.3657102584838867, 1.201924443244934, 0.24085889756679535, 0.9372861981391907, 1.1890068054199219, 0.5493035316467285, 1.118027687072754, 1.61000657081604, 0.3601713478565216, 0.008987552486360073, 1.5307024717330933, 0.9312729835510254, 0.833718478679657, -0.007097853347659111, 3.212491989135742, 1.5467090606689453, 0.4512813091278076, 0.03424147516489029, 1.0278280973434448, 1.8782637119293213, 1.671234369277954, 0.6233763694763184, 0.34496235847473145, 0.2867891788482666, 1.400542974472046, 0.5140557289123535, 1.4369620084762573, 0.47304481267929077, 0.8795872926712036, 1.7423608303070068, 0.7236036062240601, 1.5018349885940552, 0.5321837663650513, 0.37359243631362915, 0.08029858767986298, 2.4462616443634033, 1.1312942504882812, 0.0932861715555191, 0.5189122557640076, 2.4897782802581787, 0.4847676455974579, 0.5217941999435425, 0.19770148396492004, 0.9404305219650269, 0.545671820640564, 2.3076374530792236, 0.5864646434783936, 2.076697587966919, 1.005958080291748, 0.05892045050859451, 1.3560490608215332, 1.4222102165222168, 1.4101595878601074, 0.5877438187599182, 0.34848058223724365, 0.40300050377845764, -0.009299106895923615, 1.094452977180481, 1.4338425397872925, 1.328453540802002, 1.7984135150909424, 0.10637691617012024, 0.353567510843277]"
element,"[4, 14, 4, 19, 4, 5, 8]",34,"[0.5258060097694397, 1.8982120752334595, 0.863526463508606, 0.07908307015895844, 0.716982901096344, 1.000382661819458, 0.41033679246902466, 0.7003531455993652, 0.8401064276695251, 0.12086459249258041, -0.001021206146106124, 1.2710157632827759, 1.1590824127197266, 0.6665696501731873, -0.0049745915457606316, 2.1398985385894775, 0.9144793748855591, 0.2465372234582901, 0.030236702412366867, 0.9995449781417847, 1.186164140701294, 1.2340935468673706, 0.40374764800071716, 0.5123695135116577, 0.47497597336769104, 0.7385387420654297, 0.6445844769477844, 1.3236455917358398, 0.6263877153396606, 0.9086825251579285, 1.5178451538085938, 0.27959370613098145, 0.8396158218383789, 0.28690284490585327, 0.5371230840682983, 0.058733679354190826, 1.7068331241607666, 1.319799780845642, 0.08078938722610474, 0.3135029077529907, 1.5483790636062622, 0.1421748399734497, 0.37462520599365234, 0.314200758934021, 0.8599081635475159, 0.27756330370903015, 1.888825535774231, 0.4600914716720581, 1.848689079284668, 0.7247706651687622, 0.011383414268493652, 0.8127683401107788, 0.9703996777534485, 1.613223671913147, 0.38949722051620483, 0.382853239774704, 0.10426345467567444, 0.013492543250322342, 1.1980257034301758, 1.0904600620269775, 0.9761809706687927, 1.5495288372039795, 0.05744499713182449, 0.26295438408851624]"
empirical,"[4, 19, 3, 6, 11, 6, 18, 2, 14]",34,"[0.6102133393287659, 2.8318731784820557, 0.6187328100204468, 0.10480700433254242, 0.8686266541481018, 1.9351333379745483, 1.0980809926986694, 1.3920501470565796, 0.7266343235969543, 0.36925119161605835, 0.008351972326636314, 0.8003512620925903, 1.0557466745376587, 1.4225400686264038, -0.0004816972650587559, 1.47678542137146, 1.4539088010787964, 0.9578273296356201, 0.07583563029766083, 1.9531447887420654, 0.9774973392486572, 0.7862757444381714, 0.7444726228713989, 0.3781275153160095, 0.7487038373947144, 1.4200448989868164, 1.1865243911743164, 1.8561352491378784, 1.3366724252700806, 1.526875376701355, 2.1400349140167236, 0.6335899829864502, 1.4648133516311646, 1.1065846681594849, 1.1645121574401855, 0.1744409203529358, 1.0610415935516357, 1.0365045070648193, 0.01908773183822632, 0.1919274479150772, 1.0231688022613525, 0.49513867497444153, 0.2825826406478882, 0.6813454627990723, 1.5827773809432983, 0.8947364091873169, 2.7214131355285645, 1.1043357849121094, 2.5151877403259277, 1.4383246898651123, 0.04426182806491852, 0.803922712802887, 1.3610433340072632, 1.8616957664489746, 1.3603696823120117, 0.2338588833808899, 0.5666307806968689, 0.011167671531438828, 1.5202239751815796, 0.5995129346847534, 0.4578569531440735, 1.6120649576187134, 0.03785434365272522, 0.2576237618923187]"
entrepreneur,"[4, 5, 8, 11, 4, 3, 11, 4, 5, 4, 13, 11]",34,"[0.7468756437301636, 2.5659890174865723, 0.40496543049812317, 0.00202757865190506, 0.8326215147972107, 1.924194574356079, 1.142011284828186, 1.2313727140426636, 0.23060175776481628, 0.261606365442276, -0.01451535802334547, 0.6622345447540283, 1.0838733911514282, 1.4233856201171875, 0.00035987235605716705, 0.9542800188064575, 1.1677789688110352, 0.8814369440078735, 0.08108151704072952, 2.001387596130371, 0.5035980939865112, 0.5339996218681335, 0.6918377876281738, 0.503280520439148, 0.8717684745788574, 1.049008846282959, 1.2216815948486328, 1.8516533374786377, 1.4390418529510498, 1.5534931421279907, 2.114593505859375, 0.39806169271469116, 1.1538022756576538, 1.0408437252044678, 1.2532044649124146, 0.2562723159790039, 0.6762146353721619, 1.1882565021514893, -0.033084556460380554, 0.0854685828089714, 0.4905470907688141, 0.4052342176437378, 0.17603130638599396, 0.6984120607376099, 1.6060339212417603, 0.7724048495292664, 2.547187089920044, 1.0548639297485352, 2.411332368850708, 1.300822138786316, -0.0018532946705818176, 0.645904004573822, 1.146013855934143, 1.9396802186965942, 1.3112787008285522, 0.3684994876384735, 0.5224289894104004, 0.00028144940733909607, 1.5519323348999023, 0.5016580820083618, 0.3589184582233429, 1.5261015892028809, 0.0033828653395175934, 0.2596726715564728]"
gene,"[17, 4, 5, 4]",34,"[0.5384610295295715, 1.7634141445159912, 1.0273529291152954, -0.01098703220486641, 0.39099693298339844, 1.0284944772720337, 0.5095745921134949, 0.4734755754470825, 0.8562223315238953, 0.2448434829711914, 0.015505697578191757, 1.150475263595581, 1.2678210735321045, 0.45677557587623596, -0.005905285011976957, 1.8885226249694824, 0.7521252632141113, 0.16332711279392242, 0.03640887141227722, 1.1538599729537964, 1.2463994026184082, 1.0133914947509766, 0.25529712438583374, 0.6127814054489136, 0.6985538601875305, 0.724600076675415, 0.9374696016311646, 1.0708849430084229, 0.7423644065856934, 1.1373136043548584, 1.1270471811294556, 0.4433211088180542, 0.8445990085601807, 0.2519510090351105, 0.6322484016418457, 0.031224146485328674, 1.529486060142517, 1.1292915344238281, 0.13973963260650635, 0.23315393924713135, 1.1632674932479858, 0.11980947852134705, 0.4134940505027771, 0.5865117311477661, 1.0081747770309448, 0.11309520900249481, 1.8560340404510498, 0.8301863074302673, 1.8259819746017456, 0.8204655051231384, -0.006154976785182953, 0.4040530025959015, 0.6611568331718445, 1.4224539995193481, 0.6644004583358765, 0.3912776708602905, 0.08950977027416229, 0.0015803463757038116, 1.1181658506393433, 0.7521123886108398, 0.6126609444618225, 1.1261507272720337, -0.008082222193479538, 0.14717593789100647]"
heredity,"[9, 4, 11, 4, 20, 6, 8, 21]",34,"[0.14050325751304626, 1.911044716835022, 1.3452537059783936, 0.11414727568626404, 0.272452712059021, 0.9297115206718445, 0.5547327399253845, 0.5669402480125427, 1.6691280603408813, 0.5420887470245361, 0.047409579157829285, 1.2652887105941772, 0.8677554130554199, 0.32582247257232666, -0.005023042671382427, 2.5781445503234863, 1.1966135501861572, 0.2581753432750702, 0.04910821467638016, 1.0031691789627075, 2.005000591278076, 1.2894954681396484, 0.23926183581352234, 0.36747318506240845, 0.4294573962688446, 1.2777765989303589, 0.81041419506073, 0.7723441123962402, 0.4224877655506134, 0.9401304125785828, 0.8674775958061218, 1.0885335206985474, 1.4361793994903564, 0.3528384864330292, 0.3888394832611084, -0.056604526937007904, 1.9314676523208618, 0.5509689450263977, 0.2855510711669922, 0.45701202750205994, 1.973680019378662, 0.3626489043235779, 0.5265030860900879, 0.48723524808883667, 0.9241064786911011, 0.19264811277389526, 1.9087470769882202, 1.0424740314483643, 1.6366604566574097, 1.0725287199020386, 0.07861676812171936, 0.5676366686820984, 0.8364275097846985, 0.8924855589866638, 0.9292635321617126, 0.24591749906539917, 0.2819752097129822, 0.00923723354935646, 0.6742147207260132, 0.7174626588821411, 0.6006667613983154, 0.9183153510093689, 0.028057053685188293, 0.15436500310897827]"
immigration,"[6, 19, 19, 6, 17, 11, 2, 8, 6, 12, 5]",34,"[0.4642380177974701, 3.6066067218780518, 0.317679762840271, 0.10848541557788849, 1.2362706661224365, 2.2804033756256104, 1.3856227397918701, 1.958721399307251, 0.3701152205467224, 0.5489086508750916, 0.0006433031521737576, 0.6296164393424988, 0.8070658445358276, 1.922121286392212, 0.0013284320011734962, 1.2187377214431763, 2.239807605743408, 1.2811049222946167, 0.11428630352020264, 2.183380603790283, 0.4726228415966034, 0.5952725410461426, 0.9254463911056519, 0.016558155417442322, 0.4326895475387573, 2.0322089195251465, 1.1017532348632812, 2.3340651988983154, 1.3811523914337158, 1.5590322017669678, 2.8391616344451904, 1.0002610683441162, 2.135671854019165, 1.4096946716308594, 1.1922498941421509, 0.15301641821861267, 0.8029114007949829, 1.0074641704559326, -0.09592215716838837, 0.17190539836883545, 0.9002177715301514, 0.9523494839668274, -0.0549389123916626, 0.5208582878112793, 1.8911746740341187, 1.1863011121749878, 3.4160969257354736, 1.2268823385238647, 2.9177281856536865, 1.7654815912246704, 0.012928260490298271, 1.38619065284729, 2.022346258163452, 2.0598156452178955, 1.547914981842041, -0.025597289204597473, 1.0631176233291626, 0.013339951634407043, 1.6476562023162842, 0.6437672972679138, 0.673541784286499, 2.236626386642456, 0.038104720413684845, 0.19680312275886536]"
imperialism,"[6, 19, 3, 4, 11, 6, 2, 14, 6, 7, 19]",34,"[0.28585267066955566, 2.517718553543091, 1.0202668905258179, 0.11999553442001343, 0.6272738575935364, 1.5163626670837402, 0.8900088667869568, 1.0996402502059937, 1.2769076824188232, 0.5829084515571594, 0.0295685026794672, 1.0076196193695068, 0.8689227104187012, 0.9313521981239319, 0.0025165844708681107, 2.2023754119873047, 1.5254477262496948, 0.7049591541290283, 0.05635436624288559, 1.4885741472244263, 1.5462267398834229, 1.0384210348129272, 0.5426025986671448, 0.27002087235450745, 0.5403140783309937, 1.5773688554763794, 0.9617123603820801, 1.3382986783981323, 0.8693622350692749, 1.2454880475997925, 1.5607233047485352, 0.9954575300216675, 1.6741451025009155, 0.7832037210464478, 0.7542268633842468, 0.0671328604221344, 1.5646570920944214, 0.7250620722770691, 0.12287566810846329, 0.34832584857940674, 1.6464228630065918, 0.542204737663269, 0.3649578392505646, 0.5881098508834839, 1.288276195526123, 0.592331051826477, 2.4815003871917725, 1.1323761940002441, 2.203557252883911, 1.4159579277038574, 0.07063467800617218, 0.7778859734535217, 1.2461384534835815, 1.2885547876358032, 1.1651403903961182, 0.18920113146305084, 0.5197122097015381, 0.017983421683311462, 1.0761607885360718, 0.6304416656494141, 0.5660169124603271, 1.2726880311965942, 0.04363267123699188, 0.1725095957517624]"
industrialization,"[6, 5, 20, 13, 7, 8, 11, 6, 2, 14, 6, 15, 2, 8, 6, 12, 5]",34,"[0.6309715509414673, 2.895148754119873, 0.6794629096984863, 0.1598418802022934, 1.072128176689148, 1.9488540887832642, 1.103981614112854, 1.5653483867645264, 0.8683491945266724, 0.317654550075531, 0.0003902858588844538, 0.9078305959701538, 0.9487555027008057, 1.5520390272140503, -0.006093136500567198, 1.850278615951538, 1.6569292545318604, 1.0524131059646606, 0.07616162300109863, 1.890763282775879, 0.9978103637695312, 0.9232287406921387, 0.9173547029495239, 0.3723661005496979, 0.6327657103538513, 1.5044887065887451, 1.0699360370635986, 1.9327147006988525, 1.2673492431640625, 1.4658552408218384, 2.2717225551605225, 0.6520951986312866, 1.5775748491287231, 1.1049383878707886, 1.1288272142410278, 0.1780019998550415, 1.3452085256576538, 1.0866212844848633, -0.07638236880302429, 0.21575087308883667, 1.312934398651123, 0.6213050484657288, 0.2875148057937622, 0.6158088445663452, 1.5605688095092773, 1.0018690824508667, 2.836888074874878, 0.9924604296684265, 2.531141996383667, 1.477834701538086, 0.0709778368473053, 1.077876329421997, 1.5356522798538208, 1.837888240814209, 1.2300090789794922, 0.22999626398086548, 0.6821660995483398, 0.0004998892545700073, 1.5697542428970337, 0.750010073184967, 0.6380892992019653, 1.7632369995117188, 0.05210269242525101, 0.2677161395549774]"
inertia,"[6, 5, 4, 11, 8, 6, 2]",34,"[0.4381515085697174, 2.2226903438568115, 0.6248475909233093, 0.027081679552793503, 0.5696120262145996, 1.4457380771636963, 0.8799715042114258, 0.977463960647583, 0.6093652248382568, 0.3472593128681183, 0.009342169389128685, 0.7168334722518921, 0.9199697971343994, 0.9994871616363525, -0.005304171238094568, 1.2461589574813843, 1.1295273303985596, 0.6471230983734131, 0.07186637818813324, 1.5302647352218628, 0.8425230979919434, 0.6122051477432251, 0.4751812517642975, 0.3302803337574005, 0.595289945602417, 1.1226531267166138, 1.0292645692825317, 1.3900501728057861, 1.0034879446029663, 1.2155389785766602, 1.5022625923156738, 0.6301807761192322, 1.2052490711212158, 0.7347736358642578, 0.8390318155288696, 0.06012832373380661, 0.9424451589584351, 0.844960629940033, 0.08205083012580872, 0.21901556849479675, 0.8464511632919312, 0.37465694546699524, 0.24205948412418365, 0.5668737888336182, 1.282409429550171, 0.5487927198410034, 2.1711418628692627, 0.9749370217323303, 2.0374200344085693, 1.1966869831085205, 0.02648819610476494, 0.5656638145446777, 1.0256049633026123, 1.404960036277771, 1.0501171350479126, 0.20185969769954681, 0.4142693281173706, 0.0032504573464393616, 1.1518986225128174, 0.4625367224216461, 0.3765200078487396, 1.1833117008209229, 0.0033562034368515015, 0.12802976369857788]"
inflation,"[6, 5, 22, 14, 2, 8, 6, 12, 5]",34,"[0.4215521812438965, 2.5157487392425537, 0.7188212275505066, 0.031090591102838516, 0.6039478778839111, 1.708312749862671, 1.023207426071167, 1.0899163484573364, 0.8081049919128418, 0.4881541132926941, 0.018620191141963005, 0.767096757888794, 0.9129917621612549, 1.0950853824615479, -0.0016571283340454102, 1.436110258102417, 1.3652323484420776, 0.757325291633606, 0.0888245701789856, 1.7920913696289062, 1.0123409032821655, 0.7035728693008423, 0.49302929639816284, 0.3210405111312866, 0.7304109334945679, 1.4145960807800293, 1.1907322406768799, 1.4357300996780396, 1.149296760559082, 1.4416388273239136, 1.6606330871582031, 0.874457597732544, 1.5096285343170166, 0.9596965909004211, 1.0068058967590332, 0.18895304203033447, 1.0440175533294678, 0.7942721247673035, 0.07833398878574371, 0.21345889568328857, 1.0194323062896729, 0.4792700707912445, 0.27096590399742126, 0.6915690898895264, 1.4626598358154297, 0.5956325531005859, 2.4757392406463623, 1.2930171489715576, 2.25258469581604, 1.3961312770843506, 0.04947281628847122, 0.5966939926147461, 1.1486504077911377, 1.4941835403442383, 1.4375011920928955, 0.16807162761688232, 0.4783704876899719, 0.005743186920881271, 1.1965066194534302, 0.49925172328948975, 0.3501123785972595, 1.2434359788894653, 0.005771521478891373, 0.16255414485931396]"
migration,"[19, 6, 17, 11, 2, 8, 6, 12, 5]",34,"[0.41764387488365173, 2.6836564540863037, 1.0139577388763428, 0.13269741833209991, 0.9063379764556885, 1.4473235607147217, 0.7316338419914246, 1.2935805320739746, 1.1049617528915405, 0.3376522660255432, 0.003052257001399994, 1.3082293272018433, 1.0693954229354858, 1.033862590789795, -0.010247474536299706, 2.5026047229766846, 1.6388596296310425, 0.57855224609375, 0.05630664899945259, 1.355462908744812, 1.3960951566696167, 1.3250856399536133, 0.5570669174194336, 0.23507830500602722, 0.3432861268520355, 1.456350564956665, 0.8006597757339478, 1.6364554166793823, 0.712286114692688, 1.1407122611999512, 1.9335395097732544, 0.6805658340454102, 1.5659656524658203, 0.6580770611763, 0.6145079135894775, -0.08410315960645676, 1.9202836751937866, 1.1814628839492798, 0.00569133460521698, 0.3237285912036896, 1.7411282062530518, 0.5641190409660339, 0.23443414270877838, 0.38794398307800293, 1.234224796295166, 0.6147411465644836, 2.6608831882476807, 0.7882253527641296, 2.404510974884033, 1.2545872926712036, 0.030836794525384903, 1.1736642122268677, 1.4732005596160889, 1.6892719268798828, 0.7561051249504089, 0.13339102268218994, 0.5644528865814209, 0.005800109356641769, 1.3234024047851562, 1.0945050716400146, 1.0111385583877563, 1.8628263473510742, 0.04533570259809494, 0.16510112583637238]"
momentum,"[19, 12, 19, 4, 5, 8, 13, 19]",34,"[0.3933582007884979, 2.163490056991577, 0.6847882270812988, 0.16738754510879517, 0.8346629738807678, 1.2633508443832397, 0.7416791319847107, 1.041810154914856, 0.8212079405784607, 0.3287270665168762, -0.003539581084623933, 0.9298570156097412, 0.7826418876647949, 0.9989473819732666, -0.00904737040400505, 1.9272487163543701, 1.3122862577438354, 0.6101295948028564, 0.05508085712790489, 1.1821049451828003, 1.022213339805603, 1.0228604078292847, 0.6136947870254517, 0.2749056816101074, 0.37412577867507935, 1.1426401138305664, 0.6410624384880066, 1.4327402114868164, 0.7558512687683105, 0.928520679473877, 1.6987372636795044, 0.6577470898628235, 1.303983449935913, 0.6822646856307983, 0.603007435798645, 0.1382731795310974, 1.4369502067565918, 0.9480843544006348, 0.03649335354566574, 0.3331981301307678, 1.525478720664978, 0.4562773108482361, 0.3217974901199341, 0.3172672390937805, 1.0599396228790283, 0.5603764653205872, 2.037109375, 0.6103141903877258, 1.850911021232605, 1.0213720798492432, 0.02902202680706978, 0.9861558675765991, 1.2441297769546509, 1.4278661012649536, 0.7425543665885925, 0.3356919288635254, 0.4152856469154358, 0.01372833177447319, 1.0617116689682007, 0.9624956250190735, 0.8965514898300171, 1.512577772140503, 0.07439416646957397, 0.3347187340259552]"
mutation,"[19, 13, 8, 2, 8, 6, 12, 5]",34,"[0.4736140966415405, 2.6529195308685303, 0.7950358986854553, 0.07773995399475098, 0.9505813717842102, 1.4950143098831177, 0.7848852276802063, 1.2419313192367554, 0.7873602509498596, 0.3278413414955139, -0.0076999422162771225, 1.1261498928070068, 1.0849969387054443, 1.1187305450439453, -0.008632957004010677, 2.016573429107666, 1.5967662334442139, 0.63569176197052, 0.06128232553601265, 1.4199597835540771, 0.9497280120849609, 1.0986403226852417, 0.5885373950004578, 0.280429869890213, 0.4263443052768707, 1.3167670965194702, 0.8239389657974243, 1.719551682472229, 0.8567923307418823, 1.1679718494415283, 2.0410335063934326, 0.5949734449386597, 1.444973349571228, 0.7027511596679688, 0.6989467144012451, 0.03982742130756378, 1.6047886610031128, 1.2547677755355835, -0.012708306312561035, 0.24354398250579834, 1.4190571308135986, 0.5421063303947449, 0.24221652746200562, 0.4067600965499878, 1.2840240001678467, 0.582358181476593, 2.5917909145355225, 0.7202462553977966, 2.3595869541168213, 1.1748329401016235, 0.0026447437703609467, 1.0846577882766724, 1.493088960647583, 1.815293312072754, 0.7811360359191895, 0.16627046465873718, 0.5368044376373291, 0.001935906708240509, 1.3491730690002441, 1.0391762256622314, 0.9604628086090088, 1.9002505540847778, 0.029689371585845947, 0.16638633608818054]"
nationalism,"[5, 2, 8, 6, 12, 5, 2, 14, 6, 7, 19]",34,"[0.45036521553993225, 2.691528558731079, 0.9205069541931152, 0.10859955847263336, 0.7431667447090149, 1.7530697584152222, 1.0187114477157593, 1.211909532546997, 1.0372812747955322, 0.5095134973526001, 0.019177326932549477, 0.9417270421981812, 0.9664421081542969, 1.1801912784576416, -0.0058477409183979034, 1.9474869966506958, 1.5213525295257568, 0.798642635345459, 0.07190561294555664, 1.780854344367981, 1.273186445236206, 0.9398728609085083, 0.6050310730934143, 0.3493148386478424, 0.6844077706336975, 1.4870991706848145, 1.1359647512435913, 1.5530633926391602, 1.1340527534484863, 1.4751991033554077, 1.8227519989013672, 0.8757884502410889, 1.6080570220947266, 0.9550013542175293, 1.0064398050308228, 0.1335720270872116, 1.3964166641235352, 0.9025113582611084, 0.05362686514854431, 0.25286126136779785, 1.3418246507644653, 0.5330680012702942, 0.30049410462379456, 0.7090880870819092, 1.4721451997756958, 0.6651046872138977, 2.662444591522217, 1.2345808744430542, 2.4351882934570312, 1.503729224205017, 0.05279410630464554, 0.7484630942344666, 1.291164755821228, 1.5817238092422485, 1.324338436126709, 0.20528294146060944, 0.5510445833206177, 0.031235847622156143, 1.3096641302108765, 0.643582820892334, 0.5461368560791016, 1.3983712196350098, 0.0330638512969017, 0.18401458859443665]"
periodic table,"[3, 4, 11, 6, 12, 20, 6, 18, 31, 8, 2, 10, 14, 4]",34,"[0.6772264242172241, 1.3993664979934692, 1.1212011575698853, 0.24817778170108795, 0.8765678405761719, 1.0319799184799194, 0.40585142374038696, 0.5716249346733093, 1.553765058517456, 0.17830637097358704, 0.0028407983481884003, 1.3135470151901245, 0.837510347366333, 0.7234787940979004, -0.009475484490394592, 2.9699697494506836, 0.8310141563415527, 0.3273816704750061, 0.006537730805575848, 0.948556125164032, 1.7548965215682983, 1.5507621765136719, 0.712474524974823, 0.9102429151535034, 0.7706802487373352, 0.6313897371292114, 0.5657558441162109, 1.1424964666366577, 0.6941660642623901, 0.8751277327537537, 1.2187763452529907, 0.44600120186805725, 0.7986230850219727, 0.4550449550151825, 0.5810938477516174, 0.6708323359489441, 2.231076717376709, 1.1394160985946655, 0.051986441016197205, 0.42148035764694214, 2.120124340057373, 0.18687771260738373, 0.8555268049240112, 0.2881588637828827, 0.6845868825912476, 0.3925904631614685, 1.421512246131897, 0.46831315755844116, 1.4669780731201172, 0.5422253012657166, 0.04441043734550476, 0.8489444851875305, 0.7346466183662415, 1.2106019258499146, 0.6530406475067139, 0.8488858342170715, 0.10554088652133942, -0.020236989483237267, 1.0033077001571655, 1.318735122680664, 1.0827081203460693, 1.2548754215240479, 0.09121681749820709, 0.7027614712715149]"
predator,"[3, 11, 4, 20, 2, 8, 12, 11]",34,"[0.454324334859848, 2.006889820098877, 1.201729416847229, 0.1544884592294693, 0.6889098882675171, 1.0859825611114502, 0.559495210647583, 0.8545318245887756, 1.379333734512329, 0.23415464162826538, -0.0007123192772269249, 1.4189536571502686, 1.0765352249145508, 0.6724098920822144, -0.005679899826645851, 2.7229912281036377, 1.1494108438491821, 0.2907049059867859, 0.04342687129974365, 1.100945234298706, 1.7147334814071655, 1.4293920993804932, 0.4757864773273468, 0.47638580203056335, 0.48309847712516785, 1.0207566022872925, 0.7138546705245972, 1.2395626306533813, 0.5682591199874878, 0.9778322577476501, 1.440474510192871, 0.5734310746192932, 1.1538997888565063, 0.4434916079044342, 0.5151987671852112, 0.012546315789222717, 2.0448639392852783, 1.086279273033142, 0.09786561131477356, 0.36721277236938477, 1.9487429857254028, 0.30503034591674805, 0.45632266998291016, 0.41669657826423645, 0.9918578267097473, 0.35551199316978455, 2.101273536682129, 0.7145559787750244, 1.9281123876571655, 0.9656223058700562, 0.049690231680870056, 0.8149136900901794, 1.019425392150879, 1.4582240581512451, 0.6460703015327454, 0.3814642131328583, 0.2802298069000244, 0.00032514333724975586, 1.090041995048523, 1.1019165515899658, 0.8674100041389465, 1.445818305015564, 0.04333512485027313, 0.26672831177711487]"
qualitative,"[24, 13, 2, 14, 6, 8, 2, 8, 6, 28, 4]",34,"[0.5700879096984863, 2.1540002822875977, 1.1928677558898926, 0.17346443235874176, 0.7476364374160767, 1.2779302597045898, 0.6470720171928406, 0.9879182577133179, 1.3756803274154663, 0.2327786386013031, -0.00603913888335228, 1.3641183376312256, 1.0963166952133179, 0.8652305006980896, 0.0019668517634272575, 2.6486823558807373, 1.1533666849136353, 0.47751694917678833, 0.033430665731430054, 1.2506599426269531, 1.657660961151123, 1.4199814796447754, 0.5914071202278137, 0.5594034790992737, 0.6453408598899841, 1.0590180158615112, 0.7787574529647827, 1.357986569404602, 0.7846096754074097, 1.1070770025253296, 1.5241236686706543, 0.5417540073394775, 1.141908884048462, 0.547061562538147, 0.6690162420272827, 0.12163488566875458, 2.098357677459717, 1.1321351528167725, 0.05651257187128067, 0.3675367832183838, 1.8935680389404297, 0.32346591353416443, 0.48821285367012024, 0.4573619067668915, 1.0502227544784546, 0.47780513763427734, 2.1823477745056152, 0.7458388805389404, 2.1085832118988037, 1.0608998537063599, 0.06359106302261353, 0.8746678233146667, 1.0872737169265747, 1.5034456253051758, 0.7430197596549988, 0.45602482557296753, 0.29186198115348816, -0.02231708914041519, 1.258039951324463, 1.0315591096878052, 0.839428186416626, 1.4514678716659546, 0.07329797744750977, 0.30431076884269714]"
quantitative,"[24, 13, 2, 5, 8, 6, 8, 2, 8, 6, 28, 4]",34,"[0.5443595051765442, 2.123983383178711, 1.1995493173599243, 0.18956676125526428, 0.826778769493103, 1.121802568435669, 0.5096930265426636, 0.9756098985671997, 1.3585445880889893, 0.1531476080417633, -0.01685982756316662, 1.5108245611190796, 1.140498399734497, 0.800689697265625, -0.0022332589142024517, 2.920907735824585, 1.1566691398620605, 0.3606577217578888, 0.030811704695224762, 1.053023099899292, 1.6789357662200928, 1.592054843902588, 0.5735992789268494, 0.5085357427597046, 0.5099160075187683, 0.974462628364563, 0.5984823703765869, 1.4014074802398682, 0.6151463985443115, 0.9522531032562256, 1.6120710372924805, 0.4362150728702545, 1.082055687904358, 0.4097515046596527, 0.5097318291664124, 0.034678660333156586, 2.3162448406219482, 1.2949399948120117, 0.035897158086299896, 0.4239550232887268, 2.1405029296875, 0.2668175995349884, 0.4523688852787018, 0.3107777237892151, 0.917687177658081, 0.427155077457428, 2.1478023529052734, 0.5203831195831299, 2.0705981254577637, 0.9332625865936279, 0.0468161404132843, 1.0496734380722046, 1.157531499862671, 1.5824167728424072, 0.47558239102363586, 0.4722096920013428, 0.21579144895076752, -0.020349007099866867, 1.2429277896881104, 1.281949520111084, 1.0903904438018799, 1.6606905460357666, 0.09066098928451538, 0.3209693729877472]"
recession,"[11, 4, 18, 4, 7, 7, 6, 12, 5]",34,"[0.37178122997283936, 2.1961236000061035, 1.0489780902862549, 0.038225945085287094, 0.40195634961128235, 1.590499997138977, 0.9929169416427612, 0.70868980884552, 1.2307296991348267, 0.6600295901298523, 0.05151353403925896, 0.9151003360748291, 0.9331320524215698, 0.7918063402175903, -0.003913126885890961, 1.8963804244995117, 1.1618843078613281, 0.5549691915512085, 0.07058083266019821, 1.6873401403427124, 1.4466772079467773, 0.8232910633087158, 0.46080532670021057, 0.4969196915626526, 0.8097009062767029, 1.3818262815475464, 1.260280728340149, 1.1323113441467285, 1.1229084730148315, 1.4635761976242065, 1.2330029010772705, 1.1000326871871948, 1.4915660619735718, 0.8030166625976562, 0.969041645526886, 0.3156757354736328, 1.2934540510177612, 0.6788704991340637, 0.13094578683376312, 0.2988247871398926, 1.301090955734253, 0.4206088185310364, 0.43137502670288086, 0.8083699941635132, 1.4198155403137207, 0.3859284222126007, 2.189138889312744, 1.4415245056152344, 1.9978346824645996, 1.3179113864898682, 0.037296850234270096, 0.3374726474285126, 0.8503409028053284, 1.1633135080337524, 1.4563380479812622, 0.25696608424186707, 0.42487338185310364, -0.004120711237192154, 1.019106388092041, 0.35091090202331543, 0.323750376701355, 0.9013186097145081, -0.010128706693649292, 0.25237029790878296]"
reform,"[11, 4, 22, 12, 11, 19]",34,"[0.4384990334510803, 1.5088518857955933, 1.4251527786254883, 0.17522838711738586, 0.541736364364624, 0.6849424242973328, 0.2940685451030731, 0.5110419988632202, 1.7359527349472046, 0.18201695382595062, 0.009440278634428978, 1.5914666652679443, 1.083211898803711, 0.3646101653575897, -0.0026712357066571712, 3.1661617755889893, 0.6951006650924683, 0.06799664348363876, 0.006992180831730366, 0.734037458896637, 2.1221492290496826, 1.681254267692566, 0.43636032938957214, 0.662429690361023, 0.5181729793548584, 0.7212570905685425, 0.5565308332443237, 0.8707880973815918, 0.3601863980293274, 0.8143758773803711, 0.9626386761665344, 0.45545220375061035, 0.8069285154342651, 0.15163353085517883, 0.34726011753082275, 0.01136007159948349, 2.4247019290924072, 1.0289239883422852, 0.20030327141284943, 0.3786987066268921, 2.3160741329193115, 0.10618797689676285, 0.6764910221099854, 0.3653540313243866, 0.6886970400810242, 0.17200316488742828, 1.6143183708190918, 0.588311493396759, 1.528608798980713, 0.6939849257469177, 0.07166904211044312, 0.6324993968009949, 0.67159503698349, 1.172891616821289, 0.367446631193161, 0.5091442465782166, 0.0741732120513916, 0.009245160967111588, 0.9185105562210083, 1.1425440311431885, 0.9122272729873657, 1.1073622703552246, 0.05716591328382492, 0.3512361943721771]"
respiration,"[11, 4, 7, 3, 6, 11, 2, 8, 6, 12, 5]",34,"[0.5173866748809814, 2.5590028762817383, 1.3036359548568726, 0.09681032598018646, 0.6636283993721008, 1.428352952003479, 0.6745785474777222, 0.9589838981628418, 1.3726141452789307, 0.3978983461856842, 0.02431846223771572, 1.4585431814193726, 1.2817975282669067, 0.8238779902458191, -0.002202277071774006, 2.745321035385132, 1.3830041885375977, 0.36914804577827454, 0.05268726125359535, 1.466265082359314, 1.773554801940918, 1.3805997371673584, 0.43541669845581055, 0.4682241380214691, 0.6691649556159973, 1.3366202116012573, 0.9834672212600708, 1.4513413906097412, 0.8386642932891846, 1.3183040618896484, 1.6647299528121948, 0.8045613765716553, 1.4577445983886719, 0.5183375477790833, 0.7422070503234863, 0.05041462182998657, 2.044780731201172, 1.2112082242965698, 0.04828587919473648, 0.36109504103660583, 1.8428223133087158, 0.3203350603580475, 0.3516835868358612, 0.5937519073486328, 1.233582854270935, 0.3787752389907837, 2.5940089225769043, 1.0179979801177979, 2.424417495727539, 1.245905876159668, 0.038297008723020554, 0.8259737491607666, 1.1544677019119263, 1.7075053453445435, 0.9333728551864624, 0.2939785122871399, 0.2839888632297516, 0.0011405311524868011, 1.3328940868377686, 0.948885977268219, 0.8140143752098083, 1.6395295858383179, 0.03606104105710983, 0.1984025537967682]"
sovereignty,"[7, 12, 28, 4, 11, 4, 6, 17, 5, 8, 21]",34,"[0.8349258303642273, 1.9886980056762695, 1.207142949104309, 0.1420181691646576, 0.7382373809814453, 1.4723503589630127, 0.8483487367630005, 0.8106653690338135, 1.3817708492279053, 0.17602373659610748, -0.0029043543618172407, 1.3724944591522217, 1.18602454662323, 0.965933084487915, -0.0046883560717105865, 2.5922818183898926, 0.7641696929931641, 0.47494420409202576, 0.03838322311639786, 1.6010551452636719, 1.7141512632369995, 1.3710094690322876, 0.6954419612884521, 0.9155492782592773, 1.0445475578308105, 0.7314257621765137, 1.1279988288879395, 1.3513535261154175, 1.1689915657043457, 1.4373064041137695, 1.568994164466858, 0.3376197814941406, 0.8027241230010986, 0.7090465426445007, 1.0445326566696167, 0.33611634373664856, 1.910986065864563, 1.2584099769592285, 0.06189349293708801, 0.2558056116104126, 1.697662115097046, 0.15923091769218445, 0.6459277868270874, 0.7177556753158569, 1.2903255224227905, 0.4907616674900055, 2.1207327842712402, 0.998853862285614, 2.1221797466278076, 1.0626296997070312, 0.05225350707769394, 0.5113638043403625, 0.7582910060882568, 1.6331957578659058, 1.1016407012939453, 0.7115657925605774, 0.1855756640434265, -0.009305385872721672, 1.3521904945373535, 0.9463559985160828, 0.6204075217247009, 1.2328810691833496, 0.04843359440565109, 0.4686505198478699]"
supply and demand,"[7, 13, 3, 3, 14, 21, 31, 2, 5, 20, 31, 20, 4, 19, 2, 5, 20]",34,"[1.0013360977172852, 2.9449634552001953, -0.28028061985969543, 0.02958076074719429, 1.217063546180725, 2.9731197357177734, 1.7819064855575562, 1.7783766984939575, -0.46826446056365967, 0.34594470262527466, -0.04062933474779129, -0.049990445375442505, 0.8062880039215088, 2.27254319190979, 0.015325026586651802, -0.212843120098114, 1.4035693407058716, 1.710732102394104, 0.12045314908027649, 2.8556365966796875, -0.35405418276786804, -0.06871083378791809, 1.1532775163650513, 0.6058854460716248, 1.3515598773956299, 1.3267934322357178, 1.5590243339538574, 2.5198183059692383, 2.354595184326172, 2.0762956142425537, 2.8795433044433594, 0.2952941954135895, 1.2808870077133179, 1.9509804248809814, 1.9450773000717163, 0.8391408920288086, -0.33211788535118103, 1.1413254737854004, -0.11080050468444824, -0.027567893266677856, -0.21902823448181152, 0.6940577030181885, 0.1978721171617508, 0.9284148216247559, 2.185048818588257, 1.3501760959625244, 2.859726667404175, 1.5122253894805908, 2.721031904220581, 1.6082053184509277, -0.03179026022553444, 0.7041845917701721, 1.4183238744735718, 2.2216415405273438, 2.1673812866210938, 0.5891231298446655, 0.8943563103675842, -0.0038134995847940445, 1.9717615842819214, 0.28322917222976685, 0.12097775936126709, 1.6116830110549927, 0.037698373198509216, 0.4705525040626526]"
symbiosis,"[7, 21, 19, 10, 6, 12, 7, 6, 7]",34,"[0.3061838746070862, 2.6934962272644043, 0.5485814213752747, 0.11039555072784424, 0.7350054979324341, 1.936416745185852, 1.3409485816955566, 1.2909432649612427, 0.8191048502922058, 0.7286668419837952, 0.032612144947052, 0.4992695152759552, 0.5813944339752197, 1.366015076637268, -0.01391652412712574, 1.2868621349334717, 1.6939034461975098, 1.0633952617645264, 0.08223867416381836, 1.9465981721878052, 0.8268998861312866, 0.49384111166000366, 0.7568176984786987, 0.22000975906848907, 0.6267597079277039, 1.729280948638916, 1.2344609498977661, 1.524095892906189, 1.310576319694519, 1.4755163192749023, 1.8552284240722656, 1.163381576538086, 1.8556780815124512, 1.2543457746505737, 1.0773706436157227, 0.2969323396682739, 0.8294212222099304, 0.509597897529602, 0.04711667448282242, 0.2239963412284851, 0.9187800884246826, 0.7690255045890808, 0.29838597774505615, 0.7319812774658203, 1.6415379047393799, 0.8347088098526001, 2.5880239009857178, 1.4147752523422241, 2.219024658203125, 1.6120502948760986, 0.047621950507164, 0.7587319612503052, 1.378260850906372, 1.2699370384216309, 1.7284607887268066, 0.14185455441474915, 0.8146400451660156, 0.011268071830272675, 1.0621669292449951, 0.32608550786972046, 0.3999914526939392, 1.192413568496704, 0.025707125663757324, 0.22480306029319763]"
tyranny,"[8, 21, 11, 2, 5, 5, 21]",34,"[0.5096964836120605, 2.4370274543762207, 0.8584893941879272, -0.01154380664229393, 0.5985933542251587, 1.5143376588821411, 0.8621183633804321, 0.97336745262146, 0.8043160438537598, 0.420480340719223, 0.02140803448855877, 0.9598129987716675, 1.1654304265975952, 0.8828408122062683, -0.005481310188770294, 1.7260940074920654, 1.3391287326812744, 0.5114518404006958, 0.06235779821872711, 1.6318856477737427, 1.156900405883789, 0.8671396970748901, 0.40021002292633057, 0.4355504810810089, 0.768002450466156, 1.2449009418487549, 1.2061930894851685, 1.4366164207458496, 1.0030566453933716, 1.4290834665298462, 1.6471003293991089, 0.7535467147827148, 1.3615659475326538, 0.6777260303497314, 0.8789622187614441, 0.07259015738964081, 1.301101803779602, 1.010134220123291, 0.09206569194793701, 0.18638767302036285, 1.014049768447876, 0.44293373823165894, 0.2775539457798004, 0.7181838750839233, 1.4568426609039307, 0.44183945655822754, 2.506225824356079, 1.1864155530929565, 2.266962766647339, 1.2931344509124756, 0.017547423020005226, 0.5681906938552856, 1.086714506149292, 1.6480270624160767, 1.177501916885376, 0.22560840845108032, 0.4278546869754791, -9.704753756523132e-05, 1.2870811223983765, 0.6486490964889526, 0.4716530442237854, 1.4204682111740112, -0.01654146797955036, 0.11186660826206207]"
urbanization,"[13, 11, 10, 2, 5, 6, 15, 2, 8, 6, 12, 5]",34,"[0.45933079719543457, 3.1715354919433594, 0.5549460649490356, 0.07662191987037659, 0.872430682182312, 2.022411346435547, 1.2159404754638672, 1.5303040742874146, 0.5883119106292725, 0.54053795337677, 0.010368062183260918, 0.7426207065582275, 0.9078425168991089, 1.4898247718811035, -0.0020644688047468662, 1.438044786453247, 1.9210212230682373, 1.0026590824127197, 0.10754309594631195, 2.032973051071167, 0.7240786552429199, 0.6547784805297852, 0.6795030236244202, 0.19379408657550812, 0.5772348642349243, 1.8275460004806519, 1.1866780519485474, 1.904001235961914, 1.2573378086090088, 1.5307964086532593, 2.284040689468384, 1.0580663681030273, 1.9403055906295776, 1.1711618900299072, 1.1083329916000366, 0.16928783059120178, 0.9725481867790222, 0.9704083800315857, -0.05082686245441437, 0.20081841945648193, 0.8973020315170288, 0.739973783493042, 0.06011857092380524, 0.6269153356552124, 1.6838366985321045, 0.884433925151825, 3.075481653213501, 1.3266792297363281, 2.6663551330566406, 1.6321405172348022, 0.026622973382472992, 1.0673785209655762, 1.6372028589248657, 1.8075435161590576, 1.5933443307876587, 0.09906667470932007, 0.7831323742866516, -0.01295492798089981, 1.4670145511627197, 0.6106345653533936, 0.5731956362724304, 1.793708086013794, 0.025774478912353516, 0.14300456643104553]"
velocity,"[28, 4, 14, 12, 18, 6, 8, 21]",34,"[0.23631209135055542, 2.394439220428467, 0.9337173700332642, 0.02638797089457512, 0.4347533583641052, 1.3531931638717651, 0.8175597786903381, 0.9009147882461548, 1.024632215499878, 0.5974271893501282, 0.039257198572158813, 0.9359804391860962, 0.9357625246047974, 0.7158718705177307, -0.0006277919746935368, 1.8181556463241577, 1.4454883337020874, 0.5679111480712891, 0.06992999464273453, 1.4045288562774658, 1.3174114227294922, 0.9160388708114624, 0.34205564856529236, 0.2734440267086029, 0.5411566495895386, 1.4915968179702759, 1.0005552768707275, 1.1917611360549927, 0.8054153919219971, 1.2232717275619507, 1.3818531036376953, 1.076272964477539, 1.6125075817108154, 0.6449974179267883, 0.6642146110534668, 0.05097830668091774, 1.3323456048965454, 0.686450719833374, 0.13893961906433105, 0.27450281381607056, 1.2354222536087036, 0.5004871487617493, 0.29832547903060913, 0.5872794389724731, 1.2756340503692627, 0.4430471658706665, 2.3216328620910645, 1.1861350536346436, 2.0391879081726074, 1.2967076301574707, 0.03757507726550102, 0.6550184488296509, 1.1135648488998413, 1.2367061376571655, 1.2036253213882446, 0.1486380398273468, 0.4586593508720398, 0.006745506078004837, 1.0002292394638062, 0.5458291172981262, 0.4854903221130371, 1.209009051322937, 0.006002325564622879, 0.08563229441642761]"
bildungsroman,"[10, 6, 14, 20, 13, 5, 17, 7, 11, 12, 19, 2, 5]",34,"[0.9440670013427734, 2.8266959190368652, 0.5151878595352173, 0.15842975676059723, 1.296628713607788, 2.1792385578155518, 1.29799222946167, 1.6076792478561401, 0.6461347937583923, 0.2188543677330017, -0.029265495017170906, 0.9004496335983276, 1.043007254600525, 1.8109445571899414, -0.0025667615700513124, 1.660869836807251, 1.3645132780075073, 1.1238858699798584, 0.0733037143945694, 2.2115795612335205, 0.8254423141479492, 0.9221899509429932, 1.0943187475204468, 0.6438079476356506, 0.9865613579750061, 1.1751130819320679, 1.2354897260665894, 2.1622207164764404, 1.6577520370483398, 1.6691555976867676, 2.659695863723755, 0.2916909456253052, 1.2508543729782104, 1.3309510946273804, 1.4377208948135376, 0.5305381417274475, 1.211510181427002, 1.3846025466918945, -0.0990653932094574, 0.1531888246536255, 1.1578521728515625, 0.4857576787471771, 0.4143993854522705, 0.6753400564193726, 1.7608386278152466, 1.054093360900879, 2.732264995574951, 0.9512488842010498, 2.6420137882232666, 1.3807373046875, 0.03590383753180504, 0.9841822385787964, 1.438683271408081, 2.184770345687866, 1.4257581233978271, 0.5839642286300659, 0.5624738931655884, -0.016803907230496407, 1.761070966720581, 0.9643113613128662, 0.707888662815094, 1.8586959838867188, 0.07251378148794174, 0.5375891923904419]"
catharsis,"[18, 2, 8, 9, 2, 11, 7, 6, 7]",34,"[0.5471836924552917, 3.0494916439056396, 0.8020436763763428, -0.002334821969270706, 0.6280588507652283, 2.2989726066589355, 1.42674720287323, 1.3667389154434204, 0.7924904227256775, 0.7076212167739868, 0.02513507381081581, 0.661001443862915, 1.0609726905822754, 1.3876169919967651, -0.010346407070755959, 1.4105726480484009, 1.6864521503448486, 1.0814813375473022, 0.07939402759075165, 2.389709234237671, 1.074731707572937, 0.5767754912376404, 0.6254737377166748, 0.42669185996055603, 1.0270761251449585, 1.7154438495635986, 1.6677939891815186, 1.7580327987670898, 1.5926051139831543, 1.951871395111084, 1.9871500730514526, 1.0488035678863525, 1.8334107398986816, 1.2623711824417114, 1.367752194404602, 0.20587828755378723, 0.9980046153068542, 0.8650140762329102, 0.036016494035720825, 0.12380903959274292, 0.632504940032959, 0.6560878753662109, 0.2566399574279785, 1.0246515274047852, 1.914415955543518, 0.787174642086029, 3.071753740310669, 1.674012303352356, 2.8214001655578613, 1.8702278137207031, 0.03533504530787468, 0.4998432397842407, 1.2682158946990967, 1.710309386253357, 1.9212749004364014, 0.22406430542469025, 0.7882035374641418, 0.03289826586842537, 1.4962246417999268, 0.2635273039340973, 0.21259477734565735, 1.248589277267456, -0.019336218014359474, 0.11921598017215729]"
didactic,"[20, 6, 20, 2, 18, 8, 6, 18]",34,"[0.050136715173721313, 2.2647032737731934, 1.273249626159668, 0.10426449775695801, 0.20697885751724243, 1.2674458026885986, 0.7747355103492737, 0.6881337761878967, 1.640938401222229, 0.8801879286766052, 0.0653534010052681, 0.9636257886886597, 0.7579364776611328, 0.4797222912311554, -0.0013385778293013573, 2.3326404094696045, 1.6111562252044678, 0.42560818791389465, 0.06788700819015503, 1.2775471210479736, 1.841322422027588, 0.9673902988433838, 0.21278178691864014, 0.24438230693340302, 0.5111008286476135, 1.7908599376678467, 1.0008975267410278, 0.8310482501983643, 0.5708935260772705, 1.1592683792114258, 0.9349592924118042, 1.6096892356872559, 2.0020313262939453, 0.6072455048561096, 0.5160238146781921, 0.09174320101737976, 1.5884889364242554, 0.3318418264389038, 0.22438305616378784, 0.4170483350753784, 1.709370493888855, 0.5984285473823547, 0.43782708048820496, 0.6559985876083374, 1.132865309715271, 0.267903596162796, 2.276374340057373, 1.4518121480941772, 1.8408387899398804, 1.415349006652832, 0.09005490690469742, 0.5504947304725647, 0.9719940423965454, 0.7998689413070679, 1.400277018547058, 0.12316735088825226, 0.4891290068626404, -0.0134817436337471, 0.6546076536178589, 0.437682181596756, 0.41476505994796753, 0.8452022671699524, 0.03385334461927414, 0.05834062024950981]"
epistolary,"[4, 3, 6, 7, 8, 12, 14, 2, 11, 21]",34,"[0.895858645439148, 1.4450929164886475, 1.9172039031982422, 0.24600256979465485, 0.6910071969032288, 0.9705110192298889, 0.3702857196331024, 0.47020047903060913, 2.379084587097168, 0.0930931568145752, 0.005033336579799652, 1.9869201183319092, 1.3231486082077026, 0.5220500230789185, 0.001206190325319767, 3.942721128463745, 0.4524466395378113, 0.1494048684835434, -0.0064004044979810715, 1.0591926574707031, 2.793656826019287, 2.1284637451171875, 0.6851810216903687, 1.2440299987792969, 1.0526186227798462, 0.35953637957572937, 0.8331571817398071, 1.0468244552612305, 0.7831916809082031, 1.14240300655365, 1.1269623041152954, 0.20354503393173218, 0.4538339674472809, 0.2520764470100403, 0.7712746858596802, 0.18802359700202942, 2.990936040878296, 1.3653123378753662, 0.18733811378479004, 0.3791465759277344, 2.8352205753326416, 0.025238513946533203, 1.087810754776001, 0.6567858457565308, 0.9047407507896423, 0.26213449239730835, 1.6734646558761597, 0.6214659810066223, 1.6942452192306519, 0.7556358575820923, 0.11467713117599487, 0.41839712858200073, 0.4669484496116638, 1.4812655448913574, 0.5239071249961853, 0.9970912337303162, 0.008631380274891853, -0.013205524533987045, 1.1675922870635986, 1.3463256359100342, 0.8101027011871338, 1.0992342233657837, 0.11213906109333038, 0.6300878524780273]"
juxtaposition,"[23, 13, 27, 8, 2, 3, 12, 7, 6, 8, 6, 12, 5]",34,"[0.35146886110305786, 2.6434075832366943, 1.2212904691696167, 0.19779296219348907, 0.9520756006240845, 1.4707019329071045, 0.7343447208404541, 1.2491623163223267, 1.5789541006088257, 0.5500059127807617, 0.023184416815638542, 1.3741722106933594, 0.8782486915588379, 0.9644874930381775, -0.001928059384226799, 2.9842333793640137, 1.8409948348999023, 0.6684565544128418, 0.04605277627706528, 1.2562785148620605, 1.7644850015640259, 1.468840479850769, 0.672308087348938, 0.3178333640098572, 0.3642112910747528, 1.6829577684402466, 0.7117738723754883, 1.5163105726242065, 0.6683599948883057, 1.0275866985321045, 1.8731067180633545, 1.0233875513076782, 1.7845567464828491, 0.7078753113746643, 0.5685821175575256, 0.14885668456554413, 2.1758809089660645, 1.0191164016723633, 0.015693411231040955, 0.4810117185115814, 2.2697370052337646, 0.6774473786354065, 0.4833669066429138, 0.3688632547855377, 1.1590087413787842, 0.613339900970459, 2.577265501022339, 0.8264700770378113, 2.2338178157806396, 1.266826868057251, 0.06314501166343689, 1.3230915069580078, 1.502686858177185, 1.400232195854187, 0.9489941596984863, 0.2690439820289612, 0.5769001245498657, -0.00149507075548172, 1.1678295135498047, 1.2185544967651367, 1.0962419509887695, 1.7924246788024902, 0.0912880152463913, 0.2953614890575409]"
monologue,"[19, 12, 5, 12, 14, 12, 17, 13, 4]",34,"[0.6192578077316284, 2.0668530464172363, 0.7079604864120483, 0.12730436027050018, 0.8468122482299805, 1.4300955533981323, 0.8736242055892944, 0.9971104860305786, 0.7714677453041077, 0.23524555563926697, -0.013141672126948833, 0.9761606454849243, 0.908501386642456, 1.052364706993103, -0.004276065155863762, 1.8622462749481201, 1.0855247974395752, 0.598465085029602, 0.0705273300409317, 1.4423054456710815, 0.9740444421768188, 0.9855914115905762, 0.630245566368103, 0.5060211420059204, 0.7309719920158386, 0.9770745038986206, 0.8839340806007385, 1.4637341499328613, 1.0204224586486816, 1.1385067701339722, 1.7334222793579102, 0.4825150668621063, 1.0807615518569946, 0.7831771373748779, 0.8263952136039734, 0.34879225492477417, 1.417932152748108, 1.0997234582901, 0.011360511183738708, 0.280097633600235, 1.343005895614624, 0.3249554932117462, 0.4222322106361389, 0.4587101936340332, 1.2252005338668823, 0.5069003105163574, 2.0548577308654785, 0.7873510122299194, 2.004120111465454, 0.9648934006690979, 0.02044929377734661, 0.7759314179420471, 1.0443181991577148, 1.5938491821289062, 1.0196532011032104, 0.5201181769371033, 0.3041737973690033, -0.009514851495623589, 1.24466872215271, 1.006961703300476, 0.7284584045410156, 1.4312819242477417, 0.04752344638109207, 0.4216543138027191]"
soliloquy,"[7, 12, 14, 6, 14, 12, 24, 13, 21]",34,"[0.40241703391075134, 1.0346916913986206, 2.121365547180176, 0.40336307883262634, 0.6337988376617432, 0.2210182249546051, 0.01655276119709015, 0.25426048040390015, 2.9931576251983643, 0.20907974243164062, 0.009707716293632984, 2.1172001361846924, 0.9289350509643555, 0.10070367157459259, -0.005912484601140022, 4.665389060974121, 0.5012857913970947, -0.0626440942287445, -0.01969316229224205, 0.22806528210639954, 3.2669780254364014, 2.551624059677124, 0.5361295342445374, 1.006890892982483, 0.48934686183929443, 0.44802382588386536, 0.16755425930023193, 0.4689651429653168, 0.06177019327878952, 0.39502477645874023, 0.5421157479286194, 0.48062214255332947, 0.530281662940979, -0.06308742612600327, 0.0968434140086174, 0.08159102499485016, 3.7558350563049316, 0.9588103294372559, 0.44543325901031494, 0.7193951606750488, 3.8403589725494385, 0.02105933055281639, 1.3167295455932617, 0.11791985481977463, 0.2939160168170929, 0.04207247495651245, 0.9742861390113831, 0.18892377614974976, 0.9537606239318848, 0.33777737617492676, 0.12184461951255798, 0.7406722903251648, 0.40857699513435364, 0.7014229893684387, 0.08240900933742523, 0.8731486201286316, -0.04081297293305397, -0.00829189084470272, 0.5611321926116943, 1.7945401668548584, 1.3580306768417358, 0.8674643635749817, 0.17859964072704315, 0.6935971975326538]"
tragic flaw,"[8, 11, 2, 17, 6, 18, 31, 22, 14, 2, 26]",34,"[0.8954129815101624, 1.3465317487716675, 0.6850891709327698, 0.08326701819896698, 0.6226527690887451, 1.8595378398895264, 1.1243817806243896, 0.5052980780601501, 0.9801281690597534, 0.4801109731197357, 0.016765227541327477, 0.38386014103889465, 0.6670070290565491, 1.135179877281189, -0.0053544905968010426, 1.2169986963272095, 0.5453959107398987, 0.8897221088409424, 0.03636748343706131, 1.9537156820297241, 1.0783276557922363, 0.5278337001800537, 0.8029984831809998, 1.183247685432434, 1.5120214223861694, 0.5679224133491516, 1.4239799976348877, 1.0871953964233398, 1.678065538406372, 1.5909087657928467, 1.0656455755233765, 0.6604601144790649, 0.72906494140625, 1.1883134841918945, 1.5275139808654785, 1.0989221334457397, 0.7769562005996704, 0.6609804630279541, 0.06155809015035629, 0.09860236942768097, 0.691344141960144, 0.25191497802734375, 0.9258498549461365, 0.9662187099456787, 1.321266770362854, 0.523816704750061, 1.3617817163467407, 1.3398735523223877, 1.406994104385376, 0.993125855922699, 0.06547999382019043, -0.13517019152641296, 0.1642879694700241, 1.0998848676681519, 1.9212807416915894, 0.9173725247383118, 0.33542323112487793, 0.01691507175564766, 1.0705310106277466, 0.2843702435493469, -0.033126190304756165, 0.25783324241638184, 0.006689894944429398, 0.7390164136886597]"
attribution,"[2, 8, 8, 11, 6, 10, 13, 8, 6, 12, 5]",34,"[0.3760426342487335, 3.2884936332702637, 0.31248709559440613, 0.0863553136587143, 1.005799412727356, 2.069371461868286, 1.3152105808258057, 1.7009387016296387, 0.3397495746612549, 0.5289115309715271, 0.005923780612647533, 0.6010582447052002, 0.7779139280319214, 1.6479710340499878, -0.003618873655796051, 1.0859571695327759, 2.012296438217163, 1.090127944946289, 0.1323702335357666, 2.0602657794952393, 0.4142667055130005, 0.5072627067565918, 0.7355847358703613, 0.0035685747861862183, 0.4533173739910126, 1.9149036407470703, 1.1284223794937134, 2.0445215702056885, 1.311259150505066, 1.4875067472457886, 2.5197200775146484, 0.9928175210952759, 1.9905805587768555, 1.2793047428131104, 1.0569275617599487, 0.13517160713672638, 0.7014173269271851, 0.9286156296730042, -0.03252027928829193, 0.2031455636024475, 0.8287041187286377, 0.8200640082359314, -0.03947697579860687, 0.5268167853355408, 1.7988783121109009, 0.9765145182609558, 3.114292621612549, 1.271356225013733, 2.693467855453491, 1.6580947637557983, 0.0026689432561397552, 1.2146902084350586, 1.8332195281982422, 1.871145248413086, 1.5392091274261475, 0.023214876651763916, 0.8578596711158752, -0.018660079687833786, 1.430672526359558, 0.6503010988235474, 0.6235080361366272, 1.9803047180175781, 0.030666299164295197, 0.12792178988456726]"
benchmark,"[10, 4, 5, 18, 9, 19, 2, 11, 16]",34,"[0.4929977357387543, 2.4045724868774414, 1.3920174837112427, 0.24751617014408112, 0.8806084990501404, 1.359522819519043, 0.6764799356460571, 1.0885717868804932, 1.848190188407898, 0.46914932131767273, 0.03139577805995941, 1.5512181520462036, 0.966036319732666, 0.9261507987976074, -0.000870200339704752, 3.295745849609375, 1.5005229711532593, 0.5496622920036316, 0.03211032226681709, 1.233260989189148, 2.1817312240600586, 1.638522744178772, 0.7239543795585632, 0.507125973701477, 0.5092624425888062, 1.4444984197616577, 0.7519177794456482, 1.435115098953247, 0.6561539173126221, 1.0789154767990112, 1.736092209815979, 0.8802700042724609, 1.6067349910736084, 0.6693233847618103, 0.6570777893066406, 0.15875343978405, 2.367388963699341, 1.0377240180969238, 0.08726067841053009, 0.42396092414855957, 2.467466115951538, 0.5187457799911499, 0.6327158212661743, 0.46811726689338684, 1.1081514358520508, 0.6110540628433228, 2.3985555171966553, 0.822603702545166, 2.098902463912964, 1.196195363998413, 0.0984686017036438, 1.0733634233474731, 1.2668169736862183, 1.4687880277633667, 0.8788129687309265, 0.4216300845146179, 0.48684993386268616, 0.01527116447687149, 1.1594067811965942, 1.1970747709274292, 1.002862811088562, 1.5966633558273315, 0.1044331043958664, 0.4306367039680481]"
consequence,"[18, 12, 5, 7, 4, 24, 13, 4, 5, 18, 4]",34,"[0.09868372976779938, 2.3869104385375977, 0.892166018486023, 0.055301111191511154, 0.3476288616657257, 1.390292763710022, 0.8597531318664551, 0.7458146810531616, 1.026008129119873, 0.8264634609222412, 0.058786164969205856, 0.7697830200195312, 0.7615222930908203, 0.6733201146125793, -0.012481233105063438, 1.802327036857605, 1.5817815065383911, 0.5268480181694031, 0.07235237956047058, 1.4277138710021973, 1.256493330001831, 0.7135545015335083, 0.2476651519536972, 0.16598071157932281, 0.5084156394004822, 1.6781675815582275, 1.0333772897720337, 1.0993170738220215, 0.8114566802978516, 1.2100034952163696, 1.235079288482666, 1.4379786252975464, 1.878736972808838, 0.6677366495132446, 0.653689980506897, 0.14917314052581787, 1.1850831508636475, 0.5009483098983765, 0.10131219774484634, 0.36185723543167114, 1.2117377519607544, 0.5393109917640686, 0.20723502337932587, 0.6008533239364624, 1.218511939048767, 0.3698953688144684, 2.271904230117798, 1.3290760517120361, 1.930337905883789, 1.3312908411026, 0.03472370281815529, 0.622538149356842, 1.0774489641189575, 0.9989941120147705, 1.358614444732666, 0.07535099983215332, 0.4753846526145935, 0.020029239356517792, 0.8397918343544006, 0.377162367105484, 0.5541269183158875, 1.063999891281128, 0.012289907783269882, 0.12324590981006622]"
elucidate,"[4, 14, 13, 18, 6, 20, 2, 8, 4]",34,"[0.09938855469226837, 2.786153554916382, 0.7043619155883789, 0.04364548251032829, 0.47802039980888367, 1.6966074705123901, 1.0587972402572632, 1.0930910110473633, 0.8015007972717285, 0.874632716178894, 0.049014605581760406, 0.5525588393211365, 0.6927449107170105, 1.0067533254623413, -0.009107264690101147, 1.413322925567627, 1.959682583808899, 0.8260284662246704, 0.10344183444976807, 1.6459141969680786, 0.899674654006958, 0.5241361856460571, 0.39368996024131775, 0.07344348728656769, 0.4806939363479614, 1.954352617263794, 1.0652941465377808, 1.3859692811965942, 0.9549360275268555, 1.3139803409576416, 1.580518126487732, 1.5867615938186646, 2.1715588569641113, 0.9314029216766357, 0.7797211408615112, 0.16781607270240784, 0.8996399641036987, 0.48217910528182983, 0.06253660470247269, 0.29837045073509216, 0.9685925245285034, 0.7813621759414673, 0.14906376600265503, 0.6218340396881104, 1.4607840776443481, 0.5849395990371704, 2.6449856758117676, 1.446595549583435, 2.180415153503418, 1.5805116891860962, 0.027367429807782173, 0.8136138916015625, 1.3669674396514893, 1.1434956789016724, 1.6186892986297607, 0.01310645043849945, 0.7378371953964233, -0.012169396504759789, 0.9529454112052917, 0.34576138854026794, 0.4411501884460449, 1.294326663017273, 0.016670193523168564, 0.02360197901725769]"
explicate,"[4, 27, 3, 14, 6, 18, 2, 8, 4]",34,"[0.4475504755973816, 3.2403252124786377, 0.5613386631011963, 0.010439988225698471, 0.7790482640266418, 2.143895149230957, 1.2372623682022095, 1.4671244621276855, 0.48016613721847534, 0.6254640221595764, 0.025147749111056328, 0.6930198669433594, 1.0597190856933594, 1.4356880187988281, 4.450371488928795e-05, 1.234931468963623, 1.8582473993301392, 1.0624102354049683, 0.11654618382453918, 2.1149508953094482, 0.6782564520835876, 0.5873275995254517, 0.6354259252548218, 0.21512190997600555, 0.6973935961723328, 1.8543237447738647, 1.3318767547607422, 2.0133848190307617, 1.439117431640625, 1.6853348016738892, 2.2986972332000732, 1.0857746601104736, 1.941077470779419, 1.1714938879013062, 1.1990954875946045, 0.13726553320884705, 0.9033396244049072, 1.0330692529678345, 0.012543812394142151, 0.18858787417411804, 0.7981040477752686, 0.7036453485488892, 0.08838561177253723, 0.7412731647491455, 1.8154958486557007, 0.853565514087677, 3.059170722961426, 1.3987120389938354, 2.7681329250335693, 1.6992239952087402, 0.008660895749926567, 0.9308179020881653, 1.6506890058517456, 1.9108009338378906, 1.5782719850540161, 0.1301482617855072, 0.7448141574859619, 0.0004707165062427521, 1.5280035734176636, 0.527025043964386, 0.5119786858558655, 1.7789497375488281, 0.01848141849040985, 0.12784811854362488]"
extrapolate,"[4, 27, 8, 11, 2, 3, 12, 14, 2, 8, 4]",34,"[0.7162330746650696, 2.3261537551879883, 0.7281993627548218, 0.08131243288516998, 0.8868361711502075, 1.7145262956619263, 0.9287583827972412, 1.1126658916473389, 0.7703814506530762, 0.24999958276748657, -0.0021361566614359617, 0.9214657545089722, 1.026584506034851, 1.259483814239502, -0.0036811630707234144, 1.6924622058868408, 1.174004077911377, 0.7772907018661499, 0.06448318064212799, 1.7098761796951294, 0.9935023784637451, 0.9015581607818604, 0.7160179615020752, 0.6113228797912598, 0.8560463190078735, 1.077559232711792, 1.0496835708618164, 1.696942687034607, 1.2455580234527588, 1.3955763578414917, 1.891502022743225, 0.41631239652633667, 1.1571935415267944, 0.8962756395339966, 1.0515990257263184, 0.3814771771430969, 1.2421586513519287, 1.1831285953521729, 0.02364097535610199, 0.1823296844959259, 1.155461311340332, 0.3821360170841217, 0.4653572142124176, 0.6056962013244629, 1.4016563892364502, 0.7043630480766296, 2.319861888885498, 0.9239597916603088, 2.2509796619415283, 1.1568050384521484, 0.02438671700656414, 0.7343050837516785, 1.1131889820098877, 1.7480989694595337, 1.1555254459381104, 0.47410547733306885, 0.4234224855899811, -0.019519895315170288, 1.4096962213516235, 0.8060265779495239, 0.5897234678268433, 1.4813084602355957, 0.02602129429578781, 0.33110183477401733]"
gauge,"[17, 2, 13, 17, 4]",34,"[0.6873500347137451, 1.5680427551269531, 0.44837528467178345, 0.02698064222931862, 0.5679082870483398, 1.4816653728485107, 0.8762935400009155, 0.704230785369873, 0.4094069004058838, 0.21917259693145752, -0.012507774867117405, 0.44349783658981323, 0.8321857452392578, 1.0182561874389648, -0.006006929557770491, 0.8407031297683716, 0.6031150817871094, 0.6853517293930054, 0.05568302422761917, 1.585002064704895, 0.5520284175872803, 0.43897244334220886, 0.5553441047668457, 0.6809367537498474, 0.9596211314201355, 0.5931495428085327, 1.0982379913330078, 1.2481061220169067, 1.2904632091522217, 1.2623957395553589, 1.3299095630645752, 0.33709269762039185, 0.6903127431869507, 0.818591296672821, 1.073215126991272, 0.44249585270881653, 0.6097544431686401, 0.8807379007339478, 0.05304662138223648, 0.10768473148345947, 0.4978247284889221, 0.19044458866119385, 0.4509580731391907, 0.6953330039978027, 1.1847031116485596, 0.43672874569892883, 1.5968471765518188, 0.8981100916862488, 1.6377393007278442, 0.9500862956047058, 0.02334725111722946, 0.20372557640075684, 0.5693936944007874, 1.3875223398208618, 1.1616133451461792, 0.5861849188804626, 0.24593690037727356, 0.004263602197170258, 1.1035499572753906, 0.4320799708366394, 0.21510764956474304, 0.7761648893356323, 0.006977386772632599, 0.33575743436813354]"
qualify,"[24, 13, 2, 14, 6, 22, 21]",34,"[0.4281928837299347, 1.2602421045303345, 1.5339471101760864, 0.23728682100772858, 0.2997516095638275, 0.8638538122177124, 0.4957396686077118, 0.3402997553348541, 2.146674394607544, 0.39027470350265503, 0.026247376576066017, 1.3200631141662598, 0.8278915882110596, 0.3613471984863281, 0.0006856205873191357, 2.9632318019866943, 0.5581831336021423, 0.25556492805480957, 0.009437181055545807, 0.9656210541725159, 2.424093008041382, 1.508812665939331, 0.42659446597099304, 0.8408457040786743, 0.8094136714935303, 0.7214668989181519, 0.7650554776191711, 0.5909967422485352, 0.5743370056152344, 0.9131938815116882, 0.5157053470611572, 0.7459638118743896, 0.8323460817337036, 0.37760812044143677, 0.5510873794555664, 0.2153816521167755, 2.3012707233428955, 0.5583017468452454, 0.3437801003456116, 0.468977153301239, 2.327946662902832, 0.1435888260602951, 0.9624825119972229, 0.5528922080993652, 0.7556638121604919, 0.18371301889419556, 1.305763840675354, 0.8863663673400879, 1.2280023097991943, 0.8120966553688049, 0.14436250925064087, 0.2605837881565094, 0.3457105755805969, 0.738353431224823, 0.8820501565933228, 0.6784689426422119, 0.14792054891586304, -0.013279575854539871, 0.6375312209129333, 0.7941811680793762, 0.5195931196212769, 0.4168306887149811, 0.08793115615844727, 0.4672704339027405]"
rebut,"[11, 4, 10, 13, 8]",34,"[0.3218652009963989, 1.9011054039001465, 1.2271549701690674, 0.10927361249923706, 0.46389394998550415, 0.9335014820098877, 0.5001333951950073, 0.6449537873268127, 1.3460558652877808, 0.37690019607543945, 0.02092653512954712, 1.310572862625122, 1.0012770891189575, 0.459684282541275, -0.006944307126104832, 2.5867104530334473, 1.1198229789733887, 0.19995707273483276, 0.03854730725288391, 0.9654837250709534, 1.685589075088501, 1.2666404247283936, 0.31909632682800293, 0.3982403874397278, 0.4546533226966858, 1.1040183305740356, 0.721196711063385, 0.9921621084213257, 0.46577736735343933, 0.9131758213043213, 1.1216239929199219, 0.791772723197937, 1.2565758228302002, 0.2993161678314209, 0.3972296714782715, 0.009474314749240875, 1.9377107620239258, 0.9010130167007446, 0.13373300433158875, 0.37746813893318176, 1.7690173387527466, 0.2924953103065491, 0.4207897484302521, 0.4332331120967865, 0.8902302980422974, 0.17529769241809845, 1.9473956823349, 0.8102101683616638, 1.810100793838501, 0.9653813242912292, 0.03870810568332672, 0.6847836971282959, 0.9013808369636536, 1.1785517930984497, 0.6792064309120178, 0.3096846044063568, 0.2335779219865799, -0.0027135126292705536, 0.9081096649169922, 0.9143359661102295, 0.7933483123779297, 1.1948127746582031, 0.027164317667484283, 0.17131952941417694]"
reconcile,"[11, 4, 18, 12, 5, 18, 6, 14, 4]",34,"[0.4513554275035858, 1.9707608222961426, 1.2718437910079956, 0.14031130075454712, 0.44423311948776245, 1.2881779670715332, 0.7984207272529602, 0.6295663118362427, 1.5739079713821411, 0.499281644821167, 0.032133106142282486, 1.179511308670044, 0.9051917791366577, 0.6794057488441467, -0.008093005046248436, 2.511065721511841, 1.0286591053009033, 0.38249024748802185, 0.047969941049814224, 1.41913640499115, 1.8450919389724731, 1.2078592777252197, 0.45251932740211487, 0.6240811347961426, 0.8665590882301331, 1.1519298553466797, 1.0646299123764038, 0.9845099449157715, 0.9018157720565796, 1.3031526803970337, 1.0789390802383423, 0.9259335994720459, 1.265692114830017, 0.6306368112564087, 0.759354293346405, 0.26721492409706116, 1.8361209630966187, 0.7094441652297974, 0.15214331448078156, 0.33787304162979126, 1.7427979707717896, 0.30410173535346985, 0.6234331130981445, 0.6689901351928711, 1.1875118017196655, 0.33659493923187256, 2.0242536067962646, 1.263476014137268, 1.8877776861190796, 1.142293095588684, 0.0681329220533371, 0.4345364570617676, 0.7360361218452454, 1.0994563102722168, 1.2977843284606934, 0.4677721858024597, 0.2659633159637451, -0.014636123552918434, 0.922718346118927, 0.6952705979347229, 0.5070454478263855, 0.8959222435951233, 0.03813261538743973, 0.3614386320114136]"
arbitrary,"[2, 11, 10, 6, 8, 11, 2, 11, 21]",34,"[0.25914931297302246, 3.096898078918457, 0.3580693304538727, 0.04060617461800575, 0.6479130983352661, 2.163630962371826, 1.5715434551239014, 1.563556432723999, 0.39680910110473633, 0.7662572860717773, 0.028575563803315163, 0.3609768748283386, 0.6327159404754639, 1.4780335426330566, -0.012719482183456421, 0.7541637420654297, 1.9406615495681763, 1.2406527996063232, 0.12446935474872589, 2.2136070728302, 0.5060864686965942, 0.28797268867492676, 0.6364907622337341, 0.015354722738265991, 0.6576141119003296, 1.9946213960647583, 1.438933253288269, 1.6988357305526733, 1.4544299840927124, 1.690771460533142, 2.0717194080352783, 1.2448067665100098, 2.157750368118286, 1.4498313665390015, 1.1718696355819702, 0.1383446604013443, 0.4729915261268616, 0.4458322525024414, 0.02746593952178955, 0.09781666100025177, 0.38365674018859863, 0.9181947708129883, 0.011642783880233765, 0.8191486597061157, 1.9636110067367554, 0.9739991426467896, 2.963256597518921, 1.72561776638031, 2.5827345848083496, 1.904803991317749, 0.02997877262532711, 0.7355470061302185, 1.5764132738113403, 1.3978511095046997, 2.0091805458068848, -0.00916406512260437, 0.9983435273170471, -0.008820360526442528, 1.2115042209625244, 0.1493261754512787, 0.21633219718933105, 1.2717506885528564, -0.005332726985216141, 0.03788874298334122]"
cogent,"[18, 12, 17, 4, 5, 8]",34,"[0.47486186027526855, 1.561699390411377, 0.9729555249214172, 0.10975097119808197, 0.5929733514785767, 0.8904275298118591, 0.4290388822555542, 0.5733931064605713, 1.194719910621643, 0.19817963242530823, -0.004909488372504711, 1.199295997619629, 0.9337936639785767, 0.5559073686599731, -0.0022906912490725517, 2.382395029067993, 0.7827014923095703, 0.2634298503398895, 0.027950137853622437, 0.8980984091758728, 1.4603471755981445, 1.3064769506454468, 0.4157898426055908, 0.6094356179237366, 0.5644404888153076, 0.7021656036376953, 0.5924043655395508, 1.0226898193359375, 0.5419554710388184, 0.8236944675445557, 1.1477211713790894, 0.42498791217803955, 0.7951346635818481, 0.3539232909679413, 0.4670116901397705, 0.19709843397140503, 1.8490221500396729, 1.0192594528198242, 0.16028359532356262, 0.3407841920852661, 1.768281102180481, 0.15062135457992554, 0.5890886783599854, 0.2938498854637146, 0.7662925720214844, 0.2685691714286804, 1.5415605306625366, 0.5227562189102173, 1.4888874292373657, 0.6659620404243469, 0.05278030037879944, 0.6308773159980774, 0.7341020107269287, 1.212839126586914, 0.5253368020057678, 0.5206984877586365, 0.11381347477436066, -0.0006971545517444611, 0.925676703453064, 1.069267749786377, 0.8578927516937256, 1.129065752029419, 0.05459872633218765, 0.38990992307662964]"
cosmopolitan,"[18, 12, 7, 19, 12, 3, 12, 14, 6, 8, 2, 5]",34,"[0.3592812716960907, 2.5710906982421875, 0.9600540995597839, 0.14637473225593567, 0.8767287135124207, 1.386833906173706, 0.7266482710838318, 1.1475800275802612, 1.1796854734420776, 0.48670437932014465, 0.023004263639450073, 1.2368830442428589, 0.9510356187820435, 0.9331820011138916, -0.003027377650141716, 2.565377950668335, 1.6283965110778809, 0.5950429439544678, 0.05454196035861969, 1.2783123254776, 1.4121179580688477, 1.281365156173706, 0.5953412652015686, 0.2651396691799164, 0.3722432553768158, 1.5373417139053345, 0.7529658079147339, 1.5258214473724365, 0.7376216650009155, 1.082294225692749, 1.8561455011367798, 0.9339581727981567, 1.667950987815857, 0.6515228748321533, 0.604669988155365, 0.11259401589632034, 1.90467369556427, 1.0645065307617188, 0.0007928758859634399, 0.365540474653244, 1.8732584714889526, 0.5725321769714355, 0.29590529203414917, 0.39286866784095764, 1.176775574684143, 0.5617437958717346, 2.459752321243286, 0.837273895740509, 2.154991865158081, 1.1709282398223877, 0.038830067962408066, 1.1806460618972778, 1.4715279340744019, 1.5276877880096436, 0.8409395217895508, 0.2243661880493164, 0.5046730041503906, 0.016047004610300064, 1.2158492803573608, 1.0737239122390747, 1.0734667778015137, 1.7528276443481445, 0.06034989655017853, 0.297002911567688]"
denounce,"[20, 4, 5, 12, 13, 5, 18, 4]",34,"[0.411558598279953, 1.8585985898971558, 0.7151451110839844, 0.08137895166873932, 0.5081806182861328, 1.2689791917800903, 0.7589799165725708, 0.7087171077728271, 0.8007346391677856, 0.41251346468925476, 0.016063885763287544, 0.7045508623123169, 0.7870954275131226, 0.8248277902603149, -0.008634381927549839, 1.5334300994873047, 1.0285025835037231, 0.505061686038971, 0.0594840943813324, 1.3619294166564941, 1.0219039916992188, 0.7263566255569458, 0.43898043036460876, 0.4319608509540558, 0.6868591904640198, 1.018277645111084, 0.9146339893341064, 1.1283754110336304, 0.908238410949707, 1.1051260232925415, 1.2104703187942505, 0.8013483285903931, 1.1722257137298584, 0.6523644328117371, 0.764434278011322, 0.29454946517944336, 1.0940557718276978, 0.7246435284614563, 0.07835154235363007, 0.2688605487346649, 1.0600433349609375, 0.31582239270210266, 0.38909196853637695, 0.5422521829605103, 1.0988123416900635, 0.3913934826850891, 1.814450979232788, 0.9488083124160767, 1.679607629776001, 1.0205382108688354, 0.02977561019361019, 0.4754280149936676, 0.8020553588867188, 1.2060171365737915, 1.118807315826416, 0.3731541633605957, 0.2873097360134125, -0.0019212998449802399, 0.9430825710296631, 0.5704571008682251, 0.4443191885948181, 0.9875903725624084, 0.025566935539245605, 0.30522772669792175]"
disseminate,"[20, 6, 7, 7, 4, 19, 6, 5, 2, 8, 4]",34,"[0.6261155605316162, 3.0608747005462646, 0.6212780475616455, 0.04082704707980156, 0.793626070022583, 2.19644832611084, 1.3232557773590088, 1.3789995908737183, 0.581378161907196, 0.49784427881240845, 0.0033270337153226137, 0.788381814956665, 1.1448886394500732, 1.4768671989440918, -0.006216119043529034, 1.329736590385437, 1.583339810371399, 0.9758540391921997, 0.10444535315036774, 2.214369297027588, 0.768435001373291, 0.6567403078079224, 0.6609219312667847, 0.38119715452194214, 0.909336268901825, 1.5375791788101196, 1.453574776649475, 1.9600268602371216, 1.5457898378372192, 1.7747708559036255, 2.281719923019409, 0.8223063945770264, 1.6372222900390625, 1.232869267463684, 1.3106279373168945, 0.19287562370300293, 0.9907035231590271, 1.12906014919281, -0.004353746771812439, 0.18006089329719543, 0.8193455934524536, 0.5644485354423523, 0.17350460588932037, 0.8451170921325684, 1.8398377895355225, 0.7906658053398132, 3.00270938873291, 1.4262560606002808, 2.7790298461914062, 1.6317503452301025, 0.020641552284359932, 0.7275100350379944, 1.450294852256775, 2.010277509689331, 1.6656465530395508, 0.22931316494941711, 0.6377894878387451, -0.008426118642091751, 1.5667906999588013, 0.546001136302948, 0.4512191414833069, 1.678863525390625, 0.022630035877227783, 0.18682299554347992]"
dogmatic,"[20, 12, 17, 19, 2, 8, 6, 18]",34,"[0.30954909324645996, 2.564868927001953, 0.7292685508728027, 0.12231133878231049, 0.8449894189834595, 1.5489521026611328, 0.9037129282951355, 1.2604488134384155, 0.919540286064148, 0.566872775554657, 0.01874450221657753, 0.8988934755325317, 0.6613145470619202, 1.11994469165802, 0.003178493119776249, 1.850122094154358, 1.7660590410232544, 0.8121237754821777, 0.06438475102186203, 1.4360660314559937, 1.0927492380142212, 0.887511134147644, 0.6529501676559448, 0.168287992477417, 0.34004083275794983, 1.6541545391082764, 0.7874298691749573, 1.4876946210861206, 0.7908260822296143, 1.0714964866638184, 1.8650933504104614, 1.0217918157577515, 1.7900065183639526, 0.9174829721450806, 0.7377809882164001, 0.2284896969795227, 1.263001561164856, 0.7406905889511108, 0.00457368791103363, 0.3214910626411438, 1.4625593423843384, 0.7241670489311218, 0.26512736082077026, 0.40602365136146545, 1.2276809215545654, 0.7066131234169006, 2.4666872024536133, 0.9496920108795166, 2.059229612350464, 1.298869013786316, 0.05081050097942352, 1.112962245941162, 1.4403282403945923, 1.3206392526626587, 1.1215561628341675, 0.1271745264530182, 0.6661608219146729, 0.02428482472896576, 1.1105064153671265, 0.7887060642242432, 0.7554596066474915, 1.562593698501587, 0.05880383402109146, 0.24564343690872192]"
eloquent,"[4, 14, 12, 24, 13, 4, 5, 8]",34,"[0.5927277207374573, 1.718123197555542, 0.972829282283783, 0.1281513273715973, 0.8510405421257019, 0.9066593050956726, 0.3632117807865143, 0.7433456778526306, 1.1164498329162598, 0.08350806683301926, -0.01444461289793253, 1.4314985275268555, 1.0966626405715942, 0.6617408394813538, -0.008428781293332577, 2.679499387741089, 0.8572502136230469, 0.24411697685718536, 0.023950334638357162, 0.8645029664039612, 1.4507317543029785, 1.5006372928619385, 0.5076477527618408, 0.6210179328918457, 0.5080631971359253, 0.6272143125534058, 0.5122566819190979, 1.2917107343673706, 0.5454967021942139, 0.7708299160003662, 1.5196914672851562, 0.20725750923156738, 0.746503472328186, 0.3065153956413269, 0.46303892135620117, 0.17783617973327637, 2.1376895904541016, 1.3756357431411743, 0.062134675681591034, 0.35929059982299805, 1.956673264503479, 0.10296812653541565, 0.5551165342330933, 0.19627773761749268, 0.7375854253768921, 0.2941649556159973, 1.6702876091003418, 0.2575870156288147, 1.693177580833435, 0.5953797101974487, 0.039360154420137405, 0.9206735491752625, 0.9045616388320923, 1.54659104347229, 0.2898189127445221, 0.5886794328689575, 0.06201545521616936, 0.0037454962730407715, 1.1164606809616089, 1.4198408126831055, 1.1704572439193726, 1.513208031654358, 0.06667061895132065, 0.4264168441295624]"
endorse,"[4, 5, 20, 12, 11, 7, 4]",34,"[0.3496202528476715, 2.27071213722229, 1.0255210399627686, 0.06929078698158264, 0.464683473110199, 1.3139835596084595, 0.749324381351471, 0.788036584854126, 1.042380928993225, 0.49553605914115906, 0.023074086755514145, 1.0692437887191772, 1.034252643585205, 0.701429009437561, -0.0052352240309119225, 2.0347821712493896, 1.2761082649230957, 0.4051072299480438, 0.06851568818092346, 1.3707088232040405, 1.374309778213501, 0.9895327091217041, 0.29705509543418884, 0.34784501791000366, 0.6391164660453796, 1.2781541347503662, 0.9795275330543518, 1.1939793825149536, 0.8026589155197144, 1.2217912673950195, 1.3932477235794067, 0.902451753616333, 1.4455451965332031, 0.5694102048873901, 0.6575132608413696, 0.09217177331447601, 1.4871340990066528, 0.8954241871833801, 0.10639122128486633, 0.3216102123260498, 1.4044169187545776, 0.315322607755661, 0.3128764033317566, 0.5751307010650635, 1.1886165142059326, 0.2986094653606415, 2.2592079639434814, 1.0641653537750244, 2.092482566833496, 1.1880145072937012, 0.028507107868790627, 0.576045036315918, 0.9792967438697815, 1.37759530544281, 1.0557864904403687, 0.2505975067615509, 0.2748468816280365, 0.0033169128000736237, 1.059719204902649, 0.7156161069869995, 0.6070517301559448, 1.2690984010696411, 0.026805207133293152, 0.14459162950515747]"
innovative,"[6, 5, 5, 12, 28, 2, 8, 6, 28, 4]",34,"[0.6679652333259583, 3.124155282974243, 0.27415284514427185, 0.021167155355215073, 0.9557908177375793, 2.2243332862854004, 1.4311233758926392, 1.6287897825241089, 0.09431540966033936, 0.4016992151737213, -0.011518420651555061, 0.6010026931762695, 0.9722328186035156, 1.6983035802841187, 0.000836438499391079, 0.8319780826568604, 1.7242889404296875, 1.1301441192626953, 0.11205106973648071, 2.2865278720855713, 0.31276634335517883, 0.45142167806625366, 0.7822950482368469, 0.28858014941215515, 0.7943540811538696, 1.594117283821106, 1.3026113510131836, 2.092670440673828, 1.570896029472351, 1.680022120475769, 2.497588634490967, 0.7009333372116089, 1.6694303750991821, 1.3368146419525146, 1.2968469858169556, 0.30910030007362366, 0.6567732691764832, 1.117274522781372, -0.06084813177585602, 0.11734990775585175, 0.4490776062011719, 0.6806135177612305, 0.0805971771478653, 0.6790913343429565, 1.8651043176651, 0.9460397362709045, 3.0392189025878906, 1.2936261892318726, 2.7974650859832764, 1.5646705627441406, -0.01619749888777733, 0.9840380549430847, 1.6130772829055786, 2.0465824604034424, 1.6788016557693481, 0.2484077513217926, 0.7463784217834473, -0.013756142929196358, 1.6728413105010986, 0.6059566736221313, 0.4981173276901245, 1.8398433923721313, 0.01634998992085457, 0.2064422070980072]"
lucid,"[14, 13, 18, 6, 20]",34,"[-0.17461344599723816, 2.356436252593994, 1.0415211915969849, 0.022294793277978897, 0.020293354988098145, 1.3149677515029907, 0.8751200437545776, 0.6832680702209473, 1.3039613962173462, 1.068440318107605, 0.07517969608306885, 0.626010537147522, 0.6451398134231567, 0.4093002676963806, -0.002290113363415003, 1.6913576126098633, 1.774695634841919, 0.5220496654510498, 0.09601204097270966, 1.3048162460327148, 1.4489184617996216, 0.6064695119857788, 0.06523018330335617, 0.03724302351474762, 0.3870742917060852, 1.9776138067245483, 1.040898084640503, 0.7176505327224731, 0.5528819561004639, 1.1183809041976929, 0.812271237373352, 1.9274569749832153, 2.215883731842041, 0.6715470552444458, 0.4589911699295044, 0.04029322415590286, 1.1409380435943604, 0.11684989929199219, 0.23855963349342346, 0.42457258701324463, 1.299896478652954, 0.6986830234527588, 0.3075510561466217, 0.6666785478591919, 1.1959362030029297, 0.18014676868915558, 2.2788949012756348, 1.6012529134750366, 1.7611130475997925, 1.5152217149734497, 0.061967089772224426, 0.5060497522354126, 1.0029720067977905, 0.5984417796134949, 1.6169685125350952, -0.047595277428627014, 0.5621604919433594, 0.0008517429232597351, 0.5084024667739868, 0.2544497549533844, 0.2672208249568939, 0.7163184285163879, 0.014453418552875519, -0.10344881564378738]"
nuanced,"[5, 13, 2, 5, 18, 4, 20]",34,"[0.11153998970985413, 1.6880712509155273, 1.328155279159546, 0.2354859560728073, 0.3879126310348511, 0.7338430285453796, 0.3573862910270691, 0.4805793762207031, 1.8824769258499146, 0.5442270636558533, 0.031135451048612595, 1.3209599256515503, 0.743453860282898, 0.24973277747631073, -0.012647564522922039, 3.0356428623199463, 1.1844470500946045, 0.17842009663581848, 0.03913875296711922, 0.6711351275444031, 2.0368878841400146, 1.5079647302627563, 0.2571728527545929, 0.4164332449436188, 0.2801649570465088, 1.1667773723602295, 0.5325441956520081, 0.7119064331054688, 0.18216384947299957, 0.6214203834533691, 0.8014410138130188, 1.0745339393615723, 1.3800218105316162, 0.2601442039012909, 0.15565155446529388, -0.015613377094268799, 2.309797525405884, 0.6362267732620239, 0.2718750834465027, 0.5537334680557251, 2.408942222595215, 0.34203070402145386, 0.6848193407058716, 0.26286831498146057, 0.6441861987113953, 0.1205744743347168, 1.6064372062683105, 0.7328583002090454, 1.3539488315582275, 0.8086950778961182, 0.08422352373600006, 0.7005465030670166, 0.8183523416519165, 0.7415286302566528, 0.6701314449310303, 0.3805214464664459, 0.24703162908554077, 0.0001437366008758545, 0.555701732635498, 1.1154478788375854, 0.9830309748649597, 0.9507889747619629, 0.1082485169172287, 0.33956047892570496]"
obsolete,"[12, 10, 7, 12, 14, 4, 8, 4]",34,"[0.5109925866127014, 1.9743081331253052, 0.7741622924804688, 0.06350332498550415, 0.5085386037826538, 1.5217678546905518, 0.8896494507789612, 0.7158575654029846, 0.8892460465431213, 0.49407699704170227, 0.030836669728159904, 0.7155348062515259, 0.8551720380783081, 0.9058228135108948, -0.005166283342987299, 1.5274111032485962, 1.0328079462051392, 0.6315473318099976, 0.05926736816763878, 1.5681955814361572, 1.098670244216919, 0.6928490400314331, 0.5180999040603638, 0.6266827583312988, 0.8479610681533813, 1.0864484310150146, 1.0803874731063843, 1.2115683555603027, 1.1189600229263306, 1.3339027166366577, 1.318354606628418, 0.8000234365463257, 1.2427948713302612, 0.7769902944564819, 0.9438934922218323, 0.4720505177974701, 1.0537129640579224, 0.7878826260566711, 0.0940212830901146, 0.21657729148864746, 1.0279618501663208, 0.33815839886665344, 0.5281380414962769, 0.702106237411499, 1.2664693593978882, 0.4326837956905365, 1.9796031713485718, 1.120545506477356, 1.8429220914840698, 1.0997639894485474, 0.03333672881126404, 0.37980568408966064, 0.7779480814933777, 1.2575736045837402, 1.2820321321487427, 0.4631257653236389, 0.35477083921432495, 0.000815417617559433, 1.0518163442611694, 0.5015763640403748, 0.3828698992729187, 0.9359787106513977, 0.014559809118509293, 0.29536083340644836]"
partisan,"[3, 2, 11, 8, 6, 7, 2, 5]",34,"[0.5878949761390686, 2.3021817207336426, 1.0001894235610962, 0.08607271313667297, 0.7183921933174133, 1.4760863780975342, 0.8252292275428772, 1.0130118131637573, 1.0597282648086548, 0.264149934053421, 0.0005850018933415413, 1.186871886253357, 1.1102687120437622, 0.9898154735565186, -0.005354724358767271, 2.1694958209991455, 1.1668869256973267, 0.5658571720123291, 0.06151586025953293, 1.5097498893737793, 1.3643579483032227, 1.1517407894134521, 0.5850849747657776, 0.5326220989227295, 0.6848565340042114, 1.0826319456100464, 1.0094906091690063, 1.4798996448516846, 0.976306676864624, 1.2999411821365356, 1.6858738660812378, 0.5537771582603455, 1.193084716796875, 0.6970504522323608, 0.8621779680252075, 0.09701338410377502, 1.6315277814865112, 1.1437851190567017, 0.054661646485328674, 0.25677040219306946, 1.4888848066329956, 0.35728898644447327, 0.3905287981033325, 0.600284218788147, 1.302698016166687, 0.5324220657348633, 2.3497939109802246, 0.9476984143257141, 2.2121078968048096, 1.2032594680786133, 0.03826882690191269, 0.7177646160125732, 1.0956240892410278, 1.640136957168579, 0.9742820262908936, 0.3787172734737396, 0.3739021122455597, 0.00021228566765785217, 1.2941182851791382, 0.8498910069465637, 0.6493341326713562, 1.4521145820617676, 0.030136235058307648, 0.24341103434562683]"
pragmatic,"[3, 11, 2, 17, 19, 2, 8, 6, 18]",34,"[0.19741913676261902, 3.1091558933258057, 0.7595140337944031, 0.11810395121574402, 0.8827337622642517, 1.684339165687561, 0.9239177703857422, 1.5163919925689697, 0.9281676411628723, 0.68358314037323, 0.024342652410268784, 0.9826028347015381, 0.775192379951477, 1.1471099853515625, 0.004127298481762409, 2.033712863922119, 2.238252878189087, 0.8660942316055298, 0.07192295789718628, 1.4647231101989746, 1.128109097480774, 0.9331088066101074, 0.573839008808136, -0.06571924686431885, 0.116623155772686, 2.0872280597686768, 0.7809694409370422, 1.6983554363250732, 0.6452122926712036, 1.0759096145629883, 2.168447971343994, 1.2347642183303833, 2.2774181365966797, 0.9081591963768005, 0.6326903104782104, 0.014225482940673828, 1.3627427816390991, 0.8261905312538147, -0.03637039661407471, 0.3713052570819855, 1.5941866636276245, 0.8842401504516602, 0.08761883527040482, 0.3993526101112366, 1.319223165512085, 0.7469051480293274, 2.999408483505249, 0.9758819937705994, 2.418717384338379, 1.545120358467102, 0.06489104777574539, 1.3983805179595947, 1.8211441040039062, 1.5026099681854248, 1.0839539766311646, -0.08349664509296417, 0.8073765635490417, 0.01706025004386902, 1.2074812650680542, 0.8657587766647339, 0.913906455039978, 1.8934036493301392, 0.06366558372974396, 0.04437060281634331]"
proliferate,"[3, 11, 12, 14, 6, 22, 4, 11, 2, 8, 4]",34,"[0.5499074459075928, 2.260408878326416, 1.2272032499313354, 0.15067732334136963, 0.8261721730232239, 1.1636759042739868, 0.5296440124511719, 0.9681469202041626, 1.3708961009979248, 0.20517218112945557, 0.0028608243446797132, 1.5337740182876587, 1.1660805940628052, 0.8246051669120789, -0.0020488486625254154, 2.889698028564453, 1.2071510553359985, 0.32405054569244385, 0.030149947851896286, 1.176127552986145, 1.7702184915542603, 1.5514265298843384, 0.5544334650039673, 0.4794633090496063, 0.5415254831314087, 1.094695806503296, 0.6952357292175293, 1.4540085792541504, 0.6694740056991577, 1.036210536956787, 1.693984031677246, 0.49075666069984436, 1.1630887985229492, 0.41991037130355835, 0.5749027729034424, 0.053848251700401306, 2.1916987895965576, 1.255407452583313, 0.04885273426771164, 0.3775396943092346, 2.078988790512085, 0.2652997672557831, 0.4559967815876007, 0.37510406970977783, 1.0278136730194092, 0.4387429356575012, 2.2692015171051025, 0.5909081101417542, 2.1573612689971924, 0.9938791990280151, 0.05056776851415634, 0.9914190173149109, 1.170153260231018, 1.69038987159729, 0.5432660579681396, 0.39188602566719055, 0.22768114507198334, 0.001056671142578125, 1.2679506540298462, 1.1989067792892456, 0.9990352392196655, 1.731239914894104, 0.06316863745450974, 0.3346887230873108]"
provincial,"[3, 11, 12, 28, 6, 5, 18, 6, 2, 14]",34,"[0.37387508153915405, 2.707916498184204, 0.9055162668228149, 0.08051520586013794, 0.7429298162460327, 1.5141228437423706, 0.8181731700897217, 1.1749975681304932, 0.9740107655525208, 0.4580951929092407, 0.006929652765393257, 1.092317819595337, 1.0372214317321777, 0.9842249155044556, 0.0005132751539349556, 2.16131329536438, 1.572455644607544, 0.6285362243652344, 0.06414224952459335, 1.4859607219696045, 1.2510833740234375, 1.0876418352127075, 0.48680177330970764, 0.21877777576446533, 0.5463871359825134, 1.5152450799942017, 0.9143587350845337, 1.5504353046417236, 0.8611524105072021, 1.2188522815704346, 1.8229809999465942, 0.9314761161804199, 1.598723292350769, 0.7110353112220764, 0.7169373631477356, 0.02539651095867157, 1.6169298887252808, 1.0009664297103882, -0.0018691867589950562, 0.32846733927726746, 1.4967639446258545, 0.4965023994445801, 0.190627783536911, 0.5009548664093018, 1.3067182302474976, 0.5339901447296143, 2.641153573989868, 1.048988699913025, 2.3631412982940674, 1.3002142906188965, 0.031170453876256943, 0.9895374774932861, 1.3688703775405884, 1.6017359495162964, 1.117482304573059, 0.14907120168209076, 0.4673544466495514, 0.018286172300577164, 1.3026058673858643, 0.8584469556808472, 0.7741634249687195, 1.6825151443481445, 0.03336907923221588, 0.1854981780052185]"
rigorous,"[11, 6, 17, 12, 11, 12, 13, 7]",34,"[0.4624522030353546, 1.759312391281128, 1.4961411952972412, 0.25356200337409973, 0.9418242573738098, 0.6099161505699158, 0.1614742875099182, 0.7763845920562744, 1.915918231010437, 0.09375161677598953, -0.010073349811136723, 1.920945644378662, 1.1430500745773315, 0.43354400992393494, -0.005871362052857876, 3.9330222606658936, 1.0255076885223389, 0.024303089827299118, -0.007977202534675598, 0.5305353403091431, 2.2519264221191406, 2.0803003311157227, 0.5535538792610168, 0.5576568245887756, 0.27506011724472046, 0.8761540651321411, 0.28080347180366516, 1.148568868637085, 0.14155101776123047, 0.5716144442558289, 1.4170252084732056, 0.33219683170318604, 0.897749662399292, 0.05412264168262482, 0.10680127143859863, -0.027468673884868622, 3.043417453765869, 1.3727225065231323, 0.11657099425792694, 0.5272805690765381, 2.902829647064209, 0.16395807266235352, 0.6841119527816772, 0.06570373475551605, 0.5517957210540771, 0.24422632157802582, 1.7938960790634155, 0.1586150974035263, 1.707815170288086, 0.5591911673545837, 0.06990504264831543, 1.2388676404953003, 1.0520551204681396, 1.4103703498840332, 0.009532071650028229, 0.5171746611595154, 0.07859033346176147, -0.002544716000556946, 1.0604028701782227, 1.7358263731002808, 1.513537049293518, 1.7082798480987549, 0.09572520852088928, 0.4483119547367096]"
salient,"[7, 2, 14, 6, 4, 5, 8]",34,"[0.6503387689590454, 1.3869082927703857, 1.9031915664672852, 0.23839639127254486, 0.5736625790596008, 0.5744189023971558, 0.08720051497220993, 0.3765237629413605, 2.3971669673919678, 0.0437290258705616, 0.0009469902142882347, 2.075802803039551, 1.3513139486312866, 0.2415972203016281, 0.0007346770726144314, 4.06768798828125, 0.47960999608039856, -0.0695439875125885, -0.010162953287363052, 0.641934335231781, 2.8154618740081787, 2.264899730682373, 0.43816810846328735, 1.054164171218872, 0.7089939713478088, 0.3949802815914154, 0.5201137661933899, 0.8609838485717773, 0.3268169164657593, 0.7961634993553162, 0.9514577984809875, 0.19031545519828796, 0.440498948097229, -0.02997474931180477, 0.3360314965248108, -0.08173771947622299, 3.268178939819336, 1.3689045906066895, 0.37557685375213623, 0.4833548367023468, 3.083129405975342, -0.051042649894952774, 1.081331491470337, 0.3578653037548065, 0.5896281599998474, 0.06476947665214539, 1.4878630638122559, 0.32868093252182007, 1.533631682395935, 0.5422672629356384, 0.09537844359874725, 0.5734975934028625, 0.5121481418609619, 1.361363410949707, 0.07659974694252014, 0.8469840288162231, -0.06463339924812317, -0.0027103833854198456, 0.9871082901954651, 1.5929679870605469, 1.1135863065719604, 1.1817482709884644, 0.11693111062049866, 0.5065304040908813]"
sanction,"[7, 2, 5, 18, 8, 6, 12, 5]",34,"[0.339343786239624, 2.895047664642334, 0.8100860714912415, 0.06863261759281158, 0.7602409720420837, 1.6635944843292236, 0.9281319379806519, 1.2109864950180054, 0.846575915813446, 0.5420854687690735, 0.020925423130393028, 0.9917618036270142, 1.0255165100097656, 1.0754987001419067, -0.007021262310445309, 1.9310601949691772, 1.7792915105819702, 0.6653836965560913, 0.0827205553650856, 1.6243672370910645, 1.0347336530685425, 0.929051399230957, 0.504361093044281, 0.17371244728565216, 0.4582967460155487, 1.6588366031646729, 1.0239416360855103, 1.6522908210754395, 0.945858359336853, 1.3323161602020264, 1.9747861623764038, 1.0159378051757812, 1.7798418998718262, 0.8204875588417053, 0.7820944786071777, 0.031195569783449173, 1.3873597383499146, 1.01821768283844, 0.013498350977897644, 0.2873397469520569, 1.314435362815857, 0.6081521511077881, 0.13895338773727417, 0.5498846173286438, 1.446455955505371, 0.5690398812294006, 2.8008639812469482, 1.1345062255859375, 2.453908920288086, 1.421993374824524, 0.007035156711935997, 0.9755991101264954, 1.5079983472824097, 1.6860413551330566, 1.1663490533828735, 0.059998780488967896, 0.5927866697311401, 0.010572750121355057, 1.2872482538223267, 0.770484447479248, 0.7772050499916077, 1.7760118246078491, 0.02071450650691986, 0.12227296829223633]"
superlative,"[7, 13, 3, 4, 11, 14, 2, 8, 6, 28, 4]",34,"[0.5283544659614563, 2.849400281906128, 0.8982887268066406, 0.09229935705661774, 0.9044569134712219, 1.7790166139602661, 1.0102425813674927, 1.3749840259552002, 0.9048874378204346, 0.3882359266281128, 0.0037684713024646044, 1.1044445037841797, 1.0804343223571777, 1.270808458328247, -0.005599603988230228, 2.043039560317993, 1.5932095050811768, 0.7934882640838623, 0.07565382868051529, 1.7331809997558594, 1.2207483053207397, 1.0640482902526855, 0.6639046669006348, 0.2928873896598816, 0.6176539063453674, 1.5080753564834595, 1.0632226467132568, 1.802113652229309, 1.0739349126815796, 1.4401121139526367, 2.1258625984191895, 0.6791794300079346, 1.6045089960098267, 0.9025272727012634, 0.9267979860305786, 0.04991006478667259, 1.536779761314392, 1.1537953615188599, 0.01579064130783081, 0.2706150412559509, 1.3894097805023193, 0.5516930222511292, 0.2552416920661926, 0.5794621706008911, 1.510265827178955, 0.771205723285675, 2.8348402976989746, 1.0248417854309082, 2.633988857269287, 1.4415580034255981, 0.03521338477730751, 1.0307639837265015, 1.4818437099456787, 1.8395493030548096, 1.1448317766189575, 0.1992950141429901, 0.570350706577301, 0.006102975457906723, 1.4793208837509155, 0.859235405921936, 0.7249692678451538, 1.8087650537490845, 0.04276867210865021, 0.20073643326759338]"
systematic,"[7, 21, 7, 8, 4, 19, 2, 8, 6, 18]",34,"[0.29023489356040955, 3.1085407733917236, 0.8836134672164917, 0.08554691076278687, 0.7709950804710388, 1.8527792692184448, 1.101845383644104, 1.3530919551849365, 1.0993528366088867, 0.7964679598808289, 0.04267851635813713, 0.9038225412368774, 0.8354778289794922, 1.2232379913330078, 0.0001023653894662857, 1.9875279664993286, 2.0383083820343018, 0.9256982803344727, 0.07482470571994781, 1.7913217544555664, 1.3117115497589111, 0.8561339378356934, 0.6235321760177612, 0.17806924879550934, 0.5145453214645386, 1.9910616874694824, 1.0855646133422852, 1.634784460067749, 1.022924542427063, 1.422733187675476, 2.03307843208313, 1.3361061811447144, 2.1505861282348633, 1.0249897241592407, 0.9250556826591492, 0.18780353665351868, 1.290054440498352, 0.7485504746437073, 0.03695247322320938, 0.31585314869880676, 1.4452346563339233, 0.7738637328147888, 0.24781864881515503, 0.6262953281402588, 1.5439465045928955, 0.7824200987815857, 2.9558708667755127, 1.3120964765548706, 2.479008674621582, 1.674526572227478, 0.058439768850803375, 1.0421065092086792, 1.551026701927185, 1.4396717548370361, 1.5076370239257812, 0.062371015548706055, 0.7418600916862488, 0.015727054327726364, 1.2116739749908447, 0.5809475779533386, 0.6378940939903259, 1.6009690761566162, 0.04593924432992935, 0.12874102592468262]"
tangential,"[8, 2, 5, 17, 4, 5, 8, 6, 2, 14]",34,"[0.4374469518661499, 2.444445848464966, 1.0817742347717285, 0.07949787378311157, 0.6757156252861023, 1.4306610822677612, 0.7394849061965942, 1.0544958114624023, 1.1573561429977417, 0.420862078666687, 0.01990513876080513, 1.1711820363998413, 1.111219882965088, 0.8705434203147888, -0.0035682590678334236, 2.317415475845337, 1.4361456632614136, 0.5190287828445435, 0.06022733822464943, 1.4127211570739746, 1.471298336982727, 1.1543099880218506, 0.45793822407722473, 0.3704596757888794, 0.5958800315856934, 1.3531874418258667, 0.9719682335853577, 1.4640491008758545, 0.8291666507720947, 1.2258468866348267, 1.6317092180252075, 0.795128583908081, 1.4231510162353516, 0.6166922450065613, 0.7050927877426147, -0.028596781194210052, 1.7940996885299683, 1.0348926782608032, 0.08753396570682526, 0.33614611625671387, 1.6058810949325562, 0.45927855372428894, 0.3493163287639618, 0.5660842657089233, 1.284316897392273, 0.4658677577972412, 2.4605839252471924, 0.9969257116317749, 2.259681224822998, 1.2738264799118042, 0.04646315425634384, 0.8065138459205627, 1.2216405868530273, 1.5523123741149902, 0.923868715763092, 0.2372608631849289, 0.44017067551612854, 0.009074151515960693, 1.2544211149215698, 0.8920896649360657, 0.7206669449806213, 1.5135817527770996, 0.034642383456230164, 0.15615785121917725]"
unambiguous,"[13, 5, 2, 19, 10, 6, 17, 13, 12, 13, 7]",34,"[0.5056983232498169, 3.6666810512542725, -0.14945393800735474, 0.02548201009631157, 1.2685260772705078, 2.768627882003784, 1.8907405138015747, 2.1729512214660645, -0.2446718066930771, 0.6898690462112427, -0.011330824345350266, 0.07816566526889801, 0.5664271116256714, 2.278312921524048, 0.002628968097269535, 0.21219423413276672, 2.2787184715270996, 1.7355676889419556, 0.1381184458732605, 2.7101898193359375, -0.3246630132198334, 0.03091694414615631, 1.05845308303833, 0.004329562187194824, 0.7649514079093933, 2.200561046600342, 1.429580569267273, 2.498096227645874, 1.974511981010437, 1.899640679359436, 3.1180226802825928, 0.9825063943862915, 2.1972036361694336, 1.9167057275772095, 1.555193305015564, 0.41168728470802307, -0.026900649070739746, 0.8140795230865479, -0.08565276861190796, 0.008967429399490356, 0.08980073034763336, 1.121474027633667, -0.11436572670936584, 0.7346490621566772, 2.2968263626098633, 1.407400369644165, 3.528801679611206, 1.686208963394165, 3.095865488052368, 2.0051474571228027, -0.03291304036974907, 1.212728500366211, 2.0782711505889893, 2.0127809047698975, 2.2412307262420654, 0.09478221088647842, 1.2588921785354614, 0.015773974359035492, 1.7524460554122925, 0.32780641317367554, 0.41281867027282715, 1.9615778923034668, 0.0092911496758461, 0.17899540066719055]"
unprecedented,"[13, 5, 3, 11, 4, 18, 4, 20, 4, 5, 8, 4, 20]",34,"[0.43198269605636597, 2.1406335830688477, 1.5379401445388794, 0.17122462391853333, 0.5370885133743286, 1.1522817611694336, 0.622167706489563, 0.693587064743042, 1.9286742210388184, 0.4864952564239502, 0.030787531286478043, 1.5596364736557007, 1.0950348377227783, 0.5858768820762634, 0.0025647440925240517, 3.0870983600616455, 1.13235604763031, 0.2830868363380432, 0.048022739589214325, 1.2199223041534424, 2.278367042541504, 1.575081467628479, 0.45479288697242737, 0.6263808012008667, 0.6528981924057007, 1.2165948152542114, 0.8999969363212585, 1.0732585191726685, 0.6685292720794678, 1.1426597833633423, 1.2633674144744873, 0.9015142917633057, 1.347291111946106, 0.4648749530315399, 0.6226848363876343, 0.028190169483423233, 2.3577260971069336, 0.9360696077346802, 0.27899736166000366, 0.45236828923225403, 2.3488974571228027, 0.31886518001556396, 0.6733680963516235, 0.5401138067245483, 1.0717414617538452, 0.29887381196022034, 2.132551908493042, 1.0728777647018433, 1.9136531352996826, 1.0863492488861084, 0.061401136219501495, 0.6733373403549194, 0.8862463235855103, 1.2644379138946533, 0.9653857350349426, 0.4790685176849365, 0.28649160265922546, -0.0033752620220184326, 0.9544999599456787, 1.0272929668426514, 0.7979077100753784, 1.193856954574585, 0.06948954612016678, 0.36843571066856384]"
verifiable,"[28, 4, 11, 6, 22, 6, 2, 10, 14, 4]",34,"[0.5577181577682495, 2.0356719493865967, 1.049330472946167, 0.20503829419612885, 0.8208051919937134, 1.1244761943817139, 0.5082679390907288, 0.8811948895454407, 1.3064242601394653, 0.15619102120399475, -0.0044600870460271835, 1.4189321994781494, 1.0364224910736084, 0.8069484829902649, 0.003128301352262497, 2.6913256645202637, 1.0290513038635254, 0.36847740411758423, 0.025903062894940376, 1.1128016710281372, 1.5971754789352417, 1.4754928350448608, 0.5794218182563782, 0.5614213943481445, 0.5381935238838196, 0.977139949798584, 0.6371514201164246, 1.3540456295013428, 0.6771655082702637, 0.9337090253829956, 1.5628076791763306, 0.37160444259643555, 0.9740697145462036, 0.4435531497001648, 0.5647949576377869, 0.14869283139705658, 2.050264835357666, 1.2158377170562744, 0.08848398923873901, 0.3865604102611542, 2.0419397354125977, 0.22550228238105774, 0.540465235710144, 0.29688364267349243, 0.9278512001037598, 0.42943257093429565, 1.9902344942092896, 0.5472287535667419, 1.9291335344314575, 0.8468905687332153, 0.0546824187040329, 0.9426936507225037, 1.0329616069793701, 1.5280767679214478, 0.5640876293182373, 0.5036225914955139, 0.20394980907440186, -0.02285594306886196, 1.1889500617980957, 1.2023555040359497, 1.0149580240249634, 1.5195612907409668, 0.10565266013145447, 0.41710788011550903]"
algorithm,"[2, 14, 17, 12, 11, 6, 8, 9, 19]",34,"[0.2834310829639435, 2.7767117023468018, 0.5442776083946228, 0.08605030179023743, 0.8560786843299866, 1.8207083940505981, 1.1537048816680908, 1.379109263420105, 0.6605357527732849, 0.6480606198310852, 0.021963153034448624, 0.595370888710022, 0.683042585849762, 1.298009991645813, -0.0009679291397333145, 1.350307822227478, 1.815958023071289, 0.9916470050811768, 0.08288183063268661, 1.771109938621521, 0.8231459856033325, 0.6083781123161316, 0.6662566065788269, 0.10023045539855957, 0.4965882897377014, 1.7670968770980835, 1.0248726606369019, 1.6374523639678955, 1.105054259300232, 1.3255771398544312, 2.0113255977630615, 1.0386805534362793, 1.8555668592453003, 1.125295877456665, 0.9276357293128967, 0.23932909965515137, 0.8517320156097412, 0.6667412519454956, 0.04911880940198898, 0.2544565796852112, 1.074491262435913, 0.7347618341445923, 0.22035974264144897, 0.5531923174858093, 1.5226625204086304, 0.8131971955299377, 2.6496200561523438, 1.1455621719360352, 2.2704083919525146, 1.4783902168273926, 0.024147015064954758, 0.929658055305481, 1.4518098831176758, 1.4553627967834473, 1.4156787395477295, 0.07448604702949524, 0.743222713470459, 0.04488035663962364, 1.2142784595489502, 0.5507083535194397, 0.5147318243980408, 1.507055401802063, 0.02347404509782791, 0.21200892329216003]"
alliance,"[2, 14, 14, 6, 2, 5, 18, 4]",34,"[0.23995539546012878, 2.2666397094726562, 0.8855504989624023, 0.0818617045879364, 0.5145378708839417, 1.2365295886993408, 0.6380766034126282, 0.8372026681900024, 0.979999840259552, 0.5236896276473999, 0.03166525438427925, 0.9501713514328003, 0.899459719657898, 0.7054077386856079, 0.004166285507380962, 1.9104807376861572, 1.369737982749939, 0.4853845536708832, 0.05796116963028908, 1.188300609588623, 1.2299866676330566, 0.9032526016235352, 0.3888861835002899, 0.19543011486530304, 0.377469539642334, 1.4293482303619385, 0.7703222036361694, 1.2403160333633423, 0.6765528917312622, 0.9973798990249634, 1.3554457426071167, 1.0452972650527954, 1.563778281211853, 0.5171068906784058, 0.5731812119483948, 0.07606805115938187, 1.3843027353286743, 0.7593497037887573, 0.06561896950006485, 0.3753477931022644, 1.470018982887268, 0.44054046273231506, 0.23778387904167175, 0.4438091814517975, 1.039823055267334, 0.3729797899723053, 2.1334242820739746, 0.9132937788963318, 1.894129753112793, 1.1175048351287842, 0.03577914834022522, 0.789354145526886, 1.1382017135620117, 1.2405993938446045, 0.8454902768135071, 0.1268591284751892, 0.36895322799682617, 0.005890179425477982, 1.0145341157913208, 0.6233460307121277, 0.6642372012138367, 1.3332204818725586, 0.041611447930336, 0.1839483678340912]"
artificial intelligence,"[2, 11, 8, 6, 22, 6, 18, 6, 2, 14, 31, 6, 5, 8, 4, 14, 14, 6, 17, 4, 5, 18, 4]",34,"[0.6043162941932678, 3.7985939979553223, -0.09846299141645432, 0.028487171977758408, 1.2173291444778442, 2.8686811923980713, 1.8567253351211548, 2.1667320728302, -0.19036425650119781, 0.657281756401062, -0.0040097711607813835, 0.16266793012619019, 0.7277847528457642, 2.292217969894409, 0.0070739733055233955, 0.3231702446937561, 2.1804051399230957, 1.7814610004425049, 0.1436566710472107, 2.765448808670044, -0.13245701789855957, 0.09362681955099106, 1.0572788715362549, 0.06638842821121216, 0.8805200457572937, 2.1386308670043945, 1.511470079421997, 2.6537837982177734, 2.083784580230713, 1.973102331161499, 3.1548798084259033, 0.9480752944946289, 2.101550340652466, 1.910436987876892, 1.6749868392944336, 0.2940654754638672, 0.13533806800842285, 0.9363911151885986, -0.10000947117805481, 0.04003967344760895, 0.09798651933670044, 1.0309184789657593, -0.12913057208061218, 0.788050651550293, 2.3200769424438477, 1.489539623260498, 3.5240209102630615, 1.658791184425354, 3.18043851852417, 2.080028533935547, 0.003634711727499962, 1.2129019498825073, 2.081246852874756, 2.153048038482666, 2.161116123199463, 0.14089412987232208, 1.22396981716156, 0.01739874854683876, 1.8606489896774292, 0.28507184982299805, 0.37077030539512634, 1.9960588216781616, 0.03869923949241638, 0.2338937222957611]"
atomic structure,"[2, 8, 12, 19, 6, 18, 31, 7, 8, 11, 13, 18, 8, 13, 11, 4]",34,"[0.9592404961585999, 2.2268805503845215, 0.4204295873641968, 0.17285065352916718, 0.9759464859962463, 2.3943629264831543, 1.5273696184158325, 1.212190866470337, 0.7158905267715454, 0.4718642830848694, -0.0004498374182730913, 0.32689663767814636, 0.6380634903907776, 1.7928897142410278, -0.008198798634111881, 1.0158140659332275, 1.1011104583740234, 1.298439383506775, 0.06781616806983948, 2.4624712467193604, 0.7632124423980713, 0.4800664484500885, 1.1315325498580933, 0.9754343032836914, 1.44580078125, 1.0390651226043701, 1.5091534852981567, 1.750717282295227, 2.0169646739959717, 1.8885616064071655, 1.9665874242782593, 0.6301846504211426, 1.1688817739486694, 1.6312538385391235, 1.7132936716079712, 1.0716356039047241, 0.6410878896713257, 0.7896537780761719, -0.025351569056510925, 0.0892719104886055, 0.6067204475402832, 0.5342532992362976, 0.7548074722290039, 0.9470230340957642, 1.812666893005371, 1.0354864597320557, 2.1619033813476562, 1.4258140325546265, 2.1421854496002197, 1.3976885080337524, 0.04581427574157715, 0.3844502866268158, 0.8721548914909363, 1.5475236177444458, 2.1236538887023926, 0.8593347072601318, 0.6427651047706604, -0.02261735312640667, 1.4182909727096558, 0.4112032651901245, 0.15644121170043945, 0.9535070061683655, 0.062271758913993835, 0.7317044138908386]"
automation,"[2, 13, 8, 12, 19, 2, 8, 6, 12, 5]",34,"[0.629859209060669, 3.0471901893615723, 0.5382928848266602, 0.07725696265697479, 1.2552603483200073, 1.8316291570663452, 0.9819546341896057, 1.5850498676300049, 0.5111689567565918, 0.2987620234489441, -0.011423582211136818, 1.0391948223114014, 1.0489121675491333, 1.5900944471359253, -0.005568340886384249, 1.7161184549331665, 1.7734801769256592, 0.8534505367279053, 0.07542389631271362, 1.7942813634872437, 0.6674779057502747, 0.9639501571655273, 0.8316624760627747, 0.27395305037498474, 0.48067745566368103, 1.4363828897476196, 0.8546937704086304, 2.143564462661743, 1.1634618043899536, 1.3236788511276245, 2.6536989212036133, 0.521475613117218, 1.5394811630249023, 0.9898191690444946, 0.9625900387763977, 0.24833238124847412, 1.3345527648925781, 1.400943636894226, -0.07691825926303864, 0.2162611335515976, 1.1931562423706055, 0.6114779710769653, 0.16474686563014984, 0.36596211791038513, 1.4966309070587158, 0.844890832901001, 2.900911569595337, 0.7527346014976501, 2.7029900550842285, 1.2739412784576416, -0.011097677052021027, 1.3686879873275757, 1.772292971611023, 2.150639057159424, 1.0037604570388794, 0.20832644402980804, 0.6219130754470825, -0.0004709400236606598, 1.615841269493103, 1.105520486831665, 1.048924207687378, 2.3024489879608154, 0.04267662763595581, 0.26275399327278137]"
capitalism,"[18, 2, 3, 6, 8, 2, 14, 6, 7, 19]",34,"[0.4756862223148346, 2.190786361694336, 1.4437042474746704, 0.11134253442287445, 0.36614224314689636, 1.4536590576171875, 0.858763575553894, 0.7877585887908936, 1.7051551342010498, 0.5790858864784241, 0.040613867342472076, 1.229225516319275, 1.0907849073410034, 0.7167862057685852, 0.005708176642656326, 2.5737829208374023, 1.14564049243927, 0.5205434560775757, 0.03762830048799515, 1.5704797506332397, 2.0647244453430176, 1.2641167640686035, 0.45129671692848206, 0.6530030965805054, 0.9239194989204407, 1.3106123208999634, 1.1826764345169067, 1.0562491416931152, 0.9986823797225952, 1.4394519329071045, 1.1356215476989746, 1.02983558177948, 1.432362675666809, 0.6810179948806763, 0.8852522373199463, 0.1606912612915039, 1.9515985250473022, 0.7386851906776428, 0.18613168597221375, 0.299640953540802, 1.7331624031066895, 0.3899475634098053, 0.6100884675979614, 0.8663034439086914, 1.3093878030776978, 0.35844889283180237, 2.2944138050079346, 1.3961288928985596, 2.1246330738067627, 1.4071269035339355, 0.08482009917497635, 0.38661104440689087, 0.8298457860946655, 1.2485637664794922, 1.3657333850860596, 0.4468533396720886, 0.38775360584259033, 0.00974750891327858, 1.0631530284881592, 0.5726158022880554, 0.3790760040283203, 0.8751842975616455, 0.037080466747283936, 0.21910229325294495]"
civil disobedience,"[18, 6, 28, 6, 14, 31, 20, 6, 7, 12, 10, 4, 20, 6, 4, 5, 18, 4]",34,"[0.6417174339294434, 1.997928500175476, 1.3145560026168823, 0.21803410351276398, 0.7582648396492004, 1.5486544370651245, 0.8643057942390442, 0.7156408429145813, 1.7312066555023193, 0.5283157825469971, 0.028324883431196213, 1.2010962963104248, 0.8557593822479248, 0.9523791670799255, -0.010151058435440063, 2.846053123474121, 1.143720030784607, 0.5527857542037964, 0.03607518970966339, 1.5232614278793335, 1.9010096788406372, 1.3095715045928955, 0.7317429780960083, 0.8192380666732788, 0.9793688058853149, 1.1331417560577393, 1.0356113910675049, 1.19347083568573, 1.1151137351989746, 1.3201971054077148, 1.3171677589416504, 0.9637669324874878, 1.2603564262390137, 0.8047897219657898, 0.9858967661857605, 0.6102606058120728, 2.0481791496276855, 0.9260949492454529, 0.035241127014160156, 0.4378357231616974, 2.002664566040039, 0.3651506304740906, 0.774280309677124, 0.643979549407959, 1.1461265087127686, 0.46371951699256897, 1.9785163402557373, 1.1354641914367676, 1.8999931812286377, 1.1043285131454468, 0.07168424874544144, 0.6719810366630554, 0.7992532849311829, 1.1890032291412354, 1.4208287000656128, 0.6463239192962646, 0.29598188400268555, -0.02351306937634945, 1.0748363733291626, 0.8885664939880371, 0.7212862968444824, 1.0826307535171509, 0.08306413888931274, 0.6029046773910522]"
civil rights,"[18, 6, 28, 6, 14, 31, 11, 6, 17, 9, 8, 7]",34,"[0.9126465916633606, 1.3039956092834473, 1.2397483587265015, 0.15575893223285675, 0.625090479850769, 1.4890756607055664, 0.8489294052124023, 0.4592846632003784, 1.8126628398895264, 0.3860873579978943, 0.021281316876411438, 1.025185227394104, 0.9329056739807129, 0.8788313269615173, 0.004794692620635033, 2.3866827487945557, 0.321897953748703, 0.5917325019836426, 0.021662401035428047, 1.620646357536316, 1.989614486694336, 1.1790016889572144, 0.8397209644317627, 1.3189619779586792, 1.4312107563018799, 0.4829758405685425, 1.2381699085235596, 0.9638952016830444, 1.3882825374603271, 1.427859902381897, 1.0053133964538574, 0.5371218919754028, 0.561588704586029, 0.8541672825813293, 1.2557117938995361, 0.8342747688293457, 1.7279014587402344, 0.8475888967514038, 0.13789597153663635, 0.20221003890037537, 1.7005091905593872, 0.0973997414112091, 1.1586930751800537, 0.8854942321777344, 1.2228864431381226, 0.410017192363739, 1.3477646112442017, 1.1685229539871216, 1.3823026418685913, 0.895304799079895, 0.10605278611183167, -0.011158380657434464, 0.11325224488973618, 1.1071757078170776, 1.512035846710205, 1.0205579996109009, 0.1769295185804367, -0.03410840779542923, 0.9961962103843689, 0.6792852282524109, 0.18234384059906006, 0.4025786817073822, 0.05639944225549698, 0.7435158491134644]"
conservation,"[18, 12, 5, 7, 4, 11, 28, 2, 8, 6, 12, 5]",34,"[0.24299757182598114, 3.122276782989502, 0.7559637427330017, 0.07358895242214203, 0.6952180862426758, 1.9701261520385742, 1.2198424339294434, 1.3671696186065674, 0.8332341909408569, 0.7539852261543274, 0.035517264157533646, 0.7444213628768921, 0.8426463603973389, 1.2438127994537354, -0.010001245886087418, 1.6580156087875366, 2.0287065505981445, 0.8952956199645996, 0.11119213700294495, 1.9379096031188965, 1.0124505758285522, 0.6762914657592773, 0.49509140849113464, 0.07200931012630463, 0.5440158843994141, 2.0486438274383545, 1.2300691604614258, 1.7005727291107178, 1.1662095785140991, 1.5276625156402588, 1.948976993560791, 1.3254239559173584, 2.1514780521392822, 1.0798847675323486, 0.9235591888427734, 0.06830984354019165, 1.1322396993637085, 0.7630966305732727, 0.03238636255264282, 0.31142231822013855, 1.1032682657241821, 0.8066399693489075, 0.09957916289567947, 0.6599640846252441, 1.6770700216293335, 0.7520456910133362, 3.034740924835205, 1.5047271251678467, 2.6174159049987793, 1.7143199443817139, 0.020661506801843643, 1.0098109245300293, 1.5990428924560547, 1.5042979717254639, 1.6504884958267212, -0.0010775476694107056, 0.8101102709770203, -0.014938261359930038, 1.2330785989761353, 0.5222107768058777, 0.5790645480155945, 1.5989956855773926, 0.01912675052881241, 0.06364761292934418]"
discrimination,"[20, 6, 7, 18, 11, 6, 19, 6, 5, 2, 8, 6, 12, 5]",34,"[0.2456037402153015, 2.960977554321289, 0.9621862769126892, 0.1274116337299347, 0.6811268925666809, 1.8052785396575928, 1.0835890769958496, 1.279768466949463, 1.241257667541504, 0.746902585029602, 0.02912982366979122, 0.9389135837554932, 0.8249083757400513, 1.1100540161132812, -0.007237358950078487, 2.2530128955841064, 1.9616169929504395, 0.7991433143615723, 0.08404234051704407, 1.7819825410842896, 1.3845566511154175, 0.9828835725784302, 0.5393856167793274, 0.1533169448375702, 0.5535409450531006, 1.9528273344039917, 1.1256067752838135, 1.5212360620498657, 0.978268027305603, 1.441879391670227, 1.8303828239440918, 1.3890680074691772, 2.1063809394836426, 1.0115108489990234, 0.8480963706970215, 0.08957704901695251, 1.5280444622039795, 0.6997126340866089, 0.028340116143226624, 0.34784558415412903, 1.5506539344787598, 0.7547764778137207, 0.21359655261039734, 0.6569727659225464, 1.5169243812561035, 0.6856667995452881, 2.933884620666504, 1.4638211727142334, 2.4765164852142334, 1.658026099205017, 0.05976375564932823, 0.9668346643447876, 1.5090385675430298, 1.3908230066299438, 1.5825762748718262, 0.08985026180744171, 0.7104506492614746, 0.00853700190782547, 1.149357795715332, 0.6506595611572266, 0.6540126800537109, 1.505705714225769, 0.04582224786281586, 0.17314407229423523]"
electron,"[4, 14, 4, 18, 8, 11, 12, 5]",34,"[0.46379297971725464, 3.377854585647583, 0.23827409744262695, -0.003890886902809143, 0.9075871109962463, 2.274273633956909, 1.448783040046692, 1.5913400650024414, 0.10477492213249207, 0.5634803771972656, 0.0020407107658684254, 0.518208920955658, 0.9879357814788818, 1.6090930700302124, -0.0008430494926869869, 0.778641939163208, 1.9230377674102783, 1.095088005065918, 0.13814933598041534, 2.268298864364624, 0.26699432730674744, 0.36358243227005005, 0.6470242142677307, 0.10918395221233368, 0.6560674905776978, 1.8308424949645996, 1.348529577255249, 2.1486754417419434, 1.543416976928711, 1.7222585678100586, 2.570430278778076, 0.914087176322937, 1.9053881168365479, 1.3404242992401123, 1.2239789962768555, 0.1472274214029312, 0.5440051555633545, 1.0642340183258057, -0.002651885151863098, 0.132462739944458, 0.45929616689682007, 0.76927649974823, -0.0518011748790741, 0.6858372688293457, 1.9833292961120605, 0.9101853370666504, 3.1911556720733643, 1.4373104572296143, 2.846137046813965, 1.7082034349441528, -0.022769007831811905, 0.9806697368621826, 1.772750973701477, 2.0566134452819824, 1.6700570583343506, 0.048585131764411926, 0.8634526133537292, -0.0254096407443285, 1.5253326892852783, 0.48623406887054443, 0.5050049424171448, 1.933857798576355, 0.0016347616910934448, 0.09764520823955536]"
equilibrium,"[4, 24, 13, 6, 14, 6, 10, 11, 6, 13, 19]",34,"[0.25776803493499756, 2.733262777328491, 0.7651253342628479, 0.12636509537696838, 0.6053400635719299, 1.7413294315338135, 1.1379592418670654, 1.1555427312850952, 0.9815108180046082, 0.7377108931541443, 0.039849117398262024, 0.6473369598388672, 0.7443695068359375, 1.0663107633590698, -0.004917468875646591, 1.6558793783187866, 1.7633224725723267, 0.8679479360580444, 0.07043473422527313, 1.7332478761672974, 1.141322135925293, 0.6658313274383545, 0.5572353601455688, 0.18315261602401733, 0.5909649133682251, 1.8150891065597534, 1.1552270650863647, 1.386819839477539, 1.0853652954101562, 1.368196964263916, 1.613174557685852, 1.3396246433258057, 1.9258371591567993, 1.011709451675415, 0.8888157606124878, 0.19482873380184174, 1.121386170387268, 0.5260659456253052, 0.07702846825122833, 0.32469451427459717, 1.1736834049224854, 0.7001364231109619, 0.2808056175708771, 0.7031688690185547, 1.4786522388458252, 0.6243210434913635, 2.6030702590942383, 1.4130724668502808, 2.2346675395965576, 1.5434406995773315, 0.038032855838537216, 0.774158239364624, 1.312972903251648, 1.2354631423950195, 1.6182494163513184, 0.11469583958387375, 0.6665543913841248, 0.029917415231466293, 1.0872573852539062, 0.4131985604763031, 0.45612430572509766, 1.2271713018417358, 0.023280955851078033, 0.18492132425308228]"
genetic variation,"[17, 4, 5, 4, 8, 6, 18, 31, 28, 2, 11, 6, 2, 8, 6, 12, 5]",34,"[0.5872528553009033, 2.0741865634918213, 0.49114006757736206, 0.06337520480155945, 0.7034651637077332, 2.0088367462158203, 1.2687647342681885, 0.8955594897270203, 0.7161305546760559, 0.6778627038002014, 0.03102971985936165, 0.27593153715133667, 0.5340415239334106, 1.3164259195327759, -0.002514360938221216, 0.95247483253479, 1.2540956735610962, 1.0167597532272339, 0.06681659817695618, 2.0427122116088867, 0.7620042562484741, 0.3038233518600464, 0.7288870811462402, 0.6731129288673401, 1.1603187322616577, 1.279345989227295, 1.3167438507080078, 1.3470057249069214, 1.5983474254608154, 1.5721739530563354, 1.46864652633667, 1.0466980934143066, 1.3848810195922852, 1.2693698406219482, 1.3303227424621582, 0.8893461227416992, 0.5606899857521057, 0.5202193260192871, 0.04933900386095047, 0.20004771649837494, 0.6462763547897339, 0.5459665656089783, 0.5744248628616333, 0.7968236207962036, 1.4854799509048462, 0.6808843612670898, 2.021023988723755, 1.4662364721298218, 1.8370286226272583, 1.2580280303955078, 0.03236626833677292, 0.3798381984233856, 0.759539783000946, 1.145309567451477, 1.9851536750793457, 0.5268729329109192, 0.5648002624511719, 0.011577703058719635, 1.0882999897003174, 0.20923790335655212, 0.14203807711601257, 0.7810215353965759, 0.004263389855623245, 0.4927399754524231]"
globalization,"[17, 14, 12, 10, 2, 14, 6, 15, 2, 8, 6, 12, 5]",34,"[0.5986405611038208, 2.773499011993408, 0.9130377173423767, 0.18871599435806274, 1.0358558893203735, 1.7276982069015503, 0.9656853675842285, 1.4262726306915283, 1.1317905187606812, 0.38289740681648254, 0.001570111489854753, 1.1547131538391113, 0.9829809665679932, 1.3418235778808594, 0.0010609268210828304, 2.348234176635742, 1.6672955751419067, 0.8295316696166992, 0.06305725127458572, 1.681753158569336, 1.2725849151611328, 1.207959771156311, 0.8028552532196045, 0.41519051790237427, 0.5824927687644958, 1.5293782949447632, 0.9405575394630432, 1.7752362489700317, 1.0612481832504272, 1.316098690032959, 2.1393179893493652, 0.7746700048446655, 1.6174507141113281, 0.9341652989387512, 0.9318631887435913, 0.23605886101722717, 1.7600675821304321, 1.1556586027145386, -0.048800498247146606, 0.30662256479263306, 1.6696312427520752, 0.610753059387207, 0.33966365456581116, 0.5008214116096497, 1.3871557712554932, 0.8076319098472595, 2.743269205093384, 0.9272539019584656, 2.4680442810058594, 1.3285964727401733, 0.055778905749320984, 1.1808006763458252, 1.5298559665679932, 1.7761263847351074, 1.132176399230957, 0.32985615730285645, 0.5956122875213623, -0.009185206145048141, 1.4931195974349976, 1.013956904411316, 0.8874223828315735, 1.8300458192825317, 0.07676956057548523, 0.3446275293827057]"
innovation,"[6, 5, 5, 12, 28, 2, 8, 6, 12, 5]",34,"[0.6701961159706116, 2.992744207382202, 0.31757915019989014, -0.01302679255604744, 0.9908786416053772, 2.0227808952331543, 1.230165958404541, 1.5058586597442627, 0.1562989056110382, 0.3326961100101471, -0.005726941861212254, 0.7158946990966797, 1.0288112163543701, 1.5527375936508179, 0.0015070606023073196, 1.047728180885315, 1.6686244010925293, 0.9441685676574707, 0.09664981067180634, 2.0808229446411133, 0.3730938136577606, 0.577573299407959, 0.7337173819541931, 0.3115940988063812, 0.7044101357460022, 1.510594367980957, 1.1724345684051514, 2.033681869506836, 1.3968257904052734, 1.5427753925323486, 2.4286797046661377, 0.596062183380127, 1.5399177074432373, 1.1472182273864746, 1.1442527770996094, 0.2896921634674072, 0.8420954942703247, 1.2212998867034912, -0.040713801980018616, 0.12138404697179794, 0.6179556250572205, 0.630827009677887, 0.1486920416355133, 0.5827882289886475, 1.726172924041748, 0.8223628401756287, 2.935997247695923, 1.1491365432739258, 2.6874773502349854, 1.3773040771484375, -0.027465712279081345, 1.0260149240493774, 1.6011706590652466, 2.0646426677703857, 1.4496150016784668, 0.21277126669883728, 0.6567255258560181, -0.012890903279185295, 1.6356672048568726, 0.7718153595924377, 0.6421234011650085, 1.936414122581482, 0.0024164654314517975, 0.2095031440258026]"
integration,"[6, 5, 8, 4, 17, 11, 2, 8, 6, 12, 5]",34,"[0.43044182658195496, 2.2873458862304688, 1.406740665435791, 0.19216559827327728, 0.8505655527114868, 1.0287359952926636, 0.40098193287849426, 0.9956408739089966, 1.6453500986099243, 0.22032839059829712, -0.0015813258942216635, 1.7477989196777344, 1.1660605669021606, 0.6793752908706665, -0.008586591109633446, 3.401211738586426, 1.3759055137634277, 0.2738015949726105, 0.02508855052292347, 0.9523000717163086, 1.9922943115234375, 1.8659898042678833, 0.5062863230705261, 0.43876463174819946, 0.3443204462528229, 1.160266637802124, 0.5488883256912231, 1.3893882036209106, 0.3825455904006958, 0.9037248492240906, 1.6468513011932373, 0.5570042729377747, 1.2806085348129272, 0.3150210380554199, 0.3541988432407379, -0.05015132576227188, 2.6499059200286865, 1.2941503524780273, 0.09594176709651947, 0.4581353962421417, 2.4869821071624756, 0.35771048069000244, 0.4971858859062195, 0.25431767106056213, 0.9232293963432312, 0.38506561517715454, 2.282402276992798, 0.4782385230064392, 2.129067897796631, 0.9512877464294434, 0.05544108897447586, 1.1652151346206665, 1.2874397039413452, 1.5845177173614502, 0.3447512984275818, 0.3454223871231079, 0.3026145100593567, -0.0018878988921642303, 1.208329677581787, 1.4701006412506104, 1.2858054637908936, 1.8348857164382935, 0.08079832792282104, 0.3003200590610504]"
jurisdiction,"[23, 13, 11, 6, 7, 20, 6, 18, 8, 6, 12, 5]",34,"[0.42914173007011414, 2.715736150741577, 0.6478827595710754, 0.06935608386993408, 0.7072267532348633, 1.9300966262817383, 1.1532788276672363, 1.2385607957839966, 0.8200510740280151, 0.5589905381202698, 0.021383240818977356, 0.6506861448287964, 0.8484848737716675, 1.2916700839996338, -0.005766401067376137, 1.4578773975372314, 1.5815610885620117, 0.9091693162918091, 0.08745141327381134, 1.9473865032196045, 0.9835667610168457, 0.6431031823158264, 0.6308155655860901, 0.31649795174598694, 0.7317834496498108, 1.5931005477905273, 1.2183476686477661, 1.6143460273742676, 1.2408769130706787, 1.5407217741012573, 1.8763463497161865, 0.9980483055114746, 1.7188210487365723, 1.106114387512207, 1.080143690109253, 0.2654752731323242, 0.9368974566459656, 0.7719660401344299, 0.04961607605218887, 0.22018197178840637, 0.9793332815170288, 0.5932450294494629, 0.2709503471851349, 0.7272133827209473, 1.5776807069778442, 0.7698829770088196, 2.698866844177246, 1.3557450771331787, 2.3584399223327637, 1.527417540550232, 0.05066656693816185, 0.7176956534385681, 1.2769932746887207, 1.556968092918396, 1.5981473922729492, 0.18245160579681396, 0.6365305185317993, 0.00594739243388176, 1.262376070022583, 0.42808422446250916, 0.36337971687316895, 1.3682224750518799, 0.013432465493679047, 0.19106128811836243]"
market economy,"[19, 2, 11, 16, 4, 8, 31, 4, 18, 12, 5, 12, 19, 21]",34,"[0.7937594056129456, 1.8729382753372192, 1.0826596021652222, 0.320822536945343, 1.1040632724761963, 1.4648804664611816, 0.7947068214416504, 1.0291590690612793, 1.518363118171692, 0.15563462674617767, -0.007610209286212921, 1.3872650861740112, 0.8790329694747925, 1.1437627077102661, -0.01212584413588047, 2.9115426540374756, 1.0071922540664673, 0.5787097215652466, 0.027796881273388863, 1.4297386407852173, 1.80331552028656, 1.5658304691314697, 0.932387113571167, 0.8196226358413696, 0.8388722538948059, 0.8082842826843262, 0.8047758936882019, 1.4816460609436035, 1.0525004863739014, 1.1739387512207031, 1.799647569656372, 0.32174524664878845, 0.9516235589981079, 0.8705672025680542, 0.8907245397567749, 0.5822685360908508, 2.2204413414001465, 1.193721890449524, -0.00961633026599884, 0.4207589626312256, 2.191523551940918, 0.3096519410610199, 0.7573671936988831, 0.44389280676841736, 1.1095988750457764, 0.672907829284668, 1.9475209712982178, 0.6565108299255371, 1.9222264289855957, 0.8492828607559204, 0.04233480989933014, 0.9961917996406555, 0.9796923995018005, 1.5443599224090576, 0.9067069292068481, 0.8013684749603271, 0.30279844999313354, 0.0035115182399749756, 1.2407574653625488, 1.3809823989868164, 1.0651155710220337, 1.521106481552124, 0.11814901232719421, 0.7421430945396423]"
neutron,"[5, 4, 13, 8, 11, 12, 5]",34,"[0.39371469616889954, 2.4531872272491455, 0.6350589990615845, -0.008967887610197067, 0.6314111351966858, 1.5148323774337769, 0.8642943501472473, 0.9897481203079224, 0.5987700819969177, 0.4004773795604706, 0.012010307051241398, 0.8292515277862549, 1.0064042806625366, 0.929019033908844, -0.006615731865167618, 1.4499157667160034, 1.3400839567184448, 0.5660610198974609, 0.07915471494197845, 1.5512231588363647, 0.8721538782119751, 0.7268813848495483, 0.39680084586143494, 0.24913768470287323, 0.5232136845588684, 1.3271236419677734, 1.0343981981277466, 1.4717127084732056, 0.9458297491073608, 1.2599917650222778, 1.6970163583755493, 0.7286586761474609, 1.4391666650772095, 0.721341073513031, 0.7814041972160339, 0.09951471537351608, 1.0703271627426147, 0.9904188513755798, 0.056492969393730164, 0.2285660058259964, 0.9629538059234619, 0.44181299209594727, 0.19542327523231506, 0.5550291538238525, 1.3404496908187866, 0.458484947681427, 2.396278142929077, 1.0326765775680542, 2.1960790157318115, 1.2099344730377197, 0.009115936234593391, 0.7402493953704834, 1.225699543952942, 1.5888686180114746, 1.0941859483718872, 0.11491356790065765, 0.4230104684829712, -0.009023448452353477, 1.1620025634765625, 0.6562241315841675, 0.5897611379623413, 1.4658846855163574, -0.012218698859214783, 0.11018681526184082]"
proton,"[3, 11, 12, 8, 12, 5]",34,"[0.288034051656723, 2.756012201309204, 0.7641555666923523, 0.006023488938808441, 0.7459165453910828, 1.4411693811416626, 0.8252987861633301, 1.1691118478775024, 0.6753060221672058, 0.41425952315330505, 0.013033795170485973, 1.0868759155273438, 1.1048177480697632, 0.9201619029045105, -0.00829229038208723, 1.9187047481536865, 1.64776611328125, 0.5245651006698608, 0.09470455348491669, 1.382385492324829, 1.0337543487548828, 0.9791687726974487, 0.37901759147644043, 0.09385179728269577, 0.3582318425178528, 1.5404688119888306, 0.8706108927726746, 1.5944346189498901, 0.7411140203475952, 1.1879411935806274, 1.9742883443832397, 0.841702938079834, 1.6543771028518677, 0.6720218658447266, 0.5325250625610352, -0.07575315982103348, 1.4614285230636597, 1.152421474456787, 0.07728592306375504, 0.27742159366607666, 1.3012454509735107, 0.5203548669815063, 0.14091500639915466, 0.39330360293388367, 1.3381271362304688, 0.4781666696071625, 2.6238315105438232, 0.9115580916404724, 2.4155538082122803, 1.2549837827682495, -0.015537768602371216, 1.0533849000930786, 1.5034548044204712, 1.7352272272109985, 0.9059747457504272, 0.037074580788612366, 0.5116612315177917, 9.427592158317566e-05, 1.2426300048828125, 0.9686151146888733, 0.8907261490821838, 1.8954564332962036, -0.01044837012887001, 0.045264795422554016]"
ratification,"[11, 2, 8, 6, 22, 6, 18, 2, 8, 6, 12, 5]",34,"[0.43008124828338623, 3.2076592445373535, 0.5637340545654297, 0.061691250652074814, 0.9089334011077881, 1.9526399374008179, 1.1645246744155884, 1.5482367277145386, 0.5412807464599609, 0.49603933095932007, 0.005806772969663143, 0.7582238912582397, 0.9860310554504395, 1.4491255283355713, -0.005413368344306946, 1.432055950164795, 1.9020724296569824, 0.9523853063583374, 0.11508136987686157, 1.9670034646987915, 0.6802319288253784, 0.7060139179229736, 0.6184550523757935, 0.12446765601634979, 0.5381661653518677, 1.7865285873413086, 1.185215950012207, 1.9673562049865723, 1.2465046644210815, 1.5152722597122192, 2.305004119873047, 0.9514204263687134, 1.8570258617401123, 1.0970983505249023, 1.0285005569458008, 0.02482755482196808, 1.0483050346374512, 1.0444406270980835, -0.02018582820892334, 0.18255311250686646, 0.8796360492706299, 0.7289021611213684, 0.018271520733833313, 0.5840107202529907, 1.7100898027420044, 0.8581061959266663, 3.0434165000915527, 1.2368189096450806, 2.7309858798980713, 1.6337839365005493, 0.013210678473114967, 1.0747679471969604, 1.7035125494003296, 1.898792028427124, 1.4055708646774292, 0.04395759105682373, 0.7849013209342957, -0.01579880900681019, 1.4809324741363525, 0.664352297782898, 0.6113541126251221, 1.8894299268722534, 0.016377568244934082, 0.1089109480381012]"
segregation,"[7, 4, 17, 11, 4, 17, 2, 8, 6, 12, 5]",34,"[0.47058650851249695, 2.831540107727051, 0.9725649952888489, 0.0648687481880188, 0.8685974478721619, 1.611686110496521, 0.8814180493354797, 1.267046332359314, 0.9774191975593567, 0.3830101788043976, 0.003381299553439021, 1.2493672370910645, 1.1340641975402832, 1.0790637731552124, -0.006379564292728901, 2.3185391426086426, 1.6598029136657715, 0.5868300199508667, 0.07135210931301117, 1.6107228994369507, 1.2539215087890625, 1.1595101356506348, 0.5245411396026611, 0.272805780172348, 0.5312051773071289, 1.525468111038208, 1.0069862604141235, 1.7106900215148926, 0.9145222902297974, 1.3222272396087646, 2.0444350242614746, 0.7430201768875122, 1.5825071334838867, 0.7433232665061951, 0.7739734053611755, 0.012821085751056671, 1.707086205482483, 1.2149931192398071, 0.006260767579078674, 0.31824254989624023, 1.517164707183838, 0.5078282952308655, 0.19206131994724274, 0.4971346855163574, 1.3916438817977905, 0.580856204032898, 2.841334104537964, 1.0118131637573242, 2.6226866245269775, 1.3478373289108276, 0.019436484202742577, 1.0591295957565308, 1.475143313407898, 1.800666093826294, 1.0362111330032349, 0.1492515355348587, 0.4935039281845093, 0.005881857126951218, 1.4369205236434937, 0.971037745475769, 0.8677346706390381, 1.8732030391693115, 0.014849573373794556, 0.14851516485214233]"
socialism,"[7, 12, 18, 6, 2, 14, 6, 7, 19]",34,"[0.37478840351104736, 1.9988616704940796, 1.2877187728881836, 0.1575707346200943, 0.5283538699150085, 1.3350811004638672, 0.8573463559150696, 0.8151227831840515, 1.6787797212600708, 0.569730281829834, 0.02759224735200405, 1.1307224035263062, 0.8144550323486328, 0.7737555503845215, 0.0006035664118826389, 2.56697154045105, 1.1399368047714233, 0.581856369972229, 0.03577166423201561, 1.3999782800674438, 1.919202446937561, 1.2465418577194214, 0.5692973136901855, 0.5734355449676514, 0.7393342852592468, 1.2298535108566284, 0.9791232347488403, 0.9892736673355103, 0.8721952438354492, 1.2435743808746338, 1.1582790613174438, 0.9374018907546997, 1.359142541885376, 0.7224276065826416, 0.7967793345451355, 0.22319990396499634, 1.8726035356521606, 0.6250900030136108, 0.16897985339164734, 0.3366639018058777, 1.8583974838256836, 0.4307616651058197, 0.609479546546936, 0.6682883501052856, 1.1712933778762817, 0.4666399359703064, 2.053516149520874, 1.1832528114318848, 1.8619381189346313, 1.2786283493041992, 0.09986068308353424, 0.4959718585014343, 0.857901394367218, 1.0134040117263794, 1.2172483205795288, 0.4171087145805359, 0.4256029427051544, 0.01404794305562973, 0.9185448288917542, 0.6269566416740417, 0.49248892068862915, 0.8296849131584167, 0.055618464946746826, 0.3131473660469055]"
sustainability,"[7, 13, 7, 8, 2, 6, 5, 2, 10, 6, 14, 6, 8, 21]",34,"[0.5774329900741577, 2.477385997772217, 1.3822001218795776, 0.22311891615390778, 0.8423828482627869, 1.4954553842544556, 0.8229499459266663, 1.0922080278396606, 1.6576977968215942, 0.4260607063770294, 0.020824097096920013, 1.418905258178711, 1.0554533004760742, 1.0354795455932617, -0.004180503077805042, 2.9786012172698975, 1.4520729780197144, 0.6068377494812012, 0.054144252091646194, 1.4906667470932007, 1.895098328590393, 1.5081932544708252, 0.7187710404396057, 0.6239798069000244, 0.7085896730422974, 1.3511476516723633, 0.9508526921272278, 1.4428657293319702, 0.9551090002059937, 1.3259563446044922, 1.7074614763259888, 0.8575260639190674, 1.4888598918914795, 0.7340146899223328, 0.8634352087974548, 0.23154717683792114, 2.1823923587799072, 1.087996482849121, 0.03711149841547012, 0.33657121658325195, 2.0896756649017334, 0.49468517303466797, 0.5633281469345093, 0.6166077852249146, 1.3251738548278809, 0.5927584767341614, 2.484461784362793, 1.020363211631775, 2.2796926498413086, 1.319474220275879, 0.06252392381429672, 0.8882956504821777, 1.188575267791748, 1.540452241897583, 1.0916982889175415, 0.46971607208251953, 0.4796704649925232, -0.019165385514497757, 1.2792940139770508, 1.0412211418151855, 0.8091320991516113, 1.5206146240234375, 0.07815541326999664, 0.35955262184143066]"
theoretical,"[8, 9, 4, 12, 11, 4, 8, 6, 18, 2, 14]",34,"[0.5594270825386047, 2.4773294925689697, 1.01080322265625, 0.09612280130386353, 0.7031651139259338, 1.5655791759490967, 0.9237728118896484, 1.0581339597702026, 1.0352649688720703, 0.3972616195678711, 0.011419489979743958, 1.105004906654358, 1.1009944677352905, 1.0372469425201416, -0.006800898816436529, 1.9820235967636108, 1.3159048557281494, 0.6157491207122803, 0.06452472507953644, 1.6323156356811523, 1.3444761037826538, 1.057355523109436, 0.5543990731239319, 0.4779863655567169, 0.7725957632064819, 1.243597388267517, 1.1134854555130005, 1.4983052015304565, 1.0611937046051025, 1.4069048166275024, 1.7323788404464722, 0.7225898504257202, 1.377312421798706, 0.7972314357757568, 0.9245532751083374, 0.14712084829807281, 1.5056244134902954, 1.0031764507293701, 0.07577364146709442, 0.2289757877588272, 1.3317371606826782, 0.41227301955223083, 0.38164636492729187, 0.6539537906646729, 1.4102742671966553, 0.543354332447052, 2.454777240753174, 1.0954235792160034, 2.3077404499053955, 1.2917953729629517, 0.03673785552382469, 0.6462624669075012, 1.0930718183517456, 1.6472707986831665, 1.1897046566009521, 0.32094553112983704, 0.4396396577358246, 0.002785496413707733, 1.3227856159210205, 0.7428356409072876, 0.549624502658844, 1.42754065990448, 0.02250504493713379, 0.2401711344718933]"
totalitarianism,"[8, 12, 8, 2, 14, 6, 8, 2, 11, 6, 2, 5, 6, 7, 19]",34,"[0.5131789445877075, 2.6193158626556396, 1.0892757177352905, 0.15237297117710114, 0.7671842575073242, 1.66860032081604, 0.9289342164993286, 1.2274261713027954, 1.226265788078308, 0.44736379384994507, 0.005091085098683834, 1.1546647548675537, 1.051330327987671, 1.1094595193862915, 0.00012426357716321945, 2.3543787002563477, 1.5066478252410889, 0.7465395927429199, 0.05531327426433563, 1.6442128419876099, 1.505036473274231, 1.2097655534744263, 0.6187253594398499, 0.44210392236709595, 0.7095568180084229, 1.4187536239624023, 1.0400135517120361, 1.5361260175704956, 1.0336084365844727, 1.4125417470932007, 1.8081982135772705, 0.8255912065505981, 1.5659750699996948, 0.8467020988464355, 0.9164066314697266, 0.13930726051330566, 1.7775074243545532, 1.028126835823059, 0.02284950017929077, 0.3099726140499115, 1.6709039211273193, 0.5034953951835632, 0.3599483370780945, 0.6557785272598267, 1.3700382709503174, 0.6400536298751831, 2.6565771102905273, 1.0842357873916626, 2.436372995376587, 1.4283502101898193, 0.06314431875944138, 0.8474059700965881, 1.2921024560928345, 1.624799132347107, 1.1587563753128052, 0.34163159132003784, 0.4800087511539459, 0.01665680855512619, 1.3696560859680176, 0.8366658091545105, 0.6891478896141052, 1.4992142915725708, 0.06731237471103668, 0.23709973692893982]"
anaphora,"[2, 5, 2, 3, 9, 12, 11, 2]",34,"[0.5840129256248474, 2.205751657485962, 0.9646432399749756, 0.13207659125328064, 0.9122540950775146, 1.1474672555923462, 0.48544177412986755, 1.0033851861953735, 1.0490665435791016, 0.13284045457839966, -0.006111862137913704, 1.3724045753479004, 1.1438482999801636, 0.8757079839706421, -0.0031713841017335653, 2.531242609024048, 1.2576169967651367, 0.3239869475364685, 0.03299065679311752, 1.1165413856506348, 1.3594764471054077, 1.3646836280822754, 0.5523791313171387, 0.45495426654815674, 0.4732508063316345, 1.0270051956176758, 0.6352913975715637, 1.5441558361053467, 0.6142960786819458, 0.9456506371498108, 1.787223219871521, 0.4366120398044586, 1.1290550231933594, 0.4232163429260254, 0.5235037207603455, 0.11293900012969971, 1.9828654527664185, 1.3329071998596191, 0.023065656423568726, 0.33686357736587524, 1.7695493698120117, 0.3116587698459625, 0.37886887788772583, 0.2912991940975189, 0.9912787079811096, 0.4223913550376892, 2.2334158420562744, 0.5509252548217773, 2.0841519832611084, 0.845141589641571, 0.02127842791378498, 1.0619699954986572, 1.2422899007797241, 1.762730598449707, 0.5454851388931274, 0.3682539165019989, 0.26755794882774353, -0.0046912990510463715, 1.3331862688064575, 1.2767102718353271, 1.101719617843628, 1.8582578897476196, 0.047128066420555115, 0.3192218840122223]"
dystopia,"[20, 21, 7, 8, 12, 3, 6, 2]",34,"[0.6696651577949524, 2.300600290298462, 1.1451795101165771, 0.10258379578590393, 0.6035740971565247, 1.6015732288360596, 0.8422380685806274, 0.9448848366737366, 1.313001036643982, 0.35749688744544983, 0.008767747320234776, 1.1757744550704956, 1.1562066078186035, 0.9969980716705322, 0.009453414008021355, 2.2640082836151123, 1.0811805725097656, 0.6311382055282593, 0.04678017646074295, 1.6812952756881714, 1.6453617811203003, 1.1706165075302124, 0.5979478359222412, 0.7299402952194214, 0.977108895778656, 1.118543267250061, 1.1046010255813599, 1.4225773811340332, 1.1249799728393555, 1.4559282064437866, 1.5197468996047974, 0.6973257064819336, 1.2081780433654785, 0.7293113470077515, 0.9894208312034607, 0.27833524346351624, 1.6907411813735962, 1.0432721376419067, 0.08172493427991867, 0.2635122239589691, 1.546088457107544, 0.32282862067222595, 0.5275741219520569, 0.7527909278869629, 1.3612924814224243, 0.5380554795265198, 2.367654323577881, 1.1894550323486328, 2.211580276489258, 1.2706856727600098, 0.0621420219540596, 0.5842950940132141, 0.9449620842933655, 1.5511524677276611, 1.2452247142791748, 0.5362336039543152, 0.3538041114807129, -0.015768149867653847, 1.3317501544952393, 0.7100096940994263, 0.49913161993026733, 1.2356969118118286, 0.046737611293792725, 0.2872265577316284]"
hubris,"[9, 13, 10, 11, 6, 7]",34,"[0.23667709529399872, 1.8184282779693604, 1.1887106895446777, 0.15006224811077118, 0.3920306861400604, 1.0381381511688232, 0.6545354723930359, 0.5992967486381531, 1.5651378631591797, 0.585917055606842, 0.04431150481104851, 1.0268974304199219, 0.7730845212936401, 0.48311880230903625, -0.0019369479268789291, 2.4443438053131104, 1.128812313079834, 0.37291058897972107, 0.03242839500308037, 1.073239803314209, 1.7820943593978882, 1.0847328901290894, 0.40919655561447144, 0.4115527868270874, 0.496791809797287, 1.2722834348678589, 0.8245625495910645, 0.828323483467102, 0.597081184387207, 0.9224605560302734, 0.8720479607582092, 1.079798936843872, 1.3913027048110962, 0.4696749448776245, 0.5062170028686523, 0.11300615966320038, 1.7402738332748413, 0.5224339365959167, 0.17864049971103668, 0.4005047678947449, 1.792866587638855, 0.40535297989845276, 0.5704878568649292, 0.5593817234039307, 0.9690312147140503, 0.24047893285751343, 1.8110407590866089, 1.0269532203674316, 1.5883184671401978, 1.0773147344589233, 0.06857603788375854, 0.5129261612892151, 0.792953372001648, 0.8369060754776001, 1.014557123184204, 0.32214856147766113, 0.35878926515579224, 0.010261066257953644, 0.6918085217475891, 0.6285499930381775, 0.5340554714202881, 0.7723214030265808, 0.030740268528461456, 0.26367297768592834]"
stream of consciousness,"[7, 8, 11, 4, 2, 19, 31, 12, 22, 31, 18, 12, 5, 7, 18, 6, 12, 13, 7, 5, 4, 7, 7]",34,"[1.0175247192382812, 3.706538200378418, -0.3382716178894043, 0.004517562687397003, 1.340943694114685, 3.707584857940674, 2.3984389305114746, 2.241983413696289, -0.5112993717193604, 0.7672641277313232, -0.028934234753251076, -0.32402077317237854, 0.7076621055603027, 2.8003547191619873, 0.00028706295415759087, -0.4001471698284149, 2.0896785259246826, 2.1876420974731445, 0.130421981215477, 3.6285133361816406, -0.5526293516159058, -0.29835444688796997, 1.3558095693588257, 0.5715304017066956, 1.7042946815490723, 2.0055956840515137, 2.035518169403076, 2.8665056228637695, 2.9310824871063232, 2.6933650970458984, 3.429964780807495, 0.8991894721984863, 2.0476598739624023, 2.5290331840515137, 2.325500249862671, 1.0893713235855103, -0.4618268609046936, 0.9694296717643738, -0.15469107031822205, -0.12533769011497498, -0.5852634906768799, 1.0993173122406006, 0.19952592253684998, 1.2640366554260254, 2.7979440689086914, 1.6236661672592163, 3.714066982269287, 2.2461986541748047, 3.427537679672241, 2.1945347785949707, -0.059130553156137466, 0.8365265130996704, 1.8021626472473145, 2.3676257133483887, 3.202263355255127, 0.6111879348754883, 1.2875394821166992, 0.012454312294721603, 2.1905994415283203, 0.10171451419591904, 0.09858417510986328, 1.7709922790527344, 0.02936992049217224, 0.44448336958885193]"
tragic hero,"[8, 11, 2, 17, 6, 18, 31, 9, 4, 11, 12]",34,"[0.7805734276771545, 1.2624198198318481, 1.1521508693695068, 0.24820445477962494, 0.9421496391296387, 1.1946375370025635, 0.6363083124160767, 0.6373330950737, 1.669469952583313, 0.1995290219783783, -0.009639549069106579, 1.2175449132919312, 0.7950819730758667, 0.9072587490081787, -0.012415518052875996, 2.8433258533477783, 0.6254031658172607, 0.4841434359550476, 0.009784523397684097, 1.1796631813049316, 1.7826786041259766, 1.5029122829437256, 0.848640501499176, 1.0376074314117432, 0.9303538203239441, 0.4420912563800812, 0.7697133421897888, 1.124566912651062, 0.9549994468688965, 1.0109277963638306, 1.2393219470977783, 0.342210054397583, 0.6007755994796753, 0.6728014349937439, 0.8714269399642944, 0.6332352161407471, 2.113192081451416, 1.0561226606369019, 0.06778036057949066, 0.3300192356109619, 2.074967384338379, 0.19415828585624695, 0.9399036169052124, 0.46348217129707336, 0.8732650876045227, 0.47518739104270935, 1.3394352197647095, 0.5846157670021057, 1.3869062662124634, 0.6815693378448486, 0.08937636762857437, 0.543994128704071, 0.5345216989517212, 1.22002112865448, 0.8787271976470947, 0.9252105951309204, 0.2063210904598236, 0.0018298178911209106, 0.9961780309677124, 1.1481633186340332, 0.802585780620575, 0.9342800378799438, 0.08499956130981445, 0.7745713591575623]"
