answer,word_ids,vocab_size,predicted_profiles
choose,"[18, 9, 12, 12, 7, 4]",34,"[0.32085344195365906, 0.06547766923904419, 0.5122584700584412, 0.07742312550544739, 0.023987317457795143]"
compare,"[18, 12, 19, 3, 2, 11, 4]",34,"[0.2818966209888458, 0.08269795030355453, 0.16783681511878967, 0.4498263895511627, 0.017742184922099113]"
complete,"[18, 12, 19, 3, 14, 4, 8, 4]",34,"[0.3539625406265259, 0.04089198634028435, 0.41972672939300537, 0.16992542147636414, 0.015493298880755901]"
connect,"[18, 12, 5, 5, 4, 18, 8]",34,"[0.2501836121082306, 0.1208978071808815, 0.1720718890428543, 0.2922372817993164, 0.16460943222045898]"
correct,"[18, 12, 11, 11, 4, 18, 8]",34,"[0.39878785610198975, 0.13534435629844666, 0.20459692180156708, 0.20974202454090118, 0.051528945565223694]"
create,"[18, 11, 4, 2, 8, 4]",34,"[0.523749053478241, 0.05501797795295715, 0.29668989777565, 0.10921262949705124, 0.015330389142036438]"
decide,"[20, 4, 18, 6, 20, 4]",34,"[0.564915657043457, 0.20806032419204712, 0.09570774435997009, 0.09634533524513245, 0.03497099503874779]"
describe,"[20, 4, 7, 18, 11, 6, 10, 4]",34,"[0.21622848510742188, 0.05739139765501022, 0.24450406432151794, 0.38416898250579834, 0.09770699590444565]"
detail,"[20, 4, 8, 2, 6, 14]",34,"[0.4375506639480591, 0.4443807005882263, 0.07651562988758087, 0.03419981151819229, 0.007353254593908787]"
develop,"[20, 4, 28, 4, 14, 12, 3]",34,"[0.07366202771663666, 0.7500335574150085, 0.029766354709863663, 0.13876760005950928, 0.007770427968353033]"
different,"[20, 6, 22, 22, 4, 11, 4, 5, 8]",34,"[0.44825756549835205, 0.031285423785448074, 0.42841997742652893, 0.07294703274965286, 0.01908995769917965]"
discover,"[20, 6, 7, 18, 12, 28, 4, 11]",34,"[0.12401525676250458, 0.03875398263335228, 0.7111930847167969, 0.10738680511713028, 0.0186508409678936]"
example,"[4, 27, 2, 19, 3, 14, 4]",34,"[0.26457908749580383, 0.036295995116233826, 0.17472536861896515, 0.47542041540145874, 0.04897910729050636]"
explain,"[4, 27, 3, 14, 2, 6, 5]",34,"[0.29910409450531006, 0.09498315304517746, 0.3392423093318939, 0.20645056664943695, 0.060219939798116684]"
explore,"[4, 27, 3, 14, 12, 11, 4]",34,"[0.3766368627548218, 0.0720103532075882, 0.13893970847129822, 0.397098183631897, 0.015314916148781776]"
finally,"[22, 6, 5, 2, 14, 14, 21]",34,"[0.14068830013275146, 0.07829049229621887, 0.7162805199623108, 0.04342992231249809, 0.02131076157093048]"
first,"[22, 6, 11, 7, 8]",34,"[0.4207412302494049, 0.20204134285449982, 0.06926573812961578, 0.2114003300666809, 0.0965513288974762]"
idea,"[6, 20, 4, 2]",34,"[0.6732836365699768, 0.04895688220858574, 0.16108937561511993, 0.09807183593511581, 0.018598295748233795]"
imagine,"[6, 19, 2, 17, 6, 5, 4]",34,"[0.14629288017749786, 0.33341988921165466, 0.15064047276973724, 0.3421214520931244, 0.027525311335921288]"
important,"[6, 19, 3, 12, 11, 8, 2, 5, 8]",34,"[0.026494279503822327, 0.0591294951736927, 0.10448237508535385, 0.8036461472511292, 0.006247766315937042]"
improve,"[6, 19, 3, 11, 12, 28, 4]",34,"[0.08646693825721741, 0.0292279664427042, 0.691720187664032, 0.18489472568035126, 0.007690203841775656]"
information,"[6, 5, 22, 12, 11, 19, 2, 8, 6, 12, 5]",34,"[0.09777688980102539, 0.19379420578479767, 0.3886173963546753, 0.30463847517967224, 0.01517307199537754]"
learn,"[14, 4, 2, 11, 5]",34,"[0.6647010445594788, 0.06487177312374115, 0.1467302441596985, 0.10546627640724182, 0.018230658024549484]"
middle,"[19, 6, 20, 20, 14, 4]",34,"[0.34388434886932373, 0.06257615983486176, 0.5369304418563843, 0.03713472932577133, 0.019474290311336517]"
next,"[5, 4, 27, 8]",34,"[0.22596405446529388, 0.3411804437637329, 0.12395678460597992, 0.24667209386825562, 0.06222669407725334]"
notice,"[5, 12, 8, 6, 18, 4]",34,"[0.2578253746032715, 0.31680476665496826, 0.15319307148456573, 0.16537413001060486, 0.10680267214775085]"
observe,"[12, 10, 7, 4, 11, 28, 4]",34,"[0.6622994542121887, 0.03691430017352104, 0.16487151384353638, 0.11977788060903549, 0.016136813908815384]"
order,"[12, 11, 20, 4, 11]",34,"[0.33586233854293823, 0.28213515877723694, 0.09722818434238434, 0.21902130544185638, 0.06575297564268112]"
organize,"[12, 11, 17, 2, 5, 6, 15, 4]",34,"[0.2602844834327698, 0.14897026121616364, 0.24712665379047394, 0.28742101788520813, 0.056197572499513626]"
predict,"[3, 11, 4, 20, 6, 18, 8]",34,"[0.26470670104026794, 0.21753448247909546, 0.3216138184070587, 0.14221377670764923, 0.05393117666244507]"
problem,"[3, 11, 12, 10, 14, 4, 19]",34,"[0.2782263457775116, 0.09100788086652756, 0.12374738603830338, 0.48519325256347656, 0.02182522416114807]"
question,"[24, 13, 4, 7, 8, 6, 12, 5]",34,"[0.2557544708251953, 0.12265127897262573, 0.4915006160736084, 0.10145576298236847, 0.028637906536459923]"
reason,"[11, 4, 2, 7, 12, 5]",34,"[0.4250379800796509, 0.09272822737693787, 0.2479826658964157, 0.21040627360343933, 0.023844867944717407]"
require,"[11, 4, 24, 13, 6, 11, 4]",34,"[0.4420183300971985, 0.26197701692581177, 0.12251472473144531, 0.15095780789852142, 0.022532111033797264]"
similar,"[7, 6, 19, 6, 14, 2, 11]",34,"[0.1049710214138031, 0.7854121923446655, 0.010926217772066593, 0.0919390544295311, 0.006751480046659708]"
solution,"[7, 12, 14, 13, 8, 6, 12, 5]",34,"[0.08266161382198334, 0.18132048845291138, 0.43157824873924255, 0.28625109791755676, 0.018188446760177612]"
succeed,"[7, 13, 18, 18, 4, 4, 20]",34,"[0.22597858309745789, 0.0983758196234703, 0.5069046020507812, 0.08252179622650146, 0.0862191841006279]"
understand,"[13, 5, 20, 4, 11, 7, 8, 2, 5, 20]",34,"[0.2580655515193939, 0.1500055491924286, 0.0860910639166832, 0.47896361351013184, 0.026874303817749023]"
wonder,"[26, 12, 5, 20, 4, 11]",34,"[0.30745020508766174, 0.11098599433898926, 0.21818257868289948, 0.315305233001709, 0.04807595536112785]"
achieve,"[2, 18, 9, 6, 4, 28, 4]",34,"[0.8003373742103577, 0.013398648239672184, 0.1349935084581375, 0.04279928654432297, 0.008471187204122543]"
addition,"[2, 20, 20, 6, 8, 6, 12, 5]",34,"[0.0670691728591919, 0.14829029142856598, 0.6689290404319763, 0.0952366441488266, 0.020474839955568314]"
citizen,"[18, 6, 8, 6, 15, 4, 5]",34,"[0.24847102165222168, 0.48295268416404724, 0.05178732052445412, 0.10810735076665878, 0.10868152230978012]"
community,"[18, 12, 19, 19, 13, 5, 6, 8, 21]",34,"[0.1462215930223465, 0.21096204221248627, 0.3527960777282715, 0.24596776068210602, 0.04405253380537033]"
continent,"[18, 12, 5, 8, 6, 5, 4, 5, 8]",34,"[0.11936035007238388, 0.6311304569244385, 0.058539967983961105, 0.1569264978170395, 0.03404272720217705]"
energy,"[4, 5, 4, 11, 17, 21]",34,"[0.17595314979553223, 0.328104704618454, 0.08439511805772781, 0.2789236903190613, 0.13262338936328888]"
equal,"[4, 24, 13, 2, 14]",34,"[0.3531968891620636, 0.15141548216342926, 0.2322942018508911, 0.22713375091552734, 0.03595958277583122]"
globe,"[17, 14, 12, 10, 4]",34,"[0.41868484020233154, 0.1198887899518013, 0.3041345775127411, 0.12277474999427795, 0.03451703488826752]"
habitat,"[9, 2, 10, 6, 8, 2, 8]",34,"[0.21723146736621857, 0.42249536514282227, 0.2332974374294281, 0.074969083070755, 0.052006661891937256]"
insect,"[6, 5, 7, 4, 18, 8]",34,"[0.1958387941122055, 0.24779756367206573, 0.14386384189128876, 0.3136431574821472, 0.098856620490551]"
mammal,"[19, 2, 19, 19, 2, 14]",34,"[0.24762995541095734, 0.129728764295578, 0.414129376411438, 0.1818397492170334, 0.0266721174120903]"
map,"[19, 2, 3]",34,"[0.27352404594421387, 0.3709186613559723, 0.16582642495632172, 0.12442435324192047, 0.06530658155679703]"
material,"[19, 2, 8, 4, 11, 6, 2, 14]",34,"[0.2580583095550537, 0.4153386056423187, 0.15097618103027344, 0.1654403656721115, 0.01018650084733963]"
mayor,"[19, 2, 21, 12, 11]",34,"[0.2232445329427719, 0.19071759283542633, 0.057438645511865616, 0.4944286048412323, 0.03417067602276802]"
ocean,"[12, 18, 4, 2, 5]",34,"[0.6626716256141663, 0.03175022825598717, 0.13671350479125977, 0.13539381325244904, 0.03347083926200867]"
reptile,"[11, 4, 3, 8, 6, 14, 4]",34,"[0.4828929603099823, 0.1030760332942009, 0.2848884165287018, 0.11638826876878738, 0.012754380702972412]"
season,"[7, 4, 2, 7, 12, 5]",34,"[0.32271236181259155, 0.13015979528427124, 0.2221493273973465, 0.27995458245277405, 0.04502399265766144]"
subtraction,"[7, 13, 10, 8, 11, 2, 18, 8, 6, 12, 5]",34,"[0.07330116629600525, 0.5941523909568787, 0.13182544708251953, 0.17932307720184326, 0.021397899836301804]"
temperature,"[8, 4, 19, 3, 4, 11, 2, 8, 13, 11, 4]",34,"[0.14725174009799957, 0.09958654642105103, 0.3887714445590973, 0.34961795806884766, 0.014772361144423485]"
weather,"[26, 4, 2, 8, 9, 4, 11]",34,"[0.23887945711612701, 0.08832040429115295, 0.47970065474510193, 0.17756684124469757, 0.015532657504081726]"
author,"[2, 13, 8, 9, 12, 11]",34,"[0.12040481716394424, 0.16300930082798004, 0.43554821610450745, 0.25894030928611755, 0.022097351029515266]"
beginning,"[10, 4, 17, 6, 5, 5, 6, 5, 17]",34,"[0.2730496823787689, 0.25028419494628906, 0.32568463683128357, 0.11526284366846085, 0.035718582570552826]"
chapter,"[18, 9, 2, 3, 8, 4, 11]",34,"[0.4105913043022156, 0.2040565013885498, 0.28021156787872314, 0.08153638243675232, 0.023604197427630424]"
character,"[18, 9, 2, 11, 2, 18, 8, 4, 11]",34,"[0.2889541685581207, 0.10347199440002441, 0.3028022050857544, 0.2487056851387024, 0.05606594681739807]"
ending,"[4, 5, 20, 6, 5, 17]",34,"[0.1659558117389679, 0.42283928394317627, 0.20938259363174438, 0.16786044836044312, 0.03396175429224968]"
fable,"[22, 2, 10, 14, 4]",34,"[0.32454589009284973, 0.2903452515602112, 0.1332370489835739, 0.19916141033172607, 0.05271034315228462]"
fact,"[22, 2, 18, 8]",34,"[0.20817731320858002, 0.16296765208244324, 0.3135019838809967, 0.18439942598342896, 0.1309536099433899]"
fiction,"[22, 6, 18, 8, 6, 12, 5]",34,"[0.11804112792015076, 0.19223378598690033, 0.38304808735847473, 0.23085710406303406, 0.0758199617266655]"
illustrator,"[6, 14, 14, 13, 7, 8, 11, 2, 8, 12, 11]",34,"[0.11716865748167038, 0.07127108424901962, 0.6944493651390076, 0.10421288758516312, 0.012897959910333157]"
moral,"[19, 12, 11, 2, 14]",34,"[0.2681241035461426, 0.5325135588645935, 0.042548298835754395, 0.1328394114971161, 0.023974567651748657]"
narrator,"[5, 2, 11, 11, 2, 8, 12, 11]",34,"[0.16941654682159424, 0.2841242551803589, 0.12979871034622192, 0.39846476912498474, 0.01819574646651745]"
nonfiction,"[5, 12, 5, 22, 6, 18, 8, 6, 12, 5]",34,"[0.10318095237016678, 0.18255303800106049, 0.43769359588623047, 0.21951721608638763, 0.05705523118376732]"
opinion,"[12, 3, 6, 5, 6, 12, 5]",34,"[0.17842572927474976, 0.49053502082824707, 0.10775775462388992, 0.16451811790466309, 0.058763351291418076]"
poem,"[3, 12, 4, 19]",34,"[0.5705658793449402, 0.10743945837020874, 0.1682710349559784, 0.12914465367794037, 0.024578969925642014]"
rhyme,"[11, 9, 21, 19, 4]",34,"[0.18208648264408112, 0.6203786134719849, 0.07820053398609161, 0.09596752375364304, 0.023366868495941162]"
setting,"[7, 4, 8, 8, 6, 5, 17]",34,"[0.13660994172096252, 0.26016050577163696, 0.4525090754032135, 0.12949812412261963, 0.021222390234470367]"
title,"[8, 6, 8, 14, 4]",34,"[0.5963472723960876, 0.13547518849372864, 0.12787145376205444, 0.11481732130050659, 0.025488708168268204]"
agree,"[2, 17, 11, 4, 4]",34,"[0.33026331663131714, 0.23757877945899963, 0.3578251004219055, 0.059600215405225754, 0.014732662588357925]"
alphabetical,"[2, 14, 3, 9, 2, 10, 4, 8, 6, 18, 2, 14]",34,"[0.08689968287944794, 0.05048173666000366, 0.5655913949012756, 0.22926630079746246, 0.06776092201471329]"
antonym,"[2, 5, 8, 12, 5, 21, 19]",34,"[0.08306913077831268, 0.0577903613448143, 0.06348162889480591, 0.7742034196853638, 0.021455470472574234]"
because,"[10, 4, 18, 2, 13, 7, 4]",34,"[0.5883864164352417, 0.08804143220186234, 0.17390412092208862, 0.11347996443510056, 0.03618810698390007]"
blend,"[10, 14, 4, 5, 20]",34,"[0.24618226289749146, 0.2797984480857849, 0.09831417351961136, 0.29221633076667786, 0.08348878473043442]"
compound,"[18, 12, 19, 3, 12, 13, 5, 20]",34,"[0.1242317408323288, 0.15131129324436188, 0.2589154839515686, 0.43396636843681335, 0.031575124710798264]"
consonant,"[18, 12, 5, 7, 12, 5, 2, 5, 8]",34,"[0.09267612546682358, 0.11582387983798981, 0.10896643996238708, 0.623042106628418, 0.05949153006076813]"
contraction,"[18, 12, 5, 8, 11, 2, 18, 8, 6, 12, 5]",34,"[0.0999578982591629, 0.33108243346214294, 0.2647453844547272, 0.25446316599845886, 0.049751151353120804]"
definition,"[20, 4, 22, 6, 5, 6, 8, 6, 12, 5]",34,"[0.09605848789215088, 0.17862239480018616, 0.41533857583999634, 0.27671781182289124, 0.033262722194194794]"
dictionary,"[20, 6, 18, 8, 6, 12, 5, 2, 11, 21]",34,"[0.10612035542726517, 0.17329570651054382, 0.29046231508255005, 0.338894248008728, 0.09122738987207413]"
digraph,"[20, 6, 17, 11, 2, 3, 9]",34,"[0.11327175050973892, 0.38820841908454895, 0.42019137740135193, 0.05394065007567406, 0.024387719109654427]"
disagree,"[20, 6, 7, 2, 17, 11, 4, 4]",34,"[0.32340866327285767, 0.3827582597732544, 0.17454366385936737, 0.09926167130470276, 0.020027723163366318]"
glossary,"[17, 14, 12, 7, 7, 2, 11, 21]",34,"[0.2955620288848877, 0.22780507802963257, 0.19322682917118073, 0.23044516146183014, 0.05296088755130768]"
homophone,"[9, 12, 19, 12, 3, 9, 12, 5, 4]",34,"[0.07828934490680695, 0.08069909363985062, 0.24290229380130768, 0.5860618352890015, 0.012047517113387585]"
incorrect,"[6, 5, 18, 12, 11, 11, 4, 18, 8]",34,"[0.20092521607875824, 0.15237511694431305, 0.23107224702835083, 0.3688223361968994, 0.04680509865283966]"
plural,"[3, 14, 13, 11, 2, 14]",34,"[0.36209481954574585, 0.2496284544467926, 0.16137444972991943, 0.15847322344779968, 0.06842906028032303]"
possessive,"[3, 12, 7, 7, 4, 7, 7, 6, 28, 4]",34,"[0.1000177413225174, 0.020429013296961784, 0.8388769030570984, 0.03705041855573654, 0.0036259375046938658]"
prefix,"[3, 11, 4, 22, 6, 27]",34,"[0.5325942635536194, 0.12095082551240921, 0.10531041026115417, 0.21876707673072815, 0.02237742394208908]"
singular,"[7, 6, 5, 17, 13, 14, 2, 11]",34,"[0.2051384299993515, 0.5899788737297058, 0.056061554700136185, 0.13452433049678802, 0.014296810142695904]"
suffix,"[7, 13, 22, 22, 6, 27]",34,"[0.21346352994441986, 0.3226153254508972, 0.13146811723709106, 0.2860693633556366, 0.046383682638406754]"
syllable,"[7, 21, 14, 14, 2, 10, 14, 4]",34,"[0.3507193922996521, 0.1836935132741928, 0.290473997592926, 0.13372063636779785, 0.04139254614710808]"
synonym,"[7, 21, 5, 12, 5, 21, 19]",34,"[0.09527093172073364, 0.055816661566495895, 0.08666224777698517, 0.7010442018508911, 0.061205945909023285]"
vowel,"[28, 12, 26, 4, 14]",34,"[0.8269190192222595, 0.04689105972647667, 0.07807096093893051, 0.043148472905159, 0.004970495589077473]"
accurate,"[2, 18, 18, 13, 11, 2, 8, 4]",34,"[0.23403970897197723, 0.22740525007247925, 0.17150762677192688, 0.3260895609855652, 0.04095790535211563]"
analyze,"[2, 5, 2, 14, 21, 15, 4]",34,"[0.16221584379673004, 0.6464154720306396, 0.06030439957976341, 0.07300298660993576, 0.05806127190589905]"
apply,"[2, 3, 3, 14, 21]",34,"[0.11056318134069443, 0.11469259113073349, 0.6727622151374817, 0.06696199625730515, 0.03501996397972107]"
arrange,"[2, 11, 11, 2, 5, 17, 4]",34,"[0.25287196040153503, 0.09916629642248154, 0.32581135630607605, 0.29318708181381226, 0.02896336279809475]"
audience,"[2, 13, 20, 6, 4, 5, 18, 4]",34,"[0.22154563665390015, 0.2247842401266098, 0.12243359535932541, 0.30428650975227356, 0.1269499659538269]"
category,"[18, 2, 8, 4, 17, 12, 11, 21]",34,"[0.15350677073001862, 0.13258615136146545, 0.04917144030332565, 0.6513974666595459, 0.013338125310838223]"
classify,"[18, 14, 2, 7, 7, 6, 22, 21]",34,"[0.21031631529331207, 0.10512594878673553, 0.357971727848053, 0.1323762983083725, 0.19420967996120453]"
combine,"[18, 12, 19, 10, 6, 5, 4]",34,"[0.23672331869602203, 0.13891127705574036, 0.4189935624599457, 0.14143744111061096, 0.06393441557884216]"
conclusion,"[18, 12, 5, 18, 14, 13, 7, 6, 12, 5]",34,"[0.11514806747436523, 0.0453566275537014, 0.7041230797767639, 0.0948840081691742, 0.04048825427889824]"
contrast,"[18, 12, 5, 8, 11, 2, 7, 8]",34,"[0.20399372279644012, 0.48747509717941284, 0.055226653814315796, 0.21498826146125793, 0.038316283375024796]"
contribute,"[18, 12, 5, 8, 11, 6, 10, 13, 8, 4]",34,"[0.0734875276684761, 0.09912551939487457, 0.5937199592590332, 0.22310587763786316, 0.010561132803559303]"
demonstrate,"[20, 4, 19, 12, 5, 7, 8, 11, 2, 8, 4]",34,"[0.09278380870819092, 0.1574297994375229, 0.08055901527404785, 0.6532671451568604, 0.015960175544023514]"
determine,"[20, 4, 8, 4, 11, 19, 6, 5, 4]",34,"[0.14970308542251587, 0.5557112693786621, 0.11815320700407028, 0.16491951048374176, 0.011512896977365017]"
distinguish,"[20, 6, 7, 8, 6, 5, 17, 13, 6, 7, 9]",34,"[0.08616013079881668, 0.0896308571100235, 0.7137481570243835, 0.08173997700214386, 0.028720878064632416]"
edit,"[4, 20, 6, 8]",34,"[0.3078404664993286, 0.18000677227973938, 0.1962975263595581, 0.2012001872062683, 0.11465512216091156]"
entertain,"[4, 5, 8, 4, 11, 8, 2, 6, 5]",34,"[0.2891877591609955, 0.3760809898376465, 0.16828815639019012, 0.15139140188694, 0.015051748603582382]"
evidence,"[4, 28, 6, 20, 4, 5, 18, 4]",34,"[0.1601606160402298, 0.13535615801811218, 0.05660443380475044, 0.5792837142944336, 0.0685950219631195]"
examine,"[4, 27, 2, 19, 6, 5, 4]",34,"[0.16027402877807617, 0.2429189682006836, 0.06327946484088898, 0.48318150639533997, 0.050346072763204575]"
experiment,"[4, 27, 3, 4, 11, 6, 19, 4, 5, 8]",34,"[0.08400136232376099, 0.3637138903141022, 0.061721090227365494, 0.44448232650756836, 0.04608147218823433]"
generate,"[17, 4, 5, 4, 11, 2, 8, 4]",34,"[0.22403420507907867, 0.29785478115081787, 0.06653299927711487, 0.3836354911327362, 0.027942508459091187]"
identify,"[6, 20, 4, 5, 8, 6, 22, 21]",34,"[0.1299920231103897, 0.4977642595767975, 0.07242541760206223, 0.21100296080112457, 0.08881545066833496]"
infer,"[6, 5, 22, 4, 11]",34,"[0.24255003035068512, 0.40258297324180603, 0.1227264255285263, 0.1695333868265152, 0.06260707229375839]"
inform,"[6, 5, 22, 12, 11, 19]",34,"[0.16582365334033966, 0.458213210105896, 0.10252662003040314, 0.2361224740743637, 0.03731401637196541]"
interpret,"[6, 5, 8, 4, 11, 3, 11, 4, 8]",34,"[0.14460985362529755, 0.13941316306591034, 0.4428078532218933, 0.25109952688217163, 0.02206961251795292]"
introduce,"[6, 5, 8, 11, 12, 20, 13, 18, 4]",34,"[0.07509540766477585, 0.7431073188781738, 0.11665420979261398, 0.05666905269026756, 0.008473975583910942]"
investigate,"[6, 5, 28, 4, 7, 8, 6, 17, 2, 8, 4]",34,"[0.09414097666740417, 0.026339294388890266, 0.4805088937282562, 0.3932611048221588, 0.00574980303645134]"
judge,"[23, 13, 20, 17, 4]",34,"[0.17184293270111084, 0.1336566060781479, 0.6253092885017395, 0.04456854984164238, 0.024622606113553047]"
locate,"[14, 12, 18, 2, 8, 4]",34,"[0.4861825406551361, 0.08634647727012634, 0.24468547105789185, 0.16072963178157806, 0.02205583266913891]"
meaningful,"[19, 4, 2, 5, 6, 5, 17, 22, 13, 14]",34,"[0.392640620470047, 0.14254307746887207, 0.3788740634918213, 0.07848728448152542, 0.007454992737621069]"
paraphrase,"[3, 2, 11, 2, 3, 9, 11, 2, 7, 4]",34,"[0.3356500267982483, 0.2442542016506195, 0.2357095181941986, 0.13798411190509796, 0.04640214517712593]"
persuade,"[3, 4, 11, 7, 13, 2, 20, 4]",34,"[0.20142988860607147, 0.0385875403881073, 0.06012172996997833, 0.6835342049598694, 0.01632660999894142]"
prediction,"[3, 11, 4, 20, 6, 18, 8, 6, 12, 5]",34,"[0.11630825698375702, 0.17049112915992737, 0.5264905691146851, 0.15680813789367676, 0.029901985079050064]"
publish,"[3, 13, 10, 14, 6, 7, 9]",34,"[0.07892400771379471, 0.719832181930542, 0.07259384542703629, 0.10652945935726166, 0.0221205186098814]"
purpose,"[3, 13, 11, 3, 12, 7, 4]",34,"[0.4128784239292145, 0.15351152420043945, 0.1400788128376007, 0.24425823986530304, 0.04927299544215202]"
reference,"[11, 4, 22, 4, 11, 4, 5, 18, 4]",34,"[0.1423456370830536, 0.6204177141189575, 0.049219366163015366, 0.14271937310695648, 0.045297861099243164]"
relevant,"[11, 4, 14, 4, 28, 2, 5, 8]",34,"[0.511472225189209, 0.0808463916182518, 0.1408456563949585, 0.2553238868713379, 0.011511845514178276]"
reliable,"[11, 4, 14, 6, 2, 10, 14, 4]",34,"[0.20709827542304993, 0.5664092898368835, 0.04825302213430405, 0.15529075264930725, 0.022948579862713814]"
represent,"[11, 4, 3, 11, 4, 7, 4, 5, 8]",34,"[0.18229225277900696, 0.06561769545078278, 0.5662084221839905, 0.166787788271904, 0.019093910232186317]"
result,"[11, 4, 7, 13, 14, 8]",34,"[0.4629841148853302, 0.2979866862297058, 0.06719902902841568, 0.15155355632305145, 0.020276568830013275]"
retell,"[11, 4, 8, 4, 14, 14]",34,"[0.6063328981399536, 0.10280770808458328, 0.25050365924835205, 0.030035169795155525, 0.010320539586246014]"
revise,"[11, 4, 28, 6, 7, 4]",34,"[0.6454479098320007, 0.06428270041942596, 0.13437551259994507, 0.12382429093122482, 0.03206963464617729]"
sequence,"[7, 4, 24, 13, 4, 5, 18, 4]",34,"[0.17809781432151794, 0.04835133254528046, 0.1358126401901245, 0.5780236721038818, 0.059714581817388535]"
source,"[7, 12, 13, 11, 18, 4]",34,"[0.6300730109214783, 0.0824485793709755, 0.13516974449157715, 0.11197849363088608, 0.04033026471734047]"
summarize,"[7, 13, 19, 19, 2, 11, 6, 15, 4]",34,"[0.16390995681285858, 0.24201379716396332, 0.31028658151626587, 0.2525211572647095, 0.031268469989299774]"
support,"[7, 13, 3, 3, 12, 11, 8]",34,"[0.08508501946926117, 0.050955142825841904, 0.26211515069007874, 0.5666959285736084, 0.035148780792951584]"
symbol,"[7, 21, 19, 10, 12, 14]",34,"[0.12602193653583527, 0.31855955719947815, 0.1644214540719986, 0.3398919105529785, 0.05110509693622589]"
topic,"[8, 12, 3, 6, 18]",34,"[0.29633527994155884, 0.2755066454410553, 0.0952523723244667, 0.13184592127799988, 0.20105978846549988]"
adjective,"[2, 20, 23, 4, 18, 8, 6, 28, 4]",34,"[0.2294302135705948, 0.17095987498760223, 0.46539923548698425, 0.12001872062683105, 0.014192023314535618]"
adverb,"[2, 20, 28, 4, 11, 10]",34,"[0.10168423503637314, 0.1314174085855484, 0.7027313709259033, 0.046572089195251465, 0.0175948329269886]"
affix,"[2, 22, 22, 6, 27]",34,"[0.271253764629364, 0.3198818564414978, 0.10820145159959793, 0.24579684436321259, 0.05486612021923065]"
alliteration,"[2, 14, 14, 6, 8, 4, 11, 2, 8, 6, 12, 5]",34,"[0.09468130767345428, 0.13911299407482147, 0.7302145957946777, 0.03125409036874771, 0.004737009759992361]"
ancient,"[2, 5, 18, 6, 4, 5, 8]",34,"[0.1677699238061905, 0.4664857089519501, 0.08599139004945755, 0.22492054104804993, 0.05483247712254524]"
conjunction,"[18, 12, 5, 23, 13, 5, 18, 8, 6, 12, 5]",34,"[0.1199323982000351, 0.04452410340309143, 0.5500004291534424, 0.23635943233966827, 0.04918358474969864]"
curious,"[18, 13, 11, 6, 12, 13, 7]",34,"[0.1323373168706894, 0.38529083132743835, 0.2072320133447647, 0.24081794917583466, 0.03432188555598259]"
eager,"[4, 2, 17, 4, 11]",34,"[0.3030361831188202, 0.2884431779384613, 0.19726836681365967, 0.18253736197948456, 0.02871483378112316]"
enormous,"[4, 5, 12, 11, 19, 12, 13, 7]",34,"[0.08427445590496063, 0.6568710207939148, 0.03138604387640953, 0.21793900430202484, 0.009529465809464455]"
hyperbole,"[9, 21, 3, 4, 11, 10, 12, 14, 4]",34,"[0.20874783396720886, 0.11390339583158493, 0.15209871530532837, 0.42905324697494507, 0.09619681537151337]"
idiom,"[6, 20, 6, 12, 19]",34,"[0.12045171111822128, 0.20185568928718567, 0.21499745547771454, 0.4098520874977112, 0.05284301936626434]"
literal,"[14, 6, 8, 4, 11, 2, 14]",34,"[0.43178337812423706, 0.36389848589897156, 0.0813208520412445, 0.09608369320631027, 0.02691357024013996]"
metaphor,"[19, 4, 8, 2, 3, 9, 12, 11]",34,"[0.21320241689682007, 0.22001704573631287, 0.3770639896392822, 0.17032203078269958, 0.019394556060433388]"
multiple-meaning word,"[19, 13, 14, 8, 6, 3, 14, 4, 30, 19, 4, 2, 5, 6, 5, 17, 31, 26, 12, 11, 20]",34,"[0.19545772671699524, 0.008743503130972385, 0.768182635307312, 0.02653159573674202, 0.001084512798115611]"
nonliteral,"[5, 12, 5, 14, 6, 8, 4, 11, 2, 14]",34,"[0.23695509135723114, 0.601897656917572, 0.07908828556537628, 0.07037755101919174, 0.011681439355015755]"
onomatopoeia,"[12, 5, 12, 19, 2, 8, 12, 3, 12, 4, 6, 2]",34,"[0.15306365489959717, 0.1416672319173813, 0.15344597399234772, 0.5457485914230347, 0.0060744998045265675]"
personification,"[3, 4, 11, 7, 12, 5, 6, 22, 6, 18, 2, 8, 6, 12, 5]",34,"[0.07296775281429291, 0.08873268216848373, 0.18913501501083374, 0.6261207461357117, 0.023043816909193993]"
preposition,"[3, 11, 4, 3, 12, 7, 6, 8, 6, 12, 5]",34,"[0.07789675146341324, 0.05991140007972717, 0.7264727354049683, 0.1289823204278946, 0.006736819166690111]"
pronoun,"[3, 11, 12, 5, 12, 13, 5]",34,"[0.2717709243297577, 0.07600470632314682, 0.4672470688819885, 0.15577228367328644, 0.029205072671175003]"
simile,"[7, 6, 19, 6, 14, 4]",34,"[0.22954460978507996, 0.5128023028373718, 0.04539605602622032, 0.18709559738636017, 0.025161467492580414]"
adaptation,"[2, 20, 2, 3, 8, 2, 8, 6, 12, 5]",34,"[0.08288004249334335, 0.10347317159175873, 0.6667314767837524, 0.13031430542469025, 0.01660100743174553]"
area,"[2, 11, 4, 2]",34,"[0.7715808153152466, 0.022197294980287552, 0.1439233124256134, 0.05364613234996796, 0.008652501739561558]"
climate,"[18, 14, 6, 19, 2, 8, 4]",34,"[0.26430344581604004, 0.09427159279584885, 0.2144050896167755, 0.39215871691703796, 0.03486113250255585]"
demand,"[20, 4, 19, 2, 5, 20]",34,"[0.23034195601940155, 0.16227202117443085, 0.31589415669441223, 0.25533580780029297, 0.036156050860881805]"
denominator,"[20, 4, 5, 12, 19, 6, 5, 2, 8, 12, 11]",34,"[0.028421437367796898, 0.5077499151229858, 0.018063748255372047, 0.4435298442840576, 0.002235017018392682]"
ecosystem,"[4, 18, 12, 7, 21, 7, 8, 4, 19]",34,"[0.258676141500473, 0.06467581540346146, 0.0738748237490654, 0.5449011325836182, 0.05787203460931778]"
environment,"[4, 5, 28, 6, 11, 12, 5, 19, 4, 5, 8]",34,"[0.5255563259124756, 0.044940002262592316, 0.3263758420944214, 0.0882238820195198, 0.014903892762959003]"
factor,"[22, 2, 18, 8, 12, 11]",34,"[0.26675742864608765, 0.222617968916893, 0.18892008066177368, 0.25720348954200745, 0.06450100988149643]"
fraction,"[22, 11, 2, 18, 8, 6, 12, 5]",34,"[0.10504912585020065, 0.14876927435398102, 0.42514485120773315, 0.2634114921092987, 0.057625219225883484]"
goods,"[17, 12, 12, 20, 7]",34,"[0.14802885055541992, 0.055907152593135834, 0.5883732438087463, 0.1624421328306198, 0.045248597860336304]"
government,"[17, 12, 28, 4, 11, 5, 19, 4, 5, 8]",34,"[0.12344775348901749, 0.0887693390250206, 0.6327653527259827, 0.14815853536128998, 0.006859124172478914]"
inherit,"[6, 5, 9, 4, 11, 6, 8]",34,"[0.28473255038261414, 0.36192649602890015, 0.15310752391815186, 0.13971520960330963, 0.0605182945728302]"
law,"[14, 2, 26]",34,"[0.3854151964187622, 0.2124687284231186, 0.09405633062124252, 0.179986372590065, 0.12807337939739227]"
leader,"[14, 4, 2, 20, 4, 11]",34,"[0.4784586727619171, 0.0453098826110363, 0.2121291160583496, 0.23621967434883118, 0.027882667258381844]"
multiple,"[19, 13, 14, 8, 6, 3, 14, 4]",34,"[0.3499799072742462, 0.27724605798721313, 0.2970448434352875, 0.0591806136071682, 0.016548583284020424]"
numerator,"[5, 13, 19, 4, 11, 2, 8, 12, 11]",34,"[0.09726189821958542, 0.33051761984825134, 0.09215899556875229, 0.4718596637248993, 0.008201869204640388]"
perimeter,"[3, 4, 11, 6, 19, 4, 8, 4, 11]",34,"[0.21102936565876007, 0.37996795773506165, 0.08763044327497482, 0.29354074597358704, 0.027831504121422768]"
product,"[3, 11, 12, 20, 13, 18, 8]",34,"[0.1149882972240448, 0.11053672432899475, 0.4068475663661957, 0.3370201587677002, 0.03060722164809704]"
quotient,"[24, 13, 12, 8, 6, 4, 5, 8]",34,"[0.27225497364997864, 0.16897231340408325, 0.219602569937706, 0.31383806467056274, 0.025332046672701836]"
region,"[11, 4, 17, 6, 12, 5]",34,"[0.15154993534088135, 0.30060920119285583, 0.17116354405879974, 0.34573954343795776, 0.030937695875763893]"
resource,"[11, 4, 7, 12, 13, 11, 18, 4]",34,"[0.5218281149864197, 0.09624499827623367, 0.17401228845119476, 0.17900550365447998, 0.028909113258123398]"
responsible,"[11, 4, 7, 3, 12, 5, 7, 6, 10, 14, 4]",34,"[0.11284493654966354, 0.06489992141723633, 0.07560331374406815, 0.7083818912506104, 0.03826993331313133]"
rights,"[11, 6, 17, 9, 8, 7]",34,"[0.4219047427177429, 0.18089057505130768, 0.21559560298919678, 0.12556008994579315, 0.056049030274152756]"
services,"[7, 4, 11, 28, 6, 18, 4, 7]",34,"[0.3847027122974396, 0.08848907798528671, 0.11289084702730179, 0.309905081987381, 0.10401223599910736]"
supply,"[7, 13, 3, 3, 14, 21]",34,"[0.08383245766162872, 0.046741269528865814, 0.7388627529144287, 0.10057099908590317, 0.029992610216140747]"
trade,"[8, 11, 2, 20, 4]",34,"[0.5382815003395081, 0.1463892161846161, 0.13509799540042877, 0.1461195945739746, 0.034111686050891876]"
autobiography,"[2, 13, 8, 12, 10, 6, 12, 17, 11, 2, 3, 9, 21]",34,"[0.032188162207603455, 0.9075493812561035, 0.026382381096482277, 0.03246502950787544, 0.0014150319620966911]"
biography,"[10, 6, 12, 17, 11, 2, 3, 9, 21]",34,"[0.05634455382823944, 0.8201034665107727, 0.0734601616859436, 0.04001455008983612, 0.010077184997498989]"
caption,"[18, 2, 3, 8, 6, 12, 5]",34,"[0.15113475918769836, 0.3388524353504181, 0.3695144057273865, 0.10199426859617233, 0.038504183292388916]"
conflict,"[18, 12, 5, 22, 14, 6, 18, 8]",34,"[0.14060163497924805, 0.10718240588903427, 0.5734764933586121, 0.10434498637914658, 0.07439452409744263]"
dialogue,"[20, 6, 2, 14, 12, 17, 13, 4]",34,"[0.11388750374317169, 0.13271881639957428, 0.0900799036026001, 0.6499649286270142, 0.013348782435059547]"
drama,"[20, 11, 2, 19, 2]",34,"[0.25662991404533386, 0.14756730198860168, 0.10580023378133774, 0.4101670980453491, 0.07983537018299103]"
first person,"[22, 6, 11, 7, 8, 31, 3, 4, 11, 7, 12, 5]",34,"[0.4399755001068115, 0.1347053200006485, 0.07021810859441757, 0.30747923254966736, 0.04762183129787445]"
folktale,"[22, 12, 14, 16, 8, 2, 14, 4]",34,"[0.49622857570648193, 0.10320762544870377, 0.31723520159721375, 0.06976565718650818, 0.013562951236963272]"
illustration,"[6, 14, 14, 13, 7, 8, 11, 2, 8, 6, 12, 5]",34,"[0.10835310071706772, 0.04573521018028259, 0.7659297585487366, 0.0674634724855423, 0.01251846831291914]"
legend,"[14, 4, 17, 4, 5, 20]",34,"[0.15583369135856628, 0.2382803112268448, 0.12253525108098984, 0.43536072969436646, 0.04799005761742592]"
lesson,"[14, 4, 7, 7, 12, 5]",34,"[0.2947225272655487, 0.07920622080564499, 0.3584004342556, 0.2225077897310257, 0.04516299068927765]"
main idea,"[19, 2, 6, 5, 31, 6, 20, 4, 2]",34,"[0.8524729013442993, 0.022008141502738, 0.06079825013875961, 0.05705777928233147, 0.007662994787096977]"
motivation,"[19, 12, 8, 6, 28, 2, 8, 6, 12, 5]",34,"[0.07611697912216187, 0.2547931969165802, 0.3836180567741394, 0.2741672992706299, 0.011304493062198162]"
myth,"[19, 21, 8, 9]",34,"[0.2316555231809616, 0.18256771564483643, 0.36640769243240356, 0.15516436100006104, 0.06420473754405975]"
paragraph,"[3, 2, 11, 2, 17, 11, 2, 3, 9]",34,"[0.22229595482349396, 0.44900569319725037, 0.1931542158126831, 0.09818633645772934, 0.037357743829488754]"
passage,"[3, 2, 7, 7, 2, 17, 4]",34,"[0.18072423338890076, 0.07758869975805283, 0.6495084166526794, 0.079681895673275, 0.012496727518737316]"
point of view,"[3, 12, 6, 5, 8, 31, 12, 22, 31, 28, 6, 4, 26]",34,"[0.6520941257476807, 0.039426326751708984, 0.20471526682376862, 0.09562155604362488, 0.00814276933670044]"
prose,"[3, 11, 12, 7, 4]",34,"[0.5409534573554993, 0.05781351402401924, 0.2828862965106964, 0.09397571533918381, 0.024370988830924034]"
resolution,"[11, 4, 7, 12, 14, 13, 8, 6, 12, 5]",34,"[0.0974622368812561, 0.08407778292894363, 0.5179364681243896, 0.2913295030593872, 0.00919399131089449]"
rhythm,"[11, 9, 21, 8, 9, 19]",34,"[0.1754050850868225, 0.3686714768409729, 0.1895064115524292, 0.18031229078769684, 0.08610464632511139]"
scene,"[7, 18, 4, 5, 4]",34,"[0.22893646359443665, 0.1203734278678894, 0.18689274787902832, 0.29822617769241333, 0.1655711680650711]"
stage directions,"[7, 8, 2, 17, 4, 31, 20, 6, 11, 4, 18, 8, 6, 12, 5, 7]",34,"[0.3318587839603424, 0.0704234316945076, 0.49603894352912903, 0.09538265317678452, 0.006296220235526562]"
stanza,"[7, 8, 2, 5, 15, 2]",34,"[0.37920746207237244, 0.1533467024564743, 0.19634217023849487, 0.19996443390846252, 0.07113926112651825]"
text feature,"[8, 4, 27, 8, 31, 22, 4, 2, 8, 13, 11, 4]",34,"[0.6350603103637695, 0.032743606716394424, 0.26395246386528015, 0.06445769220590591, 0.0037860472220927477]"
theme,"[8, 9, 4, 19, 4]",34,"[0.2525349259376526, 0.3344138264656067, 0.24361063539981842, 0.1293315589427948, 0.040109120309352875]"
third person,"[8, 9, 6, 11, 20, 31, 3, 4, 11, 7, 12, 5]",34,"[0.6003079414367676, 0.07894691824913025, 0.07635512948036194, 0.2234770804643631, 0.020912976935505867]"
trait,"[8, 11, 2, 6, 8]",34,"[0.5923934578895569, 0.09594900161027908, 0.07024118304252625, 0.18480858206748962, 0.05660771578550339]"
verse,"[28, 4, 11, 7, 4]",34,"[0.4939308762550354, 0.17592297494411469, 0.1352168768644333, 0.15426792204380035, 0.040661294013261795]"
argument,"[2, 11, 17, 13, 19, 4, 5, 8]",34,"[0.04087767377495766, 0.023007512092590332, 0.8122593760490417, 0.11631006747484207, 0.007545378524810076]"
assess,"[2, 7, 7, 4, 7, 7]",34,"[0.24093127250671387, 0.04612293094396591, 0.5919650793075562, 0.09352230280637741, 0.02745845355093479]"
bias,"[10, 6, 2, 7]",34,"[0.37296515703201294, 0.2253788709640503, 0.1436370611190796, 0.13778823614120483, 0.12023063004016876]"
chronological,"[18, 9, 11, 12, 5, 12, 14, 12, 17, 6, 18, 2, 14]",34,"[0.11997069418430328, 0.0826890617609024, 0.5559905171394348, 0.22878797352313995, 0.012561685405671597]"
cite,"[18, 6, 8, 4]",34,"[0.5865676403045654, 0.06299792975187302, 0.14082759618759155, 0.16138003766536713, 0.04822671040892601]"
claim,"[18, 14, 2, 6, 19]",34,"[0.29668334126472473, 0.1704501062631607, 0.21222837269306183, 0.2057218849658966, 0.11491629481315613]"
clarify,"[18, 14, 2, 11, 6, 22, 21]",34,"[0.22948361933231354, 0.24278691411018372, 0.1783149391412735, 0.10572566092014313, 0.24368895590305328]"
conclude,"[18, 12, 5, 18, 14, 13, 20, 4]",34,"[0.22410248219966888, 0.08014842122793198, 0.5433752536773682, 0.10831093043088913, 0.04406293109059334]"
context,"[18, 12, 5, 8, 4, 27, 8]",34,"[0.14141157269477844, 0.3859412670135498, 0.09618111699819565, 0.3388141691684723, 0.03765185549855232]"
convert,"[18, 12, 5, 28, 4, 11, 8]",34,"[0.2128521203994751, 0.0674780011177063, 0.29284393787384033, 0.3593869209289551, 0.06743903458118439]"
counterclaim,"[18, 12, 13, 5, 8, 4, 11, 18, 14, 2, 6, 19]",34,"[0.24656623601913452, 0.08219611644744873, 0.540370762348175, 0.11481223255395889, 0.016054667532444]"
credible,"[18, 11, 4, 20, 6, 10, 14, 4]",34,"[0.19651323556900024, 0.23093312978744507, 0.06833092868328094, 0.46241798996925354, 0.04180465638637543]"
criteria,"[18, 11, 6, 8, 4, 11, 6, 2]",34,"[0.323501855134964, 0.19782309234142303, 0.07497809082269669, 0.33383896946907043, 0.06985802948474884]"
debate,"[20, 4, 10, 2, 8, 4]",34,"[0.24119605123996735, 0.07650426030158997, 0.33921724557876587, 0.3122537434101105, 0.030828651040792465]"
deduce,"[20, 4, 20, 13, 18, 4]",34,"[0.19203202426433563, 0.474324494600296, 0.21267816424369812, 0.09661819040775299, 0.024347154423594475]"
elaborate,"[4, 14, 2, 10, 12, 11, 2, 8, 4]",34,"[0.16832402348518372, 0.5939652323722839, 0.040819235146045685, 0.18239977955818176, 0.014491662383079529]"
essential,"[4, 7, 7, 4, 5, 8, 6, 2, 14]",34,"[0.16417545080184937, 0.4725169837474823, 0.1931104212999344, 0.1493777185678482, 0.020819487050175667]"
evaluate,"[4, 28, 2, 14, 13, 2, 8, 4]",34,"[0.11755019426345825, 0.021020054817199707, 0.5854684114456177, 0.26685795187950134, 0.009103389456868172]"
expository,"[4, 27, 3, 12, 7, 6, 8, 12, 11, 21]",34,"[0.06560755521059036, 0.11283114552497864, 0.08951151371002197, 0.7101432681083679, 0.021906470879912376]"
formulate,"[22, 12, 11, 19, 13, 14, 2, 8, 4]",34,"[0.17813073098659515, 0.5374732613563538, 0.03491639345884323, 0.24078206717967987, 0.0086975684389472]"
hypothesis,"[9, 21, 3, 12, 8, 9, 4, 7, 6, 7]",34,"[0.14730370044708252, 0.06850821524858475, 0.26273128390312195, 0.4331023097038269, 0.08835453540086746]"
illustrate,"[6, 14, 14, 13, 7, 8, 11, 2, 8, 4]",34,"[0.3479495942592621, 0.03222515434026718, 0.5201355218887329, 0.08688624948263168, 0.012803510762751102]"
inference,"[6, 5, 22, 4, 11, 4, 5, 18, 4]",34,"[0.19550155103206635, 0.32527172565460205, 0.1167522668838501, 0.282081663608551, 0.08039283007383347]"
integrate,"[6, 5, 8, 4, 17, 11, 2, 8, 4]",34,"[0.12099471688270569, 0.5304401516914368, 0.062083467841148376, 0.280383437871933, 0.006098202895373106]"
justify,"[23, 13, 7, 8, 6, 22, 21]",34,"[0.24932660162448883, 0.19725123047828674, 0.12119080871343613, 0.3228326737880707, 0.10939867794513702]"
plagiarism,"[3, 14, 2, 17, 6, 2, 11, 6, 7, 19]",34,"[0.14697401225566864, 0.12043999135494232, 0.5001596808433533, 0.16261625289916992, 0.06981000304222107]"
precise,"[3, 11, 4, 18, 6, 7, 4]",34,"[0.7110704779624939, 0.09618961811065674, 0.11590668559074402, 0.06139291077852249, 0.015440278686583042]"
primary source,"[3, 11, 6, 19, 2, 11, 21, 31, 7, 12, 13, 11, 18, 4]",34,"[0.5031198263168335, 0.06665048003196716, 0.10115313529968262, 0.2892438471317291, 0.03983272612094879]"
refine,"[11, 4, 22, 6, 5, 4]",34,"[0.33176252245903015, 0.26711130142211914, 0.1629200428724289, 0.18895882368087769, 0.04924732819199562]"
research,"[11, 4, 7, 4, 2, 11, 18, 9]",34,"[0.5498538613319397, 0.09464837610721588, 0.2686780095100403, 0.07502599060535431, 0.011793756857514381]"
secondary source,"[7, 4, 18, 12, 5, 20, 2, 11, 21, 31, 7, 12, 13, 11, 18, 4]",34,"[0.32363811135292053, 0.031116917729377747, 0.3694978952407837, 0.24651233851909637, 0.029234740883111954]"
significant,"[7, 6, 17, 5, 6, 22, 6, 18, 2, 5, 8]",34,"[0.07131461054086685, 0.06885654479265213, 0.3204900026321411, 0.5068647861480713, 0.03247407078742981]"
specify,"[7, 3, 4, 18, 6, 22, 21]",34,"[0.20004229247570038, 0.12991520762443542, 0.2856515645980835, 0.13827857375144958, 0.24611230194568634]"
structure,"[7, 8, 11, 13, 18, 8, 13, 11, 4]",34,"[0.22429481148719788, 0.03671637177467346, 0.6174605488777161, 0.10936770588159561, 0.012160574086010456]"
synthesize,"[7, 21, 5, 8, 9, 4, 7, 6, 15, 4]",34,"[0.1288422793149948, 0.7008421421051025, 0.026907460764050484, 0.12885211408138275, 0.014556029811501503]"
transition,"[8, 11, 2, 5, 7, 6, 8, 6, 12, 5]",34,"[0.13539254665374756, 0.1898135542869568, 0.2592226564884186, 0.3570898473262787, 0.05848141014575958]"
valid,"[28, 2, 14, 6, 20]",34,"[0.14052027463912964, 0.6232641339302063, 0.15183523297309875, 0.0566796250641346, 0.027700692415237427]"
variable,"[28, 2, 11, 6, 2, 10, 14, 4]",34,"[0.16847087442874908, 0.4175594747066498, 0.14236246049404144, 0.24006648361682892, 0.03154066205024719]"
viewpoint,"[28, 6, 4, 26, 3, 12, 6, 5, 8]",34,"[0.44683367013931274, 0.05342504009604454, 0.21875034272670746, 0.26535648107528687, 0.01563439704477787]"
abundant,"[2, 10, 13, 5, 20, 2, 5, 8]",34,"[0.07847487926483154, 0.05693342909216881, 0.3693804144859314, 0.485807329416275, 0.0094039561226964]"
adage,"[2, 20, 2, 17, 4]",34,"[0.2724689543247223, 0.14450228214263916, 0.45198220014572144, 0.10334648936986923, 0.02770008146762848]"
analogy,"[2, 5, 2, 14, 12, 17, 21]",34,"[0.06261839717626572, 0.5289005637168884, 0.019836466759443283, 0.36972475051879883, 0.018919723108410835]"
clause,"[18, 14, 2, 13, 7, 4]",34,"[0.6427258253097534, 0.05749491602182388, 0.09702866524457932, 0.14571842551231384, 0.057032160460948944]"
complex sentence,"[18, 12, 19, 3, 14, 4, 27, 31, 7, 4, 5, 8, 4, 5, 18, 4]",34,"[0.22736448049545288, 0.09497223794460297, 0.24003440141677856, 0.39665722846984863, 0.04097164049744606]"
compound sentence,"[18, 12, 19, 3, 12, 13, 5, 20, 31, 7, 4, 5, 8, 4, 5, 18, 4]",34,"[0.10678085684776306, 0.09692307561635971, 0.08868815004825592, 0.6778914928436279, 0.02971646375954151]"
connotation,"[18, 12, 5, 5, 12, 8, 2, 8, 6, 12, 5]",34,"[0.12187111377716064, 0.11619940400123596, 0.22352083027362823, 0.5098191499710083, 0.02858944796025753]"
denotation,"[20, 4, 5, 12, 8, 2, 8, 6, 12, 5]",34,"[0.07895882427692413, 0.37212643027305603, 0.09943678975105286, 0.4320697486400604, 0.017408238723874092]"
descriptive,"[20, 4, 7, 18, 11, 6, 3, 8, 6, 28, 4]",34,"[0.07974554598331451, 0.186770498752594, 0.4472883641719818, 0.27792468667030334, 0.008270936086773872]"
etymology,"[4, 8, 21, 19, 12, 14, 12, 17, 21]",34,"[0.03523419052362442, 0.18090267479419708, 0.020468901842832565, 0.7528181076049805, 0.010576136410236359]"
figurative,"[22, 6, 17, 13, 11, 2, 8, 6, 28, 4]",34,"[0.13540741801261902, 0.0638207197189331, 0.48838669061660767, 0.30519500374794006, 0.007190185599029064]"
formal language,"[22, 12, 11, 19, 2, 14, 31, 14, 2, 5, 17, 13, 2, 17, 4]",34,"[0.20792034268379211, 0.07088277488946915, 0.3873782455921173, 0.32563334703445435, 0.008185354992747307]"
hesitate,"[9, 4, 7, 6, 8, 2, 8, 4]",34,"[0.3471338748931885, 0.20047713816165924, 0.1594230979681015, 0.26913055777549744, 0.02383529581129551]"
homograph,"[9, 12, 19, 12, 17, 11, 2, 3, 9]",34,"[0.05288994312286377, 0.8348946571350098, 0.05267336964607239, 0.05395878851413727, 0.005583258345723152]"
informal language,"[6, 5, 22, 12, 11, 19, 2, 14, 31, 14, 2, 5, 17, 13, 2, 17, 4]",34,"[0.12458310276269913, 0.07690861076116562, 0.26453879475593567, 0.5263180136680603, 0.00765142822638154]"
maxim,"[19, 2, 27, 6, 19]",34,"[0.14912444353103638, 0.27298790216445923, 0.061578720808029175, 0.47846296429634094, 0.03784601390361786]"
morphology,"[19, 12, 11, 3, 9, 12, 14, 12, 17, 21]",34,"[0.06913364678621292, 0.07866138219833374, 0.12477770447731018, 0.7073553800582886, 0.020071936771273613]"
nuance,"[5, 13, 2, 5, 18, 4]",34,"[0.11230402439832687, 0.04336104169487953, 0.12201596796512604, 0.6196178793907166, 0.1027010902762413]"
persevere,"[3, 4, 11, 7, 4, 28, 4, 11, 4]",34,"[0.5797589421272278, 0.13144096732139587, 0.10653488337993622, 0.16572938859462738, 0.016535917297005653]"
proverb,"[3, 11, 12, 28, 4, 11, 10]",34,"[0.10123855620622635, 0.024146899580955505, 0.8056869506835938, 0.05986109375953674, 0.009066532365977764]"
reluctant,"[11, 4, 14, 13, 18, 8, 2, 5, 8]",34,"[0.08225129544734955, 0.03990933299064636, 0.504050076007843, 0.36218565702438354, 0.011603686958551407]"
sensory language,"[7, 4, 5, 7, 12, 11, 21, 31, 14, 2, 5, 17, 13, 2, 17, 4]",34,"[0.10849977284669876, 0.02199062705039978, 0.24922312796115875, 0.611076295375824, 0.009210105054080486]"
vivid,"[28, 6, 28, 6, 20]",34,"[0.2309093177318573, 0.1709831953048706, 0.3165968954563141, 0.20134642720222473, 0.08016417920589447]"
angle,"[2, 5, 17, 14, 4]",34,"[0.5928032994270325, 0.09376918524503708, 0.2475513070821762, 0.050727881491184235, 0.01514834351837635]"
citizenship,"[18, 6, 8, 6, 15, 4, 5, 7, 9, 6, 3]",34,"[0.15101999044418335, 0.29000115394592285, 0.09505479037761688, 0.1392476111650467, 0.32467642426490784]"
colony,"[18, 12, 14, 12, 5, 21]",34,"[0.1567874252796173, 0.30278509855270386, 0.06254447996616364, 0.30920740962028503, 0.16867554187774658]"
constitution,"[18, 12, 5, 7, 8, 6, 8, 13, 8, 6, 12, 5]",34,"[0.05467449873685837, 0.05746909976005554, 0.7386455535888672, 0.1319408118724823, 0.01727001741528511]"
consumer,"[18, 12, 5, 7, 13, 19, 4, 11]",34,"[0.15884992480278015, 0.2113877534866333, 0.15920421481132507, 0.41435083746910095, 0.056207239627838135]"
decimal,"[20, 4, 18, 6, 19, 2, 14]",34,"[0.10153985768556595, 0.8224467635154724, 0.02555670589208603, 0.039749663323163986, 0.010707022622227669]"
democracy,"[20, 4, 19, 12, 18, 11, 2, 18, 21]",34,"[0.1194801852107048, 0.21920736134052277, 0.05327025055885315, 0.5439529418945312, 0.0640893429517746]"
density,"[20, 4, 5, 7, 6, 8, 21]",34,"[0.12582677602767944, 0.3091886639595032, 0.1192210465669632, 0.29867786169052124, 0.14708563685417175]"
earthquake,"[4, 2, 11, 8, 9, 24, 13, 2, 16, 4]",34,"[0.23522739112377167, 0.027680210769176483, 0.6029440760612488, 0.12572164833545685, 0.008426716551184654]"
economy,"[4, 18, 12, 5, 12, 19, 21]",34,"[0.11621212959289551, 0.13074061274528503, 0.08404722064733505, 0.5511493682861328, 0.11785067617893219]"
equivalent,"[4, 24, 13, 6, 28, 2, 14, 4, 5, 8]",34,"[0.21441644430160522, 0.23950539529323578, 0.24828726053237915, 0.2856288254261017, 0.01216206420212984]"
erosion,"[4, 11, 12, 7, 6, 12, 5]",34,"[0.3101896643638611, 0.20513403415679932, 0.2839699387550354, 0.14857114851474762, 0.052135322242975235]"
executive,"[4, 27, 4, 18, 13, 8, 6, 28, 4]",34,"[0.0581689327955246, 0.7709217667579651, 0.02719215489923954, 0.13997766375541687, 0.003739427775144577]"
export,"[4, 27, 3, 12, 11, 8]",34,"[0.058804817497730255, 0.11433366686105728, 0.08665668219327927, 0.6969761848449707, 0.04322865605354309]"
food chain,"[22, 12, 12, 20, 31, 18, 9, 2, 6, 5]",34,"[0.47654756903648376, 0.036339741200208664, 0.3650401830673218, 0.09707093238830566, 0.025001563131809235]"
import,"[6, 19, 3, 12, 11, 8]",34,"[0.053261540830135345, 0.15047268569469452, 0.09592267125844955, 0.6789862513542175, 0.02135688252747059]"
independence,"[6, 5, 20, 4, 3, 4, 5, 20, 4, 5, 18, 4]",34,"[0.05824878439307213, 0.024757927283644676, 0.0319819375872612, 0.8552252650260925, 0.029786063358187675]"
judicial,"[23, 13, 20, 6, 18, 6, 2, 14]",34,"[0.14667586982250214, 0.13133621215820312, 0.44742268323898315, 0.16120490431785583, 0.11336031556129456]"
legislature,"[14, 4, 17, 6, 7, 14, 2, 8, 13, 11, 4]",34,"[0.18715287744998932, 0.04975088685750961, 0.6622195839881897, 0.09790268540382385, 0.0029738983139395714]"
mass,"[19, 2, 7, 7]",34,"[0.33667197823524475, 0.11474508792161942, 0.3333221971988678, 0.15149201452732086, 0.06376862525939941]"
matter,"[19, 2, 8, 8, 4, 11]",34,"[0.19187518954277039, 0.1707509607076645, 0.31965547800064087, 0.2914043664932251, 0.026314059272408485]"
nonrenewable,"[5, 12, 5, 11, 4, 5, 4, 26, 2, 10, 14, 4]",34,"[0.30825069546699524, 0.3073475956916809, 0.07249262928962708, 0.28336748480796814, 0.02854158729314804]"
producer,"[3, 11, 12, 20, 13, 18, 4, 11]",34,"[0.19547145068645477, 0.17193672060966492, 0.3089298605918884, 0.2704237997531891, 0.053238119930028915]"
protractor,"[3, 11, 12, 8, 11, 2, 18, 8, 12, 11]",34,"[0.1905430257320404, 0.11195508390665054, 0.10238707810640335, 0.5637607574462891, 0.0313541479408741]"
renewable,"[11, 4, 5, 4, 26, 2, 10, 14, 4]",34,"[0.3707014322280884, 0.3537924289703369, 0.05412866175174713, 0.19851423799991608, 0.02286323718726635]"
revolution,"[11, 4, 28, 12, 14, 13, 8, 6, 12, 5]",34,"[0.08845757693052292, 0.10304354876279831, 0.5287624001502991, 0.2745762765407562, 0.005160143598914146]"
scarcity,"[7, 18, 2, 11, 18, 6, 8, 21]",34,"[0.15045319497585297, 0.1820068508386612, 0.3984867036342621, 0.13631978631019592, 0.1327335238456726]"
symmetry,"[7, 21, 19, 19, 4, 8, 11, 21]",34,"[0.13102605938911438, 0.03255019336938858, 0.6833522319793701, 0.13331738114356995, 0.01975416950881481]"
tectonic plates,"[8, 4, 18, 8, 12, 5, 6, 18, 31, 3, 14, 2, 8, 4, 7]",34,"[0.3634291887283325, 0.019321832805871964, 0.3803653419017792, 0.2014080137014389, 0.03547559306025505]"
volcano,"[28, 12, 14, 18, 2, 5, 12]",34,"[0.1378338634967804, 0.20713219046592712, 0.3224942088127136, 0.30264270305633545, 0.029896976426243782]"
volume,"[28, 12, 14, 13, 19, 4]",34,"[0.1648300588130951, 0.2660187780857086, 0.19512656331062317, 0.359214186668396, 0.014810465276241302]"
weathering,"[26, 4, 2, 8, 9, 4, 11, 6, 5, 17]",34,"[0.17341643571853638, 0.14852890372276306, 0.5728278756141663, 0.0971548855304718, 0.008071844466030598]"
allusion,"[2, 14, 14, 13, 7, 6, 12, 5]",34,"[0.11619388312101364, 0.03072480857372284, 0.8058217167854309, 0.035832591354846954, 0.01142710167914629]"
antagonist,"[2, 5, 8, 2, 17, 12, 5, 6, 7, 8]",34,"[0.0890415832400322, 0.11376184225082397, 0.17476798593997955, 0.6040892601013184, 0.018339358270168304]"
climax,"[18, 14, 6, 19, 2, 27]",34,"[0.19236108660697937, 0.14181093871593475, 0.1460408717393875, 0.4396337568759918, 0.08015336841344833]"
flashback,"[22, 14, 2, 7, 9, 10, 2, 18, 16]",34,"[0.07780196517705917, 0.02260378934442997, 0.457640141248703, 0.058761116117239, 0.38319286704063416]"
foreshadowing,"[22, 12, 11, 4, 7, 9, 2, 20, 12, 26, 6, 5, 17]",34,"[0.5117029547691345, 0.25676894187927246, 0.15234936773777008, 0.07522422075271606, 0.003954580519348383]"
genre,"[17, 4, 5, 11, 4]",34,"[0.2717881202697754, 0.12610557675361633, 0.21470299363136292, 0.341830313205719, 0.04557299241423607]"
historical fiction,"[9, 6, 7, 8, 12, 11, 6, 18, 2, 14, 31, 22, 6, 18, 8, 6, 12, 5]",34,"[0.29062190651893616, 0.15894059836864471, 0.345323771238327, 0.16913044452667236, 0.035983242094516754]"
imagery,"[6, 19, 2, 17, 4, 11, 21]",34,"[0.12457548081874847, 0.4312555491924286, 0.13597749173641205, 0.28412309288978577, 0.024068323895335197]"
irony,"[6, 11, 12, 5, 21]",34,"[0.3008083999156952, 0.07887253910303116, 0.2628800570964813, 0.24229952692985535, 0.11513949930667877]"
memoir,"[19, 4, 19, 12, 6, 11]",34,"[0.43566200137138367, 0.1645640879869461, 0.062587209045887, 0.3167170286178589, 0.020469622686505318]"
mood,"[19, 12, 12, 20]",34,"[0.28407853841781616, 0.12284865975379944, 0.35818737745285034, 0.13403403759002686, 0.10085140913724899]"
narrative,"[5, 2, 11, 11, 2, 8, 6, 28, 4]",34,"[0.17317137122154236, 0.09686095267534256, 0.433222234249115, 0.28880178928375244, 0.007943578064441681]"
omniscient,"[12, 19, 5, 6, 7, 18, 6, 4, 5, 8]",34,"[0.24436743557453156, 0.11537227779626846, 0.4212210178375244, 0.16861818730831146, 0.05042111128568649]"
parody,"[3, 2, 11, 12, 20, 21]",34,"[0.23622949421405792, 0.3627121150493622, 0.1397164911031723, 0.16946189105510712, 0.09188000112771988]"
perspective,"[3, 4, 11, 7, 3, 4, 18, 8, 6, 28, 4]",34,"[0.17625044286251068, 0.08591438084840775, 0.1408633291721344, 0.5744305849075317, 0.02254118025302887]"
plot,"[3, 14, 12, 8]",34,"[0.284013956785202, 0.10108575969934464, 0.27981311082839966, 0.26469576358795166, 0.07039134949445724]"
protagonist,"[3, 11, 12, 8, 2, 17, 12, 5, 6, 7, 8]",34,"[0.08483925461769104, 0.0448002852499485, 0.10103843361139297, 0.7554835677146912, 0.013838477432727814]"
realistic fiction,"[11, 4, 2, 14, 6, 7, 8, 6, 18, 31, 22, 6, 18, 8, 6, 12, 5]",34,"[0.2963183522224426, 0.07684431225061417, 0.5081502199172974, 0.09493610262870789, 0.02375101111829281]"
satire,"[7, 2, 8, 6, 11, 4]",34,"[0.5586592555046082, 0.11095638573169708, 0.2261723279953003, 0.08805344998836517, 0.016158604994416237]"
symbolism,"[7, 21, 19, 10, 12, 14, 6, 7, 19]",34,"[0.1448855698108673, 0.18839216232299805, 0.36405840516090393, 0.24427473545074463, 0.05838915333151817]"
tone,"[8, 12, 5, 4]",34,"[0.4396836757659912, 0.18933047354221344, 0.14238940179347992, 0.1731439083814621, 0.05545255169272423]"
assumption,"[2, 7, 7, 13, 19, 3, 8, 6, 12, 5]",34,"[0.09191885590553284, 0.05023396015167236, 0.7031668424606323, 0.1460205614566803, 0.00865981262177229]"
attribute,"[2, 8, 8, 11, 6, 10, 13, 8, 4]",34,"[0.05734134092926979, 0.061875104904174805, 0.710376501083374, 0.16475102305412292, 0.005656025838106871]"
categorize,"[18, 2, 8, 4, 17, 12, 11, 6, 15, 4]",34,"[0.15702614188194275, 0.4945034980773926, 0.044270604848861694, 0.2924765646457672, 0.011723256669938564]"
cause and effect,"[18, 2, 13, 7, 4, 31, 2, 5, 20, 31, 4, 22, 22, 4, 18, 8]",34,"[0.6546125411987305, 0.006314847152680159, 0.24401052296161652, 0.08846857398748398, 0.0065934918820858]"
chronological order,"[18, 9, 11, 12, 5, 12, 14, 12, 17, 6, 18, 2, 14, 31, 12, 11, 20, 4, 11]",34,"[0.17389582097530365, 0.08895799517631531, 0.3725188970565796, 0.3454116880893707, 0.019215591251850128]"
coherent,"[18, 12, 9, 4, 11, 4, 5, 8]",34,"[0.20056520402431488, 0.37544792890548706, 0.16402772068977356, 0.19993744790554047, 0.06002172827720642]"
cohesion,"[18, 12, 9, 4, 7, 6, 12, 5]",34,"[0.24473677575588226, 0.3316725790500641, 0.2141384333372116, 0.147949680685997, 0.06150243803858757]"
compare and contrast,"[18, 12, 19, 3, 2, 11, 4, 31, 2, 5, 20, 31, 18, 12, 5, 8, 11, 2, 7, 8]",34,"[0.34686279296875, 0.019723322242498398, 0.1312321275472641, 0.4924754500389099, 0.00970620196312666]"
compile,"[18, 12, 19, 3, 6, 14, 4]",34,"[0.39452749490737915, 0.1704704910516739, 0.0865691676735878, 0.3066886365413666, 0.04174419865012169]"
concede,"[18, 12, 5, 18, 4, 20, 4]",34,"[0.19680669903755188, 0.24541804194450378, 0.08021954447031021, 0.28920778632164, 0.1883479207754135]"
consolidate,"[18, 12, 5, 7, 12, 14, 6, 20, 2, 8, 4]",34,"[0.06236915662884712, 0.09450764209032059, 0.06687570363283157, 0.7589377760887146, 0.01730971224606037]"
corroborate,"[18, 12, 11, 11, 12, 10, 12, 11, 2, 8, 4]",34,"[0.2205774337053299, 0.272084504365921, 0.09092897921800613, 0.40387725830078125, 0.012531888671219349]"
counterargument,"[18, 12, 13, 5, 8, 4, 11, 2, 11, 17, 13, 19, 4, 5, 8]",34,"[0.06241839379072189, 0.02526210993528366, 0.7790232300758362, 0.12853194773197174, 0.004764342214912176]"
credibility,"[18, 11, 4, 20, 6, 10, 6, 14, 6, 8, 21]",34,"[0.20148257911205292, 0.22605423629283905, 0.269540935754776, 0.20384153723716736, 0.09908074885606766]"
critique,"[18, 11, 6, 8, 6, 24, 13, 4]",34,"[0.20514319837093353, 0.10005065053701401, 0.1719060242176056, 0.4933983087539673, 0.02950187213718891]"
cultural,"[18, 13, 14, 8, 13, 11, 2, 14]",34,"[0.242704838514328, 0.4288803040981293, 0.06403311342000961, 0.21072918176651, 0.05365259572863579]"
differentiate,"[20, 6, 22, 22, 4, 11, 4, 5, 8, 6, 2, 8, 4]",34,"[0.3013007938861847, 0.03505171090364456, 0.5635603666305542, 0.09076271951198578, 0.009324382990598679]"
economic,"[4, 18, 12, 5, 12, 19, 6, 18]",34,"[0.13871143758296967, 0.1750168353319168, 0.09202370047569275, 0.4945787787437439, 0.09966932982206345]"
elaboration,"[4, 14, 2, 10, 12, 11, 2, 8, 6, 12, 5]",34,"[0.0798431858420372, 0.7239730954170227, 0.046178534626960754, 0.13662242889404297, 0.013382822275161743]"
empathy,"[4, 19, 3, 2, 8, 9, 21]",34,"[0.09577931463718414, 0.08898059278726578, 0.2852061092853546, 0.4920254051685333, 0.03800860047340393]"
generalize,"[17, 4, 5, 4, 11, 2, 14, 6, 15, 4]",34,"[0.057584941387176514, 0.9030613303184509, 0.005392900668084621, 0.02509743720293045, 0.008863460272550583]"
implication,"[6, 19, 3, 14, 6, 18, 2, 8, 6, 12, 5]",34,"[0.03440956398844719, 0.042268987745046616, 0.8249748349189758, 0.08813408017158508, 0.01021254900842905]"
incorporate,"[6, 5, 18, 12, 11, 3, 12, 11, 2, 8, 4]",34,"[0.0819297656416893, 0.12308584153652191, 0.0421440564095974, 0.7382893562316895, 0.014551036059856415]"
objective,"[12, 10, 23, 4, 18, 8, 6, 28, 4]",34,"[0.2905462384223938, 0.047584906220436096, 0.3887002766132355, 0.25400397181510925, 0.01916462741792202]"
political,"[3, 12, 14, 6, 8, 6, 18, 2, 14]",34,"[0.10383272916078568, 0.307280033826828, 0.3564576208591461, 0.20930519700050354, 0.023124439641833305]"
problem and solution,"[3, 11, 12, 10, 14, 4, 19, 31, 2, 5, 20, 31, 7, 12, 14, 13, 8, 6, 12, 5]",34,"[0.17061831057071686, 0.01889415830373764, 0.23492984473705292, 0.5687869191169739, 0.006770731415599585]"
reasoning,"[11, 4, 2, 7, 12, 5, 6, 5, 17]",34,"[0.29142847657203674, 0.08849070966243744, 0.28816840052604675, 0.3150235712528229, 0.016888907179236412]"
refute,"[11, 4, 22, 13, 8, 4]",34,"[0.6089693903923035, 0.11037414520978928, 0.1615171581506729, 0.10915134102106094, 0.009988020174205303]"
reliability,"[11, 4, 14, 6, 2, 10, 6, 14, 6, 8, 21]",34,"[0.1252192258834839, 0.6170319318771362, 0.09664492309093475, 0.12216294556856155, 0.03894105181097984]"
revision,"[11, 4, 28, 6, 7, 6, 12, 5]",34,"[0.2885226607322693, 0.09824442863464355, 0.3680274486541748, 0.20728516578674316, 0.037920307368040085]"
social,"[7, 12, 18, 6, 2, 14]",34,"[0.2387256920337677, 0.4589104652404785, 0.10640546679496765, 0.10559754818677902, 0.09036080539226532]"
subjective,"[7, 13, 10, 23, 4, 18, 8, 6, 28, 4]",34,"[0.17920507490634918, 0.12304505705833435, 0.27576345205307007, 0.40634456276893616, 0.01564190536737442]"
text structure,"[8, 4, 27, 8, 31, 7, 8, 11, 13, 18, 8, 13, 11, 4]",34,"[0.26040539145469666, 0.03592429682612419, 0.5851353406906128, 0.10834936797618866, 0.01018558256328106]"
thesis,"[8, 9, 4, 7, 6, 7]",34,"[0.33441540598869324, 0.35711991786956787, 0.08841613680124283, 0.1756909191608429, 0.044357653707265854]"
validity,"[28, 2, 14, 6, 20, 6, 8, 21]",34,"[0.13132737576961517, 0.30775734782218933, 0.29910439252853394, 0.20386987924575806, 0.057941023260354996]"
verify,"[28, 4, 11, 6, 22, 21]",34,"[0.2628437876701355, 0.2967053949832916, 0.1863519698381424, 0.15707573294639587, 0.09702309221029282]"
Content Words,"[18, 12, 5, 8, 4, 5, 8, 31, 26, 12, 11, 20, 7]",34,"[0.4972594082355499, 0.06275100260972977, 0.19995351135730743, 0.21182595193386078, 0.02821016125380993]"
abolition,"[2, 10, 12, 14, 6, 8, 6, 12, 5]",34,"[0.12203262746334076, 0.3525921106338501, 0.20712311565876007, 0.26756757497787476, 0.05068453773856163]"
amendment,"[2, 19, 4, 5, 20, 19, 4, 5, 8]",34,"[0.07292953133583069, 0.7385950684547424, 0.10732704401016235, 0.0723208412528038, 0.00882755871862173]"
atmosphere,"[2, 8, 19, 12, 7, 3, 9, 4, 11, 4]",34,"[0.15494495630264282, 0.07760800421237946, 0.2048397660255432, 0.5384211540222168, 0.024186143651604652]"
atom,"[2, 8, 12, 19]",34,"[0.24412693083286285, 0.4110676050186157, 0.08758776634931564, 0.22107049822807312, 0.03614722564816475]"
Bill of Rights,"[10, 6, 14, 14, 31, 12, 22, 31, 11, 6, 17, 9, 8, 7]",34,"[0.2618432641029358, 0.028435049578547478, 0.6529220938682556, 0.04194394871592522, 0.014855657704174519]"
biosphere,"[10, 6, 12, 7, 3, 9, 4, 11, 4]",34,"[0.3304332196712494, 0.11094329506158829, 0.2578763961791992, 0.24798619747161865, 0.052760835736989975]"
cellular respiration,"[18, 4, 14, 14, 13, 14, 2, 11, 31, 11, 4, 7, 3, 6, 11, 2, 8, 6, 12, 5]",34,"[0.5897266268730164, 0.06689673662185669, 0.23459492623806, 0.09953134506940842, 0.009250330738723278]"
checks and balances,"[18, 9, 4, 18, 16, 7, 31, 2, 5, 20, 31, 10, 2, 14, 2, 5, 18, 4, 7]",34,"[0.41588646173477173, 0.01713929884135723, 0.34885624051094055, 0.14313648641109467, 0.07498152554035187]"
chemical reaction,"[18, 9, 4, 19, 6, 18, 2, 14, 31, 11, 4, 2, 18, 8, 6, 12, 5]",34,"[0.3266478180885315, 0.0887710228562355, 0.36083364486694336, 0.20489402115345, 0.01885348930954933]"
Civil War,"[18, 6, 28, 6, 14, 31, 26, 2, 11]",34,"[0.5419292449951172, 0.1470797061920166, 0.05051260069012642, 0.20013728737831116, 0.06034126877784729]"
colonization,"[18, 12, 14, 12, 5, 6, 15, 2, 8, 6, 12, 5]",34,"[0.14378689229488373, 0.33576154708862305, 0.14675959944725037, 0.32234734296798706, 0.0513446219265461]"
controlled experiment,"[18, 12, 5, 8, 11, 12, 14, 14, 4, 20, 31, 4, 27, 3, 4, 11, 6, 19, 4, 5, 8]",34,"[0.13204529881477356, 0.08765923976898193, 0.5878691077232361, 0.17086610198020935, 0.021560195833444595]"
coordinate plane,"[18, 12, 12, 11, 20, 6, 5, 2, 8, 4, 31, 3, 14, 2, 5, 4]",34,"[0.3473159074783325, 0.01663155108690262, 0.5527113676071167, 0.0786881223320961, 0.004652946721762419]"
data,"[20, 2, 8, 2]",34,"[0.24749183654785156, 0.22996272146701813, 0.18352071940898895, 0.28779491782188416, 0.05122974514961243]"
federalism,"[22, 4, 20, 4, 11, 2, 14, 6, 7, 19]",34,"[0.16299273073673248, 0.5386741757392883, 0.11401426792144775, 0.14712963998317719, 0.03718918561935425]"
force,"[22, 12, 11, 18, 4]",34,"[0.35393914580345154, 0.18922391533851624, 0.13013149797916412, 0.24252863228321075, 0.0841769278049469]"
geosphere,"[17, 4, 12, 7, 3, 9, 4, 11, 4]",34,"[0.20200443267822266, 0.06026015430688858, 0.1370197981595993, 0.5694989562034607, 0.031216636300086975]"
gravity,"[17, 11, 2, 28, 6, 8, 21]",34,"[0.17246907949447632, 0.17464163899421692, 0.10344022512435913, 0.516246497631073, 0.03320258483290672]"
hydrosphere,"[9, 21, 20, 11, 12, 7, 3, 9, 4, 11, 4]",34,"[0.19614726305007935, 0.04849548265337944, 0.43335840106010437, 0.2889936566352844, 0.033005207777023315]"
indigenous,"[6, 5, 20, 6, 17, 4, 5, 12, 13, 7]",34,"[0.17654690146446228, 0.23898087441921234, 0.20957034826278687, 0.3530884087085724, 0.02181345224380493]"
molecule,"[19, 12, 14, 4, 18, 13, 14, 4]",34,"[0.4962131977081299, 0.3729759752750397, 0.04712575301527977, 0.076073557138443, 0.007611457258462906]"
motion,"[19, 12, 8, 6, 12, 5]",34,"[0.16340947151184082, 0.4015793800354004, 0.2045913189649582, 0.19236662983894348, 0.03805314376950264]"
ordered pair,"[12, 11, 20, 4, 11, 4, 20, 31, 3, 2, 6, 11]",34,"[0.5934877991676331, 0.08465757220983505, 0.09894941002130508, 0.1932772547006607, 0.029627986252307892]"
organism,"[12, 11, 17, 2, 5, 6, 7, 19]",34,"[0.1305537223815918, 0.026530928909778595, 0.5426701903343201, 0.27454492449760437, 0.025700246915221214]"
percent,"[3, 4, 11, 18, 4, 5, 8]",34,"[0.19814147055149078, 0.22580809891223907, 0.07151442021131516, 0.4190051555633545, 0.08553086221218109]"
photosynthesis,"[3, 9, 12, 8, 12, 7, 21, 5, 8, 9, 4, 7, 6, 7]",34,"[0.15345175564289093, 0.1269574761390686, 0.259144127368927, 0.4362492561340332, 0.024197418242692947]"
physical change,"[3, 9, 21, 7, 6, 18, 2, 14, 31, 18, 9, 2, 5, 17, 4]",34,"[0.366290807723999, 0.03201400861144066, 0.3048476278781891, 0.27039289474487305, 0.02645472250878811]"
proportion,"[3, 11, 12, 3, 12, 11, 8, 6, 12, 5]",34,"[0.09073397517204285, 0.09790176898241043, 0.43000853061676025, 0.36024561524391174, 0.021110132336616516]"
quadrant,"[24, 13, 2, 20, 11, 2, 5, 8]",34,"[0.26948282122612, 0.09151380509138107, 0.17937585711479187, 0.4278612434864044, 0.031766220927238464]"
ratio,"[11, 2, 8, 6, 12]",34,"[0.15443643927574158, 0.5486329793930054, 0.12488679587841034, 0.13451610505580902, 0.03752763941884041]"
Reconstruction,"[11, 4, 18, 12, 5, 7, 8, 11, 13, 18, 8, 6, 12, 5]",34,"[0.09167073667049408, 0.04764629900455475, 0.6260759234428406, 0.21868480741977692, 0.015922216698527336]"
settlement,"[7, 4, 8, 8, 14, 4, 19, 4, 5, 8]",34,"[0.2578713595867157, 0.2672865688800812, 0.32306504249572754, 0.1391075700521469, 0.012669513002038002]"
Literary Words,"[14, 6, 8, 4, 11, 2, 11, 21, 31, 26, 12, 11, 20, 7]",34,"[0.5630433559417725, 0.05657793581485748, 0.20488420128822327, 0.15877562761306763, 0.016718896105885506]"
allegory,"[2, 14, 14, 4, 17, 12, 11, 21]",34,"[0.18528074026107788, 0.0949590802192688, 0.4134577810764313, 0.28940507769584656, 0.01689734496176243]"
archetype,"[2, 11, 18, 9, 4, 8, 21, 3, 4]",34,"[0.1901472806930542, 0.10529143363237381, 0.3757162392139435, 0.25228485465049744, 0.07656022906303406]"
characterization,"[18, 9, 2, 11, 2, 18, 8, 4, 11, 6, 15, 2, 8, 6, 12, 5]",34,"[0.17599628865718842, 0.15669788420200348, 0.3936956822872162, 0.2467433214187622, 0.026866812258958817]"
denouement,"[20, 4, 5, 12, 13, 4, 19, 4, 5, 8]",34,"[0.19825555384159088, 0.20095139741897583, 0.244907408952713, 0.3378625810146332, 0.018023142591118813]"
dramatic irony,"[20, 11, 2, 19, 2, 8, 6, 18, 31, 6, 11, 12, 5, 21]",34,"[0.3572172522544861, 0.06134525686502457, 0.110997274518013, 0.40281540155410767, 0.06762488931417465]"
dynamic character,"[20, 21, 5, 2, 19, 6, 18, 31, 18, 9, 2, 11, 2, 18, 8, 4, 11]",34,"[0.1857319176197052, 0.15423303842544556, 0.1264166235923767, 0.4975762367248535, 0.03604218736290932]"
epilogue,"[4, 3, 6, 14, 12, 17, 13, 4]",34,"[0.26374903321266174, 0.20124658942222595, 0.05729033425450325, 0.46933120489120483, 0.008382922038435936]"
exposition,"[4, 27, 3, 12, 7, 6, 8, 6, 12, 5]",34,"[0.048908133059740067, 0.10544861853122711, 0.4741417169570923, 0.32887494564056396, 0.04262654855847359]"
falling action,"[22, 2, 14, 14, 6, 5, 17, 31, 2, 18, 8, 6, 12, 5]",34,"[0.09922569245100021, 0.021524330601096153, 0.8576051592826843, 0.01872982643544674, 0.0029149840120226145]"
foil,"[22, 12, 6, 14]",34,"[0.8118668794631958, 0.07472749799489975, 0.07289137691259384, 0.029399605467915535, 0.011114601977169514]"
indirect characterization,"[6, 5, 20, 6, 11, 4, 18, 8, 31, 18, 9, 2, 11, 2, 18, 8, 4, 11, 6, 15, 2, 8, 6, 12, 5]",34,"[0.32211560010910034, 0.07463046908378601, 0.3916334807872772, 0.19155168533325195, 0.020068859681487083]"
limited narrator,"[14, 6, 19, 6, 8, 4, 20, 31, 5, 2, 11, 11, 2, 8, 12, 11]",34,"[0.1097499430179596, 0.40229761600494385, 0.14722709357738495, 0.3331749439239502, 0.007550343871116638]"
motif,"[19, 12, 8, 6, 22]",34,"[0.3760063052177429, 0.15155163407325745, 0.34664830565452576, 0.08338555693626404, 0.04240815341472626]"
prologue,"[3, 11, 12, 14, 12, 17, 13, 4]",34,"[0.17318792641162872, 0.08362843096256256, 0.11432483047246933, 0.61592698097229, 0.01293187402188778]"
rising action,"[11, 6, 7, 6, 5, 17, 31, 2, 18, 8, 6, 12, 5]",34,"[0.2438248097896576, 0.11023947596549988, 0.3425341546535492, 0.24370025098323822, 0.05970132350921631]"
situational irony,"[7, 6, 8, 13, 2, 8, 6, 12, 5, 2, 14, 31, 6, 11, 12, 5, 21]",34,"[0.18375657498836517, 0.030962996184825897, 0.5450989603996277, 0.22707435488700867, 0.01310708187520504]"
static character,"[7, 8, 2, 8, 6, 18, 31, 18, 9, 2, 11, 2, 18, 8, 4, 11]",34,"[0.2559148073196411, 0.07286934554576874, 0.3495257496833801, 0.27914959192276, 0.042540546506643295]"
suspense,"[7, 13, 7, 3, 4, 5, 7, 4]",34,"[0.16496290266513824, 0.07572107762098312, 0.12052130699157715, 0.5290390253067017, 0.10975568741559982]"
unreliable narrator,"[13, 5, 11, 4, 14, 6, 2, 10, 14, 4, 31, 5, 2, 11, 11, 2, 8, 12, 11]",34,"[0.18405620753765106, 0.11506614089012146, 0.4542979896068573, 0.24384421110153198, 0.002735439920797944]"
verbal irony,"[28, 4, 11, 10, 2, 14, 31, 6, 11, 12, 5, 21]",34,"[0.418475478887558, 0.023719709366559982, 0.44348305463790894, 0.09883148223161697, 0.01549020130187273]"
adjacent,"[2, 20, 23, 2, 18, 4, 5, 8]",34,"[0.20221157371997833, 0.16306442022323608, 0.2981782853603363, 0.2303718775510788, 0.10617385059595108]"
anticipate,"[2, 5, 8, 6, 18, 6, 3, 2, 8, 4]",34,"[0.09675759822130203, 0.24259403347969055, 0.23234646022319794, 0.37866997718811035, 0.04963185265660286]"
antithesis,"[2, 5, 8, 6, 8, 9, 4, 7, 6, 7]",34,"[0.1756003051996231, 0.2631709575653076, 0.36710894107818604, 0.17046046257019043, 0.023659421131014824]"
assonance,"[2, 7, 7, 12, 5, 2, 5, 18, 4]",34,"[0.22142942249774933, 0.057899344712495804, 0.232477605342865, 0.42213889956474304, 0.06605473905801773]"
cliché,"[18, 14, 6, 18, 9, 0]",34,"[0.15925225615501404, 0.23116101324558258, 0.2599755525588989, 0.05995474010705948, 0.28965646028518677]"
consonance,"[18, 12, 5, 7, 12, 5, 2, 5, 18, 4]",34,"[0.10600060224533081, 0.10316932946443558, 0.07422091066837311, 0.61271071434021, 0.10389843583106995]"
diction,"[20, 6, 18, 8, 6, 12, 5]",34,"[0.12199943512678146, 0.24871189892292023, 0.30847153067588806, 0.22337910532951355, 0.0974380373954773]"
diligent,"[20, 6, 14, 6, 17, 4, 5, 8]",34,"[0.1736845076084137, 0.317188560962677, 0.20279867947101593, 0.2710045278072357, 0.035323675721883774]"
ethos,"[4, 8, 9, 12, 7]",34,"[0.1999000757932663, 0.4989461600780487, 0.13079622387886047, 0.13405025005340576, 0.036307379603385925]"
euphemism,"[4, 13, 3, 9, 4, 19, 6, 7, 19]",34,"[0.1713171899318695, 0.04841446131467819, 0.17357555031776428, 0.5317800641059875, 0.07491268962621689]"
exempt,"[4, 27, 4, 19, 3, 8]",34,"[0.09429986029863358, 0.09586789458990097, 0.14493103325366974, 0.6355528235435486, 0.029348496347665787]"
free verse,"[22, 11, 4, 4, 31, 28, 4, 11, 7, 4]",34,"[0.7852393388748169, 0.02572576142847538, 0.119099922478199, 0.061058592051267624, 0.008876357227563858]"
jargon,"[23, 2, 11, 17, 12, 5]",34,"[0.40726062655448914, 0.07754024118185043, 0.32779228687286377, 0.1626218557357788, 0.02478501945734024]"
logos,"[14, 12, 17, 12, 7]",34,"[0.1974434107542038, 0.396110475063324, 0.1082330048084259, 0.2635851800441742, 0.03462790697813034]"
meter,"[19, 4, 8, 4, 11]",34,"[0.24427519738674164, 0.3647211492061615, 0.1296418458223343, 0.21497386693954468, 0.046387966722249985]"
morpheme,"[19, 12, 11, 3, 9, 4, 19, 4]",34,"[0.23089881241321564, 0.07567286491394043, 0.17436136305332184, 0.464061975479126, 0.05500498041510582]"
oxymoron,"[12, 27, 21, 19, 12, 11, 12, 5]",34,"[0.04545510560274124, 0.09311378747224808, 0.02017468586564064, 0.8316009044647217, 0.009655528701841831]"
paradox,"[3, 2, 11, 2, 20, 12, 27]",34,"[0.14644059538841248, 0.40896910429000854, 0.03288668766617775, 0.37930455803871155, 0.032399095594882965]"
pathos,"[3, 2, 8, 9, 12, 7]",34,"[0.18700139224529266, 0.45217466354370117, 0.23692649602890015, 0.09356706589460373, 0.030330302193760872]"
pun,"[3, 13, 5]",34,"[0.31668445467948914, 0.2318723201751709, 0.12004215270280838, 0.24095459282398224, 0.09044630825519562]"
register,"[11, 4, 17, 6, 7, 8, 4, 11]",34,"[0.385247141122818, 0.20448185503482819, 0.11480306833982468, 0.27578383684158325, 0.01968410424888134]"
repetition,"[11, 4, 3, 4, 8, 6, 8, 6, 12, 5]",34,"[0.08368026465177536, 0.1246676966547966, 0.37090370059013367, 0.3930807411670685, 0.027667637914419174]"
retrieve,"[11, 4, 8, 11, 6, 4, 28, 4]",34,"[0.7400497198104858, 0.024031922221183777, 0.20475316047668457, 0.027057142928242683, 0.004108012653887272]"
rhetoric,"[11, 9, 4, 8, 12, 11, 6, 18]",34,"[0.14181029796600342, 0.6408005952835083, 0.0399332270026207, 0.15687204897403717, 0.02058376930654049]"
rhyme scheme,"[11, 9, 21, 19, 4, 31, 7, 18, 9, 4, 19, 4]",34,"[0.3701014518737793, 0.2465875893831253, 0.17078232765197754, 0.1759401112794876, 0.03658846393227577]"
scarce,"[7, 18, 2, 11, 18, 4]",34,"[0.2643938958644867, 0.17854319512844086, 0.2603458762168884, 0.17914226651191711, 0.11757471412420273]"
slang,"[7, 14, 2, 5, 17]",34,"[0.2602792978286743, 0.24560831487178802, 0.18403750658035278, 0.25810346007347107, 0.05197148770093918]"
style,"[7, 8, 21, 14, 4]",34,"[0.658240556716919, 0.07327477633953094, 0.1352321058511734, 0.10447030514478683, 0.02878219075500965]"
syntax,"[7, 21, 5, 8, 2, 27]",34,"[0.09093233942985535, 0.20523397624492645, 0.05203191563487053, 0.6242731213569641, 0.02752867341041565]"
voice,"[28, 12, 6, 18, 4]",34,"[0.6966344714164734, 0.05997248739004135, 0.07452376931905746, 0.11741641163825989, 0.05145285278558731]"
acknowledge,"[2, 18, 16, 5, 12, 26, 14, 4, 20, 17, 4]",34,"[0.11138916015625, 0.011590942740440369, 0.8380040526390076, 0.027849465608596802, 0.01116648968309164]"
annotate,"[2, 5, 5, 12, 8, 2, 8, 4]",34,"[0.2027958333492279, 0.1480681449174881, 0.1867881566286087, 0.44721826910972595, 0.015129544772207737]"
appraise,"[2, 3, 3, 11, 2, 6, 7, 4]",34,"[0.19973942637443542, 0.1478448361158371, 0.49666979908943176, 0.10652133077383041, 0.0492246076464653]"
coherence,"[18, 12, 9, 4, 11, 4, 5, 18, 4]",34,"[0.2164829969406128, 0.23801442980766296, 0.1281440556049347, 0.30218783020973206, 0.11517069488763809]"
criterion,"[18, 11, 6, 8, 4, 11, 6, 12, 5]",34,"[0.19172637164592743, 0.3028782308101654, 0.07111787796020508, 0.3692805767059326, 0.06499692797660828]"
derive,"[20, 4, 11, 6, 28, 4]",34,"[0.5285745859146118, 0.21334081888198853, 0.1032007709145546, 0.13507628440856934, 0.019807539880275726]"
explicit,"[4, 27, 3, 14, 6, 18, 6, 8]",34,"[0.1253829151391983, 0.09392353892326355, 0.46857067942619324, 0.12450948357582092, 0.1876133680343628]"
implicit,"[6, 19, 3, 14, 6, 18, 6, 8]",34,"[0.11766663938760757, 0.06355015188455582, 0.5901584625244141, 0.10093500465154648, 0.12768971920013428]"
objectivity,"[12, 10, 23, 4, 18, 8, 6, 28, 6, 8, 21]",34,"[0.21602527797222137, 0.07178492844104767, 0.3533589243888855, 0.3329367935657501, 0.025894075632095337]"
rebuttal,"[11, 4, 10, 13, 8, 8, 2, 14]",34,"[0.19233909249305725, 0.13431072235107422, 0.3587442934513092, 0.297387957572937, 0.017217932268977165]"
subjectivity,"[7, 13, 10, 23, 4, 18, 8, 6, 28, 6, 8, 21]",34,"[0.15960878133773804, 0.13136893510818481, 0.2565731406211853, 0.4309389591217041, 0.021510154008865356]"
substantiate,"[7, 13, 10, 7, 8, 2, 5, 8, 6, 2, 8, 4]",34,"[0.18550488352775574, 0.18838724493980408, 0.17466004192829132, 0.4401467740535736, 0.011300957761704922]"
sufficient,"[7, 13, 22, 22, 6, 18, 6, 4, 5, 8]",34,"[0.10154799371957779, 0.053178030997514725, 0.7102457880973816, 0.10437799990177155, 0.030650191009044647]"
transfer,"[8, 11, 2, 5, 7, 22, 4, 11]",34,"[0.34781259298324585, 0.10903776437044144, 0.2487805038690567, 0.21653971076011658, 0.07782941311597824]"
validate,"[28, 2, 14, 6, 20, 2, 8, 4]",34,"[0.14014576375484467, 0.34994637966156006, 0.22520151734352112, 0.27441683411598206, 0.010289464145898819]"
ambiguous,"[2, 19, 10, 6, 17, 13, 12, 13, 7]",34,"[0.03884115070104599, 0.010437377728521824, 0.8334627151489258, 0.10760962963104248, 0.009649070911109447]"
antecedent,"[2, 5, 8, 4, 18, 4, 20, 4, 5, 8]",34,"[0.08264623582363129, 0.6786192655563354, 0.031062312424182892, 0.19107890129089355, 0.01659330725669861]"
appositive,"[2, 3, 3, 12, 7, 6, 8, 6, 28, 4]",34,"[0.04988568276166916, 0.014652125537395477, 0.8687010407447815, 0.06371507048606873, 0.0030460860580205917]"
cognate,"[18, 12, 17, 5, 2, 8, 4]",34,"[0.16622942686080933, 0.08704940974712372, 0.3137665390968323, 0.4148283302783966, 0.01812625490128994]"
comprehensive,"[18, 12, 19, 3, 11, 4, 9, 4, 5, 7, 6, 28, 4]",34,"[0.12233626842498779, 0.35444438457489014, 0.19140326976776123, 0.31745898723602295, 0.0143571263179183]"
coordinating conjunction,"[18, 12, 12, 11, 20, 6, 5, 2, 8, 6, 5, 17, 31, 18, 12, 5, 23, 13, 5, 18, 8, 6, 12, 5]",34,"[0.0890185758471489, 0.009992377832531929, 0.7709929943084717, 0.12106005847454071, 0.008936099708080292]"
correlative conjunction,"[18, 12, 11, 11, 4, 14, 2, 8, 6, 28, 4, 31, 18, 12, 5, 23, 13, 5, 18, 8, 6, 12, 5]",34,"[0.20118923485279083, 0.017754407599568367, 0.5479853749275208, 0.22722917795181274, 0.005841891746968031]"
figurative language,"[22, 6, 17, 13, 11, 2, 8, 6, 28, 4, 31, 14, 2, 5, 17, 13, 2, 17, 4]",34,"[0.15604500472545624, 0.027522796764969826, 0.4982546865940094, 0.3156067132949829, 0.0025707543827593327]"
inevitable,"[6, 5, 4, 28, 6, 8, 2, 10, 14, 4]",34,"[0.056308940052986145, 0.11324148625135422, 0.038645993918180466, 0.7854578495025635, 0.006345726083964109]"
interjection,"[6, 5, 8, 4, 11, 23, 4, 18, 8, 6, 12, 5]",34,"[0.12338893860578537, 0.18533457815647125, 0.2439204752445221, 0.4241088628768921, 0.023247171193361282]"
linguistic,"[14, 6, 5, 17, 13, 6, 7, 8, 6, 18]",34,"[0.13410596549510956, 0.22145287692546844, 0.42409059405326843, 0.1494026929140091, 0.07094795256853104]"
meticulous,"[19, 4, 8, 6, 18, 13, 14, 12, 13, 7]",34,"[0.10328768193721771, 0.39951878786087036, 0.05723127722740173, 0.42768925428390503, 0.012272980064153671]"
modifier,"[19, 12, 20, 6, 22, 6, 4, 11]",34,"[0.4066976308822632, 0.1005307212471962, 0.1616293489933014, 0.28310203552246094, 0.048040300607681274]"
parallel structure,"[3, 2, 11, 2, 14, 14, 4, 14, 31, 7, 8, 11, 13, 18, 8, 13, 11, 4]",34,"[0.18120349943637848, 0.0169929638504982, 0.7494409084320068, 0.048625845462083817, 0.0037367516197264194]"
phrase,"[3, 9, 11, 2, 7, 4]",34,"[0.375651478767395, 0.26181116700172424, 0.1091182604432106, 0.18695272505283356, 0.0664663165807724]"
rhetorical question,"[11, 9, 4, 8, 12, 11, 6, 18, 2, 14, 31, 24, 13, 4, 7, 8, 6, 12, 5]",34,"[0.3327675461769104, 0.10274756699800491, 0.23591828346252441, 0.3164387345314026, 0.012127935886383057]"
semantic,"[7, 4, 19, 2, 5, 8, 6, 18]",34,"[0.1186421737074852, 0.3322390615940094, 0.12437427788972855, 0.37616533041000366, 0.04857910796999931]"
subordinating conjunction,"[7, 13, 10, 12, 11, 20, 6, 5, 2, 8, 6, 5, 17, 31, 18, 12, 5, 23, 13, 5, 18, 8, 6, 12, 5]",34,"[0.07722392678260803, 0.027428120374679565, 0.530730128288269, 0.35366562008857727, 0.010952229611575603]"
biodiversity,"[10, 6, 12, 20, 6, 28, 4, 11, 7, 6, 8, 21]",34,"[0.26537689566612244, 0.12744095921516418, 0.40151405334472656, 0.1801736056804657, 0.025494491681456566]"
cell,"[18, 4, 14, 14]",34,"[0.4134416878223419, 0.10730956494808197, 0.29678022861480713, 0.08160879462957382, 0.10085966438055038]"
civilization,"[18, 6, 28, 6, 14, 6, 15, 2, 8, 6, 12, 5]",34,"[0.12718620896339417, 0.4991537928581238, 0.24069726467132568, 0.10811901092529297, 0.024843739345669746]"
climate zone,"[18, 14, 6, 19, 2, 8, 4, 31, 15, 12, 5, 4]",34,"[0.6159265637397766, 0.03504292294383049, 0.14047923684120178, 0.18018381297588348, 0.028367523103952408]"
coefficient,"[18, 12, 4, 22, 22, 6, 18, 6, 4, 5, 8]",34,"[0.23974423110485077, 0.03273448720574379, 0.5845761895179749, 0.11099282652139664, 0.03195223957300186]"
control group,"[18, 12, 5, 8, 11, 12, 14, 31, 17, 11, 12, 13, 3]",34,"[0.16587486863136292, 0.29770007729530334, 0.14681939780712128, 0.35009998083114624, 0.03950563073158264]"
convection,"[18, 12, 5, 28, 4, 18, 8, 6, 12, 5]",34,"[0.13565801084041595, 0.08098000288009644, 0.34374701976776123, 0.3956299424171448, 0.04398505762219429]"
dependent variable,"[20, 4, 3, 4, 5, 20, 4, 5, 8, 31, 28, 2, 11, 6, 2, 10, 14, 4]",34,"[0.07386389374732971, 0.0776960551738739, 0.045083992183208466, 0.7867164611816406, 0.016639605164527893]"
empire,"[4, 19, 3, 6, 11, 4]",34,"[0.6633347272872925, 0.03341175615787506, 0.11198002099990845, 0.17295928299427032, 0.01831425353884697]"
energy transfer,"[4, 5, 4, 11, 17, 21, 31, 8, 11, 2, 5, 7, 22, 4, 11]",34,"[0.4552432596683502, 0.11928565800189972, 0.19081321358680725, 0.1911875307559967, 0.04347042739391327]"
equation,"[4, 24, 13, 2, 8, 6, 12, 5]",34,"[0.11831796914339066, 0.16034545004367828, 0.28297680616378784, 0.41609126329421997, 0.022268537431955338]"
expression,"[4, 27, 3, 11, 4, 7, 7, 6, 12, 5]",34,"[0.07801315188407898, 0.024686450138688087, 0.7962799072265625, 0.08471187949180603, 0.016308719292283058]"
feudalism,"[22, 4, 13, 20, 2, 14, 6, 7, 19]",34,"[0.23014768958091736, 0.21309147775173187, 0.2767964005470276, 0.24115100502967834, 0.03881349042057991]"
geological,"[17, 4, 12, 14, 12, 17, 6, 18, 2, 14]",34,"[0.08767154812812805, 0.18082866072654724, 0.14913798868656158, 0.5731260180473328, 0.00923565961420536]"
independent variable,"[6, 5, 20, 4, 3, 4, 5, 20, 4, 5, 8, 31, 28, 2, 11, 6, 2, 10, 14, 4]",34,"[0.06748570501804352, 0.0613725408911705, 0.045080676674842834, 0.8149603009223938, 0.01110079139471054]"
kinetic energy,"[16, 6, 5, 4, 8, 6, 18, 31, 4, 5, 4, 11, 17, 21]",34,"[0.3817729651927948, 0.10177551209926605, 0.11957625299692154, 0.19278410077095032, 0.2040911316871643]"
latitude,"[14, 2, 8, 6, 8, 13, 20, 4]",34,"[0.15706394612789154, 0.13283246755599976, 0.6186050772666931, 0.08536753803491592, 0.0061309365555644035]"
longitude,"[14, 12, 5, 17, 6, 8, 13, 20, 4]",34,"[0.12150995433330536, 0.12465719133615494, 0.6448158025741577, 0.1017019972205162, 0.0073150829412043095]"
membrane,"[19, 4, 19, 10, 11, 2, 5, 4]",34,"[0.11838637292385101, 0.5249469876289368, 0.07283282279968262, 0.2639215290546417, 0.01991225779056549]"
monarchy,"[19, 12, 5, 2, 11, 18, 9, 21]",34,"[0.16320228576660156, 0.43722379207611084, 0.1547129601240158, 0.18686312437057495, 0.0579979382455349]"
natural selection,"[5, 2, 8, 13, 11, 2, 14, 31, 7, 4, 14, 4, 18, 8, 6, 12, 5]",34,"[0.1669313758611679, 0.16844035685062408, 0.4301944673061371, 0.2186964899301529, 0.015737315639853477]"
nucleus,"[5, 13, 18, 14, 4, 13, 7]",34,"[0.6691398620605469, 0.05832873657345772, 0.11908069252967834, 0.1238279864192009, 0.029622573405504227]"
organelle,"[12, 11, 17, 2, 5, 4, 14, 14, 4]",34,"[0.34634971618652344, 0.009005686268210411, 0.5497422218322754, 0.08739995956420898, 0.007502363529056311]"
plate tectonics,"[3, 14, 2, 8, 4, 31, 8, 4, 18, 8, 12, 5, 6, 18, 7]",34,"[0.4780411720275879, 0.035267557948827744, 0.18906548619270325, 0.2758205533027649, 0.021805254742503166]"
potential energy,"[3, 12, 8, 4, 5, 8, 6, 2, 14, 31, 4, 5, 4, 11, 17, 21]",34,"[0.14707687497138977, 0.27952584624290466, 0.10954085737466812, 0.4392431974411011, 0.024613099172711372]"
rate,"[11, 2, 8, 4]",34,"[0.5214759707450867, 0.18415184319019318, 0.09428837150335312, 0.17000137269496918, 0.03008253686130047]"
Reformation,"[11, 4, 22, 12, 11, 19, 2, 8, 6, 12, 5]",34,"[0.12345462292432785, 0.32201775908470154, 0.25273826718330383, 0.28894463181495667, 0.012844737619161606]"
Renaissance,"[11, 4, 5, 2, 6, 7, 7, 2, 5, 18, 4]",34,"[0.2467852234840393, 0.12386950105428696, 0.1917850524187088, 0.37471112608909607, 0.06284910440444946]"
thermal energy,"[8, 9, 4, 11, 19, 2, 14, 31, 4, 5, 4, 11, 17, 21]",34,"[0.20491591095924377, 0.2692786455154419, 0.15848836302757263, 0.3389967083930969, 0.028320394456386566]"
topography,"[8, 12, 3, 12, 17, 11, 2, 3, 9, 21]",34,"[0.08111167699098587, 0.7335000038146973, 0.03412497788667679, 0.14184227585792542, 0.009421092458069324]"
external conflict,"[4, 27, 8, 4, 11, 5, 2, 14, 31, 18, 12, 5, 22, 14, 6, 18, 8]",34,"[0.094956174492836, 0.02611386962234974, 0.7752107977867126, 0.08322412520647049, 0.020495055243372917]"
internal conflict,"[6, 5, 8, 4, 11, 5, 2, 14, 31, 18, 12, 5, 22, 14, 6, 18, 8]",34,"[0.12024626135826111, 0.038731079548597336, 0.7197397947311401, 0.098951555788517, 0.022331343963742256]"
outcome,"[12, 13, 8, 18, 12, 19, 4]",34,"[0.19675077497959137, 0.06821351498365402, 0.6244617700576782, 0.09196426719427109, 0.018609676510095596]"
pacing,"[3, 2, 18, 6, 5, 17]",34,"[0.15228843688964844, 0.3623092472553253, 0.31861379742622375, 0.10791093856096268, 0.05887765809893608]"
sarcasm,"[7, 2, 11, 18, 2, 7, 19]",34,"[0.43558987975120544, 0.09093727171421051, 0.2745521366596222, 0.15157616138458252, 0.047344546765089035]"
subgenre,"[7, 13, 10, 17, 4, 5, 11, 4]",34,"[0.16226142644882202, 0.28175273537635803, 0.1404324620962143, 0.39412736892700195, 0.021425915881991386]"
amalgamate,"[2, 19, 2, 14, 17, 2, 19, 2, 8, 4]",34,"[0.14058180153369904, 0.018805773928761482, 0.7033968567848206, 0.12995508313179016, 0.007260552607476711]"
articulate,"[2, 11, 8, 6, 18, 13, 14, 2, 8, 4]",34,"[0.16755180060863495, 0.3208097517490387, 0.24322715401649475, 0.254536896944046, 0.01387439388781786]"
assert,"[2, 7, 7, 4, 11, 8]",34,"[0.2584550380706787, 0.08782076090574265, 0.45156803727149963, 0.15091663599014282, 0.051239483058452606]"
authenticate,"[2, 13, 8, 9, 4, 5, 8, 6, 18, 2, 8, 4]",34,"[0.1271132379770279, 0.2418033629655838, 0.2852323651313782, 0.3346254229545593, 0.011225678957998753]"
bibliography,"[10, 6, 10, 14, 6, 12, 17, 11, 2, 3, 9, 21]",34,"[0.04669059067964554, 0.7702772617340088, 0.07712743431329727, 0.0927027240395546, 0.013202047906816006]"
concession,"[18, 12, 5, 18, 4, 7, 7, 6, 12, 5]",34,"[0.17329424619674683, 0.09069164097309113, 0.32104161381721497, 0.2862078845500946, 0.12876465916633606]"
contend,"[18, 12, 5, 8, 4, 5, 20]",34,"[0.11015738546848297, 0.5148319602012634, 0.07071952521800995, 0.25827082991600037, 0.0460202656686306]"
convey,"[18, 12, 5, 28, 4, 21]",34,"[0.19246038794517517, 0.04785095527768135, 0.2150820791721344, 0.4859008491039276, 0.0587056465446949]"
discern,"[20, 6, 7, 18, 4, 11, 5]",34,"[0.22551262378692627, 0.08414087444543839, 0.3710707426071167, 0.15651394426822662, 0.16276173293590546]"
discrepancy,"[20, 6, 7, 18, 11, 4, 3, 2, 5, 18, 21]",34,"[0.1901235580444336, 0.03389745205640793, 0.4526199400424957, 0.2658635377883911, 0.05749548226594925]"
dispute,"[20, 6, 7, 3, 13, 8, 4]",34,"[0.19064228236675262, 0.04295240715146065, 0.1337641477584839, 0.5991322994232178, 0.03350885584950447]"
hypothesize,"[9, 21, 3, 12, 8, 9, 4, 7, 6, 15, 4]",34,"[0.2123766988515854, 0.1315459907054901, 0.16914616525173187, 0.39430683851242065, 0.09262438863515854]"
merit,"[19, 4, 11, 6, 8]",34,"[0.45707958936691284, 0.22867612540721893, 0.10616389662027359, 0.1439271867275238, 0.06415324658155441]"
methodology,"[19, 4, 8, 9, 12, 20, 12, 14, 12, 17, 21]",34,"[0.07912195473909378, 0.3298214077949524, 0.07301667332649231, 0.505804181098938, 0.012235729023814201]"
plagiarize,"[3, 14, 2, 17, 6, 2, 11, 6, 15, 4]",34,"[0.2049158364534378, 0.43388497829437256, 0.15118874609470367, 0.13154461979866028, 0.07846587151288986]"
prejudice,"[3, 11, 4, 23, 13, 20, 6, 18, 4]",34,"[0.6328683495521545, 0.06047294661402702, 0.15918058156967163, 0.1321079581975937, 0.015370178036391735]"
preliminary,"[3, 11, 4, 14, 6, 19, 6, 5, 2, 11, 21]",34,"[0.15393994748592377, 0.40296927094459534, 0.2416168749332428, 0.18787583708763123, 0.013598167337477207]"
propaganda,"[3, 11, 12, 3, 2, 17, 2, 5, 20, 2]",34,"[0.07187569886445999, 0.0184637364000082, 0.10448708385229111, 0.7988324165344238, 0.006341038271784782]"
scrutinize,"[7, 18, 11, 13, 8, 6, 5, 6, 15, 4]",34,"[0.3165174126625061, 0.09895314276218414, 0.33038994669914246, 0.1939776986837387, 0.06016182154417038]"
speculate,"[7, 3, 4, 18, 13, 14, 2, 8, 4]",34,"[0.2890268564224243, 0.37629279494285583, 0.04543621838092804, 0.2725931704044342, 0.01665092445909977]"
stereotype,"[7, 8, 4, 11, 4, 12, 8, 21, 3, 4]",34,"[0.2173261046409607, 0.0779603123664856, 0.22695115208625793, 0.4330611228942871, 0.04470131918787956]"
unify,"[13, 5, 6, 22, 21]",34,"[0.23267827928066254, 0.2676521837711334, 0.18714722990989685, 0.14890488982200623, 0.16361738741397858]"
accumulate,"[2, 18, 18, 13, 19, 13, 14, 2, 8, 4]",34,"[0.14180926978588104, 0.3072602450847626, 0.14577533304691315, 0.3901956081390381, 0.014959489926695824]"
adequate,"[2, 20, 4, 24, 13, 2, 8, 4]",34,"[0.1474159061908722, 0.06650735437870026, 0.1575714647769928, 0.6136833429336548, 0.014822018332779408]"
advocate,"[2, 20, 28, 12, 18, 2, 8, 4]",34,"[0.13066700100898743, 0.10061068087816238, 0.4328322410583496, 0.3225860595703125, 0.013303999789059162]"
allude,"[2, 14, 14, 13, 20, 4]",34,"[0.44025224447250366, 0.028471406549215317, 0.5086681246757507, 0.015625150874257088, 0.0069831497967243195]"
ambivalent,"[2, 19, 10, 6, 28, 2, 14, 4, 5, 8]",34,"[0.19165349006652832, 0.13779975473880768, 0.49632763862609863, 0.15202419459819794, 0.02219492197036743]"
apprehensive,"[2, 3, 3, 11, 4, 9, 4, 5, 7, 6, 28, 4]",34,"[0.10307399183511734, 0.0823812410235405, 0.7223438620567322, 0.0830245390534401, 0.009176387451589108]"
authentic,"[2, 13, 8, 9, 4, 5, 8, 6, 18]",34,"[0.09127353876829147, 0.4617478847503662, 0.19809605181217194, 0.21784734725952148, 0.031035123392939568]"
biased,"[10, 6, 2, 7, 4, 20]",34,"[0.3129032254219055, 0.3611457645893097, 0.17047910392284393, 0.059099774807691574, 0.0963720977306366]"
compatible,"[18, 12, 19, 3, 2, 8, 6, 10, 14, 4]",34,"[0.03999905660748482, 0.06805503368377686, 0.10053117573261261, 0.7834987640380859, 0.00791595783084631]"
compelling,"[18, 12, 19, 3, 4, 14, 14, 6, 5, 17]",34,"[0.11797337234020233, 0.10374607890844345, 0.6953128576278687, 0.06471402943134308, 0.01825372502207756]"
concise,"[18, 12, 5, 18, 6, 7, 4]",34,"[0.1893807202577591, 0.19547520577907562, 0.15406078100204468, 0.18203777074813843, 0.2790454924106598]"
conclusive,"[18, 12, 5, 18, 14, 13, 7, 6, 28, 4]",34,"[0.16689658164978027, 0.03590096905827522, 0.6549516320228577, 0.12012959271669388, 0.022121278569102287]"
contemplate,"[18, 12, 5, 8, 4, 19, 3, 14, 2, 8, 4]",34,"[0.15443512797355652, 0.09001387655735016, 0.26638004183769226, 0.4720020294189453, 0.017169037833809853]"
convergent,"[18, 12, 5, 28, 4, 11, 17, 4, 5, 8]",34,"[0.16860637068748474, 0.10289480537176132, 0.26553967595100403, 0.4229825735092163, 0.03997664898633957]"
cynical,"[18, 21, 5, 6, 18, 2, 14]",34,"[0.1835009902715683, 0.11908868700265884, 0.30133435130119324, 0.22131960093975067, 0.17475639283657074]"
deficient,"[20, 4, 22, 6, 18, 6, 4, 5, 8]",34,"[0.19390909373760223, 0.32043465971946716, 0.19342836737632751, 0.23399268090724945, 0.05823509395122528]"
definitive,"[20, 4, 22, 6, 5, 6, 8, 6, 28, 4]",34,"[0.12440475821495056, 0.09783384203910828, 0.3629192113876343, 0.39236944913864136, 0.022472737357020378]"
deliberate,"[20, 4, 14, 6, 10, 4, 11, 2, 8, 4]",34,"[0.3264784812927246, 0.42179667949676514, 0.11771285533905029, 0.10859731584787369, 0.0254147220402956]"
diminish,"[20, 6, 19, 6, 5, 6, 7, 9]",34,"[0.1612021028995514, 0.3129209578037262, 0.34807679057121277, 0.09960249066352844, 0.07819764316082001]"
disparate,"[20, 6, 7, 3, 2, 11, 2, 8, 4]",34,"[0.16808554530143738, 0.051704809069633484, 0.09081244468688965, 0.6646171808242798, 0.024779988452792168]"
divergent,"[20, 6, 28, 4, 11, 17, 4, 5, 8]",34,"[0.2926962077617645, 0.16792093217372894, 0.31025856733322144, 0.2097741812467575, 0.019350120797753334]"
dubious,"[20, 13, 10, 6, 12, 13, 7]",34,"[0.14709894359111786, 0.13219697773456573, 0.6079608798027039, 0.08865298330783844, 0.02409018948674202]"
empathetic,"[4, 19, 3, 2, 8, 9, 4, 8, 6, 18]",34,"[0.0609605573117733, 0.10383380949497223, 0.5051080584526062, 0.30708494782447815, 0.023012615740299225]"
evoke,"[4, 28, 12, 16, 4]",34,"[0.660474419593811, 0.04353206977248192, 0.20716531574726105, 0.06995253264904022, 0.01887560449540615]"
exemplary,"[4, 27, 4, 19, 3, 14, 2, 11, 21]",34,"[0.15677808225154877, 0.11999204009771347, 0.082359179854393, 0.5956312417984009, 0.045239441096782684]"
fluctuate,"[22, 14, 13, 18, 8, 13, 2, 8, 4]",34,"[0.04201753810048103, 0.008268345147371292, 0.7641279697418213, 0.17499984800815582, 0.010586317628622055]"
heterogeneous,"[9, 4, 8, 4, 11, 12, 17, 4, 5, 4, 12, 13, 7]",34,"[0.18979880213737488, 0.18267236649990082, 0.2710544168949127, 0.3503742218017578, 0.006100127939134836]"
homogeneous,"[9, 12, 19, 12, 17, 4, 5, 4, 12, 13, 7]",34,"[0.1369921863079071, 0.2764940857887268, 0.146114781498909, 0.4321760833263397, 0.008222830481827259]"
illuminate,"[6, 14, 14, 13, 19, 6, 5, 2, 8, 4]",34,"[0.06653115153312683, 0.04618770629167557, 0.781470775604248, 0.09978452324867249, 0.006025776732712984]"
impartial,"[6, 19, 3, 2, 11, 8, 6, 2, 14]",34,"[0.11598636209964752, 0.10549324005842209, 0.3314755856990814, 0.42618176341056824, 0.020863002166152]"
indisputable,"[6, 5, 20, 6, 7, 3, 13, 8, 2, 10, 14, 4]",34,"[0.0378204807639122, 0.04750147461891174, 0.02156725339591503, 0.885184645652771, 0.0079262163490057]"
legitimate,"[14, 4, 17, 6, 8, 6, 19, 2, 8, 4]",34,"[0.06816346198320389, 0.09213250130414963, 0.13600915670394897, 0.6892430782318115, 0.014451736584305763]"
mediocre,"[19, 4, 20, 6, 12, 18, 11, 4]",34,"[0.2714046835899353, 0.27448928356170654, 0.2187378704547882, 0.17550028860569, 0.059867896139621735]"
naive,"[5, 2, 6, 28, 4]",34,"[0.5282038450241089, 0.09934993833303452, 0.2212483435869217, 0.13243414461612701, 0.01876376010477543]"
pertinent,"[3, 4, 11, 8, 6, 5, 4, 5, 8]",34,"[0.23700809478759766, 0.24553124606609344, 0.21708768606185913, 0.2687358856201172, 0.03163714334368706]"
plausible,"[3, 14, 2, 13, 7, 6, 10, 14, 4]",34,"[0.37370821833610535, 0.12633652985095978, 0.025129104033112526, 0.443214476108551, 0.03161170706152916]"
proficient,"[3, 11, 12, 22, 6, 18, 6, 4, 5, 8]",34,"[0.14125220477581024, 0.07255804538726807, 0.5190621614456177, 0.22875338792800903, 0.038374245166778564]"
prosper,"[3, 11, 12, 7, 3, 4, 11]",34,"[0.21104206144809723, 0.06227428466081619, 0.1215948835015297, 0.4847697615623474, 0.12031904608011246]"
scrutiny,"[7, 18, 11, 13, 8, 6, 5, 21]",34,"[0.17880284786224365, 0.08243706822395325, 0.3751300275325775, 0.3035835325717926, 0.06004662439227104]"
skeptical,"[7, 16, 4, 3, 8, 6, 18, 2, 14]",34,"[0.14455345273017883, 0.06493319571018219, 0.6585928201675415, 0.11986533552408218, 0.012055158615112305]"
subtle,"[7, 13, 10, 8, 14, 4]",34,"[0.20728926360607147, 0.4286935329437256, 0.08635139465332031, 0.2651044428348541, 0.012561465613543987]"
succinct,"[7, 13, 18, 18, 6, 5, 18, 8]",34,"[0.13624338805675507, 0.04879509657621384, 0.6259526014328003, 0.1434418261051178, 0.04556708410382271]"
surplus,"[7, 13, 11, 3, 14, 13, 7]",34,"[0.4265184998512268, 0.07635825872421265, 0.341280460357666, 0.11187883466482162, 0.04396392032504082]"
tentative,"[8, 4, 5, 8, 2, 8, 6, 28, 4]",34,"[0.1397349089384079, 0.1457361876964569, 0.30627307295799255, 0.3999456763267517, 0.008310144767165184]"
tolerant,"[8, 12, 14, 4, 11, 2, 5, 8]",34,"[0.3898867964744568, 0.2775743901729584, 0.05698121339082718, 0.25872543454170227, 0.016832131892442703]"
undermine,"[13, 5, 20, 4, 11, 19, 6, 5, 4]",34,"[0.26059094071388245, 0.4037429690361023, 0.13641133904457092, 0.18403024971485138, 0.015224520117044449]"
unequivocal,"[13, 5, 4, 24, 13, 6, 28, 12, 18, 2, 14]",34,"[0.24730491638183594, 0.2544756531715393, 0.4181634187698364, 0.07329050451517105, 0.006765460129827261]"
acceleration,"[2, 18, 18, 4, 14, 4, 11, 2, 8, 6, 12, 5]",34,"[0.1154450997710228, 0.3923969864845276, 0.17047929763793945, 0.2868615984916687, 0.034816909581422806]"
biome,"[10, 6, 12, 19, 4]",34,"[0.32823726534843445, 0.14910365641117096, 0.39089852571487427, 0.10198144614696503, 0.029779139906167984]"
chromosome,"[18, 9, 11, 12, 19, 12, 7, 12, 19, 4]",34,"[0.34670335054397583, 0.0984329879283905, 0.2876005172729492, 0.25009793043136597, 0.017165273427963257]"
decomposition,"[20, 4, 18, 12, 19, 3, 12, 7, 6, 8, 6, 12, 5]",34,"[0.05943874642252922, 0.35289180278778076, 0.14839690923690796, 0.4245237112045288, 0.014748821966350079]"
element,"[4, 14, 4, 19, 4, 5, 8]",34,"[0.25379693508148193, 0.3002717196941376, 0.18102805316448212, 0.2289242446422577, 0.0359790213406086]"
empirical,"[4, 19, 3, 6, 11, 6, 18, 2, 14]",34,"[0.15653230249881744, 0.1098451092839241, 0.3349560797214508, 0.3728456199169159, 0.025820916518568993]"
entrepreneur,"[4, 5, 8, 11, 4, 3, 11, 4, 5, 4, 13, 11]",34,"[0.3037613034248352, 0.06635244935750961, 0.4111822843551636, 0.19934357702732086, 0.019360369071364403]"
gene,"[17, 4, 5, 4]",34,"[0.24749226868152618, 0.2266928106546402, 0.1692851334810257, 0.2770950198173523, 0.07943478226661682]"
heredity,"[9, 4, 11, 4, 20, 6, 8, 21]",34,"[0.2161729782819748, 0.2884894609451294, 0.2703414857387543, 0.1709696352481842, 0.05402649939060211]"
immigration,"[6, 19, 19, 6, 17, 11, 2, 8, 6, 12, 5]",34,"[0.045234862715005875, 0.06692256778478622, 0.5983570218086243, 0.27937960624694824, 0.010105959139764309]"
imperialism,"[6, 19, 3, 4, 11, 6, 2, 14, 6, 7, 19]",34,"[0.15122920274734497, 0.28065577149391174, 0.18599456548690796, 0.3401009440422058, 0.04201953485608101]"
industrialization,"[6, 5, 20, 13, 7, 8, 11, 6, 2, 14, 6, 15, 2, 8, 6, 12, 5]",34,"[0.09254535287618637, 0.4210467040538788, 0.3559599220752716, 0.12254613637924194, 0.0079018110409379]"
inertia,"[6, 5, 4, 11, 8, 6, 2]",34,"[0.22407077252864838, 0.3483086824417114, 0.2653818130493164, 0.1239786297082901, 0.0382600799202919]"
inflation,"[6, 5, 22, 14, 2, 8, 6, 12, 5]",34,"[0.08562517166137695, 0.24774600565433502, 0.5393276214599609, 0.1173718199133873, 0.009929394349455833]"
migration,"[19, 6, 17, 11, 2, 8, 6, 12, 5]",34,"[0.0716237872838974, 0.3920478820800781, 0.12392453104257584, 0.3933711349964142, 0.01903269998729229]"
momentum,"[19, 12, 19, 4, 5, 8, 13, 19]",34,"[0.14640650153160095, 0.4525114893913269, 0.1997196525335312, 0.18687713146209717, 0.014485273510217667]"
mutation,"[19, 13, 8, 2, 8, 6, 12, 5]",34,"[0.09835982322692871, 0.2643187940120697, 0.3978927433490753, 0.2265176624059677, 0.012910917401313782]"
nationalism,"[5, 2, 8, 6, 12, 5, 2, 14, 6, 7, 19]",34,"[0.09583546966314316, 0.1686038374900818, 0.5534110069274902, 0.16514094173908234, 0.01700877770781517]"
periodic table,"[3, 4, 11, 6, 12, 20, 6, 18, 31, 8, 2, 10, 14, 4]",34,"[0.18056431412696838, 0.3308747708797455, 0.04639234021306038, 0.40677309036254883, 0.03539551421999931]"
predator,"[3, 11, 4, 20, 2, 8, 12, 11]",34,"[0.15238575637340546, 0.264011025428772, 0.1993691772222519, 0.37649819254875183, 0.007735869847238064]"
qualitative,"[24, 13, 2, 14, 6, 8, 2, 8, 6, 28, 4]",34,"[0.255614310503006, 0.11941730976104736, 0.4327199161052704, 0.18754835426807404, 0.004700112156569958]"
quantitative,"[24, 13, 2, 5, 8, 6, 8, 2, 8, 6, 28, 4]",34,"[0.15974609553813934, 0.04967900738120079, 0.3017674386501312, 0.48295068740844727, 0.005856870207935572]"
recession,"[11, 4, 18, 4, 7, 7, 6, 12, 5]",34,"[0.40040791034698486, 0.21449096500873566, 0.20849664509296417, 0.13178633153438568, 0.04481819272041321]"
reform,"[11, 4, 22, 12, 11, 19]",34,"[0.18156826496124268, 0.4741566479206085, 0.07290543615818024, 0.24636104702949524, 0.02500857599079609]"
respiration,"[11, 4, 7, 3, 6, 11, 2, 8, 6, 12, 5]",34,"[0.18608301877975464, 0.11217066645622253, 0.11998903751373291, 0.5587311387062073, 0.02302611991763115]"
sovereignty,"[7, 12, 28, 4, 11, 4, 6, 17, 5, 8, 21]",34,"[0.19070865213871002, 0.12256304174661636, 0.4278085231781006, 0.2539263963699341, 0.0049933758564293385]"
supply and demand,"[7, 13, 3, 3, 14, 21, 31, 2, 5, 20, 31, 20, 4, 19, 2, 5, 20]",34,"[0.1923307329416275, 0.009625645354390144, 0.6943534016609192, 0.09433071315288544, 0.009359549731016159]"
symbiosis,"[7, 21, 19, 10, 6, 12, 7, 6, 7]",34,"[0.1753794103860855, 0.16588136553764343, 0.4684050381183624, 0.14190900325775146, 0.0484251044690609]"
tyranny,"[8, 21, 11, 2, 5, 5, 21]",34,"[0.17998436093330383, 0.09620351344347, 0.2830762565135956, 0.3831321597099304, 0.05760364234447479]"
urbanization,"[13, 11, 10, 2, 5, 6, 15, 2, 8, 6, 12, 5]",34,"[0.07833828032016754, 0.03205448389053345, 0.7362490892410278, 0.13436509668827057, 0.01899304799735546]"
velocity,"[28, 4, 14, 12, 18, 6, 8, 21]",34,"[0.15967561304569244, 0.3000430166721344, 0.21547915041446686, 0.2510029077529907, 0.073799267411232]"
bildungsroman,"[10, 6, 14, 20, 13, 5, 17, 7, 11, 12, 19, 2, 5]",34,"[0.1456758826971054, 0.09000863879919052, 0.6336725354194641, 0.1223515197634697, 0.008291421458125114]"
catharsis,"[18, 2, 8, 9, 2, 11, 7, 6, 7]",34,"[0.37376952171325684, 0.16126105189323425, 0.26864197850227356, 0.17120635509490967, 0.025121023878455162]"
didactic,"[20, 6, 20, 2, 18, 8, 6, 18]",34,"[0.12088292837142944, 0.2018614262342453, 0.3029455244541168, 0.2557200491428375, 0.11859001964330673]"
epistolary,"[4, 3, 6, 7, 8, 12, 14, 2, 11, 21]",34,"[0.26830336451530457, 0.35284727811813354, 0.04955644905567169, 0.2932751774787903, 0.03601773455739021]"
juxtaposition,"[23, 13, 27, 8, 2, 3, 12, 7, 6, 8, 6, 12, 5]",34,"[0.05197602137923241, 0.18010753393173218, 0.5172593593597412, 0.24619431793689728, 0.0044627743773162365]"
monologue,"[19, 12, 5, 12, 14, 12, 17, 13, 4]",34,"[0.14244307577610016, 0.09850624948740005, 0.08225250244140625, 0.6642665266990662, 0.012531687505543232]"
soliloquy,"[7, 12, 14, 6, 14, 12, 24, 13, 21]",34,"[0.12289810925722122, 0.21855217218399048, 0.029659826308488846, 0.5989142060279846, 0.02997567504644394]"
tragic flaw,"[8, 11, 2, 17, 6, 18, 31, 22, 14, 2, 26]",34,"[0.3221551477909088, 0.17709818482398987, 0.27769535779953003, 0.17819972336292267, 0.04485161229968071]"
attribution,"[2, 8, 8, 11, 6, 10, 13, 8, 6, 12, 5]",34,"[0.03689870238304138, 0.06143752112984657, 0.7139615416526794, 0.1803482472896576, 0.007353967055678368]"
benchmark,"[10, 4, 5, 18, 9, 19, 2, 11, 16]",34,"[0.19521893560886383, 0.3878419101238251, 0.15241612493991852, 0.11949589848518372, 0.14502710103988647]"
consequence,"[18, 12, 5, 7, 4, 24, 13, 4, 5, 18, 4]",34,"[0.15916766226291656, 0.04606882110238075, 0.12831932306289673, 0.6066188216209412, 0.05982525274157524]"
elucidate,"[4, 14, 13, 18, 6, 20, 2, 8, 4]",34,"[0.13833171129226685, 0.08335994929075241, 0.44812750816345215, 0.30621907114982605, 0.023961711674928665]"
explicate,"[4, 27, 3, 14, 6, 18, 2, 8, 4]",34,"[0.12387882173061371, 0.07074419409036636, 0.5326991677284241, 0.2412056028842926, 0.03147221729159355]"
extrapolate,"[4, 27, 8, 11, 2, 3, 12, 14, 2, 8, 4]",34,"[0.0896165743470192, 0.29139596223831177, 0.2109607458114624, 0.40241682529449463, 0.005609935149550438]"
gauge,"[17, 2, 13, 17, 4]",34,"[0.2815222144126892, 0.14488880336284637, 0.436037540435791, 0.11455769836902618, 0.022993799299001694]"
qualify,"[24, 13, 2, 14, 6, 22, 21]",34,"[0.23580294847488403, 0.2039978802204132, 0.2896125018596649, 0.18003791570663452, 0.09054864943027496]"
rebut,"[11, 4, 10, 13, 8]",34,"[0.3115273416042328, 0.20260006189346313, 0.1450718492269516, 0.31800708174705505, 0.02279370278120041]"
reconcile,"[11, 4, 18, 12, 5, 18, 6, 14, 4]",34,"[0.23495608568191528, 0.10134955495595932, 0.296988844871521, 0.2975189983844757, 0.06918643414974213]"
arbitrary,"[2, 11, 10, 6, 8, 11, 2, 11, 21]",34,"[0.0883435383439064, 0.08343679457902908, 0.7344462275505066, 0.07193087041378021, 0.021842582151293755]"
cogent,"[18, 12, 17, 4, 5, 8]",34,"[0.12230261415243149, 0.4598134756088257, 0.17662173509597778, 0.20533373951911926, 0.035928454250097275]"
cosmopolitan,"[18, 12, 7, 19, 12, 3, 12, 14, 6, 8, 2, 5]",34,"[0.12270589917898178, 0.22013171017169952, 0.13119573891162872, 0.5068527460098267, 0.019113870337605476]"
denounce,"[20, 4, 5, 12, 13, 5, 18, 4]",34,"[0.23903915286064148, 0.25840994715690613, 0.20967307686805725, 0.24816805124282837, 0.04470977187156677]"
disseminate,"[20, 6, 7, 7, 4, 19, 6, 5, 2, 8, 4]",34,"[0.16180449724197388, 0.09495355188846588, 0.4625578224658966, 0.2657436728477478, 0.014940553344786167]"
dogmatic,"[20, 12, 17, 19, 2, 8, 6, 18]",34,"[0.057886455208063126, 0.24074441194534302, 0.513770580291748, 0.17234265804290771, 0.015255872160196304]"
eloquent,"[4, 14, 12, 24, 13, 4, 5, 8]",34,"[0.13222114741802216, 0.13449512422084808, 0.08619063347578049, 0.6270379424095154, 0.020055053755640984]"
endorse,"[4, 5, 20, 12, 11, 7, 4]",34,"[0.20979605615139008, 0.19772100448608398, 0.10296599566936493, 0.4475593864917755, 0.04195765033364296]"
innovative,"[6, 5, 5, 12, 28, 2, 8, 6, 28, 4]",34,"[0.06239568814635277, 0.057122256606817245, 0.5701841115951538, 0.3060234487056732, 0.004274533595889807]"
lucid,"[14, 13, 18, 6, 20]",34,"[0.15485315024852753, 0.12266815453767776, 0.49685919284820557, 0.12406833469867706, 0.10155113786458969]"
nuanced,"[5, 13, 2, 5, 18, 4, 20]",34,"[0.11104455590248108, 0.08260912448167801, 0.2402597963809967, 0.3788296580314636, 0.1872568130493164]"
obsolete,"[12, 10, 7, 12, 14, 4, 8, 4]",34,"[0.5196163058280945, 0.11578555405139923, 0.1540820449590683, 0.18864211440086365, 0.021873977035284042]"
partisan,"[3, 2, 11, 8, 6, 7, 2, 5]",34,"[0.31005701422691345, 0.2771036922931671, 0.19029653072357178, 0.1839449405670166, 0.03859783709049225]"
pragmatic,"[3, 11, 2, 17, 19, 2, 8, 6, 18]",34,"[0.05340215191245079, 0.08454477041959763, 0.6993991136550903, 0.13828809559345245, 0.024365892633795738]"
proliferate,"[3, 11, 12, 14, 6, 22, 4, 11, 2, 8, 4]",34,"[0.5067052245140076, 0.13002482056617737, 0.1852705478668213, 0.16203266382217407, 0.015966791659593582]"
provincial,"[3, 11, 12, 28, 6, 5, 18, 6, 2, 14]",34,"[0.12311861664056778, 0.026948440819978714, 0.7530509233474731, 0.08737634867429733, 0.009505615569651127]"
rigorous,"[11, 6, 17, 12, 11, 12, 13, 7]",34,"[0.1329314112663269, 0.5466480255126953, 0.05037872865796089, 0.25759920477867126, 0.012442665174603462]"
salient,"[7, 2, 14, 6, 4, 5, 8]",34,"[0.10738170146942139, 0.7616468667984009, 0.03209187462925911, 0.08879225701093674, 0.01008724607527256]"
sanction,"[7, 2, 5, 18, 8, 6, 12, 5]",34,"[0.09760484844446182, 0.1881636679172516, 0.26209232211112976, 0.37319472432136536, 0.07894446700811386]"
superlative,"[7, 13, 3, 4, 11, 14, 2, 8, 6, 28, 4]",34,"[0.06817732751369476, 0.0690200999379158, 0.1371629685163498, 0.7200964093208313, 0.005543255712836981]"
systematic,"[7, 21, 7, 8, 4, 19, 2, 8, 6, 18]",34,"[0.06403573602437973, 0.08667115867137909, 0.24437130987644196, 0.5731373429298401, 0.031784456223249435]"
tangential,"[8, 2, 5, 17, 4, 5, 8, 6, 2, 14]",34,"[0.0740748718380928, 0.6879275441169739, 0.09679234772920609, 0.13552196323871613, 0.0056831552647054195]"
unambiguous,"[13, 5, 2, 19, 10, 6, 17, 13, 12, 13, 7]",34,"[0.03681537136435509, 0.01577323116362095, 0.8149545192718506, 0.12508925795555115, 0.007367564365267754]"
unprecedented,"[13, 5, 3, 11, 4, 18, 4, 20, 4, 5, 8, 4, 20]",34,"[0.10925877839326859, 0.5051178932189941, 0.21024711430072784, 0.14729948341846466, 0.028076613321900368]"
verifiable,"[28, 4, 11, 6, 22, 6, 2, 10, 14, 4]",34,"[0.10403770953416824, 0.19196835160255432, 0.24481447041034698, 0.43409693241119385, 0.025082509964704514]"
algorithm,"[2, 14, 17, 12, 11, 6, 8, 9, 19]",34,"[0.09487973898649216, 0.07596762478351593, 0.770080029964447, 0.04764576256275177, 0.011426853016018867]"
alliance,"[2, 14, 14, 6, 2, 5, 18, 4]",34,"[0.2090202271938324, 0.11656009405851364, 0.5021007657051086, 0.10136900097131729, 0.07094990462064743]"
artificial intelligence,"[2, 11, 8, 6, 22, 6, 18, 6, 2, 14, 31, 6, 5, 8, 4, 14, 14, 6, 17, 4, 5, 18, 4]",34,"[0.05766751244664192, 0.012493541464209557, 0.8855569362640381, 0.037994228303432465, 0.006287739146500826]"
atomic structure,"[2, 8, 12, 19, 6, 18, 31, 7, 8, 11, 13, 18, 8, 13, 11, 4]",34,"[0.30637237429618835, 0.0686391070485115, 0.4164775311946869, 0.19539082050323486, 0.013120215386152267]"
automation,"[2, 13, 8, 12, 19, 2, 8, 6, 12, 5]",34,"[0.08821295201778412, 0.33932676911354065, 0.138241708278656, 0.4264514148235321, 0.00776720093563199]"
capitalism,"[18, 2, 3, 6, 8, 2, 14, 6, 7, 19]",34,"[0.40795835852622986, 0.17979462444782257, 0.18907853960990906, 0.1734539121389389, 0.049714621156454086]"
civil disobedience,"[18, 6, 28, 6, 14, 31, 20, 6, 7, 12, 10, 4, 20, 6, 4, 5, 18, 4]",34,"[0.35137704014778137, 0.10137282311916351, 0.12273653596639633, 0.3815150260925293, 0.042998578399419785]"
civil rights,"[18, 6, 28, 6, 14, 31, 11, 6, 17, 9, 8, 7]",34,"[0.5691707134246826, 0.1773504614830017, 0.11448173224925995, 0.10243451595306396, 0.03656260669231415]"
conservation,"[18, 12, 5, 7, 4, 11, 28, 2, 8, 6, 12, 5]",34,"[0.04678896442055702, 0.10070022940635681, 0.28110548853874207, 0.548269510269165, 0.02313579060137272]"
discrimination,"[20, 6, 7, 18, 11, 6, 19, 6, 5, 2, 8, 6, 12, 5]",34,"[0.07384491711854935, 0.2546258568763733, 0.3336462676525116, 0.3021519184112549, 0.03573096916079521]"
electron,"[4, 14, 4, 18, 8, 11, 12, 5]",34,"[0.1240842267870903, 0.08793612569570541, 0.6223110556602478, 0.14032427966594696, 0.02534428797662258]"
equilibrium,"[4, 24, 13, 6, 14, 6, 10, 11, 6, 13, 19]",34,"[0.10034549981355667, 0.09524667263031006, 0.6873608827590942, 0.10215159505605698, 0.01489537674933672]"
genetic variation,"[17, 4, 5, 4, 8, 6, 18, 31, 28, 2, 11, 6, 2, 8, 6, 12, 5]",34,"[0.1481064260005951, 0.14741642773151398, 0.411892831325531, 0.25847676396369934, 0.03410743921995163]"
globalization,"[17, 14, 12, 10, 2, 14, 6, 15, 2, 8, 6, 12, 5]",34,"[0.11621028184890747, 0.5150705575942993, 0.2066085934638977, 0.15280620753765106, 0.009304366074502468]"
innovation,"[6, 5, 5, 12, 28, 2, 8, 6, 12, 5]",34,"[0.06598741561174393, 0.18356211483478546, 0.41510501503944397, 0.32250553369522095, 0.012839991599321365]"
integration,"[6, 5, 8, 4, 17, 11, 2, 8, 6, 12, 5]",34,"[0.07743026316165924, 0.5841054320335388, 0.07375623285770416, 0.25932034850120544, 0.005387763027101755]"
jurisdiction,"[23, 13, 11, 6, 7, 20, 6, 18, 8, 6, 12, 5]",34,"[0.2067556083202362, 0.24348831176757812, 0.3624827563762665, 0.1311963051557541, 0.056077081710100174]"
market economy,"[19, 2, 11, 16, 4, 8, 31, 4, 18, 12, 5, 12, 19, 21]",34,"[0.35011589527130127, 0.07493526488542557, 0.2757892608642578, 0.2752644121646881, 0.02389513887465]"
neutron,"[5, 4, 13, 8, 11, 12, 5]",34,"[0.11626821756362915, 0.10890484601259232, 0.6168634295463562, 0.14189042150974274, 0.016072990372776985]"
proton,"[3, 11, 12, 8, 12, 5]",34,"[0.2623036503791809, 0.08343494683504105, 0.2090831696987152, 0.3987317681312561, 0.0464465357363224]"
ratification,"[11, 2, 8, 6, 22, 6, 18, 2, 8, 6, 12, 5]",34,"[0.09612268954515457, 0.13179174065589905, 0.4466988742351532, 0.29099294543266296, 0.03439377248287201]"
segregation,"[7, 4, 17, 11, 4, 17, 2, 8, 6, 12, 5]",34,"[0.07552991807460785, 0.11015760898590088, 0.5513800382614136, 0.2561648488044739, 0.006767604034394026]"
socialism,"[7, 12, 18, 6, 2, 14, 6, 7, 19]",34,"[0.23781327903270721, 0.24932008981704712, 0.22247765958309174, 0.13529424369335175, 0.1550946682691574]"
sustainability,"[7, 13, 7, 8, 2, 6, 5, 2, 10, 6, 14, 6, 8, 21]",34,"[0.10805195569992065, 0.4439791142940521, 0.09259285032749176, 0.34147611260414124, 0.013899986632168293]"
theoretical,"[8, 9, 4, 12, 11, 4, 8, 6, 18, 2, 14]",34,"[0.3169298768043518, 0.1211077943444252, 0.3954945504665375, 0.16082029044628143, 0.005647482816129923]"
totalitarianism,"[8, 12, 8, 2, 14, 6, 8, 2, 11, 6, 2, 5, 6, 7, 19]",34,"[0.18842889368534088, 0.20060595870018005, 0.3101333975791931, 0.2818053066730499, 0.019026439636945724]"
anaphora,"[2, 5, 2, 3, 9, 12, 11, 2]",34,"[0.21377132833003998, 0.1968315988779068, 0.34398916363716125, 0.2071104496717453, 0.038297493010759354]"
dystopia,"[20, 21, 7, 8, 12, 3, 6, 2]",34,"[0.29074788093566895, 0.15700209140777588, 0.09592375159263611, 0.4183139503002167, 0.038012221455574036]"
hubris,"[9, 13, 10, 11, 6, 7]",34,"[0.18501654267311096, 0.5148258805274963, 0.17108583450317383, 0.0501210018992424, 0.07895083725452423]"
stream of consciousness,"[7, 8, 11, 4, 2, 19, 31, 12, 22, 31, 18, 12, 5, 7, 18, 6, 12, 13, 7, 5, 4, 7, 7]",34,"[0.26605692505836487, 0.0071840714663267136, 0.6010659337043762, 0.11907403916120529, 0.0066191223450005054]"
tragic hero,"[8, 11, 2, 17, 6, 18, 31, 9, 4, 11, 12]",34,"[0.31185463070869446, 0.1984940469264984, 0.2544442415237427, 0.1659197360277176, 0.06928742676973343]"
