answer,word_ids,vocab_size,predicted_profiles
choose,"[18, 9, 12, 12, 7, 4]",34,"[1.3586212396621704, 0.32213056087493896, 1.21491539478302, 1.1060324907302856, 0.003172609955072403, 1.0386030673980713, 0.3676491975784302, 0.7190263271331787, 0.6776517033576965, 0.010145578533411026, 0.5218054056167603, 1.1163380146026611, -0.00041527021676301956, 0.6720898151397705, 0.9097944498062134, -0.01972474902868271, 1.742991328239441, 0.7298799753189087, 0.2462759017944336, 0.0017488974845036864, 0.818634569644928, 0.6509571671485901, 0.10112982243299484, 0.872921884059906, 1.6164798736572266, 1.866829514503479, 1.1403460502624512, 0.006899068132042885, 0.32492804527282715, 0.38101282715797424, 1.1882197856903076, 1.2650303840637207, 0.9048471450805664, 1.398228645324707, 0.0006567174568772316, 0.3052891492843628, -0.0043081920593976974, 0.47347164154052734, 1.5625596046447754, 0.4797903895378113, 0.22665895521640778, 0.4246094524860382, 0.20621368288993835, 0.36886289715766907, 0.32533225417137146, 0.4925025701522827, 0.304567813873291, 0.66182541847229, 0.08971451222896576, 1.2437411546707153, 0.02046499401330948, 1.189349889755249, 0.4445541799068451, 0.0053717344999313354, 1.0321036577224731, 0.3723697066307068, -0.12914936244487762, 0.2143760770559311, 0.6290349364280701, 0.765021026134491, 1.1381083726882935, 0.14367318153381348, 1.6458280086517334, 0.25209343433380127]"
compare,"[18, 12, 19, 3, 2, 11, 4]",34,"[0.6680383086204529, 1.4110283851623535, 0.7115245461463928, 0.6202826499938965, -0.0006313808262348175, 0.21865405142307281, 1.2236733436584473, 0.685771644115448, 0.8496958613395691, 0.0858968049287796, 0.41427773237228394, 0.8539744019508362, 0.006061299704015255, 0.8222389221191406, 1.6260298490524292, 0.4377479553222656, 0.7144564390182495, 0.4194183051586151, 0.8426841497421265, 0.000994730624370277, 0.2511906623840332, 0.5234502553939819, 0.9857290983200073, 0.12567421793937683, 0.6142609119415283, 0.6783064007759094, 0.6122952103614807, -0.0014497805386781693, -0.036856334656476974, 1.53921377658844, 0.6113824844360352, 0.40756508708000183, 0.4800347089767456, 0.9260535836219788, 0.011678358539938927, 1.162142276763916, 3.331247717142105e-05, 0.3787274658679962, 1.1004780530929565, 1.5489683151245117, 0.21055637300014496, 1.017159342765808, -0.05293708294630051, 1.4139180183410645, 0.3198155462741852, 0.9346679449081421, 1.0518310070037842, 1.4377549886703491, -0.021034281700849533, 0.5843136310577393, 0.0683378204703331, 0.6966058611869812, 1.720828652381897, 0.715674102306366, 1.0534052848815918, 0.5489603281021118, 0.43516260385513306, 0.40146157145500183, 0.3835732936859131, 0.1885404884815216, 1.2671617269515991, 0.09368690848350525, 0.7821528911590576, 0.8413105010986328]"
complete,"[18, 12, 19, 3, 14, 4, 8, 4]",34,"[0.7552648782730103, 0.9697411060333252, 0.6801207065582275, 0.6097297668457031, -0.001416485756635666, 0.4484691321849823, 0.7879282236099243, 1.1172947883605957, 0.9261232614517212, 0.20792922377586365, 0.5552229881286621, 0.9289712309837341, 0.004677586257457733, 0.7971038818359375, 1.3636069297790527, 0.5941539406776428, 0.9302599430084229, 0.5080782175064087, 0.5281805992126465, -0.001109166769310832, 0.40978479385375977, 0.36375683546066284, 0.7960016131401062, 0.40690672397613525, 0.9545736312866211, 1.0319509506225586, 0.8902392387390137, -0.0005536749958992004, 0.1267547756433487, 1.0579724311828613, 1.0250470638275146, 0.6907937526702881, 0.5288436412811279, 1.2380590438842773, 0.0020532612688839436, 0.7517869472503662, -0.017798814922571182, 0.33015936613082886, 1.5850962400436401, 0.9753441214561462, 0.2695527672767639, 0.7666046023368835, -0.0077532809227705, 1.0977941751480103, 0.17575496435165405, 0.5723744630813599, 0.6650279760360718, 1.1779049634933472, 0.14623980224132538, 1.0134559869766235, 0.1955544501543045, 1.1242506504058838, 1.2334798574447632, 0.7382177114486694, 1.1766647100448608, 0.3471534252166748, 0.4079868793487549, 0.34695079922676086, 0.8251084685325623, 0.513677716255188, 1.2931901216506958, 0.19392767548561096, 0.9219292998313904, 0.5407899022102356]"
connect,"[18, 12, 5, 5, 4, 18, 8]",34,"[0.5402876138687134, 0.8821392059326172, 0.4205929934978485, 0.3910265564918518, 0.0029763393104076385, 0.27764785289764404, 0.8120557069778442, 0.9681829810142517, 0.6754110455513, 0.23221084475517273, 0.5057544112205505, 0.5529187917709351, 0.004532291553914547, 0.535723865032196, 0.9759167432785034, 0.6103018522262573, 0.582899808883667, 0.4140236973762512, 0.477090060710907, 0.00017329247202724218, 0.28597450256347656, 0.2385110706090927, 0.753663182258606, 0.31278061866760254, 0.6589875817298889, 0.6124825477600098, 0.6627755165100098, 0.006818993948400021, 0.18108229339122772, 0.8916406631469727, 0.7652597427368164, 0.46549904346466064, 0.33341550827026367, 0.8098639249801636, -0.0053863525390625, 0.7068262696266174, -0.022505033761262894, 0.39144405722618103, 1.2271759510040283, 0.8505648374557495, 0.29210036993026733, 0.5844668745994568, 0.021724389865994453, 0.9584438800811768, 0.10916303098201752, 0.5374319553375244, 0.6147993206977844, 0.9539546966552734, 0.2060943841934204, 0.8156159520149231, 0.24383527040481567, 0.8721598386764526, 1.0707347393035889, 0.7930985689163208, 0.8057584762573242, 0.2689094543457031, 0.3918943405151367, 0.3446510434150696, 0.6935965418815613, 0.3960138261318207, 0.8323022127151489, 0.20749768614768982, 0.522087812423706, 0.45186513662338257]"
correct,"[18, 12, 11, 11, 4, 18, 8]",34,"[1.090674638748169, 0.5796061158180237, 0.9297865629196167, 0.8119103908538818, -0.00027281977236270905, 0.7262083888053894, 0.5388404130935669, 0.9336360692977905, 0.744638204574585, 0.178043395280838, 0.560449481010437, 0.9950405955314636, -0.0020577218383550644, 0.7248687744140625, 1.1066715717315674, 0.2843647301197052, 1.2836594581604004, 0.5948008298873901, 0.3793391287326813, 0.0028160884976387024, 0.5997940897941589, 0.5408738851547241, 0.42557573318481445, 0.6321260333061218, 1.2963018417358398, 1.3361598253250122, 0.9770547151565552, -0.003367595374584198, 0.228777214884758, 0.6487092971801758, 1.110259771347046, 0.9616625905036926, 0.7046289443969727, 1.2540103197097778, -0.0021437739487737417, 0.5294228792190552, -0.005299432203173637, 0.36383768916130066, 1.5646005868911743, 0.7193283438682556, 0.29069146513938904, 0.5827736258506775, 0.08866345137357712, 0.6657418012619019, 0.2702523469924927, 0.5342652201652527, 0.4810604453086853, 0.9163700342178345, 0.2106265127658844, 1.1403931379318237, 0.16457216441631317, 1.18381929397583, 0.8010960817337036, 0.35135722160339355, 1.0544168949127197, 0.3674246370792389, 0.1436096876859665, 0.2951929271221161, 0.7502906918525696, 0.6248535513877869, 1.1570775508880615, 0.16670812666416168, 1.2470004558563232, 0.3635191321372986]"
create,"[18, 11, 4, 2, 8, 4]",34,"[1.5091373920440674, 0.4051886200904846, 1.3893722295761108, 1.1534950733184814, 0.019633857533335686, 0.7650099992752075, 0.4622521698474884, 0.8677547574043274, 0.8260976672172546, 0.008855301886796951, 0.5053249597549438, 1.226585030555725, -0.0012358734384179115, 0.6070294976234436, 1.1152266263961792, 0.12707804143428802, 1.8144575357437134, 0.3928335905075073, 0.4272664785385132, -0.0013457912718877196, 0.7126346826553345, 1.0157307386398315, 0.17218628525733948, 0.6263353824615479, 1.486133098602295, 1.6775846481323242, 1.1822030544281006, 0.006655207835137844, 0.06625701487064362, 0.41408827900886536, 1.1092588901519775, 1.1365978717803955, 0.7316681742668152, 1.4651106595993042, 0.005621634889394045, 0.26114988327026367, -0.006060653366148472, 0.6144343614578247, 1.6332403421401978, 0.6556949019432068, -0.03516185283660889, 0.4290482997894287, 0.04889087378978729, 0.6066873669624329, 0.510313093662262, 0.844886064529419, 0.6243150234222412, 0.6774897575378418, 0.05096086487174034, 1.30474054813385, 0.020419936627149582, 1.12600576877594, 0.6172693967819214, 0.10240840166807175, 1.0865658521652222, 0.7903261780738831, 0.003164175897836685, 0.02255510538816452, 0.5521026849746704, 0.5468860864639282, 1.3663991689682007, 0.08737091720104218, 1.5515964031219482, 0.3265388607978821]"
decide,"[20, 4, 18, 6, 20, 4]",34,"[0.9302638173103333, 1.2734363079071045, 1.0168615579605103, 0.8455263376235962, 0.001775156706571579, 0.37563657760620117, 1.3994009494781494, 0.43934881687164307, 0.6718140840530396, -0.02358170598745346, 0.2654280960559845, 0.9446566104888916, -0.012248018756508827, 0.6950820684432983, 1.4068306684494019, 0.038588691502809525, 0.9802936315536499, 0.48196664452552795, 0.9510344862937927, -0.0004949652357026935, 0.3100073039531708, 0.8421019911766052, 0.603263258934021, 0.20004208385944366, 0.8409296274185181, 0.9374818801879883, 0.7122916579246521, 0.00254132691770792, 0.02340906485915184, 1.3140435218811035, 0.5774653553962708, 0.5971046686172485, 0.6287356019020081, 0.86448073387146, 0.0011567207984626293, 1.1357989311218262, -0.015483014285564423, 0.4363884925842285, 0.9052309393882751, 1.610214114189148, 0.12067979574203491, 0.9061026573181152, -0.020500198006629944, 1.145269513130188, 0.46845000982284546, 1.2442208528518677, 1.1117748022079468, 1.3099478483200073, -0.06140948086977005, 0.6463038921356201, -0.08185476064682007, 0.5976788401603699, 1.4909801483154297, 0.20294877886772156, 0.7633262872695923, 0.8118340969085693, 0.007983410730957985, 0.3598601222038269, 0.1461440771818161, 0.2151525616645813, 1.1719906330108643, -0.0003899410367012024, 1.0588788986206055, 0.9162111282348633]"
describe,"[20, 4, 7, 18, 11, 6, 10, 4]",34,"[1.0848071575164795, 0.5060268044471741, 0.9348530769348145, 0.7567306756973267, 0.004351027309894562, 0.4038461148738861, 0.49134883284568787, 1.0489704608917236, 0.8628311157226562, 0.11525967717170715, 0.6747292876243591, 0.9554451704025269, -0.00121214147657156, 0.5559266209602356, 1.2087751626968384, 0.3756188750267029, 1.1774228811264038, 0.23802417516708374, 0.47084230184555054, 5.462975241243839e-05, 0.495480477809906, 0.6990759372711182, 0.4277544915676117, 0.43003135919570923, 1.0676881074905396, 1.0920586585998535, 0.924058198928833, 0.004056254401803017, -0.04220760241150856, 0.5743564963340759, 1.0083978176116943, 0.7374182939529419, 0.42412200570106506, 1.2418817281723022, -0.0027997372671961784, 0.3123027980327606, -0.017712589353322983, 0.6086207628250122, 1.570409893989563, 0.6850103735923767, 0.04805522412061691, 0.43765148520469666, -0.02610798366367817, 0.8023362159729004, 0.3732655644416809, 0.7717549800872803, 0.7259148359298706, 0.6815831661224365, 0.06769557297229767, 1.1543114185333252, 0.15211711823940277, 1.0783443450927734, 0.7889747619628906, 0.49458104372024536, 1.0951422452926636, 0.6707185506820679, 0.18869709968566895, 0.028602175414562225, 0.6304931640625, 0.44257819652557373, 1.2950401306152344, 0.1686817705631256, 1.0214990377426147, 0.3127041757106781]"
detail,"[20, 4, 8, 2, 6, 14]",34,"[0.18497179448604584, 1.9233239889144897, 0.4687047004699707, 0.5321766138076782, 0.0051621124148368835, 0.36689260601997375, 1.5825395584106445, 0.48255518078804016, 0.7343286275863647, 0.0647636279463768, 0.0900019109249115, 0.9821606874465942, 0.017456449568271637, 1.143534541130066, 1.9492032527923584, 0.3127500116825104, 0.28060391545295715, 0.9821972846984863, 0.9718841910362244, -0.0024386916775256395, 0.01425769180059433, 0.16419443488121033, 1.2038894891738892, 0.1436484456062317, 0.5016424655914307, 0.6457767486572266, 0.3900185525417328, 0.0008395928889513016, 0.3384200930595398, 2.1847875118255615, 0.6032370328903198, 0.4597301781177521, 0.7617078423500061, 0.9227241277694702, 0.004150621127337217, 1.759282112121582, -0.0005855201743543148, -0.035145699977874756, 0.8449497222900391, 1.914203405380249, 0.7012783288955688, 1.535094141960144, 0.041036397218704224, 1.626204490661621, 0.23899099230766296, 0.7755465507507324, 1.0796892642974854, 2.182880163192749, 0.1713925451040268, 0.24281898140907288, 0.0005077607929706573, 0.5947437286376953, 2.3605380058288574, 0.5639009475708008, 1.1239349842071533, 0.29713529348373413, 0.48699048161506653, 0.9335815906524658, 0.4657846689224243, 0.16550672054290771, 1.3218101263046265, 0.01247376948595047, 0.8066971302032471, 1.2303767204284668]"
develop,"[20, 4, 28, 4, 14, 12, 3]",34,"[-0.11043982207775116, 2.3743736743927, 0.1400844156742096, 0.14444313943386078, -0.002581564709544182, 0.07848481833934784, 1.8691468238830566, 0.4342251121997833, 0.7558021545410156, 0.13836130499839783, 0.03575746715068817, 0.7469426989555359, 0.03266562521457672, 1.2253884077072144, 2.0454533100128174, 0.6315956711769104, -0.12928986549377441, 0.8893733024597168, 1.0717486143112183, 0.0021847127936780453, -0.05289474129676819, 0.035901956260204315, 1.7529460191726685, -0.03196599334478378, 0.11568059772253036, 0.10826832056045532, 0.17667090892791748, -0.005316101014614105, 0.3184065818786621, 2.7370738983154297, 0.28970038890838623, 0.1261473000049591, 0.5421233773231506, 0.6625620722770691, 0.0006744256243109703, 2.1981189250946045, 0.017588360235095024, -0.11618268489837646, 0.6879339218139648, 2.2315046787261963, 0.8489574193954468, 1.7473102807998657, -0.03884045407176018, 2.0436744689941406, 0.13494981825351715, 0.7028238773345947, 1.147267460823059, 2.4860923290252686, 0.21718774735927582, -0.052148982882499695, 0.1051952913403511, 0.3766925036907196, 2.8685500621795654, 1.0176360607147217, 1.0467619895935059, 0.14307023584842682, 0.9712709188461304, 1.1558836698532104, 0.5274184346199036, -0.010531713254749775, 1.1832743883132935, 0.05417119711637497, 0.35211777687072754, 1.4151564836502075]"
different,"[20, 6, 22, 22, 4, 11, 4, 5, 8]",34,"[1.1590025424957275, 0.38549166917800903, 0.9104679226875305, 0.9395742416381836, 0.00769549235701561, 1.224618673324585, 0.30415159463882446, 0.9250719547271729, 0.5833122730255127, 0.15223734080791473, 0.6208701133728027, 0.9883742928504944, 0.006683554500341415, 0.7299709916114807, 0.7767632007598877, 0.1631133258342743, 1.6545400619506836, 0.9989681243896484, 0.21610453724861145, 0.0011684329947456717, 0.8614267706871033, 0.3399384617805481, 0.23539891839027405, 1.0918828248977661, 1.6771292686462402, 1.8829032182693481, 1.056166648864746, -0.00023173540830612183, 0.6426967978477478, 0.40691590309143066, 1.4607548713684082, 1.3514556884765625, 0.9327963590621948, 1.4147535562515259, 0.009873790666460991, 0.31693023443222046, -0.006010356824845076, 0.2654847502708435, 1.7057785987854004, 0.3888682723045349, 0.5865177512168884, 0.48318374156951904, 0.3050975203514099, 0.3352496027946472, 0.14568236470222473, 0.280756413936615, 0.2322145700454712, 0.7225542068481445, 0.3804225027561188, 1.3861820697784424, 0.20429012179374695, 1.449232578277588, 0.4207136332988739, 0.107625812292099, 1.0454654693603516, 0.18179312348365784, 0.07364483177661896, 0.4425867199897766, 0.9384156465530396, 1.0144927501678467, 1.0225157737731934, 0.2247960865497589, 1.5265966653823853, 0.23942217230796814]"
discover,"[20, 6, 7, 18, 12, 28, 4, 11]",34,"[1.1187692880630493, 0.2798497974872589, 0.6765773296356201, 0.5848913788795471, -0.006323192268610001, 0.7336431741714478, 0.27334919571876526, 1.3759586811065674, 0.7376142740249634, 0.312216579914093, 1.0028308629989624, 0.8245863318443298, 0.004672377370297909, 0.48917895555496216, 0.8568663597106934, 0.45402348041534424, 1.3228282928466797, 0.48381954431533813, 0.22456133365631104, 0.002223432995378971, 0.7659152150154114, 0.3154367506504059, 0.34648534655570984, 0.9008102416992188, 1.2975062131881714, 1.3593887090682983, 1.0594555139541626, -0.0006790701299905777, 0.23491044342517853, 0.3805893659591675, 1.3968591690063477, 1.0090841054916382, 0.47567975521087646, 1.354577660560608, -0.001674033934250474, 0.1823379546403885, -0.01355223823338747, 0.540885329246521, 1.8939151763916016, 0.40221264958381653, 0.30008625984191895, 0.2880817651748657, 0.06202050298452377, 0.5030855536460876, 0.1362980604171753, 0.4465552866458893, 0.3879130780696869, 0.4568468928337097, 0.3059963285923004, 1.566555142402649, 0.45948371291160583, 1.4492696523666382, 0.40675458312034607, 0.5256109237670898, 1.0986518859863281, 0.2904627323150635, 0.1778305619955063, 0.12401631474494934, 1.0566259622573853, 0.891782283782959, 1.043898105621338, 0.4601728320121765, 0.9883778691291809, 0.1503119319677353]"
example,"[4, 27, 2, 19, 3, 14, 4]",34,"[0.8914459943771362, 0.9127422571182251, 0.9389147162437439, 0.9155058860778809, 0.009166073054075241, 0.8570860624313354, 0.7382935285568237, 0.8276731371879578, 0.8355798721313477, 0.14274117350578308, 0.34474921226501465, 1.2073960304260254, 0.003218330442905426, 0.9879825711250305, 1.372245192527771, 0.2466719150543213, 1.1644318103790283, 0.9296104907989502, 0.5334007143974304, -0.0015365186845883727, 0.47631245851516724, 0.470717191696167, 0.5333932638168335, 0.600018322467804, 1.3300000429153442, 1.5044844150543213, 0.9531533718109131, -0.0005747359246015549, 0.39901110529899597, 1.0233397483825684, 1.1251728534698486, 1.0413020849227905, 0.9443077445030212, 1.3601349592208862, 0.004048402886837721, 0.8064015507698059, -0.016298601403832436, 0.17280176281929016, 1.4478418827056885, 0.9693629145622253, 0.4711132049560547, 0.9028540253639221, 0.10621792078018188, 0.8523942232131958, 0.3005911707878113, 0.5229284763336182, 0.5795947313308716, 1.337836503982544, 0.21733681857585907, 0.9566944241523743, 0.10884392261505127, 1.133089542388916, 1.2098726034164429, 0.2833855152130127, 1.1921415328979492, 0.3569679260253906, 0.19371218979358673, 0.55805903673172, 0.7583045363426208, 0.667675793170929, 1.35001802444458, 0.10620506852865219, 1.4166483879089355, 0.619403064250946]"
explain,"[4, 27, 3, 14, 2, 6, 5]",34,"[0.7401492595672607, 0.711381196975708, 0.6279969215393066, 0.5211225152015686, -0.001058138906955719, 0.3585761785507202, 0.6369131207466125, 1.0813007354736328, 0.8557202219963074, 0.3076489567756653, 0.6615347266197205, 0.9217973947525024, -4.594307392835617e-05, 0.7143821120262146, 1.353675365447998, 0.47591063380241394, 0.7829696536064148, 0.44199931621551514, 0.5205383896827698, -0.001260171877220273, 0.3829277753829956, 0.37355974316596985, 0.6274081468582153, 0.4052812457084656, 0.8834158182144165, 0.8887545466423035, 0.8372342586517334, 0.0016080886125564575, 0.029652338474988937, 0.920049250125885, 0.9969255924224854, 0.6234604120254517, 0.4985913038253784, 1.1711949110031128, 0.0007335739210247993, 0.5809766054153442, -0.003827934619039297, 0.39228251576423645, 1.472925066947937, 0.8787546157836914, 0.2328961193561554, 0.6856561899185181, -0.04556902125477791, 0.9396630525588989, 0.26845183968544006, 0.5760345458984375, 0.74176025390625, 0.9833908081054688, 0.15571469068527222, 1.032774567604065, 0.3214172124862671, 1.0849655866622925, 1.1216729879379272, 0.6593467593193054, 1.1695103645324707, 0.4487922787666321, 0.29703646898269653, 0.26396745443344116, 0.831355631351471, 0.48456090688705444, 1.2448137998580933, 0.31861042976379395, 0.8574453592300415, 0.485773503780365]"
explore,"[4, 27, 3, 14, 12, 11, 4]",34,"[1.1457688808441162, 0.6943128705024719, 1.0372943878173828, 0.8602559566497803, 0.00755908340215683, 0.4420992136001587, 0.7043604850769043, 0.8398939967155457, 0.7789833545684814, 0.06012432649731636, 0.5384661555290222, 0.9327327609062195, -0.009469803422689438, 0.6111174821853638, 1.1551330089569092, 0.2587381601333618, 1.2434613704681396, 0.2906557321548462, 0.5112894177436829, 0.0019414363196119666, 0.5590223670005798, 0.7520519495010376, 0.4406184256076813, 0.42448222637176514, 1.0587407350540161, 1.1312484741210938, 0.911925196647644, 0.004717675037682056, -0.028171759098768234, 0.6858518123626709, 0.8145719766616821, 0.7628749012947083, 0.5652408599853516, 1.089130163192749, -0.002870348282158375, 0.5141160488128662, -0.0021875654347240925, 0.6475832462310791, 1.3882704973220825, 0.81589275598526, -0.03992326930165291, 0.49031999707221985, -0.006967412307858467, 0.894925594329834, 0.31283512711524963, 0.8700990676879883, 0.730793833732605, 0.7664628624916077, -0.024657007306814194, 1.0435148477554321, 0.05203212425112724, 0.9259034395217896, 0.8737438917160034, 0.3792192339897156, 0.9570044875144958, 0.6263309717178345, 0.07819873094558716, 0.10773972421884537, 0.4705222249031067, 0.42823269963264465, 1.1980782747268677, 0.07791775465011597, 1.126680612564087, 0.41126424074172974]"
finally,"[22, 6, 5, 2, 14, 14, 21]",34,"[0.7311720252037048, 0.41627877950668335, 0.4071545898914337, 0.43870776891708374, 0.004874564707279205, 0.7699934840202332, 0.30819106101989746, 1.3618154525756836, 0.5961856245994568, 0.6159544587135315, 0.8372628688812256, 0.7437837719917297, 0.02856839820742607, 0.5699660778045654, 0.7991468906402588, 0.6897300481796265, 0.9094200134277344, 0.8509171009063721, 0.22569702565670013, 0.00013524515088647604, 0.5668262243270874, 0.03953665867447853, 0.5024933815002441, 0.9007551670074463, 1.1732882261276245, 1.2380057573318481, 0.9910311698913574, 0.002929375506937504, 0.5458469390869141, 0.5003986358642578, 1.3917031288146973, 0.9747341871261597, 0.6332759261131287, 1.2548702955245972, 0.005174086894840002, 0.3839418590068817, -0.0025397688150405884, 0.15863196551799774, 1.7645037174224854, 0.41552406549453735, 0.692121148109436, 0.46367859840393066, 0.05060640722513199, 0.4238775372505188, 0.0530189573764801, 0.11052943021059036, 0.2429494857788086, 0.7528063654899597, 0.6418488025665283, 1.3810641765594482, 0.7483514547348022, 1.5168050527572632, 0.6659658551216125, 0.6487017869949341, 1.017653226852417, 0.04991410672664642, 0.45296385884284973, 0.49312299489974976, 1.3151330947875977, 0.9792239665985107, 0.8603898286819458, 0.5807568430900574, 0.8951472640037537, 0.21976852416992188]"
first,"[22, 6, 11, 7, 8]",34,"[0.355559378862381, 1.088610053062439, 0.5273982286453247, 0.7277605533599854, 0.009309815242886543, 0.6715694069862366, 0.8585224151611328, 0.6069126129150391, 0.9668490886688232, -0.05759099870920181, 0.28889015316963196, 1.2227967977523804, 0.008970174938440323, 1.1916166543960571, 1.8471622467041016, 0.002209119498729706, 0.5559306144714355, 0.9823871850967407, 0.5945467352867126, -0.0012069898657500744, 0.21324370801448822, 0.1025601327419281, 0.6786640882492065, 0.4141714572906494, 0.9240899085998535, 1.1412701606750488, 0.6115946173667908, 0.0024140318855643272, 0.29566025733947754, 1.5662857294082642, 0.9531919956207275, 0.7476122379302979, 0.8794831037521362, 1.3903864622116089, 0.00024412153288722038, 1.048445701599121, -0.0048425933346152306, 0.0015441477298736572, 1.1056333780288696, 1.1899802684783936, 0.5645295977592468, 1.2466284036636353, 0.08298961818218231, 1.0138310194015503, 0.32799845933914185, 0.2629326581954956, 0.7217015027999878, 1.739288568496704, 0.04806336387991905, 0.4779406785964966, -0.09957051277160645, 0.8025897741317749, 1.7603051662445068, 0.2669583857059479, 1.4557316303253174, 0.15049314498901367, 0.1873113512992859, 0.7276809811592102, 0.6483359932899475, 0.4775908589363098, 1.5109004974365234, 0.09957346320152283, 1.2078999280929565, 0.8168702721595764]"
idea,"[6, 20, 4, 2]",34,"[0.9943603873252869, 0.9185010194778442, 1.1305627822875977, 1.0019079446792603, 0.00978927407413721, 0.5983932018280029, 0.9084784388542175, 0.6411315202713013, 0.882170557975769, -0.0010486207902431488, 0.3027709722518921, 1.2532721757888794, -0.0031191855669021606, 0.9233522415161133, 1.555967926979065, 0.09044740349054337, 1.1726300716400146, 0.5979572534561157, 0.6577971577644348, -0.0014379650820046663, 0.37810981273651123, 0.6774917840957642, 0.4513735771179199, 0.34173935651779175, 1.1532464027404785, 1.325454592704773, 0.9397609233856201, 0.00886088889092207, 0.06600421667098999, 1.0856103897094727, 0.8616928458213806, 0.8891727924346924, 0.8013876676559448, 1.3259131908416748, 0.007118240464478731, 0.8304997086524963, -0.00855423416942358, 0.3195178806781769, 1.2996742725372314, 1.1537301540374756, 0.13156723976135254, 0.8400886654853821, -0.006547899916768074, 0.9640370011329651, 0.44432157278060913, 0.8137011528015137, 0.814910888671875, 1.3053194284439087, -0.02528541348874569, 0.7686129808425903, -0.045520130544900894, 0.8744374513626099, 1.342699646949768, 0.14224040508270264, 1.230386734008789, 0.6005221605300903, 0.057910870760679245, 0.30133166909217834, 0.41452354192733765, 0.35601285099983215, 1.4746241569519043, 0.024308085441589355, 1.3766981363296509, 0.6997325420379639]"
imagine,"[6, 19, 2, 17, 6, 5, 4]",34,"[0.17515583336353302, 1.6868733167648315, 0.10253287851810455, 0.12320224940776825, 0.00545559823513031, 0.24805526435375214, 1.188974142074585, 0.9176468253135681, 0.5774950981140137, 0.3971681594848633, 0.34704846143722534, 0.5106105804443359, 0.03532618656754494, 0.7549440860748291, 1.3405413627624512, 1.0219887495040894, 0.19278311729431152, 0.8324271440505981, 0.7664114832878113, -0.00169932481367141, 0.1402597725391388, 0.0027534961700439453, 1.4159852266311646, 0.29741477966308594, 0.3973747789859772, 0.37851595878601074, 0.393051415681839, 0.01065380685031414, 0.4859646260738373, 1.7609070539474487, 0.6716784238815308, 0.34184202551841736, 0.3895875811576843, 0.726742148399353, 0.0021158172748982906, 1.399620532989502, -0.01834157481789589, 0.0924258679151535, 1.1388483047485352, 1.4003435373306274, 0.8339459896087646, 1.0947790145874023, 0.06122822314500809, 1.5006999969482422, 0.015292152762413025, 0.5128084421157837, 0.8350158929824829, 1.634761095046997, 0.49580714106559753, 0.5540220141410828, 0.42792809009552, 0.8271554112434387, 1.8591734170913696, 1.2086622714996338, 0.8126306533813477, 0.1359170824289322, 1.049879789352417, 0.8416545391082764, 0.9238900542259216, 0.35746249556541443, 0.8901215195655823, 0.28009307384490967, 0.2403257191181183, 0.8010715842247009]"
important,"[6, 19, 3, 12, 11, 8, 2, 5, 8]",34,"[0.19053611159324646, 1.4200429916381836, 0.15571539103984833, 0.0780469998717308, 0.006209393963217735, 0.02229803241789341, 1.1169356107711792, 0.9821889996528625, 0.7779830694198608, 0.3334199786186218, 0.4135761260986328, 0.5444839000701904, 0.033372458070516586, 0.731782853603363, 1.501604437828064, 0.9848458766937256, 0.11889750510454178, 0.4164043068885803, 0.6408616900444031, -0.0003273386973887682, 0.09042835235595703, 0.07036900520324707, 1.4057424068450928, 0.07640941441059113, 0.27445563673973083, 0.16164125502109528, 0.4194470942020416, -0.0008622221648693085, 0.12550126016139984, 1.5833745002746582, 0.5843939781188965, 0.11955180019140244, 0.19765299558639526, 0.7142020463943481, 0.0004522758536040783, 1.1664228439331055, -0.0204627625644207, 0.2572092115879059, 1.1478147506713867, 1.305243968963623, 0.4797903299331665, 0.9883542656898499, -0.025236984714865685, 1.6224018335342407, 0.12829719483852386, 0.5208940505981445, 0.9718024730682373, 1.4194328784942627, 0.25160080194473267, 0.5566349029541016, 0.3582610487937927, 0.7844149470329285, 1.806735873222351, 1.3866586685180664, 0.9914977550506592, 0.25050199031829834, 0.9630099534988403, 0.538594126701355, 0.7601746916770935, 0.16655078530311584, 1.0416207313537598, 0.24577808380126953, 0.14965426921844482, 0.6438159346580505]"
improve,"[6, 19, 3, 11, 12, 28, 4]",34,"[0.8456884026527405, 0.35934025049209595, 0.4701448082923889, 0.40852299332618713, 0.004901336506009102, 0.6427704095840454, 0.15335865318775177, 1.5012836456298828, 0.82236647605896, 0.43568968772888184, 0.9012990593910217, 0.8600246906280518, 0.013022519648075104, 0.6524133682250977, 1.036156177520752, 0.7680749297142029, 1.0498920679092407, 0.5394539833068848, 0.18710048496723175, -0.0008997704135254025, 0.6213118433952332, 0.15084576606750488, 0.5965890288352966, 0.8441141843795776, 1.1676738262176514, 1.1822603940963745, 0.9928724765777588, 0.004833003506064415, 0.29589125514030457, 0.556850790977478, 1.4187231063842773, 0.9068179726600647, 0.4175417721271515, 1.422312617301941, 0.0027232663705945015, 0.20141686499118805, -0.020722147077322006, 0.3374123275279999, 2.0066757202148438, 0.3179730176925659, 0.4478091895580292, 0.43312370777130127, 0.07371888309717178, 0.7194786071777344, 0.0982905775308609, 0.1946093589067459, 0.35479608178138733, 0.6562934517860413, 0.4239351153373718, 1.448430061340332, 0.5582869648933411, 1.5404444932937622, 0.6224545836448669, 0.8174818754196167, 1.2556757926940918, 0.17041988670825958, 0.525750458240509, 0.23338033258914948, 1.2924308776855469, 0.8423524498939514, 1.194336175918579, 0.4969741702079773, 0.8171510100364685, 0.12360115349292755]"
information,"[6, 5, 22, 12, 11, 19, 2, 8, 6, 12, 5]",34,"[0.4847862720489502, 0.8648956418037415, 0.01808151602745056, 0.10167960822582245, 0.010644226334989071, 0.40891584753990173, 0.46144813299179077, 1.3187587261199951, 0.5293662548065186, 0.633206844329834, 0.7660508155822754, 0.3351929187774658, 0.05851587653160095, 0.3185282349586487, 0.6100437045097351, 1.016725778579712, 0.429016649723053, 0.6866859197616577, 0.2636496126651764, -0.00029361352790147066, 0.36588799953460693, -3.997981548309326e-05, 0.9374040961265564, 0.703811526298523, 0.6765872836112976, 0.6761360168457031, 0.6921563148498535, 0.0036340532824397087, 0.5530543923377991, 0.6887769103050232, 1.0500919818878174, 0.565851092338562, 0.28915905952453613, 0.784072995185852, 0.01851244829595089, 0.6007413864135742, 0.025942159816622734, 0.2332003265619278, 1.3992979526519775, 0.5128223896026611, 0.7846766114234924, 0.4742165505886078, 0.052044324576854706, 0.6285674571990967, -0.06665806472301483, 0.16893570125102997, 0.2379218488931656, 0.6819486021995544, 0.6357255578041077, 1.0867294073104858, 0.8373146057128906, 1.2233716249465942, 0.7941749095916748, 1.0648658275604248, 0.6936267614364624, 0.04456527531147003, 0.7088581919670105, 0.596933901309967, 1.2569606304168701, 0.6853628158569336, 0.5582144260406494, 0.5648698210716248, 0.309862345457077, 0.2500513792037964]"
learn,"[14, 4, 2, 11, 5]",34,"[0.8265334367752075, 0.5305923223495483, 0.9479829668998718, 0.8863398432731628, 0.012964080087840557, 0.7016438841819763, 0.4342553913593292, 0.8054536581039429, 0.8013628721237183, 0.06648380309343338, 0.3554874062538147, 1.1252994537353516, -0.006342791020870209, 0.907900869846344, 1.2458455562591553, 0.1953684687614441, 1.135746717453003, 0.6788938045501709, 0.3278960585594177, -0.0007316345581784844, 0.44083064794540405, 0.3883613049983978, 0.2939828336238861, 0.5449817776679993, 1.2497414350509644, 1.410455584526062, 0.9545873403549194, 0.011439653113484383, 0.22828198969364166, 0.6982837915420532, 1.0784215927124023, 0.9910882115364075, 0.7946456670761108, 1.3688212633132935, -0.005751010030508041, 0.47887662053108215, -0.00917324423789978, 0.25197628140449524, 1.4633551836013794, 0.6211016178131104, 0.2266317754983902, 0.6597107648849487, 0.08016420900821686, 0.6743242740631104, 0.2517739534378052, 0.38607257604599, 0.43099281191825867, 1.0787756443023682, 0.11242276430130005, 0.8818403482437134, 0.017935439944267273, 1.0683287382125854, 0.8854093551635742, 0.19695378839969635, 1.2171744108200073, 0.289421021938324, 0.029118455946445465, 0.3184552788734436, 0.6738656759262085, 0.5494124889373779, 1.3132472038269043, 0.08397085219621658, 1.311287760734558, 0.39324676990509033]"
middle,"[19, 6, 20, 20, 14, 4]",34,"[1.3265067338943481, 0.536876916885376, 1.0733113288879395, 0.9615383744239807, 0.005322551354765892, 0.9839195609092712, 0.4984970986843109, 1.0415899753570557, 0.7398180961608887, 0.23513858020305634, 0.6913131475448608, 1.17168128490448, -0.0076579805463552475, 0.7603133320808411, 1.0092495679855347, 0.27192381024360657, 1.7067948579788208, 0.8279154300689697, 0.40002816915512085, 0.0001890509156510234, 0.8007844090461731, 0.576918363571167, 0.341697096824646, 0.9045187830924988, 1.6481372117996216, 1.8269083499908447, 1.2195372581481934, 0.005678411573171616, 0.37301596999168396, 0.6169925332069397, 1.3692259788513184, 1.2833651304244995, 0.930214524269104, 1.5274792909622192, 0.0032090353779494762, 0.5171717405319214, -0.015638794749975204, 0.3291061818599701, 1.8411445617675781, 0.7444790005683899, 0.36370423436164856, 0.5505843162536621, 0.09640160202980042, 0.5098638534545898, 0.2510901987552643, 0.5180140733718872, 0.39075225591659546, 0.842451274394989, 0.2982807159423828, 1.4298402070999146, 0.23643161356449127, 1.4240459203720093, 0.6891263723373413, 0.18226151168346405, 1.1104283332824707, 0.36317741870880127, 0.1677684485912323, 0.36867761611938477, 0.9193125367164612, 0.9761894941329956, 1.262192726135254, 0.25717705488204956, 1.593178629875183, 0.3821752071380615]"
next,"[5, 4, 27, 8]",34,"[0.4790617823600769, 1.2296355962753296, 0.5099974870681763, 0.4472038149833679, 0.011914650909602642, 0.21527767181396484, 1.1389257907867432, 0.5706210136413574, 0.5928406715393066, 0.05776316300034523, 0.3026184141635895, 0.5455908179283142, 0.0008022729307413101, 0.540118932723999, 1.0761241912841797, 0.2987087666988373, 0.5157619714736938, 0.424649178981781, 0.714699387550354, -0.0014864468248561025, 0.19398599863052368, 0.37517067790031433, 0.800098717212677, 0.1472403109073639, 0.4483370780944824, 0.459768146276474, 0.49271100759506226, 0.00928326416760683, 0.11536400020122528, 1.2076520919799805, 0.48819682002067566, 0.34608563780784607, 0.37328240275382996, 0.6111662983894348, -0.0015331031754612923, 1.0382684469223022, -0.000713384710252285, 0.3556210398674011, 0.7640462517738342, 1.235376000404358, 0.2786303162574768, 0.7431311011314392, -0.01465867180377245, 1.1006686687469482, 0.18979060649871826, 0.7767971754074097, 0.8482282757759094, 1.1848640441894531, 0.010247249156236649, 0.4940354824066162, 0.039910413324832916, 0.4865443706512451, 1.4015593528747559, 0.5263403058052063, 0.66778564453125, 0.40825480222702026, 0.2626233994960785, 0.44810977578163147, 0.30947133898735046, 0.1875276118516922, 0.7802998423576355, 0.08260899782180786, 0.5084060430526733, 0.7492782473564148]"
notice,"[5, 12, 8, 6, 18, 4]",34,"[0.876113772392273, 1.0214370489120483, 0.7343314290046692, 0.5577508807182312, 0.0019539110362529755, 0.3754706382751465, 0.994781494140625, 0.814821183681488, 0.530217170715332, 0.18107372522354126, 0.5394695401191711, 0.586039662361145, 0.009357684291899204, 0.3900091350078583, 0.9266214370727539, 0.4449135363101959, 0.9193940758705139, 0.4452793002128601, 0.6813409328460693, 0.0004772947868332267, 0.4258349537849426, 0.6554504632949829, 0.6818921566009521, 0.37913215160369873, 0.7538715600967407, 0.7913228273391724, 0.7025541663169861, 0.010177815333008766, 0.239961639046669, 0.9388135075569153, 0.6926230192184448, 0.5620940923690796, 0.41315245628356934, 0.7313839793205261, -0.0023687442298978567, 0.8099408745765686, -0.021005932241678238, 0.6298977136611938, 1.1673312187194824, 1.1099869012832642, 0.3140062093734741, 0.5446228384971619, 0.013175344094634056, 0.9809393882751465, 0.24330174922943115, 0.9766595363616943, 0.8367742300033569, 0.8588470220565796, 0.20427657663822174, 0.9517344832420349, 0.23682796955108643, 0.8120980858802795, 1.0443809032440186, 0.5892132520675659, 0.5716075897216797, 0.6554033160209656, 0.3289403021335602, 0.3324378430843353, 0.5184518694877625, 0.43174898624420166, 0.7807914614677429, 0.2171536087989807, 0.6956462264060974, 0.6027852296829224]"
observe,"[12, 10, 7, 4, 11, 28, 4]",34,"[1.2694368362426758, 0.32363322377204895, 1.0416959524154663, 0.9950527548789978, 0.00538007915019989, 0.9815065860748291, 0.29522883892059326, 0.8635409474372864, 0.7281808257102966, 0.0527198389172554, 0.5760775208473206, 1.0193746089935303, -0.000801602378487587, 0.6337448358535767, 0.8194366693496704, 0.1039312332868576, 1.5798969268798828, 0.661596417427063, 0.29487884044647217, -1.4814198948442936e-05, 0.7784088850021362, 0.5819658041000366, 0.16193421185016632, 0.8602637648582458, 1.5412498712539673, 1.7315665483474731, 1.1122342348098755, 0.008028067648410797, 0.32703036069869995, 0.33228299021720886, 1.2178318500518799, 1.1975139379501343, 0.8169496059417725, 1.4023092985153198, 0.0009859977290034294, 0.2265545278787613, -0.013095706701278687, 0.41023048758506775, 1.5776360034942627, 0.4027808904647827, 0.26259467005729675, 0.3673791289329529, 0.15168553590774536, 0.38544005155563354, 0.30870336294174194, 0.42670583724975586, 0.3282654285430908, 0.6145761013031006, 0.12800344824790955, 1.2756844758987427, 0.05725614354014397, 1.2037256956100464, 0.45172953605651855, 0.10152756422758102, 1.01702880859375, 0.35895469784736633, -0.0048505403101444244, 0.20772522687911987, 0.7378263473510742, 0.8009113669395447, 1.175572156906128, 0.1602810174226761, 1.4817744493484497, 0.23845826089382172]"
order,"[12, 11, 20, 4, 11]",34,"[0.8560009002685547, 0.8392857909202576, 0.8117814660072327, 0.7350674271583557, 0.002834511920809746, 0.5740218162536621, 0.8126798272132874, 0.691969633102417, 0.7212799191474915, 0.07194437086582184, 0.4399372339248657, 0.8808835744857788, -0.0072702281177043915, 0.71491938829422, 1.1826027631759644, 0.15168966352939606, 1.0008103847503662, 0.5449192523956299, 0.5237555503845215, 0.0002369495341554284, 0.4475795030593872, 0.5227903127670288, 0.48619070649147034, 0.46572625637054443, 0.994811475276947, 1.0873453617095947, 0.8411576747894287, 0.002875921316444874, 0.19539901614189148, 0.9496123194694519, 0.8777792453765869, 0.7844275832176208, 0.6199201345443726, 1.0859323740005493, -0.0007483519148081541, 0.7404376268386841, 0.0010771071538329124, 0.33587318658828735, 1.2071483135223389, 1.015988826751709, 0.2969675362110138, 0.6776382923126221, 0.03860168904066086, 0.8471570014953613, 0.2877294421195984, 0.6785794496536255, 0.668819785118103, 1.034850835800171, 0.09788313508033752, 0.850799560546875, 0.052637651562690735, 0.8763552308082581, 1.0845683813095093, 0.2735953629016876, 0.9576800465583801, 0.4610673785209656, 0.09484848380088806, 0.3360094726085663, 0.5040574669837952, 0.4280943274497986, 1.1109580993652344, 0.1250903159379959, 1.0608718395233154, 0.5570192933082581]"
organize,"[12, 11, 17, 2, 5, 6, 15, 4]",34,"[0.7663142085075378, 1.0135942697525024, 0.6472591161727905, 0.5962108373641968, 0.007289196364581585, 0.6920954585075378, 0.7413269877433777, 0.9756116271018982, 0.5801348686218262, 0.3389933109283447, 0.48777109384536743, 0.8144065737724304, 0.009620791301131248, 0.7586640119552612, 1.08919358253479, 0.5643410682678223, 0.9414885640144348, 0.8520215749740601, 0.47839319705963135, 8.55692196637392e-05, 0.4751574993133545, 0.3709251880645752, 0.733512818813324, 0.6410561203956604, 1.0887125730514526, 1.1212228536605835, 0.8069542646408081, 0.001526031643152237, 0.4948425590991974, 0.9605283737182617, 1.042979121208191, 0.8380221724510193, 0.7270013093948364, 1.0677189826965332, -0.006093963049352169, 0.858284592628479, -0.03923577815294266, 0.21805024147033691, 1.4716061353683472, 0.8961386680603027, 0.6147691011428833, 0.8067037463188171, 0.09794484078884125, 0.8786900639533997, 0.11316247284412384, 0.5350949764251709, 0.5337977409362793, 1.1244022846221924, 0.4681606590747833, 1.020215392112732, 0.34662845730781555, 1.1894664764404297, 1.0862685441970825, 0.5864393711090088, 0.9070624113082886, 0.2643713057041168, 0.4862464964389801, 0.5428276658058167, 0.8964219093322754, 0.7184942960739136, 1.0635018348693848, 0.1988656371831894, 0.9982779026031494, 0.4652998447418213]"
predict,"[3, 11, 4, 20, 6, 18, 8]",34,"[0.821084201335907, 1.5908571481704712, 0.7743949890136719, 0.697758674621582, 0.008656125515699387, 0.3934517204761505, 1.5666747093200684, 0.564577579498291, 0.5296468734741211, 0.08382240682840347, 0.4684642553329468, 0.7627719640731812, 0.013642534613609314, 0.5848675966262817, 1.3581997156143188, 0.2196790874004364, 0.8895601630210876, 0.710277795791626, 1.073339819908142, -0.000712135573849082, 0.35122883319854736, 0.7129887342453003, 0.8813257217407227, 0.3561375141143799, 0.7020989060401917, 0.8481588363647461, 0.560224175453186, 0.005229073576629162, 0.26620519161224365, 1.555548906326294, 0.6307429671287537, 0.539360761642456, 0.6103814840316772, 0.7472074627876282, 0.01124955527484417, 1.3454525470733643, -0.004518317524343729, 0.5077599883079529, 0.8781669735908508, 1.7771172523498535, 0.4320355951786041, 0.9674696922302246, 0.007362464442849159, 1.321602702140808, 0.35173654556274414, 1.2833893299102783, 1.204957127571106, 1.3828972578048706, 0.10296545922756195, 0.7794057726860046, 0.1194445937871933, 0.6611964106559753, 1.7315000295639038, 0.4504353404045105, 0.6408127546310425, 0.7444843053817749, 0.2745306193828583, 0.5932518243789673, 0.30142372846603394, 0.39595362544059753, 0.9235146641731262, 0.16541694104671478, 0.8616166114807129, 1.0598108768463135]"
problem,"[3, 11, 12, 10, 14, 4, 19]",34,"[0.49561822414398193, 1.2867859601974487, 0.5569119453430176, 0.596457302570343, -0.0010692942887544632, 0.6295653581619263, 0.9194841384887695, 0.8207173943519592, 0.7346317172050476, 0.23807714879512787, 0.3129035234451294, 0.9201393127441406, 0.020461618900299072, 0.9410755634307861, 1.3741648197174072, 0.44355782866477966, 0.664594829082489, 0.9720563888549805, 0.5998231172561646, -0.0021295472979545593, 0.26975542306900024, 0.24601681530475616, 0.8486222624778748, 0.4416326880455017, 0.9100475311279297, 0.9930636286735535, 0.7092859745025635, 0.002952556125819683, 0.4732253849506378, 1.3882571458816528, 0.9310492873191833, 0.74659264087677, 0.7799093723297119, 1.0807591676712036, -0.001690892968326807, 1.1817502975463867, -0.01188053097575903, 0.09554526209831238, 1.2259008884429932, 1.1858313083648682, 0.7039337158203125, 1.0984604358673096, 0.0816151425242424, 1.0028135776519775, 0.15150342881679535, 0.5242419242858887, 0.5822840929031372, 1.5928949117660522, 0.349477618932724, 0.718701183795929, 0.22181586921215057, 0.948387861251831, 1.5277948379516602, 0.5510501861572266, 1.0488486289978027, 0.20353426039218903, 0.415107786655426, 0.7669427394866943, 0.8227153420448303, 0.5106494426727295, 1.135073184967041, 0.14941586554050446, 0.9746426343917847, 0.745762050151825]"
question,"[24, 13, 4, 7, 8, 6, 12, 5]",34,"[0.9853594303131104, 0.3105558753013611, 0.787505567073822, 0.8065553307533264, 0.010498753748834133, 0.9858932495117188, 0.20237217843532562, 1.0246341228485107, 0.7114392518997192, 0.22172768414020538, 0.655726432800293, 1.0157451629638672, 0.017675261944532394, 0.7028130292892456, 0.9064006805419922, 0.2906659245491028, 1.390234112739563, 0.7654851675033569, 0.22916260361671448, -0.00043182692024856806, 0.7421129941940308, 0.3250781297683716, 0.2559356093406677, 0.9303288459777832, 1.4088146686553955, 1.6452311277389526, 1.0273195505142212, -0.004221463575959206, 0.42738795280456543, 0.4237097203731537, 1.3673977851867676, 1.1688520908355713, 0.7798694968223572, 1.4093397855758667, 0.0042947460897266865, 0.22342431545257568, -0.0024307556450366974, 0.25515294075012207, 1.6599410772323608, 0.37466347217559814, 0.43908241391181946, 0.4549225866794586, 0.1515531688928604, 0.4309050738811493, 0.222276508808136, 0.19496877491474152, 0.26056602597236633, 0.6780853271484375, 0.2804725170135498, 1.3005032539367676, 0.2918146550655365, 1.3202779293060303, 0.4920607805252075, 0.278389036655426, 1.0964256525039673, 0.20341108739376068, 0.13637688755989075, 0.36076733469963074, 0.9636040329933167, 0.8877435922622681, 1.1191898584365845, 0.3361045718193054, 1.3301030397415161, 0.27519744634628296]"
reason,"[11, 4, 2, 7, 12, 5]",34,"[1.1154168844223022, 0.5165451169013977, 1.162191390991211, 1.028791069984436, 0.006907264702022076, 0.8971366286277771, 0.4964572787284851, 0.698259174823761, 0.6962495446205139, 0.03340941295027733, 0.3871394395828247, 1.052636981010437, -0.01048499159514904, 0.7493826746940613, 0.9945802688598633, 0.08441194146871567, 1.4783649444580078, 0.6772576570510864, 0.4195830821990967, -0.001370494719594717, 0.6263181567192078, 0.6786512732505798, 0.164137601852417, 0.6475165486335754, 1.4290717840194702, 1.5858538150787354, 1.0122920274734497, 0.010467424988746643, 0.3142983913421631, 0.5243871212005615, 1.087813138961792, 1.1326133012771606, 0.8397716879844666, 1.2781633138656616, -0.0069364020600914955, 0.40167638659477234, -0.014637654647231102, 0.40948355197906494, 1.4078261852264404, 0.6532787680625916, 0.24386687576770782, 0.5331602096557617, 0.16410242021083832, 0.5556095838546753, 0.3416343927383423, 0.6234956383705139, 0.4769555330276489, 0.9033049941062927, 0.11771902441978455, 1.0623537302017212, 0.0022539831697940826, 1.04934561252594, 0.6794623136520386, 0.08205516636371613, 0.9847742319107056, 0.48500388860702515, -0.04110197350382805, 0.2871503531932831, 0.5835232734680176, 0.622240424156189, 1.1720161437988281, 0.06812205910682678, 1.4946739673614502, 0.4019421935081482]"
require,"[11, 4, 24, 13, 6, 11, 4]",34,"[1.3205960988998413, 0.8842361569404602, 1.4380806684494019, 1.2223373651504517, 0.006398787721991539, 0.7872667908668518, 0.9025302529335022, 0.4071619212627411, 0.7177274227142334, -0.007842350751161575, 0.3162505030632019, 1.2073508501052856, -0.007313065230846405, 0.8098655343055725, 1.3417530059814453, -0.10028554499149323, 1.561301589012146, 0.6190570592880249, 0.749328076839447, -0.00045359216164797544, 0.5815840363502502, 1.0363941192626953, 0.24666482210159302, 0.4401487112045288, 1.3547369241714478, 1.5236866474151611, 0.9781811237335205, 0.0015771351754665375, 0.11499015986919403, 0.9023787379264832, 0.8288641571998596, 1.0197879076004028, 0.9471784830093384, 1.1992417573928833, 0.005597463343292475, 0.7834488749504089, -0.010523369535803795, 0.4333657920360565, 1.1620197296142578, 1.2485839128494263, 0.14283283054828644, 0.7971452474594116, 0.04038754850625992, 0.7692165970802307, 0.6001601815223694, 1.037121295928955, 0.8599512577056885, 1.144752025604248, -0.009040012955665588, 0.8706619739532471, -0.050737414509058, 0.8246148228645325, 1.1362590789794922, -0.0552932471036911, 0.9782251715660095, 0.8102902770042419, -0.04426131770014763, 0.2682858109474182, 0.22466838359832764, 0.41361376643180847, 1.3429473638534546, -0.01853068917989731, 1.6656547784805298, 0.719552755355835]"
similar,"[7, 6, 19, 6, 14, 2, 11]",34,"[-0.08425410091876984, 2.769404649734497, 0.13899366557598114, 0.19046014547348022, 0.003493852913379669, 0.1329984962940216, 2.332812547683716, 0.15517893433570862, 0.47198137640953064, 0.10376384854316711, 0.0074062347412109375, 0.506243109703064, 0.040707506239414215, 1.0397709608078003, 1.907435417175293, 0.49387896060943604, -0.07607241719961166, 1.0278480052947998, 1.3785444498062134, 0.001592133310623467, -0.05055491626262665, 0.14181604981422424, 1.830727458000183, -0.08452551066875458, -0.00369461253285408, 0.03150368854403496, -0.017132610082626343, -0.005232345312833786, 0.43364447355270386, 2.9588658809661865, 0.10514070093631744, 0.028293617069721222, 0.5902693867683411, 0.2999841868877411, 0.01198851503431797, 2.52584171295166, 0.0007074009627103806, -0.020078718662261963, 0.2928552031517029, 2.708787441253662, 0.9560683369636536, 1.8714215755462646, -0.011106133460998535, 2.12020206451416, 0.18758010864257812, 1.02739679813385, 1.4389268159866333, 2.5262019634246826, 0.21630419790744781, -0.13528285920619965, 0.09336806833744049, 0.1620229184627533, 3.0846498012542725, 0.9703535437583923, 0.6774014234542847, 0.28494375944137573, 0.9619683623313904, 1.2595698833465576, 0.21469274163246155, -0.004693671129643917, 0.8643835783004761, 0.06237688660621643, 0.2683529853820801, 1.6709328889846802]"
solution,"[7, 12, 14, 13, 8, 6, 12, 5]",34,"[0.4750678539276123, 0.7509492039680481, 0.16520722210407257, 0.19149808585643768, -0.0029877498745918274, 0.4604267477989197, 0.5523097515106201, 1.2604999542236328, 0.5678960084915161, 0.6046580076217651, 0.7912770509719849, 0.4592583477497101, 0.04277218505740166, 0.4377115070819855, 0.808588981628418, 0.8564196825027466, 0.532658040523529, 0.6512587070465088, 0.36146536469459534, 0.00040947890374809504, 0.4196507930755615, 0.035251323133707047, 0.8051974773406982, 0.6933718323707581, 0.6995911002159119, 0.7373427152633667, 0.7626767158508301, 0.0030182311311364174, 0.4734879434108734, 0.817321240901947, 1.0403077602386475, 0.6236668825149536, 0.3737824857234955, 0.8698074221611023, -0.00018969178199768066, 0.6338501572608948, -0.0017050513997673988, 0.24427369236946106, 1.4458075761795044, 0.7046405076980591, 0.6724850535392761, 0.5305680632591248, 0.020989572629332542, 0.7147213816642761, 0.07541434466838837, 0.24782046675682068, 0.40229332447052, 0.8148230910301208, 0.5475118160247803, 1.1058804988861084, 0.7937391996383667, 1.1827391386032104, 0.9309149980545044, 0.9889659881591797, 0.7691361904144287, 0.0962572917342186, 0.6471940875053406, 0.5188243985176086, 1.1687442064285278, 0.7153798937797546, 0.6699309349060059, 0.6363465785980225, 0.43521395325660706, 0.3817988634109497]"
succeed,"[7, 13, 18, 18, 4, 4, 20]",34,"[1.3057960271835327, 0.3809167742729187, 1.0165085792541504, 0.83299720287323, 0.0067638857290148735, 0.7970276474952698, 0.39544323086738586, 0.9531125426292419, 0.5821387767791748, 0.1655939817428589, 0.6904116868972778, 0.8625453114509583, 0.003335893154144287, 0.42046356201171875, 0.7064222097396851, 0.287529855966568, 1.5808547735214233, 0.5253159999847412, 0.3357040584087372, 0.001081610913388431, 0.8220791220664978, 0.6405254602432251, 0.24355465173721313, 0.8318998217582703, 1.3513481616973877, 1.5342662334442139, 1.0456082820892334, 0.005387180484831333, 0.2589546740055084, 0.3048943877220154, 1.1355633735656738, 1.0759449005126953, 0.6202970743179321, 1.1861931085586548, 0.0022372575476765633, 0.21922948956489563, 0.00134215597063303, 0.6100268363952637, 1.5579429864883423, 0.48806053400039673, 0.17901413142681122, 0.222539484500885, 0.09808048605918884, 0.4988707900047302, 0.2285294383764267, 0.6499572992324829, 0.4713727533817291, 0.4252784252166748, 0.18014869093894958, 1.390960693359375, 0.23764324188232422, 1.1641392707824707, 0.3452811539173126, 0.2926054894924164, 0.8118329048156738, 0.5082664489746094, 0.0980990082025528, 0.14115802943706512, 0.7383518815040588, 0.7719678282737732, 0.921355664730072, 0.2784498631954193, 1.1944745779037476, 0.23320022225379944]"
understand,"[13, 5, 20, 4, 11, 7, 8, 2, 5, 20]",34,"[0.7219067811965942, 0.8325123190879822, 0.5199035406112671, 0.5356775522232056, 0.00976127851754427, 0.7120488882064819, 0.6883132457733154, 0.8801736831665039, 0.5620955228805542, 0.2240021973848343, 0.4774332046508789, 0.6793278455734253, 0.00999649241566658, 0.6203915476799011, 0.7819006443023682, 0.4038882255554199, 0.974450409412384, 0.7745653390884399, 0.38477104902267456, -0.0011645767372101545, 0.528212308883667, 0.23054681718349457, 0.5716793537139893, 0.6945668458938599, 1.0355304479599, 1.097255825996399, 0.7968783378601074, 0.0061604538932442665, 0.508965253829956, 0.794960081577301, 1.0128061771392822, 0.8772817254066467, 0.6189364194869995, 0.9815999269485474, 0.0024127070792019367, 0.6924421787261963, -0.004254132974892855, 0.20212098956108093, 1.3179270029067993, 0.7396904230117798, 0.5605652928352356, 0.5907724499702454, 0.1457015424966812, 0.6836369633674622, 0.07746604830026627, 0.35044029355049133, 0.3598213195800781, 0.9429377913475037, 0.3282577395439148, 1.0291043519973755, 0.25896474719047546, 1.06550931930542, 0.8850504159927368, 0.46604448556900024, 0.787185549736023, 0.14909592270851135, 0.3160025477409363, 0.5480546951293945, 0.8284158110618591, 0.6961135268211365, 0.8024168014526367, 0.23583020269870758, 0.9112991094589233, 0.47743529081344604]"
wonder,"[26, 12, 5, 20, 4, 11]",34,"[0.7931147217750549, 0.9097622632980347, 0.8017047643661499, 0.7103642225265503, 0.0037893373519182205, 0.48645123839378357, 0.866779625415802, 0.684917688369751, 0.7257854342460632, 0.041953474283218384, 0.39515841007232666, 0.823465883731842, -0.002535022795200348, 0.7024551630020142, 1.1913750171661377, 0.2389850914478302, 0.9795447587966919, 0.48136967420578003, 0.5838900804519653, 0.0001186722656711936, 0.41076117753982544, 0.5040109157562256, 0.5657143592834473, 0.3565986752510071, 0.9132810235023499, 0.9692408442497253, 0.7690224647521973, 0.004195336252450943, 0.14047758281230927, 0.9934300184249878, 0.7850961089134216, 0.7053623199462891, 0.5644748210906982, 1.002516746520996, -0.004776902962476015, 0.7924681305885315, -0.009736577980220318, 0.3806140422821045, 1.149033784866333, 1.0528522729873657, 0.22779838740825653, 0.7046210765838623, 0.030528442934155464, 0.9560885429382324, 0.28076183795928955, 0.7121174335479736, 0.7309955358505249, 1.0747661590576172, 0.03917165473103523, 0.7849778532981873, 0.02517731674015522, 0.7916144728660583, 1.1665606498718262, 0.4106994867324829, 0.9312534928321838, 0.4663352966308594, 0.17305207252502441, 0.3206024765968323, 0.45435142517089844, 0.360273152589798, 1.098629117012024, 0.0823875293135643, 0.9658405184745789, 0.5941959619522095]"
achieve,"[2, 18, 9, 6, 4, 28, 4]",34,"[1.3903926610946655, 0.4148687720298767, 1.5570929050445557, 1.306993007659912, 0.005938464775681496, 0.8673993945121765, 0.3595307171344757, 0.6792588233947754, 0.9416665434837341, 0.022042300552129745, 0.3523732125759125, 1.5056934356689453, -0.012220136821269989, 0.9835797548294067, 1.5138627290725708, 0.034267857670784, 1.7098731994628906, 0.6140381097793579, 0.4349231719970703, 3.339466638863087e-05, 0.5983063578605652, 0.9785078763961792, 0.10199124366044998, 0.5473208427429199, 1.6272938251495361, 1.8226736783981323, 1.1802865266799927, 0.006554781459271908, 0.07720601558685303, 0.6339768171310425, 1.1615822315216064, 1.222832441329956, 0.9823046922683716, 1.6356076002120972, -0.0009520624298602343, 0.35332348942756653, -0.009984777309000492, 0.3834088444709778, 1.6572707891464233, 0.7859304547309875, 0.10080675780773163, 0.7106607556343079, 0.08845378458499908, 0.6375142335891724, 0.6147028803825378, 0.7254757881164551, 0.5824531316757202, 1.0913516283035278, 0.05734309181571007, 1.0446983575820923, -0.037561144679784775, 1.1553391218185425, 0.8226996660232544, 0.0012612491846084595, 1.370404839515686, 0.7109107375144958, -0.014358910731971264, 0.15967997908592224, 0.5251876711845398, 0.4956269860267639, 1.682774543762207, 0.008876964449882507, 1.8765288591384888, 0.4087400436401367]"
addition,"[2, 20, 20, 6, 8, 6, 12, 5]",34,"[0.494312047958374, 0.7322092652320862, 0.06507299095392227, 0.04519958794116974, -0.00047507695853710175, 0.32795342803001404, 0.5060127377510071, 1.43211030960083, 0.5565900206565857, 0.6532471776008606, 0.9673261642456055, 0.32212600111961365, 0.04534750431776047, 0.27219441533088684, 0.7349196672439575, 1.1254311800003052, 0.47265690565109253, 0.4753613770008087, 0.3956294655799866, 0.00041176925878971815, 0.3963543176651001, 0.013916507363319397, 0.8884222507476807, 0.6535304188728333, 0.6330589056015015, 0.5589460730552673, 0.7090837359428406, 0.015163340605795383, 0.3529421091079712, 0.7058239579200745, 1.0718340873718262, 0.46938836574554443, 0.137254536151886, 0.877337634563446, 0.007165208924561739, 0.4967992305755615, -0.006933701224625111, 0.3904353678226471, 1.5522671937942505, 0.6134747862815857, 0.609486997127533, 0.37583819031715393, -0.009131835773587227, 0.7862721085548401, 0.009418949484825134, 0.3008756637573242, 0.4470762014389038, 0.6588898301124573, 0.542450487613678, 1.2242155075073242, 0.8777912259101868, 1.2251968383789062, 0.8749479055404663, 1.2360243797302246, 0.7543017864227295, 0.10083845257759094, 0.7913682460784912, 0.37892889976501465, 1.2476471662521362, 0.6992699503898621, 0.6070981025695801, 0.7009387016296387, 0.2047368884086609, 0.25314515829086304]"
citizen,"[18, 6, 8, 6, 15, 4, 5]",34,"[0.6021682620048523, 1.5117602348327637, 0.5386785268783569, 0.455441951751709, 0.005873711779713631, 0.2045893520116806, 1.5598163604736328, 0.49807143211364746, 0.3772788345813751, 0.13572800159454346, 0.3926593065261841, 0.4429360628128052, 0.020981017500162125, 0.39969947934150696, 1.0740915536880493, 0.3842097520828247, 0.594487726688385, 0.4994971454143524, 1.0108721256256104, -0.001079514273442328, 0.26222991943359375, 0.5942255258560181, 0.9588813185691833, 0.21563440561294556, 0.4396422207355499, 0.4660903811454773, 0.4106571078300476, 0.002946106716990471, 0.2357836216688156, 1.4032790660858154, 0.3987571597099304, 0.2875649631023407, 0.37464743852615356, 0.4157501459121704, 0.0007149395532906055, 1.3056282997131348, -0.02245151996612549, 0.5492437481880188, 0.6982553005218506, 1.6153520345687866, 0.3738959729671478, 0.8233060240745544, 0.02045607380568981, 1.3081104755401611, 0.2598873972892761, 1.259581208229065, 1.1981538534164429, 1.120430827140808, 0.15008296072483063, 0.6253569722175598, 0.1535625010728836, 0.4905391335487366, 1.5359104871749878, 0.6342480778694153, 0.3730955719947815, 0.7043364644050598, 0.35557711124420166, 0.5187623500823975, 0.24791663885116577, 0.23268426954746246, 0.6684587001800537, 0.13252043724060059, 0.4635366201400757, 0.9063355922698975]"
community,"[18, 12, 19, 19, 13, 5, 6, 8, 21]",34,"[0.4600878357887268, 0.8996871113777161, 0.2266097068786621, 0.2910933196544647, 0.0012453757226467133, 0.6828510165214539, 0.5259912014007568, 1.128871202468872, 0.557343602180481, 0.5783947110176086, 0.610680103302002, 0.6335893869400024, 0.04064560681581497, 0.6939257979393005, 0.941788911819458, 0.7672094702720642, 0.5913926362991333, 0.9650073051452637, 0.3927876949310303, 0.00030270020943135023, 0.41725659370422363, 0.01470252126455307, 0.8337749242782593, 0.6810200214385986, 0.8989958763122559, 0.8280746340751648, 0.7200314998626709, -0.0015365686267614365, 0.6111951470375061, 0.9481884241104126, 1.0963594913482666, 0.755441427230835, 0.6262654066085815, 0.9531965255737305, -0.007400368340313435, 0.8442639112472534, -0.016101840883493423, 0.06020501255989075, 1.4082648754119873, 0.7186928987503052, 0.8308000564575195, 0.7906889915466309, 0.09092172980308533, 0.6755896210670471, 0.03719733655452728, 0.128021702170372, 0.34492582082748413, 1.1252567768096924, 0.6435810327529907, 1.0107802152633667, 0.6720846891403198, 1.196678876876831, 1.0931259393692017, 0.8699064254760742, 0.9030826091766357, -0.007209867238998413, 0.7006467580795288, 0.738324761390686, 1.233911156654358, 0.7886130213737488, 0.7627038359642029, 0.48530226945877075, 0.6715341210365295, 0.4398217797279358]"
continent,"[18, 12, 5, 8, 6, 5, 4, 5, 8]",34,"[0.20629939436912537, 1.8214256763458252, 0.22280070185661316, 0.18135416507720947, 0.0069287680089473724, -0.02422766014933586, 1.8070728778839111, 0.3646048307418823, 0.3962845802307129, 0.13396009802818298, 0.17276741564273834, 0.22695356607437134, 0.022208593785762787, 0.4560849666595459, 1.1264876127243042, 0.5343053340911865, 0.0941389724612236, 0.431552916765213, 1.0209758281707764, 0.0008767802501097322, 0.06357962638139725, 0.3437086343765259, 1.2494068145751953, -0.05231422185897827, 0.0738501027226448, -0.030147597193717957, 0.2002330720424652, -0.0010670255869626999, 0.20700381696224213, 1.726314902305603, 0.11694119870662689, 0.014588698744773865, 0.2273140847682953, 0.11097507178783417, -0.003925105091184378, 1.5556678771972656, -0.01261400617659092, 0.4037838280200958, 0.43421149253845215, 1.7997715473175049, 0.40121084451675415, 0.9994023442268372, 0.008321447297930717, 1.5427422523498535, 0.17097538709640503, 1.1055901050567627, 1.2333827018737793, 1.368196964263916, 0.15937623381614685, 0.26054778695106506, 0.15681695938110352, 0.24898624420166016, 1.8748884201049805, 0.9353825449943542, 0.32211077213287354, 0.5468069911003113, 0.5670636296272278, 0.6583606004714966, 0.1767207384109497, -0.000761052593588829, 0.523629903793335, 0.08621172606945038, 0.0716436505317688, 0.9981452822685242]"
energy,"[4, 5, 4, 11, 17, 21]",34,"[0.4254571497440338, 1.374468445777893, 0.5279852151870728, 0.481891393661499, 0.0034130699932575226, 0.31128832697868347, 1.2553198337554932, 0.4425075948238373, 0.5107793807983398, 0.07771746814250946, 0.2205078899860382, 0.5946444272994995, 0.010600262321531773, 0.645596444606781, 1.1999794244766235, 0.28230834007263184, 0.4963003993034363, 0.6052373647689819, 0.8019703030586243, -5.2997609600424767e-05, 0.20453853905200958, 0.3711106479167938, 0.8288917541503906, 0.1907099485397339, 0.48975998163223267, 0.5375180244445801, 0.4458746314048767, 0.0009480100125074387, 0.25487881898880005, 1.3731893301010132, 0.4662546217441559, 0.43388208746910095, 0.5034381747245789, 0.5822778344154358, -0.005022837780416012, 1.2173681259155273, -0.001207164954394102, 0.27177777886390686, 0.7009568214416504, 1.4261435270309448, 0.4175172448158264, 0.9029200077056885, 0.0247816052287817, 1.1517139673233032, 0.22916162014007568, 0.8225616216659546, 0.9266054630279541, 1.3491352796554565, 0.12304477393627167, 0.4273459315299988, 0.06963012367486954, 0.483032763004303, 1.5506056547164917, 0.5232479572296143, 0.6357529163360596, 0.44880372285842896, 0.32666900753974915, 0.5759241580963135, 0.33051809668540955, 0.20256197452545166, 0.817195475101471, 0.08345746994018555, 0.6008272171020508, 0.857809841632843]"
equal,"[4, 24, 13, 2, 14]",34,"[0.5904828310012817, 1.1975501775741577, 0.7499117255210876, 0.7412239909172058, -0.0046119242906570435, 0.6519198417663574, 1.0355045795440674, 0.5797523856163025, 0.6895784735679626, 0.12341789156198502, 0.22189785540103912, 1.0406705141067505, -0.0006458833813667297, 0.9670150279998779, 1.420519471168518, 0.16387256979942322, 0.810553789138794, 0.9294185638427734, 0.5967842936515808, -0.0007968505378812551, 0.3325701355934143, 0.2807924747467041, 0.6688175797462463, 0.4328600764274597, 0.9230345487594604, 1.1328589916229248, 0.7271955013275146, -0.00024667195975780487, 0.36623939871788025, 1.397532343864441, 0.8625611662864685, 0.8168938159942627, 0.9053194522857666, 1.0820999145507812, -0.003386517520993948, 1.1356720924377441, 0.0037401821464300156, 0.08161124587059021, 1.0968995094299316, 1.3169924020767212, 0.5299572348594666, 1.0857570171356201, 0.09307394921779633, 0.9660084843635559, 0.24432340264320374, 0.5914385318756104, 0.6888990998268127, 1.5684226751327515, 0.21221865713596344, 0.6412635445594788, 0.07369197905063629, 0.8250833749771118, 1.483341932296753, 0.27211353182792664, 1.0538941621780396, 0.27455902099609375, 0.19022375345230103, 0.6770229935646057, 0.5645416975021362, 0.4539707601070404, 1.1714210510253906, 0.08500557392835617, 1.1745431423187256, 0.843975841999054]"
globe,"[17, 14, 12, 10, 4]",34,"[0.5779204368591309, 1.151623010635376, 0.7438124418258667, 0.6213119029998779, 0.0018650945276021957, 0.33221885561943054, 1.0696691274642944, 0.4581299126148224, 0.5952678918838501, 0.032881561666727066, 0.17676298320293427, 0.78617262840271, -0.0034269727766513824, 0.7312468886375427, 1.2924948930740356, 0.29520338773727417, 0.635391116142273, 0.5305969715118408, 0.7094388008117676, 0.0006315050413832068, 0.22061842679977417, 0.493673712015152, 0.7096004486083984, 0.1527993381023407, 0.641690194606781, 0.6992603540420532, 0.5260304808616638, 0.002895747311413288, 0.13360755145549774, 1.2275325059890747, 0.5089918375015259, 0.48155006766319275, 0.578362226486206, 0.7427650094032288, -0.014052750542759895, 1.0053805112838745, -0.010249744169414043, 0.3380762040615082, 0.8482693433761597, 1.228643536567688, 0.25659215450286865, 0.8500980734825134, 0.030630169436335564, 1.1460517644882202, 0.2992055416107178, 0.7997050285339355, 0.862877607345581, 1.3357456922531128, 0.03449917212128639, 0.4477742910385132, -0.05557940527796745, 0.5217035412788391, 1.4082331657409668, 0.49180346727371216, 0.7570231556892395, 0.4342142641544342, 0.2678222060203552, 0.44450145959854126, 0.2934296429157257, 0.1731373816728592, 0.9994656443595886, 0.00857003778219223, 0.7783192992210388, 0.7375162243843079]"
habitat,"[9, 2, 10, 6, 8, 2, 8]",34,"[0.41004300117492676, 1.2707947492599487, 0.305627703666687, 0.3465391993522644, 0.008266143500804901, 0.39976707100868225, 0.9261398315429688, 0.9895780682563782, 0.6850089430809021, 0.2180386483669281, 0.4175041913986206, 0.7189233899116516, 0.024939782917499542, 0.7132100462913513, 1.3072329759597778, 0.667159378528595, 0.5100816488265991, 0.7876454591751099, 0.5828591585159302, -0.0007443069480359554, 0.22378960251808167, 0.09213301539421082, 1.055135726928711, 0.3877229690551758, 0.6551494598388672, 0.7141538858413696, 0.568989634513855, 0.006177724339067936, 0.3613729476928711, 1.3471218347549438, 0.8635731339454651, 0.4995364844799042, 0.47670993208885193, 0.9371950030326843, 0.004339745733886957, 1.0833814144134521, -0.021531958132982254, 0.19805553555488586, 1.2197668552398682, 1.1053860187530518, 0.600600004196167, 0.9318863749504089, 0.035430364310741425, 1.1391606330871582, 0.06471239030361176, 0.4128691554069519, 0.6591386795043945, 1.381188988685608, 0.27600541710853577, 0.7360961437225342, 0.23454317450523376, 0.9166041016578674, 1.4897353649139404, 0.8597031235694885, 0.938402533531189, 0.14882205426692963, 0.6020217537879944, 0.632756769657135, 0.8378697633743286, 0.46630075573921204, 0.9691802859306335, 0.23149459064006805, 0.5237385630607605, 0.651785671710968]"
insect,"[6, 5, 7, 4, 18, 8]",34,"[0.6129211783409119, 0.9924331903457642, 0.45204663276672363, 0.4357749819755554, 0.010238097049295902, 0.3186251223087311, 0.9289673566818237, 0.8332926034927368, 0.5973185300827026, 0.14796438813209534, 0.478504478931427, 0.5467773675918579, 0.007796360645443201, 0.46059921383857727, 0.9074082374572754, 0.4239727556705475, 0.668120801448822, 0.4658239781856537, 0.5858680605888367, -0.0011031280737370253, 0.3204430639743805, 0.34960514307022095, 0.7057303190231323, 0.3736514449119568, 0.657069206237793, 0.6455570459365845, 0.6408527493476868, 0.010271687991917133, 0.23508433997631073, 0.9522410035133362, 0.709118127822876, 0.4944166839122772, 0.3370782434940338, 0.7321122884750366, -0.00209527974948287, 0.8094743490219116, -0.01510472223162651, 0.4117177426815033, 1.0884833335876465, 0.94374018907547, 0.3256048560142517, 0.5614123940467834, 0.02559591643512249, 0.9080457091331482, 0.1350592076778412, 0.6733705997467041, 0.6593532562255859, 0.9061602354049683, 0.1576773226261139, 0.798873245716095, 0.18142087757587433, 0.7682993412017822, 1.0774390697479248, 0.5689084529876709, 0.6696094870567322, 0.3835306763648987, 0.2723960876464844, 0.42461875081062317, 0.5844021439552307, 0.391977995634079, 0.7620338201522827, 0.18956458568572998, 0.5408342480659485, 0.5742857456207275]"
mammal,"[19, 2, 19, 19, 2, 14]",34,"[0.8506237268447876, 0.3900771737098694, 0.5411566495895386, 0.5833500027656555, 0.0023068860173225403, 1.0199865102767944, 0.23474319279193878, 1.2564971446990967, 0.5475320816040039, 0.567203938961029, 0.7618393301963806, 0.8161883354187012, 0.03243512660264969, 0.6131840348243713, 0.6867976188659668, 0.5177100896835327, 1.16860032081604, 1.014774203300476, 0.21222859621047974, -0.0024299616925418377, 0.7295272350311279, 0.07187274098396301, 0.3874097466468811, 1.0337227582931519, 1.3471354246139526, 1.4801712036132812, 1.0544965267181396, -0.0008544344455003738, 0.6891691088676453, 0.4499824345111847, 1.4455499649047852, 1.1805311441421509, 0.7978620529174805, 1.2905628681182861, -0.0026043085381388664, 0.41229522228240967, -0.011441336944699287, 0.09245440363883972, 1.7217121124267578, 0.35544031858444214, 0.7834582924842834, 0.45008522272109985, 0.12044528126716614, 0.2922741770744324, 0.07283835113048553, 0.05616408586502075, 0.1769219934940338, 0.7635923624038696, 0.6403042078018188, 1.4687050580978394, 0.6631987690925598, 1.5005446672439575, 0.5666698217391968, 0.4501727521419525, 0.95851069688797, 0.013141855597496033, 0.38352277874946594, 0.59192955493927, 1.2876921892166138, 1.071695327758789, 0.8168298006057739, 0.5270299911499023, 1.1153130531311035, 0.26717567443847656]"
map,"[19, 2, 3]",34,"[0.4283851385116577, 1.212374210357666, 0.5827945470809937, 0.5809987187385559, 0.0003025699406862259, 0.3785404860973358, 0.969194233417511, 0.7450419664382935, 0.8877881169319153, 0.16170212626457214, 0.3245815634727478, 0.9511145949363708, 0.007243451662361622, 1.003466010093689, 1.637710452079773, 0.27665117383003235, 0.5196285843849182, 0.7098077535629272, 0.705621063709259, -0.0002117286203429103, 0.18470236659049988, 0.23931735754013062, 0.8814260363578796, 0.22587856650352478, 0.7280112504959106, 0.7728098034858704, 0.6260387897491455, 0.004862772300839424, 0.17160645127296448, 1.5034650564193726, 0.7617530822753906, 0.5571187138557434, 0.6691433191299438, 1.0842831134796143, -0.006489716470241547, 1.1716983318328857, -0.00432224664837122, 0.09499289095401764, 1.0687323808670044, 1.3404401540756226, 0.44053804874420166, 1.1305996179580688, -0.03195521607995033, 1.1579318046569824, 0.3143971562385559, 0.5106633901596069, 0.8587714433670044, 1.5993831157684326, 0.09949798882007599, 0.5167804956436157, 0.12305304408073425, 0.7902803421020508, 1.7639907598495483, 0.5351495146751404, 1.2198132276535034, 0.33638501167297363, 0.34631186723709106, 0.6142309904098511, 0.6187080144882202, 0.3111698031425476, 1.3471766710281372, 0.17433078587055206, 0.9077945351600647, 0.8495232462882996]"
material,"[19, 2, 8, 4, 11, 6, 2, 14]",34,"[0.5678104758262634, 1.3121918439865112, 0.5838631391525269, 0.5361107587814331, -0.0043630171567201614, 0.38280966877937317, 1.105515480041504, 0.9058907628059387, 0.749208390712738, 0.24963320791721344, 0.39622169733047485, 0.8646291494369507, 0.013714231550693512, 0.8058022260665894, 1.481299638748169, 0.5752816200256348, 0.6515678763389587, 0.687735915184021, 0.7152025103569031, -0.0006112967384979129, 0.26105761528015137, 0.3308666944503784, 0.9602634906768799, 0.31759417057037354, 0.7338693737983704, 0.8223302960395813, 0.6754287481307983, -0.000621328130364418, 0.2611856460571289, 1.4204230308532715, 0.8746184706687927, 0.5817842483520508, 0.5878481268882751, 1.0346323251724243, 0.0006281724199652672, 1.0887762308120728, -0.0020148269832134247, 0.21270111203193665, 1.2615753412246704, 1.343011498451233, 0.5029669404029846, 0.9919813275337219, 0.004419928416609764, 1.2327219247817993, 0.22377239167690277, 0.7115575075149536, 0.8683742880821228, 1.4992698431015015, 0.27305564284324646, 0.7682667374610901, 0.2345586121082306, 0.9298291802406311, 1.618252158164978, 0.7306723594665527, 1.0335642099380493, 0.39037656784057617, 0.5021929144859314, 0.5725094079971313, 0.7291290760040283, 0.3687432110309601, 1.1844356060028076, 0.1926184743642807, 0.7890363931655884, 0.7973331809043884]"
mayor,"[19, 2, 21, 12, 11]",34,"[0.3272631764411926, 1.2859021425247192, 0.5770031213760376, 0.503091037273407, 0.0017636790871620178, 0.2656959295272827, 1.0922057628631592, 0.6159443855285645, 0.8954087495803833, 0.11210107803344727, 0.17629483342170715, 0.9525607228279114, 0.0175634678453207, 1.0243103504180908, 1.7609421014785767, 0.3954417407512665, 0.3598293960094452, 0.6041280031204224, 0.6948333978652954, 0.0015112388646230102, 0.0761566013097763, 0.3153965473175049, 0.9781374931335449, 0.03266424685716629, 0.5407588481903076, 0.5714249014854431, 0.5244399905204773, -0.0019450262188911438, 0.09113146364688873, 1.6298542022705078, 0.5858967900276184, 0.389942467212677, 0.5590030550956726, 0.9981072545051575, -0.0010091564618051052, 1.2251980304718018, 0.007156429812312126, 0.15674929320812225, 0.9514372944831848, 1.4019269943237305, 0.3850233852863312, 1.1998246908187866, -0.03808305412530899, 1.3276286125183105, 0.31683066487312317, 0.5730297565460205, 0.915863573551178, 1.761919617652893, 0.08793698251247406, 0.307415246963501, 0.07607020437717438, 0.6029949188232422, 1.8875528573989868, 0.6823071837425232, 1.1902971267700195, 0.3715670108795166, 0.475044846534729, 0.6013520359992981, 0.5453648567199707, 0.12040476500988007, 1.262799859046936, 0.09714843332767487, 0.7513571977615356, 0.8393842577934265]"
ocean,"[12, 18, 4, 2, 5]",34,"[1.0218275785446167, 0.7889062762260437, 1.220997929573059, 1.0218385457992554, 0.010589966550469398, 0.6536495089530945, 0.768470823764801, 0.61275315284729, 0.8256527185440063, 0.051780227571725845, 0.2671492099761963, 1.2371405363082886, -0.00345558300614357, 0.9515302181243896, 1.4518625736236572, 0.07575622200965881, 1.2202904224395752, 0.6171700954437256, 0.5866788625717163, 0.00038975069765001535, 0.4139394760131836, 0.696431040763855, 0.35950106382369995, 0.3545953035354614, 1.2340693473815918, 1.3478853702545166, 0.9712182283401489, 0.004304577596485615, 0.09816394746303558, 0.9484158158302307, 0.8801047205924988, 0.9171042442321777, 0.8767911195755005, 1.2857359647750854, 0.007192419376224279, 0.7716899514198303, 0.0016955072060227394, 0.33213797211647034, 1.283270239830017, 1.0608493089675903, 0.13801097869873047, 0.831320583820343, -0.01343681663274765, 0.835374116897583, 0.45965200662612915, 0.7717692852020264, 0.7843825817108154, 1.2899998426437378, 0.04222903028130531, 0.7709387540817261, 0.016314806416630745, 0.9210698008537292, 1.2559280395507812, 0.09971587359905243, 1.2092502117156982, 0.608841598033905, 0.004647420719265938, 0.295841246843338, 0.4235795736312866, 0.3709351718425751, 1.4134269952774048, 0.031089521944522858, 1.4210052490234375, 0.625095546245575]"
reptile,"[11, 4, 3, 8, 6, 14, 4]",34,"[1.1348685026168823, 0.7003623247146606, 0.9312506318092346, 0.8058333992958069, 0.0033062193542718887, 0.6797605156898499, 0.7027313709259033, 1.0694403648376465, 0.7329421639442444, 0.22743378579616547, 0.6710989475250244, 0.9974470138549805, 0.002087734639644623, 0.612885594367981, 1.0762783288955688, 0.357313871383667, 1.327873706817627, 0.5895206928253174, 0.5628013610839844, -0.0018499745056033134, 0.5905963778495789, 0.607982873916626, 0.46317118406295776, 0.6347119808197021, 1.2976305484771729, 1.3514058589935303, 1.0035322904586792, 0.0045163994655013084, 0.23211748898029327, 0.6898856163024902, 1.1426489353179932, 0.9635303616523743, 0.6968156695365906, 1.2686336040496826, -0.0055541698820889, 0.5982848405838013, -0.026902014389634132, 0.4741886556148529, 1.6045185327529907, 0.8602644801139832, 0.2717840075492859, 0.5625003576278687, 0.05477403104305267, 0.7254152894020081, 0.3065809905529022, 0.7653697729110718, 0.6525923013687134, 0.8750604391098022, 0.24121186137199402, 1.3105487823486328, 0.24029795825481415, 1.2038488388061523, 0.8992934226989746, 0.3848618268966675, 1.0008713006973267, 0.525958776473999, 0.16458067297935486, 0.3162756860256195, 0.8172234892845154, 0.6937065720558167, 1.2211576700210571, 0.20861126482486725, 1.2466984987258911, 0.4818815588951111]"
season,"[7, 4, 2, 7, 12, 5]",34,"[0.8685712814331055, 0.49398624897003174, 0.8553718328475952, 0.8022359609603882, 0.008697792887687683, 0.7583981156349182, 0.4364812970161438, 0.7893756628036499, 0.712926983833313, 0.056926846504211426, 0.4252122640609741, 0.9728431701660156, 0.0014415103942155838, 0.7055656909942627, 1.0075368881225586, 0.17874711751937866, 1.1837432384490967, 0.6222448348999023, 0.3211868703365326, -0.0015934891998767853, 0.5421459674835205, 0.3974549174308777, 0.281727135181427, 0.6026639938354492, 1.2052741050720215, 1.3808112144470215, 0.9008418321609497, 0.007664277218282223, 0.26701319217681885, 0.5500596761703491, 1.0653960704803467, 0.9882278442382812, 0.6741544008255005, 1.2276098728179932, -0.006499623879790306, 0.3768988251686096, -0.014762399718165398, 0.3128587305545807, 1.3864312171936035, 0.5182494521141052, 0.2664889395236969, 0.49303436279296875, 0.13247649371623993, 0.5692743062973022, 0.2141915261745453, 0.3674403429031372, 0.36854320764541626, 0.8288267850875854, 0.09844394028186798, 0.9577234387397766, 0.03898744285106659, 1.0126160383224487, 0.666306734085083, 0.20610684156417847, 1.0299270153045654, 0.2830849289894104, 0.014650791883468628, 0.29167062044143677, 0.6585399508476257, 0.5792785286903381, 1.0987744331359863, 0.1306188702583313, 1.2225847244262695, 0.3681696653366089]"
subtraction,"[7, 13, 10, 8, 11, 2, 18, 8, 6, 12, 5]",34,"[0.29648905992507935, 1.4511507749557495, -0.027378231287002563, 0.017176136374473572, 0.004659513011574745, 0.3129202425479889, 1.1352105140686035, 0.8349332213401794, 0.32323938608169556, 0.5015735030174255, 0.5745360255241394, 0.1843513399362564, 0.05165202170610428, 0.3116539716720581, 0.7549811601638794, 0.8905999660491943, 0.2585529088973999, 0.7512174844741821, 0.6306473016738892, -0.0018956349231302738, 0.29125869274139404, 0.035803891718387604, 1.1739097833633423, 0.4919232726097107, 0.3488273322582245, 0.32704854011535645, 0.4147428870201111, 0.005690346471965313, 0.5671329498291016, 1.3266719579696655, 0.6564716100692749, 0.3198786973953247, 0.2767767012119293, 0.37282708287239075, 0.015157381072640419, 1.1744656562805176, 0.00946025736629963, 0.2535095810890198, 0.8637191653251648, 1.284353256225586, 0.881391167640686, 0.7319408655166626, 0.07196053862571716, 1.0530649423599243, 0.04714607447385788, 0.5262808203697205, 0.678104043006897, 1.048121690750122, 0.5244015455245972, 0.7596409320831299, 0.662053108215332, 0.7523350715637207, 1.39597749710083, 1.132643461227417, 0.39359545707702637, 0.1438731849193573, 0.83660489320755, 0.7906023263931274, 0.8188402056694031, 0.4504183530807495, 0.3444446325302124, 0.4837143123149872, 0.12586410343647003, 0.6917330026626587]"
temperature,"[8, 4, 19, 3, 4, 11, 2, 8, 13, 11, 4]",34,"[0.5063292980194092, 0.8159892559051514, 0.16444724798202515, 0.2875136733055115, 0.015904191881418228, 0.4341258704662323, 0.43114200234413147, 1.2619590759277344, 0.7410764694213867, 0.3691514730453491, 0.6849022507667542, 0.5971790552139282, 0.033273592591285706, 0.5864254236221313, 0.9973907470703125, 0.8072671294212341, 0.580511748790741, 0.6423372030258179, 0.3152309060096741, -0.001898749265819788, 0.3610191345214844, -0.0005517899990081787, 0.8814853429794312, 0.6244397163391113, 0.7711595296859741, 0.7886013388633728, 0.6977346539497375, 0.012989917770028114, 0.43141454458236694, 0.895192563533783, 1.0786088705062866, 0.6349158883094788, 0.3503528833389282, 1.0500338077545166, 0.004632029216736555, 0.5812917947769165, -0.010812707245349884, 0.24154844880104065, 1.513389229774475, 0.538983941078186, 0.6152888536453247, 0.5932602882385254, 0.09248460829257965, 0.8371329307556152, 0.013252004981040955, 0.13969695568084717, 0.381814181804657, 0.8768346905708313, 0.4164889454841614, 0.9916173815727234, 0.4761796295642853, 1.1820570230484009, 0.9957436323165894, 0.9215337634086609, 1.011307716369629, 0.07482985407114029, 0.6274233460426331, 0.5103296637535095, 1.1193411350250244, 0.6217418313026428, 0.9469377994537354, 0.3804652988910675, 0.4911714494228363, 0.3195892572402954]"
weather,"[26, 4, 2, 8, 9, 4, 11]",34,"[1.0600608587265015, 0.38776087760925293, 0.8502429723739624, 0.8255029916763306, 0.011484901420772076, 0.9008308053016663, 0.24079257249832153, 1.1010468006134033, 0.7775939702987671, 0.14563310146331787, 0.5868269205093384, 1.0703370571136475, -0.000847197137773037, 0.7280892729759216, 0.9977785348892212, 0.27139413356781006, 1.407594084739685, 0.7386940717697144, 0.20491695404052734, -0.0023112634662538767, 0.6734830141067505, 0.3586083948612213, 0.310060054063797, 0.8759596943855286, 1.4303337335586548, 1.6321817636489868, 1.0683914422988892, 0.007744491100311279, 0.3924822509288788, 0.4823848605155945, 1.3656973838806152, 1.183021068572998, 0.7371102571487427, 1.48997163772583, 0.003368403296917677, 0.26381897926330566, -0.0021732505410909653, 0.27709177136421204, 1.7801953554153442, 0.36027926206588745, 0.39361345767974854, 0.48858752846717834, 0.18123571574687958, 0.47381964325904846, 0.18564091622829437, 0.24070939421653748, 0.26691311597824097, 0.7932557463645935, 0.2637856900691986, 1.2849256992340088, 0.1657814383506775, 1.3885018825531006, 0.5522012710571289, 0.2495051771402359, 1.1783791780471802, 0.25052160024642944, 0.12317375838756561, 0.30829736590385437, 0.9846650958061218, 0.7887228727340698, 1.2097809314727783, 0.22751906514167786, 1.3187646865844727, 0.2482748031616211]"
author,"[2, 13, 8, 9, 12, 11]",34,"[0.5838531255722046, 0.873612642288208, 0.4218713343143463, 0.4312472343444824, -0.0036016106605529785, 0.6127960085868835, 0.6546258926391602, 0.9856523871421814, 0.6634681820869446, 0.26180702447891235, 0.4929371476173401, 0.7361722588539124, 0.009014192968606949, 0.670773983001709, 1.0153602361679077, 0.4552786946296692, 0.7394020557403564, 0.787766695022583, 0.3580552935600281, 0.00011648761574178934, 0.4046562910079956, 0.11399994045495987, 0.6838096380233765, 0.5995532870292664, 0.8953487277030945, 0.9712308645248413, 0.7754620313644409, 0.002035992220044136, 0.4631602466106415, 0.9681466817855835, 1.001819372177124, 0.7868036031723022, 0.5805672407150269, 1.0027577877044678, -0.005130124744027853, 0.798653781414032, 0.0014135008677840233, 0.21139711141586304, 1.3563427925109863, 0.8365746140480042, 0.5920323133468628, 0.6965916156768799, 0.09857177734375, 0.7485819458961487, 0.0602901428937912, 0.27974459528923035, 0.3902023732662201, 1.0760812759399414, 0.3391764461994171, 0.9380638003349304, 0.2954917550086975, 1.0589261054992676, 1.0151293277740479, 0.5994830131530762, 0.9024380445480347, 0.13914713263511658, 0.3451603651046753, 0.584809422492981, 0.943980872631073, 0.6228632926940918, 0.8778987526893616, 0.30189356207847595, 0.7744938731193542, 0.5000768899917603]"
beginning,"[10, 4, 17, 6, 5, 5, 6, 5, 17]",34,"[0.7728722095489502, 0.6382095813751221, 0.7319965362548828, 0.7548914551734924, 0.011225324124097824, 0.8825897574424744, 0.42724722623825073, 0.8400051593780518, 0.656465470790863, 0.2172555923461914, 0.44533154368400574, 0.9413896203041077, -0.003736741840839386, 0.8479243516921997, 1.0028165578842163, 0.2544211149215698, 1.1057696342468262, 0.9269413948059082, 0.3791157603263855, -0.0008917607483454049, 0.5300320386886597, 0.2771643102169037, 0.380801796913147, 0.7701663970947266, 1.330998182296753, 1.3582592010498047, 0.8669463396072388, 0.009175515733659267, 0.5155136585235596, 0.6766805052757263, 1.139988660812378, 1.0712416172027588, 0.8560326099395752, 1.2581456899642944, 0.00044582830742001534, 0.5956834554672241, -0.01406458392739296, 0.11736313998699188, 1.4550708532333374, 0.6365387439727783, 0.5535933375358582, 0.7101147174835205, 0.18456849455833435, 0.519498348236084, 0.2026297152042389, 0.2956794202327728, 0.3650456964969635, 1.0587786436080933, 0.3708633482456207, 1.013306975364685, 0.22244632244110107, 1.2046213150024414, 0.8629533052444458, 0.24239963293075562, 1.0813055038452148, 0.20621135830879211, 0.22183382511138916, 0.5340113639831543, 0.8980423212051392, 0.7689769268035889, 1.1478216648101807, 0.18821164965629578, 1.3010774850845337, 0.401311993598938]"
chapter,"[18, 9, 2, 3, 8, 4, 11]",34,"[1.1704411506652832, 0.8028071522712708, 1.2631882429122925, 1.095942497253418, -0.0007791034877300262, 0.8837125897407532, 0.7333341240882874, 0.6322221755981445, 0.7935503721237183, 0.021667994558811188, 0.32503658533096313, 1.2756911516189575, -0.009376335889101028, 0.9453659057617188, 1.3791871070861816, -0.02293333411216736, 1.4746308326721191, 0.7824865579605103, 0.552859365940094, 0.0004458652110770345, 0.572582483291626, 0.7534308433532715, 0.32248684763908386, 0.5537030100822449, 1.399187445640564, 1.5929986238479614, 1.0067589282989502, -0.0028659384697675705, 0.22883786261081696, 0.9491164088249207, 1.038705587387085, 1.092382788658142, 0.9650975465774536, 1.3456814289093018, -0.0003838352859020233, 0.7919628620147705, -0.013767380267381668, 0.2994575500488281, 1.3718353509902954, 1.0786935091018677, 0.2808986008167267, 0.8673673868179321, 0.09369509667158127, 0.7504733800888062, 0.4404527544975281, 0.7528464794158936, 0.6286405324935913, 1.2813878059387207, 0.07336102426052094, 0.9526887536048889, -0.03123665228486061, 1.0118550062179565, 1.071898102760315, 0.023274481296539307, 1.1278595924377441, 0.5301564335823059, -0.02909611538052559, 0.39350777864456177, 0.4961709976196289, 0.5554593801498413, 1.382656216621399, 0.03942413628101349, 1.6095093488693237, 0.6328206658363342]"
character,"[18, 9, 2, 11, 2, 18, 8, 4, 11]",34,"[1.1033036708831787, 0.6651245951652527, 0.9532866477966309, 0.8686146140098572, 0.002730226144194603, 0.8112152218818665, 0.5611982345581055, 0.9232678413391113, 0.7644140124320984, 0.10853138566017151, 0.49833112955093384, 1.0853517055511475, -0.015464216470718384, 0.7936623096466064, 1.134100317955017, 0.2207636535167694, 1.3689881563186646, 0.7223150730133057, 0.35527437925338745, 0.00139048567507416, 0.631434977054596, 0.5119744539260864, 0.36882978677749634, 0.6963040232658386, 1.3632653951644897, 1.5067051649093628, 1.0243231058120728, -0.0025004763156175613, 0.28233739733695984, 0.7075971961021423, 1.1811118125915527, 1.0623010396957397, 0.7916246056556702, 1.331284761428833, 0.0009018783457577229, 0.5601733922958374, -0.013520574197173119, 0.31475892663002014, 1.5832319259643555, 0.7575322389602661, 0.3040696680545807, 0.6429489254951477, 0.09999158978462219, 0.6428439021110535, 0.23136179149150848, 0.5143214464187622, 0.4337063431739807, 0.9665223360061646, 0.1904776245355606, 1.1501786708831787, 0.09489588439464569, 1.219510555267334, 0.7917600870132446, 0.2580052614212036, 1.0834290981292725, 0.33357056975364685, 0.0980895608663559, 0.3232057988643646, 0.7416617274284363, 0.7221150398254395, 1.2333186864852905, 0.1376398652791977, 1.339337944984436, 0.3808155655860901]"
ending,"[4, 5, 20, 6, 5, 17]",34,"[0.6571590900421143, 0.912716805934906, 0.535727858543396, 0.49190133810043335, 0.003703327849507332, 0.4789532721042633, 0.859061598777771, 0.7575515508651733, 0.5402650833129883, 0.17109228670597076, 0.44024714827537537, 0.6942897439002991, 0.0060189710929989815, 0.5768679976463318, 0.9913269281387329, 0.3707473874092102, 0.7636637687683105, 0.5808755159378052, 0.5962950587272644, 0.0002953092334792018, 0.37645775079727173, 0.3312758207321167, 0.6097798347473145, 0.44703352451324463, 0.7916997075080872, 0.7973549962043762, 0.6482833623886108, 0.0030727842822670937, 0.28899821639060974, 0.9150636792182922, 0.7725232243537903, 0.6375511288642883, 0.5077724456787109, 0.8385124802589417, 0.0036823279224336147, 0.7989457845687866, -0.004491361323744059, 0.3307148516178131, 1.1180124282836914, 0.9639903903007507, 0.3632667064666748, 0.6067661046981812, 0.06416034698486328, 0.8298881649971008, 0.1866099238395691, 0.6710705757141113, 0.7183290123939514, 0.975395917892456, 0.24623867869377136, 0.8378589153289795, 0.1964866667985916, 0.8186967372894287, 1.0718930959701538, 0.44919657707214355, 0.7677097916603088, 0.4018628001213074, 0.2802886664867401, 0.43704017996788025, 0.6608796119689941, 0.45265182852745056, 0.8924835920333862, 0.19207346439361572, 0.7158139944076538, 0.5811110138893127]"
fable,"[22, 2, 10, 14, 4]",34,"[0.6825377941131592, 0.8690255880355835, 0.6604891419410706, 0.6355316042900085, 0.005641022697091103, 0.4392448365688324, 0.7804643511772156, 0.8714881539344788, 0.7218989133834839, 0.14140567183494568, 0.39139649271965027, 0.8835883140563965, 0.002580207772552967, 0.694123387336731, 1.1965935230255127, 0.4393807649612427, 0.836679995059967, 0.5398077368736267, 0.46475040912628174, 0.0007760905427858233, 0.3495177626609802, 0.3264395296573639, 0.6305734515190125, 0.38026630878448486, 0.862037718296051, 0.965317964553833, 0.7803701162338257, -0.003947168588638306, 0.17522281408309937, 0.8989297747612, 0.8822990655899048, 0.6642771363258362, 0.5760623216629028, 1.0403289794921875, -0.0029458412900567055, 0.7382767796516418, -0.011421549133956432, 0.29161545634269714, 1.2714741230010986, 0.9042153358459473, 0.24166445434093475, 0.6786525845527649, 0.00022515840828418732, 0.9007463455200195, 0.17065899074077606, 0.5509105920791626, 0.6113577485084534, 1.0537530183792114, 0.17743444442749023, 0.8063040971755981, 0.11037297546863556, 0.9033849239349365, 1.0870362520217896, 0.49084144830703735, 0.9652280211448669, 0.3282615542411804, 0.22561094164848328, 0.36656156182289124, 0.6499271392822266, 0.4285942614078522, 1.1075918674468994, 0.09368452429771423, 0.8857992887496948, 0.5152328014373779]"
fact,"[22, 2, 18, 8]",34,"[0.7216004133224487, 0.7720434069633484, 0.5703094005584717, 0.6098703145980835, 0.009527172893285751, 0.5705229043960571, 0.7241526246070862, 0.9376623630523682, 0.7591313123703003, 0.16624031960964203, 0.5331511497497559, 0.8976480960845947, -0.0007853396236896515, 0.7019476294517517, 1.1928184032440186, 0.27809667587280273, 0.8798642754554749, 0.6816180944442749, 0.43879544734954834, -0.0005351367872208357, 0.4163093566894531, 0.25673359632492065, 0.538195013999939, 0.541456937789917, 0.966532289981842, 1.0760245323181152, 0.8216238021850586, 0.0005041845142841339, 0.2788032591342926, 0.9106302857398987, 1.039797067642212, 0.7782384753227234, 0.6194977164268494, 1.1142864227294922, 0.006573051679879427, 0.6575952768325806, 0.00035458430647850037, 0.2812957167625427, 1.3428236246109009, 0.8897237181663513, 0.3730352818965912, 0.6819261312484741, 0.04983717203140259, 0.7723838686943054, 0.19936592876911163, 0.40858885645866394, 0.5631389617919922, 1.022438406944275, 0.18041293323040009, 0.9819508194923401, 0.18279623985290527, 1.0624268054962158, 1.0695008039474487, 0.44912201166152954, 1.0305042266845703, 0.29205262660980225, 0.17329096794128418, 0.4354722201824188, 0.7456766963005066, 0.6076726317405701, 1.0507657527923584, 0.2550220787525177, 0.9460006952285767, 0.5241724848747253]"
fiction,"[22, 6, 18, 8, 6, 12, 5]",34,"[0.7371748089790344, 0.6221091151237488, 0.3726552724838257, 0.31357190012931824, -0.0019055157899856567, 0.5562625527381897, 0.4991750121116638, 1.3947038650512695, 0.671235978603363, 0.5472564697265625, 0.9508846998214722, 0.6487483978271484, 0.021702781319618225, 0.4459175169467926, 0.8821516036987305, 0.7713662385940552, 0.8345094323158264, 0.6111137866973877, 0.43854212760925293, -0.0014798762276768684, 0.5420387387275696, 0.2398420125246048, 0.6816062331199646, 0.7500723600387573, 0.9752280712127686, 0.9866970181465149, 0.858511209487915, -0.005751518532633781, 0.3945838510990143, 0.6783665418624878, 1.2169196605682373, 0.7381247878074646, 0.40709200501441956, 1.1130571365356445, -0.002094218274578452, 0.4824841022491455, -0.010906820185482502, 0.3932443857192993, 1.671742558479309, 0.6543422341346741, 0.5842393040657043, 0.4509032964706421, -0.01588345319032669, 0.6907898783683777, 0.13473255932331085, 0.35809677839279175, 0.502561628818512, 0.6942662000656128, 0.4535042643547058, 1.376578450202942, 0.6931365132331848, 1.3493016958236694, 0.8400585651397705, 0.8531519770622253, 0.8784049153327942, 0.254472553730011, 0.5429762005805969, 0.4234822690486908, 1.1584922075271606, 0.8372575640678406, 0.8657114505767822, 0.6200652122497559, 0.6867173314094543, 0.355320543050766]"
illustrator,"[6, 14, 14, 13, 7, 8, 11, 2, 8, 12, 11]",34,"[0.5472533702850342, 0.9163056015968323, 0.38883817195892334, 0.44714826345443726, 0.008569757454097271, 0.4547700583934784, 0.7252952456474304, 0.8677666187286377, 0.5330266952514648, 0.27767589688301086, 0.4713459014892578, 0.5964906215667725, 0.03268562629818916, 0.5110334753990173, 0.9167819023132324, 0.479348748922348, 0.6286584734916687, 0.6692551374435425, 0.4426558017730713, -0.00014487095177173615, 0.3301803469657898, 0.2209760844707489, 0.7457948923110962, 0.47934430837631226, 0.6793407797813416, 0.7421014904975891, 0.6119723320007324, -0.004071392118930817, 0.38503503799438477, 0.8825095295906067, 0.807992160320282, 0.5237983465194702, 0.47597724199295044, 0.7236979007720947, 0.0056706941686570644, 0.8038152456283569, -0.008163408376276493, 0.3155025541782379, 1.0569915771484375, 0.8115656971931458, 0.4997846484184265, 0.6616926789283752, 0.07172827422618866, 0.7833953499794006, 0.11406908929347992, 0.46669185161590576, 0.5363777875900269, 0.9185931086540222, 0.3105768859386444, 0.7968153357505798, 0.32408297061920166, 0.8625483512878418, 1.01812744140625, 0.6239334940910339, 0.7027506828308105, 0.24195358157157898, 0.3070110082626343, 0.5272548198699951, 0.7393584251403809, 0.46630388498306274, 0.6865366101264954, 0.2508130669593811, 0.5805049538612366, 0.5074043869972229]"
moral,"[19, 12, 11, 2, 14]",34,"[0.14799828827381134, 2.2846856117248535, 0.3711977005004883, 0.43373870849609375, -0.00021371245384216309, 0.28690358996391296, 1.9961845874786377, 0.19519542157649994, 0.4709007441997528, 0.08722266554832458, 0.023670747876167297, 0.6873160004615784, 0.02571309544146061, 0.9692137837409973, 1.6764419078826904, 0.2993186116218567, 0.19334512948989868, 1.0153234004974365, 1.1505331993103027, 0.0014668413205072284, 0.03248588740825653, 0.22110626101493835, 1.3366693258285522, 0.06337504088878632, 0.2377202808856964, 0.35453537106513977, 0.19716358184814453, -0.003554694354534149, 0.39959943294525146, 2.404869318008423, 0.297859787940979, 0.2895822823047638, 0.7452638745307922, 0.48652663826942444, 0.006626173388212919, 2.124685287475586, 0.017811130732297897, 0.005516320466995239, 0.3956342935562134, 2.315509557723999, 0.770404577255249, 1.6023849248886108, 0.013462962582707405, 1.6584436893463135, 0.2037106156349182, 0.9828532934188843, 1.1617968082427979, 2.2520639896392822, 0.19194084405899048, 0.06831054389476776, 0.04898965358734131, 0.27112698554992676, 2.5496137142181396, 0.6180232763290405, 0.7006791234016418, 0.2751690745353699, 0.5596401691436768, 1.092591643333435, 0.22846682369709015, 0.11621136963367462, 0.864981472492218, 0.035443149507045746, 0.5979335904121399, 1.46438467502594]"
narrator,"[5, 2, 11, 11, 2, 8, 12, 11]",34,"[0.31544065475463867, 1.4683188199996948, 0.28205180168151855, 0.3206230401992798, 0.012193732894957066, 0.214820995926857, 1.1865038871765137, 0.6849758625030518, 0.6946917176246643, 0.1819036304950714, 0.3134523928165436, 0.6009366512298584, 0.02406240627169609, 0.7374523878097534, 1.367601990699768, 0.5297731161117554, 0.2851276695728302, 0.5909903049468994, 0.7188180088996887, 7.780268788337708e-06, 0.13668346405029297, 0.1948060691356659, 1.096587896347046, 0.16419023275375366, 0.4112246036529541, 0.38808363676071167, 0.44124460220336914, 0.002549402415752411, 0.24111230671405792, 1.5470943450927734, 0.550195574760437, 0.3332354426383972, 0.4083932638168335, 0.7093302011489868, 0.00842251256108284, 1.2499735355377197, 0.016333190724253654, 0.1789129078388214, 0.8657346367835999, 1.3601572513580322, 0.5175573229789734, 0.9975599646568298, -0.022018279880285263, 1.2725882530212402, 0.142096608877182, 0.5464926362037659, 0.8265765905380249, 1.4740108251571655, 0.18706472218036652, 0.417081356048584, 0.1934008151292801, 0.6104084849357605, 1.7729713916778564, 0.7743176817893982, 0.8685104250907898, 0.27684861421585083, 0.5541384220123291, 0.6777495741844177, 0.5754266977310181, 0.2011885792016983, 0.9247413277626038, 0.1548938900232315, 0.45978814363479614, 0.8276306986808777]"
nonfiction,"[5, 12, 5, 22, 6, 18, 8, 6, 12, 5]",34,"[0.8763545155525208, 0.368303120136261, 0.29250890016555786, 0.26194536685943604, -0.007315872237086296, 0.714608371257782, 0.24341857433319092, 1.5958783626556396, 0.5451703071594238, 0.7038612961769104, 1.1800192594528198, 0.4574904143810272, 0.0255800299346447, 0.25447559356689453, 0.44236764311790466, 0.8864904046058655, 0.9972481727600098, 0.6624237298965454, 0.2465202808380127, -0.001113768550567329, 0.7501951456069946, 0.14035506546497345, 0.5286011695861816, 1.0335131883621216, 1.1465052366256714, 1.1263290643692017, 0.9760744571685791, -0.0035987459123134613, 0.5885353684425354, 0.3200461268424988, 1.424091100692749, 0.9203360676765442, 0.387276828289032, 1.0935437679290771, -0.00825648196041584, 0.20271679759025574, -0.010501463897526264, 0.4862249493598938, 1.8772424459457397, 0.27519166469573975, 0.698155403137207, 0.18353697657585144, 0.06302785128355026, 0.3749237358570099, 0.014722272753715515, 0.2444075644016266, 0.268146812915802, 0.2974703311920166, 0.6751396059989929, 1.6758317947387695, 0.9483087658882141, 1.5835376977920532, 0.3841051459312439, 0.8812342882156372, 0.7674359679222107, 0.15887318551540375, 0.5392685532569885, 0.39803943037986755, 1.4036210775375366, 1.077006220817566, 0.6368371248245239, 0.7696179151535034, 0.6702150702476501, 0.13045112788677216]"
opinion,"[12, 3, 6, 5, 6, 12, 5]",34,"[0.03192108869552612, 1.671181082725525, 0.09830071032047272, 0.11333505809307098, 0.009113977663218975, 0.20562438666820526, 1.2918925285339355, 0.8102520108222961, 0.6495966911315918, 0.39120882749557495, 0.34399479627609253, 0.5797200202941895, 0.04297558218240738, 0.8763068318367004, 1.5631197690963745, 0.7510358095169067, 0.03177708387374878, 0.7538751363754272, 0.8472731709480286, -0.0006514490814879537, 0.04219985008239746, -0.025194630026817322, 1.3622550964355469, 0.1812073141336441, 0.3089779317378998, 0.26946473121643066, 0.35311317443847656, 0.0011182483285665512, 0.34534570574760437, 1.8772212266921997, 0.5924687385559082, 0.24165627360343933, 0.42216652631759644, 0.7328317761421204, 0.008463995531201363, 1.5266892910003662, -0.004012538585811853, -0.02118384838104248, 0.9365398287773132, 1.5998661518096924, 0.7664696574211121, 1.2604858875274658, -0.05326346307992935, 1.4578953981399536, 0.149727463722229, 0.4671826660633087, 0.958691418170929, 1.803029179573059, 0.3709738850593567, 0.4004380702972412, 0.4556894898414612, 0.7211099863052368, 2.162316083908081, 1.022466778755188, 0.9582106471061707, 0.15013301372528076, 0.8740137219429016, 0.8402997255325317, 0.786573588848114, 0.25503042340278625, 0.9924399256706238, 0.3379060626029968, 0.2868219316005707, 0.9517596364021301]"
poem,"[3, 12, 4, 19]",34,"[0.8776701092720032, 1.0416713953018188, 1.1188533306121826, 1.094542384147644, 0.004158502444624901, 0.9176292419433594, 0.9101915955543518, 0.4333588182926178, 0.7884222865104675, 0.0099216029047966, 0.20458738505840302, 1.207600712776184, 0.0028123874217271805, 1.089811086654663, 1.4683946371078491, -0.0509209930896759, 1.2170922756195068, 0.9643423557281494, 0.6983981728553772, -0.0007660510018467903, 0.42203813791275024, 0.5907291769981384, 0.45451924204826355, 0.4697730541229248, 1.346684455871582, 1.5138181447982788, 0.8813196420669556, 0.00726719107478857, 0.35582366585731506, 1.2227132320404053, 0.9313908219337463, 1.0428428649902344, 1.0824161767959595, 1.2948358058929443, 0.006377458106726408, 1.0164926052093506, -0.010794575326144695, 0.1229967474937439, 1.176607370376587, 1.2571842670440674, 0.46049967408180237, 1.0704197883605957, 0.13943664729595184, 0.8306218385696411, 0.4327542781829834, 0.6942102909088135, 0.7073191404342651, 1.5490325689315796, 0.09648975729942322, 0.6941467523574829, -0.05167888477444649, 0.8833832740783691, 1.4209190607070923, 0.01758238673210144, 1.203102469444275, 0.4491196274757385, 0.058300282806158066, 0.6003376841545105, 0.45152294635772705, 0.4923698902130127, 1.4042538404464722, -0.007430858910083771, 1.616243839263916, 0.8067331910133362]"
rhyme,"[11, 9, 21, 19, 4]",34,"[0.4438936114311218, 2.065817356109619, 0.6510818004608154, 0.6421586275100708, 0.003071445971727371, 0.4784296452999115, 1.9356279373168945, 0.25036096572875977, 0.5304021835327148, 0.012436144053936005, 0.07314500212669373, 0.7205240726470947, 0.002261877991259098, 0.8185739517211914, 1.4511604309082031, 0.040224358439445496, 0.5292797088623047, 0.9368323087692261, 1.167223572731018, -0.0022800404112786055, 0.15222370624542236, 0.49152448773384094, 1.0100432634353638, 0.17093008756637573, 0.5424777269363403, 0.6426236629486084, 0.4123672842979431, -8.409842848777771e-06, 0.4032846987247467, 1.977344036102295, 0.41223302483558655, 0.48545414209365845, 0.7392519116401672, 0.60247802734375, 0.004712644498795271, 1.8823366165161133, 0.006876992993056774, 0.14662666618824005, 0.49818044900894165, 2.105088949203491, 0.6574342846870422, 1.3154150247573853, 0.03786730766296387, 1.373213291168213, 0.26497530937194824, 1.1733887195587158, 1.1535179615020752, 1.9662355184555054, 0.08561523258686066, 0.31663191318511963, -0.019360948354005814, 0.3791516125202179, 2.205934524536133, 0.27902400493621826, 0.6592937111854553, 0.4971041679382324, 0.24727687239646912, 0.9344727396965027, 0.17667824029922485, 0.21614837646484375, 0.8886193633079529, 0.0020642057061195374, 0.8467281460762024, 1.3291536569595337]"
setting,"[7, 4, 8, 8, 6, 5, 17]",34,"[0.8142234086990356, 0.6308550834655762, 0.5339711308479309, 0.5115600824356079, 0.010527086444199085, 0.639561116695404, 0.5416704416275024, 0.9350801706314087, 0.5488756895065308, 0.2211456298828125, 0.6101192235946655, 0.688194215297699, 0.010130183771252632, 0.4737418293952942, 0.7877895832061768, 0.3555105924606323, 0.9720425009727478, 0.6530905961990356, 0.4004809260368347, -0.0003426827024668455, 0.5451388359069824, 0.3098739981651306, 0.46081721782684326, 0.6898991465568542, 1.0157831907272339, 1.0556124448776245, 0.7802083492279053, 0.008312106132507324, 0.39227861166000366, 0.6111676692962646, 1.0013902187347412, 0.8352247476577759, 0.5454809665679932, 0.9704303741455078, 0.00019447598606348038, 0.4882507026195526, -0.00344066321849823, 0.37673547863960266, 1.3381059169769287, 0.6160950660705566, 0.4382655620574951, 0.4254102408885956, 0.09908774495124817, 0.5817204713821411, 0.13219702243804932, 0.40887850522994995, 0.4448585510253906, 0.6966588497161865, 0.2828328311443329, 1.1218205690383911, 0.27973294258117676, 1.0388286113739014, 0.7026445865631104, 0.4276827573776245, 0.7709532976150513, 0.3042338788509369, 0.23952320218086243, 0.4110916554927826, 0.8355681300163269, 0.6936233639717102, 0.8100859522819519, 0.2942638397216797, 0.854075014591217, 0.4023740887641907]"
title,"[8, 6, 8, 14, 4]",34,"[0.9868088960647583, 0.6338183283805847, 0.8988882303237915, 0.7727518677711487, 0.0009253174066543579, 0.5693475604057312, 0.579474925994873, 1.029531478881836, 0.8003130555152893, 0.18888263404369354, 0.5285102725028992, 0.9876075983047485, -0.0018174108117818832, 0.7010781764984131, 1.1627153158187866, 0.4176717698574066, 1.1765536069869995, 0.4902074635028839, 0.4533047080039978, -0.0007742834277451038, 0.5074424743652344, 0.5292642116546631, 0.48907867074012756, 0.4970608949661255, 1.130981206893921, 1.2230117321014404, 0.966986894607544, 0.005030603148043156, 0.15387988090515137, 0.7235148549079895, 1.0500714778900146, 0.8700149059295654, 0.6237202882766724, 1.2602492570877075, -0.010628853924572468, 0.5310229063034058, -0.021030906587839127, 0.4067057967185974, 1.5503631830215454, 0.7512896656990051, 0.19506008923053741, 0.5657432675361633, 0.023565372452139854, 0.7996028065681458, 0.27280619740486145, 0.5937299728393555, 0.5844103097915649, 0.9351915121078491, 0.16469945013523102, 1.095199465751648, 0.1559358537197113, 1.1012414693832397, 0.9039804935455322, 0.45294660329818726, 1.0638031959533691, 0.4405214786529541, 0.21566714346408844, 0.256828635931015, 0.7653459310531616, 0.5381826758384705, 1.2565068006515503, 0.16895338892936707, 1.120507836341858, 0.4305134415626526]"
agree,"[2, 17, 11, 4, 4]",34,"[1.4030579328536987, 0.4925342798233032, 1.2055939435958862, 1.0784615278244019, 0.006607850082218647, 0.9553838968276978, 0.49406999349594116, 0.751379668712616, 0.6819880604743958, 0.06915098428726196, 0.5138735771179199, 0.9907407164573669, -0.018513450399041176, 0.6102888584136963, 0.809937596321106, 0.04497798532247543, 1.6928569078445435, 0.6588094234466553, 0.4379749894142151, 0.002407585736364126, 0.8113399744033813, 0.828440248966217, 0.1660841852426529, 0.8074066638946533, 1.5575252771377563, 1.6640632152557373, 1.1285535097122192, 0.00656984094530344, 0.3316875100135803, 0.3768742084503174, 1.0904757976531982, 1.2003898620605469, 0.8464546203613281, 1.271843433380127, -0.0016595867928117514, 0.3904004991054535, -0.011192270554602146, 0.4810028672218323, 1.4538357257843018, 0.6482435464859009, 0.19958274066448212, 0.4051080644130707, 0.12612465023994446, 0.43116822838783264, 0.3830549120903015, 0.6691126823425293, 0.47319239377975464, 0.6382843852043152, 0.15892170369625092, 1.2403779029846191, 0.07453250139951706, 1.139701247215271, 0.5471318364143372, 0.04960295557975769, 0.8833643794059753, 0.5820544958114624, -0.008572110906243324, 0.22038544714450836, 0.6195542216300964, 0.7562735080718994, 1.1125518083572388, 0.15001337230205536, 1.5370604991912842, 0.3427773416042328]"
alphabetical,"[2, 14, 3, 9, 2, 10, 4, 8, 6, 18, 2, 14]",34,"[0.8257810473442078, 0.5394659042358398, 0.4175586700439453, 0.4363529086112976, 0.0033384952694177628, 0.7754334807395935, 0.3108203411102295, 1.3894853591918945, 0.558832049369812, 0.5092583894729614, 0.8079752326011658, 0.7462443709373474, 0.019340602681040764, 0.528846025466919, 0.7317099571228027, 0.703144907951355, 1.0018609762191772, 0.8880457878112793, 0.18755845725536346, -0.0004906370304524899, 0.6268714070320129, 0.0988389179110527, 0.539892852306366, 0.9667204022407532, 1.1796526908874512, 1.2604143619537354, 0.9494218826293945, 0.0028014620766043663, 0.5851721167564392, 0.5363624095916748, 1.3934333324432373, 0.9369091391563416, 0.5832239389419556, 1.1998698711395264, 0.0055962479673326015, 0.4049590229988098, -0.023585792630910873, 0.2783755362033844, 1.77330482006073, 0.38386496901512146, 0.6851955652236938, 0.46268537640571594, 0.11243206262588501, 0.49420058727264404, -0.0259636789560318, 0.21852275729179382, 0.1950942724943161, 0.7110824584960938, 0.6141924262046814, 1.422151803970337, 0.6187456846237183, 1.4973092079162598, 0.5606955289840698, 0.6490195393562317, 0.9212150573730469, 0.05626344680786133, 0.4092099070549011, 0.4780355989933014, 1.3102312088012695, 0.9838321208953857, 0.8055086731910706, 0.48868611454963684, 0.8193967342376709, 0.21890972554683685]"
antonym,"[2, 5, 8, 12, 5, 21, 19]",34,"[0.23271410167217255, 1.311875820159912, 0.19045263528823853, 0.20992513000965118, -0.0004721246659755707, 0.26108357310295105, 0.9898185133934021, 0.8567633032798767, 0.6299599409103394, 0.31332671642303467, 0.32799452543258667, 0.48516857624053955, 0.025980915874242783, 0.6712927222251892, 1.1737433671951294, 0.7299357652664185, 0.23451361060142517, 0.6556098461151123, 0.5718804597854614, -0.00020115659572184086, 0.13135358691215515, 0.0169554203748703, 1.1046087741851807, 0.22906801104545593, 0.4493313133716583, 0.3899536430835724, 0.485617458820343, 0.005946589633822441, 0.3681371510028839, 1.3668721914291382, 0.6492749452590942, 0.39973196387290955, 0.39312881231307983, 0.6865796446800232, -0.0081639364361763, 1.1375808715820312, -0.002963249571621418, 0.1250269114971161, 1.0312528610229492, 1.1616344451904297, 0.626958966255188, 0.8932032585144043, 0.03006214089691639, 1.1727626323699951, 0.053565651178359985, 0.3832090198993683, 0.6783252954483032, 1.373218059539795, 0.3317767083644867, 0.5533751249313354, 0.32215335965156555, 0.7585316300392151, 1.541390061378479, 0.9875909090042114, 0.8123483061790466, 0.135339617729187, 0.6965291500091553, 0.6647374629974365, 0.7753905057907104, 0.29958754777908325, 0.8288966417312622, 0.23433679342269897, 0.34479600191116333, 0.6577677130699158]"
because,"[10, 4, 18, 2, 13, 7, 4]",34,"[1.3231674432754517, 0.4485146999359131, 1.4591495990753174, 1.3208023309707642, 0.010356102138757706, 1.0429991483688354, 0.40845346450805664, 0.5156062841415405, 0.745537519454956, -0.046380482614040375, 0.3278999328613281, 1.3205771446228027, -0.0010909447446465492, 0.8743816018104553, 1.1767864227294922, -0.12647902965545654, 1.794738531112671, 0.7318633794784546, 0.4341576099395752, -0.0019890598487108946, 0.6974866986274719, 0.8628079891204834, 0.018453337252140045, 0.6952224373817444, 1.6479078531265259, 1.898977279663086, 1.0893537998199463, 0.0007976684719324112, 0.2255391627550125, 0.4692029356956482, 1.1069815158843994, 1.273423194885254, 1.0408505201339722, 1.4360829591751099, -0.0018446852918714285, 0.41722097992897034, -0.018882939592003822, 0.33883482217788696, 1.3914984464645386, 0.711262047290802, 0.15700840950012207, 0.6443414688110352, 0.17251934111118317, 0.4798094630241394, 0.5188629627227783, 0.6440074443817139, 0.45640143752098083, 0.9437512159347534, -0.012760844081640244, 1.0448529720306396, -0.11655454337596893, 1.0391521453857422, 0.6618032455444336, -0.11872871220111847, 1.1078734397888184, 0.5306301712989807, -0.16069872677326202, 0.2500929534435272, 0.43520933389663696, 0.6150308847427368, 1.39772367477417, -0.03345251828432083, 1.895665168762207, 0.4300316572189331]"
blend,"[10, 14, 4, 5, 20]",34,"[0.4743140935897827, 1.531385064125061, 0.45855700969696045, 0.4647160768508911, -0.0006503388285636902, 0.29704010486602783, 1.6687228679656982, 0.5259933471679688, 0.5280850529670715, 0.07962671667337418, 0.2516827881336212, 0.6321995258331299, 0.005959654226899147, 0.629176914691925, 1.2451435327529907, 0.2691359519958496, 0.5511810779571533, 0.5769774913787842, 0.9676365256309509, -0.0007562750251963735, 0.2118917852640152, 0.36468538641929626, 0.9456206560134888, 0.2061690390110016, 0.5157241225242615, 0.5553712248802185, 0.5059942007064819, -0.006649143993854523, 0.22057481110095978, 1.5620054006576538, 0.5276708602905273, 0.4097558557987213, 0.46942251920700073, 0.610418975353241, -0.0015630824491381645, 1.4483580589294434, -0.008088883943855762, 0.2707953155040741, 0.7385005354881287, 1.7285624742507935, 0.3363814353942871, 0.9798539876937866, 0.018640948459506035, 1.2371517419815063, 0.22273822128772736, 1.0641947984695435, 1.1088788509368896, 1.3959585428237915, 0.12746748328208923, 0.54168701171875, 0.040202654898166656, 0.5203188061714172, 1.6996538639068604, 0.46301740407943726, 0.6152569055557251, 0.5281229019165039, 0.2009885162115097, 0.6399746537208557, 0.3463248610496521, 0.2117534577846527, 0.8710561394691467, 0.08848054707050323, 0.5770861506462097, 1.0101442337036133]"
compound,"[18, 12, 19, 3, 12, 13, 5, 20]",34,"[0.5437615513801575, 0.9857051372528076, 0.30256015062332153, 0.28948065638542175, -0.006081892177462578, 0.42975127696990967, 0.7332088351249695, 1.1956532001495361, 0.7358433604240417, 0.4114670157432556, 0.7185924649238586, 0.6829974055290222, 0.027546849101781845, 0.6682504415512085, 1.1742125749588013, 0.755427896976471, 0.6609961986541748, 0.6362184286117554, 0.4404259920120239, 1.0586692951619625e-05, 0.3965211510658264, 0.08596280962228775, 0.947355329990387, 0.5674335956573486, 0.7593086957931519, 0.7328022122383118, 0.7415000200271606, -0.0036950279027223587, 0.32377851009368896, 1.137058973312378, 1.005075216293335, 0.5631284713745117, 0.4059508740901947, 1.0233120918273926, 0.008555829524993896, 0.8838748931884766, -0.007883328013122082, 0.281281977891922, 1.5215057134628296, 0.9505816102027893, 0.5714611411094666, 0.7749136686325073, 0.02896164171397686, 1.033029556274414, 0.06058640778064728, 0.4107164740562439, 0.5531866550445557, 1.0880218744277954, 0.3768700659275055, 1.0434287786483765, 0.498768150806427, 1.156587839126587, 1.2245525121688843, 0.9357283711433411, 1.041430950164795, 0.15993660688400269, 0.5946158170700073, 0.5195379853248596, 1.059672236442566, 0.582521378993988, 0.9568743109703064, 0.4003474712371826, 0.5769407749176025, 0.5235300660133362]"
consonant,"[18, 12, 5, 7, 12, 5, 2, 5, 8]",34,"[0.11082020401954651, 1.5760509967803955, 0.19032646715641022, 0.169118732213974, 0.007976462133228779, 0.1022261530160904, 1.3373563289642334, 0.5962532758712769, 0.5869557857513428, 0.2294078916311264, 0.19755519926548004, 0.4466690719127655, 0.027796510607004166, 0.7174702882766724, 1.303702712059021, 0.6748215556144714, 0.0983363464474678, 0.5728754997253418, 0.7208728194236755, 0.0007480232743546367, 0.061879485845565796, 0.107392817735672, 1.2349828481674194, 0.03169124573469162, 0.22151002287864685, 0.17744319140911102, 0.3278276026248932, -0.00018372759222984314, 0.25727134943008423, 1.666502833366394, 0.3815141022205353, 0.17188012599945068, 0.348567932844162, 0.49865707755088806, -0.003923483192920685, 1.3866920471191406, -0.007979345507919788, 0.16094863414764404, 0.7241783142089844, 1.4971412420272827, 0.5401041507720947, 1.0690524578094482, -0.02650473266839981, 1.4358792304992676, 0.1145995706319809, 0.5538666248321533, 0.8855732679367065, 1.5299417972564697, 0.22776800394058228, 0.2846142649650574, 0.22706735134124756, 0.4758263826370239, 1.8516045808792114, 1.010993242263794, 0.7186369895935059, 0.2133091688156128, 0.7388529777526855, 0.7017702460289001, 0.500870943069458, 0.12770499289035797, 0.7675977349281311, 0.1511971801519394, 0.24462440609931946, 0.8593565821647644]"
contraction,"[18, 12, 5, 8, 11, 2, 18, 8, 6, 12, 5]",34,"[0.5576286315917969, 0.9071126580238342, 0.172838032245636, 0.14244002103805542, 0.0053368546068668365, 0.24203501641750336, 0.7994343638420105, 1.068434476852417, 0.4707030653953552, 0.4283733367919922, 0.7442955374717712, 0.2539405822753906, 0.03277913108468056, 0.19945603609085083, 0.6726069450378418, 0.8816306591033936, 0.5199506282806396, 0.39638692140579224, 0.43337202072143555, 0.00029164727311581373, 0.3970158100128174, 0.17522387206554413, 0.8939960598945618, 0.48014718294143677, 0.5044897794723511, 0.44683411717414856, 0.5941898822784424, 0.0049700019881129265, 0.30910035967826843, 0.7995419502258301, 0.756566047668457, 0.34994038939476013, 0.15193477272987366, 0.5498011708259583, 0.007736351806670427, 0.6616398692131042, -0.00874659325927496, 0.5564100742340088, 1.1761215925216675, 0.8354803919792175, 0.46860626339912415, 0.38925376534461975, 0.03868938982486725, 0.910210132598877, 0.06397581845521927, 0.5535493493080139, 0.6275819540023804, 0.5781546831130981, 0.38527706265449524, 1.0136369466781616, 0.5835624933242798, 0.9061329960823059, 0.8972703218460083, 1.107264518737793, 0.5237376689910889, 0.2861849367618561, 0.6250577569007874, 0.3792811334133148, 0.8215863704681396, 0.4816037118434906, 0.47278454899787903, 0.44419610500335693, 0.20575487613677979, 0.352538526058197]"
definition,"[20, 4, 22, 6, 5, 6, 8, 6, 12, 5]",34,"[0.3977959454059601, 0.9770222902297974, 0.12285619974136353, 0.1970127820968628, 0.005988713353872299, 0.3929809629917145, 0.5762330293655396, 1.3204140663146973, 0.8056271076202393, 0.47754794359207153, 0.7214881777763367, 0.6279627084732056, 0.02626383677124977, 0.6967657804489136, 1.1875660419464111, 0.9531550407409668, 0.4493832588195801, 0.658336877822876, 0.43418872356414795, -0.002167249796912074, 0.2886965572834015, -0.02177423983812332, 0.9943652749061584, 0.5717902779579163, 0.7641487121582031, 0.7177432775497437, 0.7245964407920837, 0.011338121257722378, 0.39439165592193604, 1.0961651802062988, 1.1223496198654175, 0.6004848480224609, 0.34337082505226135, 1.1280443668365479, 0.008540783077478409, 0.7058932185173035, -0.012290969491004944, 0.11288456618785858, 1.6184841394424438, 0.7813742756843567, 0.6905087232589722, 0.728316068649292, 0.037616536021232605, 0.9905482530593872, 0.04119083285331726, 0.2013937085866928, 0.47066500782966614, 1.1194623708724976, 0.48276379704475403, 0.9817771315574646, 0.5842695236206055, 1.2524129152297974, 1.234116792678833, 1.0439200401306152, 1.1260986328125, 0.07154367864131927, 0.783586323261261, 0.546169638633728, 1.2069061994552612, 0.6144660711288452, 1.0937776565551758, 0.44696223735809326, 0.4867907464504242, 0.4180474281311035]"
dictionary,"[20, 6, 18, 8, 6, 12, 5, 2, 11, 21]",34,"[0.37596550583839417, 1.4747426509857178, 0.15496785938739777, 0.1663951426744461, 0.009642458520829678, 0.2958606779575348, 1.2041621208190918, 0.8724997639656067, 0.40121394395828247, 0.4603922963142395, 0.5962398052215576, 0.2683545649051666, 0.0496695414185524, 0.3879486322402954, 0.9271161556243896, 0.8244043588638306, 0.36393076181411743, 0.6812444925308228, 0.7533504366874695, -0.0013557737693190575, 0.24969880282878876, 0.19762755930423737, 1.1329950094223022, 0.402202308177948, 0.4135245382785797, 0.41468632221221924, 0.447770357131958, 0.006678263656795025, 0.4553323984146118, 1.334991693496704, 0.6395758390426636, 0.3497399091720581, 0.32681944966316223, 0.49423298239707947, 0.008051885291934013, 1.2219929695129395, -0.013207705691456795, 0.29252129793167114, 0.9309888482093811, 1.3786412477493286, 0.7344003915786743, 0.8024784922599792, -0.005983676761388779, 1.1724239587783813, 0.09371919929981232, 0.6582272052764893, 0.7861694097518921, 1.1207847595214844, 0.4054327607154846, 0.7599855661392212, 0.5864871144294739, 0.7654293179512024, 1.4784903526306152, 1.0486820936203003, 0.47824975848197937, 0.2618553340435028, 0.7626197934150696, 0.6872034072875977, 0.7224239110946655, 0.4722689092159271, 0.5459805727005005, 0.43040505051612854, 0.2878377139568329, 0.7476271390914917]"
digraph,"[20, 6, 17, 11, 2, 3, 9]",34,"[0.49395304918289185, 1.2478684186935425, 0.3169347643852234, 0.36650365591049194, 0.005177853628993034, 0.5616611242294312, 0.9080708622932434, 0.8044151663780212, 0.5176827907562256, 0.2907838225364685, 0.4568626284599304, 0.624481737613678, 0.027687638998031616, 0.6652967929840088, 1.0516417026519775, 0.501041054725647, 0.5993751883506775, 0.9131336212158203, 0.5881261229515076, -0.000594070996157825, 0.3808361887931824, 0.11789663136005402, 0.9019827842712402, 0.5659410357475281, 0.7098068594932556, 0.7915571331977844, 0.565327525138855, 0.0044295284897089005, 0.5360953211784363, 1.3193081617355347, 0.8243982195854187, 0.6520496010780334, 0.5855345726013184, 0.7995471358299255, 0.00220391433686018, 1.1178216934204102, -0.003281444776803255, 0.1562698632478714, 1.0567245483398438, 1.1332427263259888, 0.7621474266052246, 0.8582990765571594, 0.07461944222450256, 0.9473237991333008, 0.07641098648309708, 0.42570430040359497, 0.5888187885284424, 1.251849889755249, 0.3750521242618561, 0.7564101219177246, 0.35263073444366455, 0.8484520316123962, 1.3541628122329712, 0.6312125325202942, 0.7504042983055115, 0.15388718247413635, 0.5351983904838562, 0.7736527919769287, 0.8082617521286011, 0.5760981440544128, 0.7902721166610718, 0.3021867573261261, 0.6390634179115295, 0.719704806804657]"
disagree,"[20, 6, 7, 2, 17, 11, 4, 4]",34,"[0.8648105263710022, 1.186300277709961, 0.7743289470672607, 0.7521992921829224, 0.015670591965317726, 0.7002037763595581, 1.0209968090057373, 0.6105445623397827, 0.49605271220207214, 0.11945926398038864, 0.34733861684799194, 0.7657063007354736, 0.007230985444039106, 0.6720467805862427, 1.0427368879318237, 0.24716870486736298, 1.0892291069030762, 0.8338483572006226, 0.6610498428344727, -0.0005928287282586098, 0.5200729370117188, 0.5355154275894165, 0.6156256198883057, 0.5521218776702881, 0.9883129000663757, 1.1326237916946411, 0.7180793285369873, 0.005507645197212696, 0.43981626629829407, 1.0915796756744385, 0.7850722074508667, 0.8355984091758728, 0.753859281539917, 0.8788163661956787, 0.000946899875998497, 1.014244794845581, -0.013698305934667587, 0.3448788821697235, 1.047147274017334, 1.1547110080718994, 0.4633731245994568, 0.7913379669189453, 0.0990353375673294, 0.8965966701507568, 0.20413489639759064, 0.7154240608215332, 0.6800883412361145, 1.1384618282318115, 0.20697198808193207, 0.8576955199241638, 0.1132463812828064, 0.817797064781189, 1.1993746757507324, 0.3416863977909088, 0.689712405204773, 0.4020500183105469, 0.2758009135723114, 0.5771852731704712, 0.5225627422332764, 0.5733634829521179, 0.8785505890846252, 0.1314898580312729, 1.0559734106063843, 0.6997007131576538]"
glossary,"[17, 14, 12, 7, 7, 2, 11, 21]",34,"[0.36471468210220337, 1.4041972160339355, 0.4119572937488556, 0.5442303419113159, 0.014290031976997852, 0.5637251138687134, 1.2158150672912598, 0.4597391188144684, 0.5034404993057251, 0.09812617301940918, 0.27783286571502686, 0.7234349250793457, 0.022804033011198044, 0.7719751000404358, 1.3032699823379517, 0.19180430471897125, 0.4728895425796509, 1.0136958360671997, 0.7469264268875122, 0.00017112528439611197, 0.21913781762123108, 0.13456594944000244, 0.8321894407272339, 0.3641015887260437, 0.6290894150733948, 0.7726016044616699, 0.39516282081604004, 0.0071443114429712296, 0.4702977240085602, 1.5431960821151733, 0.6378850340843201, 0.551481306552887, 0.7228145599365234, 0.7004672288894653, -0.0017104335129261017, 1.3352200984954834, -0.01269842591136694, 0.18389283120632172, 0.6926453709602356, 1.4145658016204834, 0.6838675737380981, 1.0838136672973633, 0.11327345669269562, 1.030234456062317, 0.2082834243774414, 0.5152315497398376, 0.7855083346366882, 1.5337138175964355, 0.19620531797409058, 0.42847681045532227, 0.10952943563461304, 0.5672692060470581, 1.6776944398880005, 0.46998876333236694, 0.7556672692298889, 0.1746988743543625, 0.30283883213996887, 0.8767761588096619, 0.4713194966316223, 0.43751007318496704, 0.7636420130729675, 0.163540318608284, 0.7820382714271545, 0.9196752905845642]"
homophone,"[9, 12, 19, 12, 3, 9, 12, 5, 4]",34,"[0.5371372699737549, 0.872644305229187, 0.36501145362854004, 0.33031994104385376, -0.00833558663725853, 0.5234451293945312, 0.4606209099292755, 1.3363392353057861, 0.8747032880783081, 0.3766842484474182, 0.559824526309967, 0.8410753011703491, 0.006859252229332924, 0.833512008190155, 1.2091443538665771, 0.8756140470504761, 0.6572198867797852, 0.6924060583114624, 0.2859315872192383, 0.0007774684345349669, 0.37942713499069214, 0.052448101341724396, 0.908260703086853, 0.6150951385498047, 0.9256858825683594, 0.9267483353614807, 0.8458877801895142, 0.0013537220656871796, 0.38424748182296753, 1.017027735710144, 1.171689510345459, 0.7355817556381226, 0.44965919852256775, 1.2530770301818848, -0.0022128892596811056, 0.6725989580154419, -0.011138524860143661, 0.12663763761520386, 1.7507210969924927, 0.6567177772521973, 0.5919819474220276, 0.7226294875144958, 0.07302288711071014, 0.9871562719345093, -0.011769294738769531, 0.20564857125282288, 0.33424004912376404, 1.2218068838119507, 0.4342140555381775, 1.0182005167007446, 0.40559425950050354, 1.287975549697876, 1.0702502727508545, 0.907714307308197, 1.192413568496704, 0.03534217178821564, 0.6262584924697876, 0.5221691727638245, 1.2526493072509766, 0.6169148087501526, 1.1736475229263306, 0.31837162375450134, 0.6613636016845703, 0.3675884008407593]"
incorrect,"[6, 5, 18, 12, 11, 11, 4, 18, 8]",34,"[0.8180073499679565, 0.5577710866928101, 0.5298523902893066, 0.4798264503479004, -0.0047436244785785675, 0.5539464354515076, 0.40666908025741577, 1.3133041858673096, 0.7674258351325989, 0.3018687963485718, 0.7089705467224121, 0.7823666334152222, 0.00851505622267723, 0.64641273021698, 1.0010284185409546, 0.6531512141227722, 0.9486154317855835, 0.5155616998672485, 0.21209144592285156, 0.0022143186070024967, 0.5258264541625977, 0.18770110607147217, 0.6654565334320068, 0.6710717082023621, 1.0578041076660156, 1.082693338394165, 0.9074771404266357, -0.0016002468764781952, 0.27698174118995667, 0.6489230990409851, 1.2004969120025635, 0.7809953689575195, 0.4314599335193634, 1.2359157800674438, 0.0005896282382309437, 0.43830323219299316, -0.011251266114413738, 0.36336982250213623, 1.8021234273910522, 0.4644589424133301, 0.3969621956348419, 0.495186448097229, 0.08577003329992294, 0.7677939534187317, 0.03197336196899414, 0.33316558599472046, 0.35472702980041504, 0.8134640455245972, 0.35501426458358765, 1.2160215377807617, 0.3398483991622925, 1.3561533689498901, 0.7138783931732178, 0.7157686352729797, 1.1007890701293945, 0.14627352356910706, 0.37563350796699524, 0.2854886054992676, 1.0672030448913574, 0.6554205417633057, 1.057183027267456, 0.28917649388313293, 0.7833986878395081, 0.2058560997247696]"
plural,"[3, 14, 13, 11, 2, 14]",34,"[0.1215474009513855, 1.89949369430542, 0.33546072244644165, 0.40927883982658386, 0.004571538418531418, 0.3040151000022888, 1.6488025188446045, 0.31129467487335205, 0.5087897777557373, 0.12728890776634216, 0.07379642128944397, 0.6847350597381592, 0.02614564076066017, 0.9223223924636841, 1.566906213760376, 0.32093939185142517, 0.1951831579208374, 0.9418394565582275, 0.93508380651474, 0.0008289882680401206, 0.038707662373781204, 0.12187600135803223, 1.1752320528030396, 0.10034555196762085, 0.3124958276748657, 0.39364778995513916, 0.27272695302963257, -0.0014901850372552872, 0.38718757033348083, 2.073975086212158, 0.387675404548645, 0.34394127130508423, 0.7040721774101257, 0.5517867207527161, -0.00115629518404603, 1.8030786514282227, 0.008392160758376122, 0.016074001789093018, 0.5146456956863403, 1.9506975412368774, 0.7097065448760986, 1.4177266359329224, 0.012274032458662987, 1.4497346878051758, 0.19922573864459991, 0.7161178588867188, 0.9842201471328735, 1.9769524335861206, 0.20552107691764832, 0.14637744426727295, 0.0968082994222641, 0.3658908009529114, 2.2440669536590576, 0.6346639394760132, 0.779029369354248, 0.21135705709457397, 0.5260301232337952, 0.9818171858787537, 0.33867472410202026, 0.15840142965316772, 0.876359224319458, 0.07736881822347641, 0.6005914211273193, 1.2381726503372192]"
possessive,"[3, 12, 7, 7, 4, 7, 7, 6, 28, 4]",34,"[1.4523921012878418, 0.07679231464862823, 0.8718047142028809, 1.044625997543335, 0.010190559551119804, 1.5362293720245361, 0.02613091468811035, 1.2424204349517822, 0.6857902407646179, 0.1880655437707901, 0.9859551191329956, 1.076612949371338, 0.009636716917157173, 0.6395442485809326, 0.5760128498077393, 0.04514686018228531, 1.9660695791244507, 1.1269673109054565, 0.10794256627559662, 0.0009618055773898959, 1.1737159490585327, 0.273253858089447, 0.011868316680192947, 1.512628197669983, 2.0452957153320312, 2.292769193649292, 1.3058481216430664, 0.004985864274203777, 0.7633928656578064, 0.146728977560997, 1.8390157222747803, 1.7035702466964722, 1.0701533555984497, 1.760766625404358, -0.00454096170142293, 0.03648708015680313, -0.012989855371415615, 0.37083303928375244, 2.0489964485168457, 0.06101289391517639, 0.6394345760345459, 0.28698229789733887, 0.3163522481918335, 0.034973010420799255, 0.1511315554380417, 0.07114586234092712, 0.023176878690719604, 0.42230677604675293, 0.4522206783294678, 1.9110511541366577, 0.3257720172405243, 1.7484066486358643, 0.15927191078662872, -0.0013423562049865723, 1.1800267696380615, 0.0636603981256485, -0.04173539578914642, 0.4604649543762207, 1.261042594909668, 1.4703354835510254, 1.1107096672058105, 0.43706586956977844, 1.8151994943618774, 0.0908723846077919]"
prefix,"[3, 11, 4, 22, 6, 27]",34,"[0.3564913868904114, 1.9502447843551636, 0.48490703105926514, 0.48401933908462524, 0.010084648616611958, 0.1394117772579193, 1.733841896057129, 0.2941400408744812, 0.6106290817260742, -0.008800938725471497, 0.18101586401462555, 0.6555137634277344, 0.006165859755128622, 0.8239182233810425, 1.651641845703125, 0.27468276023864746, 0.3186973035335541, 0.6264337301254272, 1.1348683834075928, 0.00025583652313798666, 0.07493609935045242, 0.46953871846199036, 1.1633843183517456, -0.022673651576042175, 0.2981376349925995, 0.32470372319221497, 0.26130756735801697, 0.0027485769242048264, 0.14708377420902252, 2.0225377082824707, 0.2626417279243469, 0.21908053755760193, 0.5223672986030579, 0.5073018074035645, 0.004511276725679636, 1.6788644790649414, -0.012526202015578747, 0.2867254912853241, 0.5381799936294556, 2.016899824142456, 0.4327993094921112, 1.2791191339492798, -0.017661329358816147, 1.6233272552490234, 0.31481391191482544, 1.0978448390960693, 1.2834511995315552, 1.7602711915969849, 0.00981459766626358, 0.19478058815002441, -0.038613345474004745, 0.2983939051628113, 2.200148582458496, 0.6278332471847534, 0.7222434282302856, 0.5591661930084229, 0.47517824172973633, 0.7199699878692627, 0.11099875718355179, 0.0623696930706501, 1.0342047214508057, -0.007009692490100861, 0.5633845329284668, 1.1938786506652832]"
singular,"[7, 6, 5, 17, 13, 14, 2, 11]",34,"[0.2888975143432617, 1.7888810634613037, 0.3631071448326111, 0.3972920775413513, 0.003427041694521904, 0.315662682056427, 1.595369815826416, 0.32256409525871277, 0.3528864085674286, 0.1695307195186615, 0.17299529910087585, 0.44412028789520264, 0.03789183869957924, 0.6586489081382751, 1.2287040948867798, 0.2997165322303772, 0.2824297249317169, 0.8272871971130371, 0.9356823563575745, 0.0006247699493542314, 0.17002561688423157, 0.2525498569011688, 1.0901180505752563, 0.19043663144111633, 0.3045292794704437, 0.3819924592971802, 0.26067090034484863, -0.0062570720911026, 0.4271736145019531, 1.761111855506897, 0.3296702206134796, 0.3237306773662567, 0.5711276531219482, 0.34695279598236084, 0.0032263430766761303, 1.6465473175048828, 0.016638467088341713, 0.19602152705192566, 0.4229603409767151, 1.7596746683120728, 0.6933518052101135, 1.1422446966171265, 0.037510938942432404, 1.3247343301773071, 0.18030382692813873, 0.8751323223114014, 1.0214685201644897, 1.608771562576294, 0.2232913076877594, 0.307644248008728, 0.1891673356294632, 0.3702423870563507, 1.929389238357544, 0.6177999377250671, 0.49600091576576233, 0.3475627601146698, 0.4548969566822052, 0.8765139579772949, 0.2939227819442749, 0.1628212183713913, 0.6286922097206116, 0.12646591663360596, 0.4735572338104248, 1.0968431234359741]"
suffix,"[7, 13, 22, 22, 6, 27]",34,"[0.5715354084968567, 0.6826283931732178, 0.3470277190208435, 0.39310452342033386, 0.005750536918640137, 0.4303121864795685, 0.45114997029304504, 1.1135449409484863, 0.7496227622032166, 0.33584851026535034, 0.6527513861656189, 0.7410005927085876, 0.010428998619318008, 0.6338409185409546, 1.1146575212478638, 0.6105222105979919, 0.6174846887588501, 0.6039530038833618, 0.35326844453811646, -0.0008890099124982953, 0.34815919399261475, 0.1289793998003006, 0.6839993000030518, 0.5405299067497253, 0.8299793601036072, 0.8190833926200867, 0.7169688940048218, 0.0064886510372161865, 0.27235648036003113, 0.8192068934440613, 1.0180885791778564, 0.6260635852813721, 0.431919127702713, 1.057601809501648, 0.0026953890919685364, 0.517508864402771, -0.011888283304870129, 0.2743411064147949, 1.4455853700637817, 0.6410586833953857, 0.4601561725139618, 0.5923866033554077, 0.062147945165634155, 0.7646923661231995, 0.14260365068912506, 0.2813830077648163, 0.5095783472061157, 0.8749291896820068, 0.31674468517303467, 0.9692882895469666, 0.38846027851104736, 1.1054975986480713, 0.9451124668121338, 0.7600197196006775, 1.0579817295074463, 0.2049991637468338, 0.4627014994621277, 0.4072137176990509, 0.9650331139564514, 0.5723119378089905, 1.0173317193984985, 0.3490319550037384, 0.6666128635406494, 0.33624860644340515]"
syllable,"[7, 21, 14, 14, 2, 10, 14, 4]",34,"[0.6887357234954834, 0.9320668578147888, 0.6067999601364136, 0.6009528040885925, -0.007536767050623894, 0.49855419993400574, 0.8206860423088074, 1.0988104343414307, 0.747848391532898, 0.3016292452812195, 0.5064617395401001, 0.8739691972732544, 0.010781735181808472, 0.7231802940368652, 1.2169742584228516, 0.6111242175102234, 0.8643508553504944, 0.6363152265548706, 0.4891514778137207, 0.001325789256952703, 0.3832370638847351, 0.26264554262161255, 0.7580034732818604, 0.47605830430984497, 0.9216336607933044, 1.0132486820220947, 0.8550843000411987, -0.006826914846897125, 0.2921580374240875, 0.9930639266967773, 1.054605484008789, 0.709622859954834, 0.6124163866043091, 1.1283782720565796, -0.0041510602459311485, 0.813697338104248, -0.011021806858479977, 0.26594269275665283, 1.444570541381836, 0.988932728767395, 0.3941293954849243, 0.754607081413269, 0.0019462872296571732, 0.9306720495223999, 0.13661599159240723, 0.5486348867416382, 0.5920347571372986, 1.176399827003479, 0.3307100832462311, 0.9795065522193909, 0.28604939579963684, 1.095359206199646, 1.2134315967559814, 0.6591180562973022, 1.0295372009277344, 0.2618955075740814, 0.33601266145706177, 0.4648008942604065, 0.9041037559509277, 0.5412738919258118, 1.126201868057251, 0.21914829313755035, 0.8701958060264587, 0.5696383714675903]"
synonym,"[7, 21, 5, 12, 5, 21, 19]",34,"[0.15371258556842804, 1.529421091079712, 0.1841522604227066, 0.1798791140317917, 0.004409158602356911, 0.13610070943832397, 1.2493352890014648, 0.6340656280517578, 0.5610018968582153, 0.22797493636608124, 0.233835369348526, 0.3945334553718567, 0.02866353467106819, 0.6510199904441833, 1.2231556177139282, 0.6821686029434204, 0.13606992363929749, 0.5767059326171875, 0.7586528062820435, -0.00040495838038623333, 0.0889747366309166, 0.1072535291314125, 1.1938873529434204, 0.05411411449313164, 0.26022279262542725, 0.17980742454528809, 0.3223269283771515, 0.006355920806527138, 0.29028579592704773, 1.5836960077285767, 0.39983534812927246, 0.22966769337654114, 0.3332063555717468, 0.4774450659751892, -0.01323423907160759, 1.3307240009307861, -0.015551073476672173, 0.191280335187912, 0.7248403429985046, 1.421613097190857, 0.5700763463973999, 0.9705643057823181, -0.015196366235613823, 1.3646546602249146, 0.12625998258590698, 0.5438228249549866, 0.8842849731445312, 1.463427186012268, 0.22070960700511932, 0.3478783369064331, 0.22140856087207794, 0.4654141068458557, 1.79231858253479, 1.0210591554641724, 0.6597532033920288, 0.21720288693904877, 0.7566506862640381, 0.7045469880104065, 0.5276075005531311, 0.15412631630897522, 0.7590475678443909, 0.16697543859481812, 0.23270085453987122, 0.8323937654495239]"
vowel,"[28, 12, 26, 4, 14]",34,"[1.024032711982727, 0.8303245902061462, 1.2608191967010498, 1.1504406929016113, 0.001747768372297287, 0.9272493720054626, 0.7444552183151245, 0.4701971113681793, 0.7328139543533325, 0.02328028529882431, 0.2421407252550125, 1.370703101158142, -0.011111073195934296, 1.0727040767669678, 1.462031364440918, -0.10691076517105103, 1.3609249591827393, 0.9730408191680908, 0.5617608428001404, -0.0016463646898046136, 0.5114959478378296, 0.6337583661079407, 0.26872995495796204, 0.5916501879692078, 1.454472303390503, 1.7161779403686523, 0.985265851020813, 0.006475899368524551, 0.30786922574043274, 1.0452773571014404, 1.0461299419403076, 1.163895845413208, 1.123410940170288, 1.3904558420181274, -0.00993296317756176, 0.8573059439659119, -0.013267256319522858, 0.16403649747371674, 1.3080583810806274, 1.1040573120117188, 0.39052924513816833, 0.9524933099746704, 0.1314716637134552, 0.7281926274299622, 0.44267189502716064, 0.6463062763214111, 0.5690604448318481, 1.4181909561157227, 0.09631325304508209, 0.8080354928970337, -0.0806310772895813, 0.9808189272880554, 1.1648895740509033, -0.0791030079126358, 1.1687655448913574, 0.40643107891082764, -0.06270559132099152, 0.5410784482955933, 0.47884732484817505, 0.5731557011604309, 1.4272737503051758, 0.00697200745344162, 1.7619409561157227, 0.6944488286972046]"
accurate,"[2, 18, 18, 13, 11, 2, 8, 4]",34,"[0.8783438205718994, 0.6619958281517029, 0.6879032254219055, 0.6324246525764465, 0.006710934452712536, 0.4736519157886505, 0.537057638168335, 1.136021614074707, 0.8787182569503784, 0.16856247186660767, 0.6181574463844299, 0.9457589387893677, -0.001909349113702774, 0.6938372254371643, 1.2161047458648682, 0.5151966214179993, 1.04903244972229, 0.45852169394493103, 0.3595743179321289, 0.00030084222089499235, 0.475925087928772, 0.35695573687553406, 0.5962809920310974, 0.5251688361167908, 1.0476791858673096, 1.1401029825210571, 0.9246309995651245, 0.00030192919075489044, 0.10332253575325012, 0.7533869743347168, 1.1100341081619263, 0.7684515714645386, 0.48930293321609497, 1.2832417488098145, 0.006471387576311827, 0.46805334091186523, -0.010707738809287548, 0.37212276458740234, 1.650773525238037, 0.6962072253227234, 0.1989782750606537, 0.576616644859314, 0.01568642072379589, 0.8531063199043274, 0.1801600158214569, 0.4482467770576477, 0.5214296579360962, 0.8778266310691833, 0.14829114079475403, 1.0939797163009644, 0.18520459532737732, 1.2013757228851318, 0.8888447284698486, 0.6243442893028259, 1.1649186611175537, 0.3287182152271271, 0.3032192289829254, 0.21615523099899292, 0.8272992372512817, 0.5759508609771729, 1.2415320873260498, 0.21056312322616577, 0.9416705369949341, 0.33700376749038696]"
analyze,"[2, 5, 2, 14, 21, 15, 4]",34,"[0.8216049075126648, 1.4125651121139526, 0.8943964838981628, 0.7956410646438599, 0.0067142341285943985, 0.4793766140937805, 1.4341599941253662, 0.537168025970459, 0.4605228006839752, 0.17007863521575928, 0.29378941655158997, 0.6932884454727173, 0.015513341873884201, 0.5836557149887085, 1.1441476345062256, 0.34590765833854675, 0.9860005974769592, 0.6370499134063721, 0.8971086740493774, -0.0012207922991365194, 0.3289518356323242, 0.74745774269104, 0.7981528639793396, 0.2831079959869385, 0.8040223717689514, 0.9046233296394348, 0.6704004406929016, 0.0006692558526992798, 0.3288734257221222, 1.252105712890625, 0.6070939302444458, 0.5946284532546997, 0.6744690537452698, 0.716905415058136, -0.002057058736681938, 1.2698519229888916, -0.029649965465068817, 0.42748385667800903, 0.8811294436454773, 1.5878809690475464, 0.38169315457344055, 0.9015689492225647, 0.030649105086922646, 1.1345856189727783, 0.3350257873535156, 1.1717560291290283, 1.0193053483963013, 1.2566958665847778, 0.22394630312919617, 0.7138251066207886, 0.12536291778087616, 0.6711462736129761, 1.503022313117981, 0.43247467279434204, 0.5704731345176697, 0.6789233684539795, 0.27569514513015747, 0.52605801820755, 0.3149835467338562, 0.3165237009525299, 0.9129328727722168, 0.04142208397388458, 0.9796072840690613, 0.8736708164215088]"
apply,"[2, 3, 3, 14, 21]",34,"[0.47961336374282837, 1.1178512573242188, 0.4584636390209198, 0.42843902111053467, 0.00757284089922905, 0.4148258864879608, 0.9741286039352417, 0.7276477813720703, 0.5103261470794678, 0.3347524404525757, 0.4706305265426636, 0.5718765258789062, 0.03579751402139664, 0.5713949203491211, 1.0649833679199219, 0.46873000264167786, 0.5349099040031433, 0.6543458700180054, 0.7049346566200256, -0.0005688961828127503, 0.28742969036102295, 0.245843768119812, 0.8038347363471985, 0.30510836839675903, 0.5941203832626343, 0.6459852457046509, 0.587110698223114, 0.0046052830293774605, 0.3054198920726776, 1.1698447465896606, 0.6703482866287231, 0.5037835240364075, 0.566913366317749, 0.6802868247032166, -0.017101485282182693, 1.0253044366836548, 0.005666617304086685, 0.25775253772735596, 0.8916192650794983, 1.110775113105774, 0.49317115545272827, 0.8138900399208069, -0.03536190837621689, 0.9103606939315796, 0.20020262897014618, 0.5630819201469421, 0.7334021329879761, 1.144450306892395, 0.2763056755065918, 0.6476489305496216, 0.37966522574424744, 0.695347011089325, 1.3964887857437134, 0.681964099407196, 0.7339382171630859, 0.3317081332206726, 0.47571003437042236, 0.5649878978729248, 0.652979850769043, 0.40430739521980286, 0.6965489387512207, 0.316368043422699, 0.6057485938072205, 0.7230730056762695]"
arrange,"[2, 11, 11, 2, 5, 17, 4]",34,"[0.9196982383728027, 0.6043877005577087, 0.7911430597305298, 0.7293123602867126, 0.007518996484577656, 0.7667537331581116, 0.4798911511898041, 0.791687548160553, 0.5828033685684204, 0.1354128122329712, 0.4177568554878235, 0.8213832974433899, -0.006119672209024429, 0.6259573101997375, 0.8067452907562256, 0.24911938607692719, 1.1816868782043457, 0.6874969005584717, 0.32125240564346313, 0.00017541635315865278, 0.5606276392936707, 0.45329198241233826, 0.3418613374233246, 0.657584547996521, 1.197588324546814, 1.2712130546569824, 0.9037108421325684, 0.008263383992016315, 0.3808544874191284, 0.5370035171508789, 0.99350905418396, 0.9460517168045044, 0.702527642250061, 1.0464470386505127, -0.001999899744987488, 0.48762357234954834, -0.019367266446352005, 0.30900418758392334, 1.365409016609192, 0.5836272239685059, 0.35355857014656067, 0.5068188309669495, 0.13227666914463043, 0.4946127235889435, 0.17299261689186096, 0.4140624403953552, 0.3207751512527466, 0.7987769246101379, 0.23763436079025269, 1.011487364768982, 0.12622562050819397, 1.0488815307617188, 0.6386958360671997, 0.2715238332748413, 0.8124181032180786, 0.27656978368759155, 0.14160074293613434, 0.3466748297214508, 0.7219027876853943, 0.6694855093955994, 0.9262999892234802, 0.14446738362312317, 1.1150915622711182, 0.3341362476348877]"
audience,"[2, 13, 20, 6, 4, 5, 18, 4]",34,"[0.4088209271430969, 1.4914610385894775, 0.36849159002304077, 0.3359103202819824, -0.0018348265439271927, 0.19209977984428406, 1.202803373336792, 0.6875957250595093, 0.5581681728363037, 0.168399840593338, 0.32123637199401855, 0.5168676376342773, 0.013355004601180553, 0.581763744354248, 1.1687211990356445, 0.6454889178276062, 0.4063083827495575, 0.5687884092330933, 0.7390806674957275, -0.0016794197726994753, 0.20552492141723633, 0.31324952840805054, 1.0617626905441284, 0.22895275056362152, 0.4071107506752014, 0.45839136838912964, 0.44829297065734863, 0.0052040377631783485, 0.2669873535633087, 1.4306182861328125, 0.5250023603439331, 0.32118549942970276, 0.37392035126686096, 0.6062543392181396, 0.0073889936320483685, 1.1766645908355713, -0.01212618499994278, 0.32302325963974, 0.9173646569252014, 1.3335860967636108, 0.4995282292366028, 0.8654529452323914, 0.02003544010221958, 1.2849141359329224, 0.11349932849407196, 0.7881944179534912, 0.8414433598518372, 1.3196316957473755, 0.22090087831020355, 0.5285875201225281, 0.17439046502113342, 0.6230341196060181, 1.5392813682556152, 0.8434861302375793, 0.6416662931442261, 0.3446741998195648, 0.5803808569908142, 0.5823606252670288, 0.5164920091629028, 0.25113236904144287, 0.8183935880661011, 0.12793752551078796, 0.384416401386261, 0.7698597311973572]"
category,"[18, 2, 8, 4, 17, 12, 11, 21]",34,"[0.027684122323989868, 1.9339712858200073, 0.06919874250888824, 0.11546752601861954, 0.012719557620584965, 0.04753652215003967, 1.5534307956695557, 0.6509318351745605, 0.6551182270050049, 0.20568200945854187, 0.20314893126487732, 0.4039258062839508, 0.03662300109863281, 0.7978981733322144, 1.4737826585769653, 0.8252913355827332, 0.006844907999038696, 0.6178432703018188, 0.8273667693138123, 0.0013386145001277328, 0.03071128949522972, 0.029227562248706818, 1.5338151454925537, 0.039248473942279816, 0.12157176434993744, 0.08460000157356262, 0.25164130330085754, 0.0037523331120610237, 0.32138678431510925, 2.028636932373047, 0.3223142623901367, 0.13039638102054596, 0.2972746789455414, 0.5430382490158081, 0.004449343774467707, 1.6711654663085938, 0.009575337171554565, 0.1248822808265686, 0.7808334827423096, 1.7067623138427734, 0.6594390273094177, 1.2362662553787231, -0.016338204964995384, 1.7055615186691284, 0.03686487674713135, 0.5775846242904663, 0.9650538563728333, 1.8046408891677856, 0.2650485336780548, 0.19762375950813293, 0.2359202802181244, 0.4763411283493042, 2.2231481075286865, 1.1675721406936646, 0.7971208691596985, 0.16121648252010345, 0.9614598751068115, 0.8494201898574829, 0.5792421698570251, 0.0856349915266037, 0.8316158056259155, 0.1353282630443573, 0.1561441421508789, 0.9801618456840515]"
classify,"[18, 14, 2, 7, 7, 6, 22, 21]",34,"[1.2237468957901, 0.29873281717300415, 0.8007376194000244, 0.7929757833480835, 0.002383347600698471, 0.9435339570045471, 0.4182661175727844, 0.9813213348388672, 0.4988238215446472, 0.19580219686031342, 0.8578320741653442, 0.7550781965255737, 0.0036011412739753723, 0.3158656358718872, 0.5218138694763184, 0.12684348225593567, 1.5052733421325684, 0.6943027973175049, 0.3515999913215637, 0.0005205798661336303, 0.8986586332321167, 0.47035008668899536, 0.1513865888118744, 0.9627329111099243, 1.3615307807922363, 1.497973084449768, 0.9372886419296265, -0.019033003598451614, 0.42596200108528137, 0.21092239022254944, 1.2401518821716309, 1.0748592615127563, 0.6930550336837769, 1.0567281246185303, -0.006302742287516594, 0.18272018432617188, -0.005809769965708256, 0.6192355155944824, 1.417439341545105, 0.3871651291847229, 0.3222658038139343, 0.20809254050254822, 0.14065666496753693, 0.27643030881881714, 0.2213854044675827, 0.5395560264587402, 0.5094170570373535, 0.2847059369087219, 0.25794517993927, 1.4864286184310913, 0.30703529715538025, 1.2005542516708374, 0.30591467022895813, 0.21923211216926575, 0.7189447283744812, 0.40780365467071533, -0.039772551506757736, 0.2700367271900177, 0.7458347678184509, 0.9583092331886292, 0.7133578658103943, 0.377870112657547, 1.1697698831558228, 0.26279693841934204]"
combine,"[18, 12, 19, 10, 6, 5, 4]",34,"[1.1965357065200806, 0.38908761739730835, 0.8463980555534363, 0.752399206161499, 0.003439750522375107, 0.8136869072914124, 0.35170644521713257, 1.2449531555175781, 0.6273298263549805, 0.34888577461242676, 0.844747006893158, 0.9218611121177673, 0.009680056944489479, 0.4787268340587616, 0.8123972415924072, 0.4504709243774414, 1.4453498125076294, 0.6696732044219971, 0.3208397626876831, -0.0006037515122443438, 0.7669538855552673, 0.44894319772720337, 0.3354294002056122, 0.897321879863739, 1.4027765989303589, 1.4926296472549438, 1.0997271537780762, 0.004365913569927216, 0.33721446990966797, 0.35925912857055664, 1.3206923007965088, 1.0544830560684204, 0.6639268398284912, 1.2731705904006958, -0.002697146497666836, 0.2899250388145447, -0.032566770911216736, 0.5112981796264648, 1.8103989362716675, 0.4756772518157959, 0.33533623814582825, 0.3237136900424957, 0.0700487270951271, 0.4848403334617615, 0.19353565573692322, 0.5096310377120972, 0.41364604234695435, 0.5411210060119629, 0.35937702655792236, 1.5493414402008057, 0.4232521057128906, 1.4161444902420044, 0.49212560057640076, 0.4711097478866577, 0.9331819415092468, 0.34646153450012207, 0.21706610918045044, 0.2464952915906906, 1.021721363067627, 0.9455004930496216, 0.9781687259674072, 0.3897773027420044, 1.1650222539901733, 0.222740039229393]"
conclusion,"[18, 12, 5, 18, 14, 13, 7, 6, 12, 5]",34,"[0.5725163221359253, 0.816635012626648, 0.31569838523864746, 0.2694985270500183, -0.0019015222787857056, 0.29362499713897705, 0.7433816194534302, 1.0342249870300293, 0.5327328443527222, 0.41053563356399536, 0.7407659888267517, 0.4176591634750366, 0.02330126240849495, 0.3231849670410156, 0.7635630369186401, 0.702458918094635, 0.6051971912384033, 0.441034734249115, 0.46872347593307495, -0.00019499892368912697, 0.40639179944992065, 0.27585721015930176, 0.7164366245269775, 0.4832659959793091, 0.5974060893058777, 0.5888012647628784, 0.6421045064926147, -0.009634329006075859, 0.266206294298172, 0.7644750475883484, 0.7972003221511841, 0.4391668438911438, 0.27890366315841675, 0.6691725850105286, -0.007020697928965092, 0.6340281963348389, -0.012477362528443336, 0.48369908332824707, 1.1756436824798584, 0.8118777871131897, 0.3946687579154968, 0.4638074040412903, -0.027282781898975372, 0.8128806352615356, 0.1377802938222885, 0.5324467420578003, 0.5926035642623901, 0.6542199850082397, 0.29720181226730347, 0.9772743582725525, 0.524127721786499, 0.9019709229469299, 0.8909001350402832, 0.9115612506866455, 0.6074278354644775, 0.28367769718170166, 0.4666072726249695, 0.37263837456703186, 0.7653008699417114, 0.5225611925125122, 0.5910117626190186, 0.45664265751838684, 0.404135525226593, 0.454498291015625]"
contrast,"[18, 12, 5, 8, 11, 2, 7, 8]",34,"[0.4605255722999573, 1.6127102375030518, 0.5383334159851074, 0.4974697232246399, 0.013398329727351665, 0.23816220462322235, 1.618098497390747, 0.3336329460144043, 0.4664222300052643, 0.040345944464206696, 0.23512141406536102, 0.5276534557342529, 0.015317310579121113, 0.5754799246788025, 1.240833044052124, 0.22731536626815796, 0.4645613431930542, 0.6135284900665283, 0.9255532622337341, 0.0016145386034622788, 0.19817131757736206, 0.45376428961753845, 0.965251088142395, 0.10809923708438873, 0.3808737099170685, 0.45475977659225464, 0.32847651839256287, 0.001183031126856804, 0.22090046107769012, 1.6065117120742798, 0.27162134647369385, 0.2952267825603485, 0.5353448987007141, 0.4188474416732788, 0.0008783163502812386, 1.4452438354492188, -0.011941743083298206, 0.4244402050971985, 0.5085731744766235, 1.7609175443649292, 0.3836585581302643, 1.0273667573928833, -0.0022798851132392883, 1.328171968460083, 0.2868824601173401, 1.009927749633789, 1.1310569047927856, 1.4302058219909668, 0.05520879849791527, 0.38791799545288086, 0.059810820966959, 0.31704097986221313, 1.796970248222351, 0.5861197710037231, 0.5113319158554077, 0.5128080248832703, 0.3650655150413513, 0.6369571089744568, 0.1123400405049324, 0.20766574144363403, 0.6901403069496155, 0.06706331670284271, 0.5959292054176331, 1.010931134223938]"
contribute,"[18, 12, 5, 8, 11, 6, 10, 13, 8, 4]",34,"[0.7705556154251099, 0.6640978455543518, 0.41342535614967346, 0.25953957438468933, 0.0005867835134267807, 0.28813135623931885, 0.5619195103645325, 1.284156322479248, 0.6121883392333984, 0.3527182340621948, 0.7546065449714661, 0.5142581462860107, 0.015525568276643753, 0.3374388813972473, 0.7733759880065918, 0.8730085492134094, 0.795132040977478, 0.3401327431201935, 0.303413987159729, 4.112941678613424e-05, 0.5174441337585449, 0.2700854539871216, 0.797211766242981, 0.5819358229637146, 0.7399948239326477, 0.7571640610694885, 0.7805095911026001, 0.006399000994861126, 0.2094341367483139, 0.6382684111595154, 0.9466497898101807, 0.539381742477417, 0.18428000807762146, 0.9060376882553101, -0.0028258562088012695, 0.44804418087005615, -0.014323086477816105, 0.6019879579544067, 1.5770069360733032, 0.557652473449707, 0.32741618156433105, 0.3032991886138916, 0.030774058774113655, 0.9416806697845459, 0.02583615481853485, 0.5410265326499939, 0.5391809940338135, 0.554448127746582, 0.3144334852695465, 1.2278292179107666, 0.4434601962566376, 1.1524875164031982, 0.6838066577911377, 1.0437523126602173, 0.7489664554595947, 0.30662673711776733, 0.5939533710479736, 0.22030317783355713, 0.9617047905921936, 0.5754573941230774, 0.7699065208435059, 0.37968167662620544, 0.4053358733654022, 0.19069598615169525]"
demonstrate,"[20, 4, 19, 12, 5, 7, 8, 11, 2, 8, 4]",34,"[0.34229937195777893, 1.2177749872207642, 0.2381669282913208, 0.2830430269241333, 0.01058461144566536, 0.4078478515148163, 0.8072447180747986, 0.8817487359046936, 0.546916127204895, 0.26034173369407654, 0.31053388118743896, 0.5199095010757446, 0.028294270858168602, 0.6410782933235168, 0.9881823062896729, 0.7463579773902893, 0.4275323748588562, 0.7521735429763794, 0.47295790910720825, -0.000667322427034378, 0.245637908577919, 0.07365982979536057, 1.007486343383789, 0.3997519612312317, 0.575890302658081, 0.605891764163971, 0.5011438131332397, 0.00754538644105196, 0.4773913323879242, 1.189763069152832, 0.7442711591720581, 0.4923175573348999, 0.4321554899215698, 0.7257558107376099, -0.0022264879662543535, 0.9839978814125061, -0.021204166114330292, 0.1639951467514038, 1.0829401016235352, 0.8917983770370483, 0.6596957445144653, 0.8002547025680542, 0.09090108424425125, 1.0435545444488525, -0.00408664345741272, 0.3265833556652069, 0.4892847537994385, 1.2198165655136108, 0.3675800561904907, 0.6197472810745239, 0.27578872442245483, 0.8033055663108826, 1.2525426149368286, 0.8397596478462219, 0.7303182482719421, 0.0715407133102417, 0.6371791362762451, 0.6745002865791321, 0.8185175061225891, 0.40970298647880554, 0.7769163846969604, 0.1833094209432602, 0.42285287380218506, 0.5748241543769836]"
determine,"[20, 4, 8, 4, 11, 19, 6, 5, 4]",34,"[0.39454254508018494, 1.7174642086029053, 0.41445958614349365, 0.43101727962493896, 0.004067009314894676, 0.48780980706214905, 1.2781696319580078, 0.8550033569335938, 0.7739171981811523, 0.19628210365772247, 0.2932512164115906, 0.8983099460601807, 0.0043562548235058784, 1.0414928197860718, 1.6643173694610596, 0.5410654544830322, 0.4703162610530853, 0.9541939496994019, 0.8554952144622803, -0.001671031815931201, 0.19053155183792114, 0.17755161225795746, 1.1730831861495972, 0.3306904137134552, 0.772255539894104, 0.7792526483535767, 0.5674880743026733, 0.00536754634231329, 0.4329937696456909, 1.8434548377990723, 0.8768168687820435, 0.6371331810951233, 0.6681511998176575, 1.0616700649261475, -0.0008067409507930279, 1.4653277397155762, -0.010899394750595093, 0.014413923025131226, 1.243499517440796, 1.5432472229003906, 0.7611789107322693, 1.2764805555343628, 0.04976151883602142, 1.4093513488769531, 0.11178901791572571, 0.6152253150939941, 0.8644060492515564, 1.898545265197754, 0.34463876485824585, 0.6186471581459045, 0.16860121488571167, 0.9344873428344727, 2.008922815322876, 0.6855690479278564, 1.113285779953003, 0.24436946213245392, 0.6281077861785889, 0.8647444248199463, 0.8211435675621033, 0.4308711886405945, 1.2947750091552734, 0.1305025815963745, 0.7751666307449341, 0.9524503946304321]"
distinguish,"[20, 6, 7, 8, 6, 5, 17, 13, 6, 7, 9]",34,"[1.0762380361557007, 0.43611377477645874, 0.6520093679428101, 0.5451018810272217, 0.0018344055861234665, 0.609470009803772, 0.48730847239494324, 1.0443811416625977, 0.44445672631263733, 0.32089799642562866, 0.8961344957351685, 0.6032670140266418, 0.005637891590595245, 0.22663614153862, 0.5685492157936096, 0.367967814207077, 1.1607574224472046, 0.576036810874939, 0.44479018449783325, 0.0009210834978148341, 0.7304784655570984, 0.47198399901390076, 0.32406067848205566, 0.7925234436988831, 1.0564358234405518, 1.088652491569519, 0.8180528879165649, 0.00601554848253727, 0.32644185423851013, 0.3994550406932831, 1.004192590713501, 0.8465351462364197, 0.5030729174613953, 0.8743867874145508, -0.015276031568646431, 0.321827232837677, -0.007699435576796532, 0.7211624383926392, 1.3622419834136963, 0.5298526287078857, 0.3206254541873932, 0.18355756998062134, 0.048670120537281036, 0.4690428376197815, 0.1747201830148697, 0.6187219619750977, 0.5574997663497925, 0.32933610677719116, 0.2666139006614685, 1.3809727430343628, 0.4358702301979065, 1.0495209693908691, 0.4505593180656433, 0.48188596963882446, 0.5943039655685425, 0.455650269985199, 0.18071423470973969, 0.2970733344554901, 0.8126384019851685, 0.8270191550254822, 0.6054046750068665, 0.4639536440372467, 0.8433221578598022, 0.3387783467769623]"
edit,"[4, 20, 6, 8]",34,"[0.4434124827384949, 1.1769335269927979, 0.42266154289245605, 0.3682502508163452, 0.00436369888484478, 0.11784136295318604, 1.0523395538330078, 0.7156432271003723, 0.6511823534965515, 0.11626898497343063, 0.39949703216552734, 0.5995433926582336, 0.015153850428760052, 0.5705384612083435, 1.2728930711746216, 0.48507609963417053, 0.4424664378166199, 0.3813863694667816, 0.700636088848114, 4.223082214593887e-06, 0.177804097533226, 0.29918915033340454, 0.9061758518218994, 0.1463203728199005, 0.4092250466346741, 0.42325517535209656, 0.4745045602321625, 0.0059715332463383675, 0.049595657736063004, 1.256509780883789, 0.5460771322250366, 0.29669496417045593, 0.30504465103149414, 0.6886992454528809, 0.003665915224701166, 0.9507731795310974, -0.0020876354537904263, 0.3756943345069885, 0.9402473568916321, 1.2271214723587036, 0.2678767144680023, 0.7707966566085815, -0.041339173913002014, 1.213509202003479, 0.222171813249588, 0.7257510423660278, 0.9189249873161316, 1.1587129831314087, 0.046559613198041916, 0.5662459135055542, 0.13211561739444733, 0.6099483370780945, 1.4511843919754028, 0.7881485819816589, 0.8076615333557129, 0.4271075129508972, 0.4511611759662628, 0.37807324528694153, 0.44821274280548096, 0.186258003115654, 0.9326418042182922, 0.17120051383972168, 0.41140979528427124, 0.7000223398208618]"
entertain,"[4, 5, 8, 4, 11, 8, 2, 6, 5]",34,"[0.334014892578125, 1.5781363248825073, 0.40927252173423767, 0.4056548476219177, 0.00586317665874958, 0.2778349220752716, 1.2657244205474854, 0.7377617359161377, 0.7588269114494324, 0.14675116539001465, 0.26531165838241577, 0.8275492191314697, 0.015615231357514858, 0.9370763897895813, 1.60622239112854, 0.5054231882095337, 0.4049239754676819, 0.6995668411254883, 0.8427948951721191, -0.002347272355109453, 0.13946324586868286, 0.18975798785686493, 1.1285805702209473, 0.18973663449287415, 0.5339147448539734, 0.5846021771430969, 0.4955251216888428, 0.0010830815881490707, 0.23592154681682587, 1.7308200597763062, 0.6811111569404602, 0.4350675642490387, 0.5509951710700989, 0.9182611703872681, 0.009577380493283272, 1.374981164932251, 0.0010014502331614494, 0.0832415372133255, 1.0743696689605713, 1.512414574623108, 0.5294905304908752, 1.1715539693832397, 0.009161455556750298, 1.4254300594329834, 0.1812652200460434, 0.702389121055603, 0.9912147521972656, 1.7393193244934082, 0.1922532320022583, 0.5063292384147644, 0.11761365830898285, 0.7657615542411804, 1.9327269792556763, 0.7059004306793213, 1.042293906211853, 0.328787237405777, 0.5527908205986023, 0.6839338541030884, 0.60418301820755, 0.25635001063346863, 1.2256981134414673, 0.10520686209201813, 0.6201943159103394, 0.9350978136062622]"
evidence,"[4, 28, 6, 20, 4, 5, 18, 4]",34,"[0.40318942070007324, 1.5269509553909302, 0.4629914164543152, 0.384559690952301, 0.002109834924340248, 0.10640773177146912, 1.2105228900909424, 0.7111238241195679, 0.7573718428611755, 0.08072017878293991, 0.25323930382728577, 0.7455275654792786, 0.0023950235918164253, 0.7910357117652893, 1.5197218656539917, 0.6071164011955261, 0.3575868308544159, 0.4822411835193634, 0.8128474950790405, -0.00038215809036046267, 0.11067929118871689, 0.3793688714504242, 1.1004490852355957, 0.06192973256111145, 0.420869916677475, 0.42846545577049255, 0.4563169479370117, 0.00022226572036743164, 0.09466172754764557, 1.5805561542510986, 0.5133240222930908, 0.29574325680732727, 0.375983864068985, 0.7796145677566528, 0.0005113459192216396, 1.2194418907165527, -0.00849956925958395, 0.2895229458808899, 1.0173101425170898, 1.390968680381775, 0.3449632227420807, 0.9889712333679199, -0.03988013416528702, 1.4676880836486816, 0.1779594123363495, 0.852861762046814, 0.9911547899246216, 1.5039572715759277, 0.10947594046592712, 0.42425400018692017, 0.04445433244109154, 0.6050671935081482, 1.7207051515579224, 0.7837973833084106, 0.8988761901855469, 0.45708411931991577, 0.5690483450889587, 0.5229749083518982, 0.47892075777053833, 0.12184225022792816, 1.177869439125061, 0.032453037798404694, 0.47176501154899597, 0.8128042221069336]"
examine,"[4, 27, 2, 19, 6, 5, 4]",34,"[0.2786394953727722, 1.793157696723938, 0.38816380500793457, 0.45003485679626465, 0.007903432473540306, 0.41221025586128235, 1.316878080368042, 0.6069514751434326, 0.6613477468490601, 0.15422065556049347, 0.13816790282726288, 0.8358131647109985, 0.013978525064885616, 1.013751745223999, 1.6251628398895264, 0.5106842517852783, 0.3516216278076172, 1.0060673952102661, 0.8723876476287842, -0.0008442552061751485, 0.10688883066177368, 0.1718463897705078, 1.2023667097091675, 0.21972337365150452, 0.5740397572517395, 0.6585495471954346, 0.4163430333137512, 0.00532996840775013, 0.43876197934150696, 1.9398179054260254, 0.6613443493843079, 0.49360185861587524, 0.69557785987854, 0.8354378342628479, 0.0009943097829818726, 1.5773072242736816, -0.014194795861840248, 0.0033285915851593018, 0.9098871350288391, 1.631156086921692, 0.7658578753471375, 1.3412615060806274, 0.043303534388542175, 1.4174131155014038, 0.14455437660217285, 0.598156213760376, 0.8695487976074219, 1.9179141521453857, 0.2802466154098511, 0.33333808183670044, 0.105882927775383, 0.6706671714782715, 2.0559611320495605, 0.6757010221481323, 0.9396606087684631, 0.20927616953849792, 0.6329849362373352, 0.9311578869819641, 0.60715651512146, 0.31655314564704895, 1.1329138278961182, 0.08072656393051147, 0.6843570470809937, 1.0292906761169434]"
experiment,"[4, 27, 3, 4, 11, 6, 19, 4, 5, 8]",34,"[0.16560134291648865, 1.8075718879699707, 0.25783997774124146, 0.3274068236351013, 0.008222300559282303, 0.23830804228782654, 1.3449504375457764, 0.5794998407363892, 0.6743404865264893, 0.14478649199008942, 0.2301841676235199, 0.660477340221405, 0.028023328632116318, 0.8888707160949707, 1.6149154901504517, 0.589257001876831, 0.1851682960987091, 0.7773991823196411, 0.887403130531311, -0.0026958417147397995, 0.04556555300951004, 0.13589194416999817, 1.3059138059616089, 0.13414259254932404, 0.3813561201095581, 0.39962273836135864, 0.30553004145622253, 0.005115256644785404, 0.3178955614566803, 1.902442455291748, 0.5514957308769226, 0.30137330293655396, 0.4891525208950043, 0.7144950032234192, 0.004604488145560026, 1.512862205505371, -0.007070853374898434, 0.07643693685531616, 0.8150919079780579, 1.6150152683258057, 0.7003763318061829, 1.2710307836532593, 0.06115367263555527, 1.5282775163650513, 0.16707994043827057, 0.6689428091049194, 1.0013591051101685, 1.766451120376587, 0.21272233128547668, 0.2687242329120636, 0.13105705380439758, 0.5764710307121277, 2.0630784034729004, 0.8669983148574829, 0.9404178857803345, 0.27482619881629944, 0.6963537931442261, 0.8166254758834839, 0.5313158631324768, 0.14260169863700867, 1.1039634943008423, 0.06821055710315704, 0.48567062616348267, 0.9793093800544739]"
generate,"[17, 4, 5, 4, 11, 2, 8, 4]",34,"[0.4786970615386963, 1.3046947717666626, 0.45813485980033875, 0.5001696348190308, 0.007986027747392654, 0.49529117345809937, 1.1223957538604736, 0.7389456033706665, 0.638361930847168, 0.12545138597488403, 0.24207228422164917, 0.7665801048278809, 0.004788958467543125, 0.798053503036499, 1.2282966375350952, 0.4166928231716156, 0.6154004335403442, 0.7778103351593018, 0.6623873710632324, -0.0014679371379315853, 0.2450544387102127, 0.22385857999324799, 0.867782473564148, 0.3612731695175171, 0.7683172821998596, 0.8253656625747681, 0.6150757074356079, 0.004262113943696022, 0.3989643156528473, 1.3390209674835205, 0.7979544997215271, 0.6500099897384644, 0.6143060922622681, 0.9059023857116699, -0.0024124626070261, 1.1506576538085938, -0.011978047899901867, 0.11954706907272339, 1.0815247297286987, 1.2278783321380615, 0.537926971912384, 0.9462563395500183, 0.08787964284420013, 1.0565041303634644, 0.12618538737297058, 0.5786600708961487, 0.690418004989624, 1.429394245147705, 0.26635774970054626, 0.6353970170021057, 0.08562059700489044, 0.8171234726905823, 1.483185052871704, 0.5132662653923035, 0.8664448857307434, 0.2543655335903168, 0.3689521849155426, 0.6835882067680359, 0.6656787991523743, 0.40560299158096313, 1.0509328842163086, 0.08157065510749817, 0.770553708076477, 0.7562663555145264]"
identify,"[6, 20, 4, 5, 8, 6, 22, 21]",34,"[0.5603821873664856, 1.114266276359558, 0.4355902075767517, 0.36796966195106506, 0.00043863244354724884, 0.18437078595161438, 1.0248593091964722, 0.7427520751953125, 0.5378671884536743, 0.15484029054641724, 0.47724616527557373, 0.4493250548839569, 0.008227983489632607, 0.37312403321266174, 0.9505336284637451, 0.5273169279098511, 0.5143706202507019, 0.37657955288887024, 0.6712462902069092, -0.00023669388610869646, 0.25333306193351746, 0.4118894636631012, 0.7914978861808777, 0.19500643014907837, 0.48878544569015503, 0.44847890734672546, 0.47780853509902954, -0.004136743023991585, 0.1633760929107666, 0.9743403792381287, 0.5389606952667236, 0.32545799016952515, 0.2855270802974701, 0.5460489392280579, -0.004840600769966841, 0.8429409265518188, -0.012340851128101349, 0.5411362051963806, 0.9192065596580505, 1.0611859560012817, 0.2715981900691986, 0.5638284087181091, -0.006051624193787575, 1.025964617729187, 0.1672571450471878, 0.8486989736557007, 0.8930854797363281, 0.850016176700592, 0.1454942673444748, 0.6964587569236755, 0.18146668374538422, 0.6154156923294067, 1.1243712902069092, 0.7324172258377075, 0.5711252689361572, 0.5138819217681885, 0.3697931468486786, 0.35978177189826965, 0.4304601550102234, 0.2613096833229065, 0.7370067834854126, 0.15988199412822723, 0.40250733494758606, 0.5846165418624878]"
infer,"[6, 5, 22, 4, 11]",34,"[0.5850699543952942, 1.1492259502410889, 0.6061445474624634, 0.5875759124755859, 0.004295637831091881, 0.4359281659126282, 1.049124002456665, 0.5014568567276001, 0.5884757041931152, 0.026871977373957634, 0.31489160656929016, 0.6954185962677002, 0.0009571528062224388, 0.6662011742591858, 1.1550236940383911, 0.1560617983341217, 0.7015787363052368, 0.605914831161499, 0.6865105032920837, -0.0014245450729504228, 0.29950419068336487, 0.3659771978855133, 0.6512735486030579, 0.2896230220794678, 0.6902012228965759, 0.7543623447418213, 0.5662156343460083, 0.00504759605973959, 0.22926394641399384, 1.2093020677566528, 0.610245406627655, 0.5730746984481812, 0.5593574643135071, 0.7401738166809082, -0.0007856055162847042, 1.0161309242248535, -0.004368780646473169, 0.31543681025505066, 0.8447493314743042, 1.2297651767730713, 0.36273762583732605, 0.8004286289215088, 0.047871485352516174, 0.9754647612571716, 0.2455640733242035, 0.7203810214996338, 0.7990049123764038, 1.182723879814148, 0.04907914623618126, 0.5669931769371033, 0.014465436339378357, 0.5893663763999939, 1.3398348093032837, 0.35753944516181946, 0.7629449963569641, 0.4086947441101074, 0.1744718849658966, 0.5021172165870667, 0.34444814920425415, 0.29355719685554504, 0.9265212416648865, 0.08153921365737915, 0.7901759147644043, 0.7580903768539429]"
inform,"[6, 5, 22, 12, 11, 19]",34,"[0.36117124557495117, 1.3204753398895264, 0.30866676568984985, 0.37202179431915283, 0.009629340842366219, 0.3907081186771393, 1.029461145401001, 0.7079744935035706, 0.5395301580429077, 0.2525632381439209, 0.32060369849205017, 0.5489193201065063, 0.033784277737140656, 0.692332923412323, 1.1114329099655151, 0.5098928213119507, 0.3998412787914276, 0.7786704301834106, 0.6168572306632996, -8.569227065891027e-05, 0.18853822350502014, 0.14202016592025757, 0.9596031904220581, 0.2890440821647644, 0.5360379815101624, 0.5572566390037537, 0.46958327293395996, 0.000983240082859993, 0.40946534276008606, 1.352200984954834, 0.6274453401565552, 0.46585363149642944, 0.5147078633308411, 0.6731240153312683, 0.001319564413279295, 1.252321481704712, -0.004292802885174751, 0.16656529903411865, 0.8724986910820007, 1.1943573951721191, 0.6377342343330383, 0.9431572556495667, 0.026032252237200737, 1.0501649379730225, 0.07085686177015305, 0.4860464036464691, 0.6284924149513245, 1.3451813459396362, 0.29038065671920776, 0.5171188712120056, 0.2593071162700653, 0.6797369718551636, 1.4740110635757446, 0.6716960668563843, 0.7288187146186829, 0.16301867365837097, 0.4829629361629486, 0.7383724451065063, 0.628378689289093, 0.3545387387275696, 0.7619219422340393, 0.1798659861087799, 0.5379155278205872, 0.7290310263633728]"
interpret,"[6, 5, 8, 4, 11, 3, 11, 4, 8]",34,"[1.0155373811721802, 0.5427077412605286, 0.7526713609695435, 0.7098283171653748, 0.002827174961566925, 0.7277172207832336, 0.4556247889995575, 1.189528226852417, 0.8315134644508362, 0.2407475709915161, 0.7314488887786865, 0.9333971738815308, 0.006895698606967926, 0.6752724647521973, 1.059083104133606, 0.4381357729434967, 1.279188632965088, 0.5938247442245483, 0.3711104094982147, -0.0007842356571927667, 0.6348881721496582, 0.41548189520835876, 0.4978957772254944, 0.7247322797775269, 1.2542901039123535, 1.3602670431137085, 1.0246113538742065, -0.0006675943732261658, 0.3022495210170746, 0.6733854413032532, 1.279181718826294, 0.9568923115730286, 0.5863140225410461, 1.345604419708252, 0.00216991500928998, 0.4244547188282013, -0.018452614545822144, 0.4048522114753723, 1.7144778966903687, 0.6203624606132507, 0.3574012517929077, 0.5207564234733582, 0.084353968501091, 0.7120444178581238, 0.20767498016357422, 0.438336580991745, 0.4561767578125, 0.7925074100494385, 0.24837249517440796, 1.2998425960540771, 0.2826046943664551, 1.3125041723251343, 0.7621837854385376, 0.4846796989440918, 1.1131736040115356, 0.34698396921157837, 0.2175702601671219, 0.310980886220932, 0.9512501955032349, 0.7367458939552307, 1.160990834236145, 0.3063962757587433, 1.102888584136963, 0.3687692880630493]"
introduce,"[6, 5, 8, 11, 12, 20, 13, 18, 4]",34,"[0.7554653286933899, 1.4508028030395508, 0.53471839427948, 0.4600951671600342, -0.004443686455488205, 0.4202910363674164, 1.22108793258667, 0.845258891582489, 0.5509214401245117, 0.19428905844688416, 0.5292006134986877, 0.5833243131637573, 0.003792060539126396, 0.537754476070404, 1.0930535793304443, 0.576927661895752, 0.8180351853370667, 0.6901556253433228, 0.7323421835899353, -0.0019245920702815056, 0.4413052797317505, 0.4523228108882904, 0.9775127172470093, 0.46405261754989624, 0.7097240090370178, 0.7953492999076843, 0.6226934790611267, 0.007213328965008259, 0.36722302436828613, 1.3723134994506836, 0.7395082712173462, 0.5774985551834106, 0.49562105536460876, 0.7741489410400391, 0.00661752512678504, 1.1712214946746826, -0.016996324062347412, 0.5032544732093811, 1.1616570949554443, 1.3579264879226685, 0.547431468963623, 0.8105565905570984, 0.06199972331523895, 1.2115164995193481, 0.10190895199775696, 0.8938741683959961, 0.8363978266716003, 1.18703031539917, 0.25379353761672974, 0.9152088165283203, 0.22915120422840118, 0.8597823977470398, 1.398256540298462, 0.7784726619720459, 0.6489930748939514, 0.4177934527397156, 0.5141360759735107, 0.5819259881973267, 0.6113260984420776, 0.5239537358283997, 0.8107929229736328, 0.22146663069725037, 0.6437453627586365, 0.7367547750473022]"
investigate,"[6, 5, 28, 4, 7, 8, 6, 17, 2, 8, 4]",34,"[0.7395414113998413, 0.5114565491676331, 0.36438173055648804, 0.4065135717391968, 0.016865795478224754, 0.6709433197975159, 0.20544037222862244, 1.3227651119232178, 0.6880653500556946, 0.42396044731140137, 0.7484223246574402, 0.7496939897537231, 0.023405171930789948, 0.5809676647186279, 0.8327906131744385, 0.7382187247276306, 0.9342379570007324, 0.6945841312408447, 0.18051379919052124, -0.0017687083454802632, 0.5570279955863953, 0.10408665984869003, 0.6036485433578491, 0.845460832118988, 1.0976365804672241, 1.1786530017852783, 0.8916881084442139, 0.004222949035465717, 0.443596214056015, 0.5168889164924622, 1.3099939823150635, 0.9008751511573792, 0.484714150428772, 1.2403501272201538, 0.008240839466452599, 0.30020421743392944, -0.01095937006175518, 0.18979941308498383, 1.758841872215271, 0.3150467872619629, 0.5720057487487793, 0.4561474025249481, 0.10693612694740295, 0.5477813482284546, 0.044929951429367065, 0.055719390511512756, 0.1948939859867096, 0.6717784404754639, 0.48203328251838684, 1.259088397026062, 0.5348612070083618, 1.4199824333190918, 0.5864510536193848, 0.7394675612449646, 1.033492088317871, 0.05820491909980774, 0.5398935675621033, 0.4034912884235382, 1.2216191291809082, 0.8500332236289978, 0.9775140881538391, 0.4355948269367218, 0.80660080909729, 0.15991294384002686]"
judge,"[23, 13, 20, 17, 4]",34,"[1.1918898820877075, 0.42217355966567993, 1.0596604347229004, 0.9466606974601746, -0.0030122920870780945, 1.094727873802185, 0.35765135288238525, 0.7472681999206543, 0.5281616449356079, 0.1658671498298645, 0.4022384285926819, 0.958901584148407, -0.0033334381878376007, 0.6945652365684509, 0.674273669719696, 0.1597338616847992, 1.5896728038787842, 0.8958820104598999, 0.18326568603515625, 0.0028151446022093296, 0.8051181435585022, 0.48886430263519287, 0.22567063570022583, 0.9398369789123535, 1.5655063390731812, 1.7783688306808472, 1.087701439857483, -0.0008880551904439926, 0.5323910117149353, 0.38050422072410583, 1.1694386005401611, 1.2667533159255981, 0.9470394253730774, 1.2387667894363403, 0.0005943970754742622, 0.44176745414733887, -0.0007697278633713722, 0.24338963627815247, 1.5206199884414673, 0.46860355138778687, 0.44388753175735474, 0.4662354290485382, 0.24170376360416412, 0.29955998063087463, 0.17923787236213684, 0.3584941625595093, 0.16827824711799622, 0.7878102660179138, 0.31926125288009644, 1.190993070602417, 0.15355612337589264, 1.2300254106521606, 0.3825519382953644, 0.08633047342300415, 0.8412233591079712, 0.18921245634555817, 0.0649963915348053, 0.39064598083496094, 0.7943575978279114, 0.8386724591255188, 0.9169651865959167, 0.15100234746932983, 1.4907184839248657, 0.23260627686977386]"
locate,"[14, 12, 18, 2, 8, 4]",34,"[0.9368376135826111, 0.7451762557029724, 0.8841498494148254, 0.7314096689224243, 0.0023367758840322495, 0.3214934468269348, 0.7078197598457336, 0.9630945920944214, 0.7919523119926453, 0.17898719012737274, 0.5420306324958801, 0.8747058510780334, 0.00704037444666028, 0.603834331035614, 1.20338773727417, 0.42014992237091064, 0.9821949005126953, 0.3224313259124756, 0.5293649435043335, 0.0009163563372567296, 0.4094312787055969, 0.6150385737419128, 0.5494803786277771, 0.3353130519390106, 0.8735891580581665, 0.9633561372756958, 0.8500350713729858, 0.003425021655857563, -0.0008532404899597168, 0.7959521412849426, 0.8283305764198303, 0.6454243063926697, 0.4845166504383087, 1.082170009613037, -0.005525930318981409, 0.5933376550674438, -0.008429354056715965, 0.5204880237579346, 1.3875805139541626, 0.8597525358200073, 0.08322126418352127, 0.5755871534347534, -0.06254853308200836, 0.9292027354240417, 0.2914208769798279, 0.7780739068984985, 0.7167116403579712, 0.9164509177207947, 0.08046489953994751, 0.9520473480224609, 0.18565522134304047, 0.9423848986625671, 0.9985356330871582, 0.5282040238380432, 0.9760604500770569, 0.5633397698402405, 0.21169522404670715, 0.17455042898654938, 0.5843278169631958, 0.3778739869594574, 1.1607304811477661, 0.1626937836408615, 0.9290820956230164, 0.4776853322982788]"
meaningful,"[19, 4, 2, 5, 6, 5, 17, 22, 13, 14]",34,"[0.7729371786117554, 1.1428139209747314, 1.07814621925354, 1.1472176313400269, 0.008040058426558971, 1.2592151165008545, 0.8690237998962402, 0.40528297424316406, 0.5451352000236511, 0.09186112880706787, 0.045533835887908936, 1.259484887123108, 0.006276721600443125, 1.220961093902588, 1.3864432573318481, -0.08919914066791534, 1.2355390787124634, 1.471604824066162, 0.5323767066001892, -0.0017001040978357196, 0.484738826751709, 0.41963866353034973, 0.3620947599411011, 0.7669283747673035, 1.491201639175415, 1.765627145767212, 0.8311084508895874, 0.0031683556735515594, 0.7806078791618347, 1.2222594022750854, 1.0812904834747314, 1.2820965051651, 1.3739509582519531, 1.2880078554153442, -0.004206830635666847, 1.1594953536987305, -0.02136257477104664, -0.04263746738433838, 1.188287377357483, 1.125319004058838, 0.8156993985176086, 1.2670085430145264, 0.3119853436946869, 0.6849572658538818, 0.28781434893608093, 0.4606482982635498, 0.40879935026168823, 1.7801340818405151, 0.37227657437324524, 0.7453092336654663, 0.010587826371192932, 1.0557153224945068, 1.3516268730163574, -0.08024103939533234, 1.0938162803649902, 0.1525183916091919, 0.05391792580485344, 0.9183395504951477, 0.6833658218383789, 0.7442319393157959, 1.23227858543396, -0.0038663744926452637, 1.8196885585784912, 0.7895330786705017]"
paraphrase,"[3, 2, 11, 2, 3, 9, 11, 2, 7, 4]",34,"[0.7194458246231079, 1.0778284072875977, 0.5250087976455688, 0.6256543397903442, 0.011625751852989197, 0.6990364789962769, 0.7770076394081116, 0.9118234515190125, 0.6709759831428528, 0.22792917490005493, 0.5203094482421875, 0.8276647925376892, 0.010731450282037258, 0.7801011204719543, 1.1538410186767578, 0.3117775619029999, 0.8941306471824646, 0.9261965751647949, 0.5589960813522339, -0.0018916177796199918, 0.45967429876327515, 0.2721864581108093, 0.6869960427284241, 0.6598529815673828, 0.9927051663398743, 1.1013025045394897, 0.7770185470581055, 0.008945556357502937, 0.5307796597480774, 1.1749645471572876, 1.0141099691390991, 0.8709591031074524, 0.7243422269821167, 1.0589178800582886, 0.0008599595166742802, 0.9542388916015625, -0.013709954917430878, 0.2070242017507553, 1.2902028560638428, 0.9880544543266296, 0.6467369794845581, 0.8279257416725159, 0.0888243168592453, 0.8186339735984802, 0.13375255465507507, 0.4540340006351471, 0.5395864844322205, 1.181207299232483, 0.3247707486152649, 0.933478593826294, 0.27050989866256714, 1.048528790473938, 1.2552050352096558, 0.3829467296600342, 0.9446216821670532, 0.25588977336883545, 0.3133545219898224, 0.6789721846580505, 0.8336874842643738, 0.6926029324531555, 1.037386417388916, 0.2615014314651489, 0.9651633501052856, 0.6563499569892883]"
persuade,"[3, 4, 11, 7, 13, 2, 20, 4]",34,"[0.6469882130622864, 0.9061396718025208, 0.6477113366127014, 0.625534176826477, 0.0004291702061891556, 0.645098090171814, 0.5588123798370361, 0.9385144114494324, 0.813239336013794, 0.21216237545013428, 0.3729322552680969, 0.9823691248893738, -0.0010611200705170631, 0.9621561765670776, 1.3094911575317383, 0.47946372628211975, 0.8613855838775635, 0.808007001876831, 0.3640657365322113, -0.0007209861651062965, 0.4158569574356079, 0.23048904538154602, 0.6910943388938904, 0.5821290612220764, 1.0575979948043823, 1.2002925872802734, 0.8716151714324951, 0.008276811800897121, 0.3852025866508484, 1.0677493810653687, 1.0850809812545776, 0.8964975476264954, 0.7217299938201904, 1.290543794631958, -0.008743749931454659, 0.7349967956542969, -0.007665020413696766, 0.07889637351036072, 1.5237879753112793, 0.7718449234962463, 0.5235689282417297, 0.8372678756713867, 0.11098891496658325, 0.8897466063499451, 0.11696044355630875, 0.27812454104423523, 0.41146740317344666, 1.2803539037704468, 0.29424384236335754, 0.8391996622085571, 0.18289406597614288, 1.1490198373794556, 1.1252917051315308, 0.537388265132904, 1.195629596710205, 0.15244060754776, 0.4205595850944519, 0.5195573568344116, 0.9149489402770996, 0.5788512229919434, 1.2880256175994873, 0.1740317940711975, 1.0411807298660278, 0.4723045825958252]"
prediction,"[3, 11, 4, 20, 6, 18, 8, 6, 12, 5]",34,"[0.8808539509773254, 0.9454295039176941, 0.4990193247795105, 0.4241490066051483, 0.0040894765406847, 0.5531516671180725, 0.8574904203414917, 1.198699712753296, 0.5123268961906433, 0.4651060104370117, 0.94443279504776, 0.5600483417510986, 0.029204506427049637, 0.3264065682888031, 0.82718825340271, 0.6845992207527161, 0.9616384506225586, 0.6469635963439941, 0.6590854525566101, -0.00021210755221545696, 0.5834751725196838, 0.4524778723716736, 0.7178271412849426, 0.76823490858078, 0.9322304725646973, 0.9935402870178223, 0.8000937700271606, 0.0053250351920723915, 0.419356107711792, 0.8336928486824036, 1.0605971813201904, 0.7168617844581604, 0.43556538224220276, 0.9275354743003845, 0.004451801534742117, 0.7161556482315063, -0.01594759151339531, 0.562004566192627, 1.4660979509353638, 0.9718741774559021, 0.5486335754394531, 0.47788605093955994, 0.0043047945946455, 0.848024845123291, 0.15218059718608856, 0.790226936340332, 0.698561429977417, 0.7222012281417847, 0.4166400730609894, 1.358514666557312, 0.6540041565895081, 1.1722357273101807, 0.9545031785964966, 0.7584813237190247, 0.6419862508773804, 0.44597452878952026, 0.46522676944732666, 0.4488034248352051, 0.9446074366569519, 0.8350508213043213, 0.7205028533935547, 0.5562514066696167, 0.7088068127632141, 0.5288288593292236]"
publish,"[3, 13, 10, 14, 6, 7, 9]",34,"[0.2743116021156311, 1.7874062061309814, 0.281240850687027, 0.2645238935947418, 0.001926405355334282, 0.3378547728061676, 1.5712149143218994, 0.338312566280365, 0.31340885162353516, 0.24200738966464996, 0.24625545740127563, 0.389896035194397, 0.030420780181884766, 0.6106193661689758, 1.1096998453140259, 0.3838905692100525, 0.29372361302375793, 0.8695088624954224, 0.9596748352050781, -0.0006272977916523814, 0.2080252766609192, 0.2343801110982895, 1.1316288709640503, 0.22305868566036224, 0.3270954489707947, 0.3067159950733185, 0.2927474081516266, 0.005218398757278919, 0.4900817573070526, 1.8372132778167725, 0.32914963364601135, 0.34209805727005005, 0.5531424880027771, 0.2918745279312134, -0.007931012660264969, 1.6802489757537842, -0.008083651773631573, 0.19051051139831543, 0.4523129463195801, 1.8304033279418945, 0.7853148579597473, 1.0933067798614502, 0.013718197122216225, 1.3025010824203491, 0.18486714363098145, 0.8108953237533569, 0.9759552478790283, 1.5691004991531372, 0.284201055765152, 0.3673856854438782, 0.26228976249694824, 0.3261028528213501, 1.9291729927062988, 0.6830950975418091, 0.39850783348083496, 0.2997806668281555, 0.6032335758209229, 0.9463286399841309, 0.3540192246437073, 0.26451340317726135, 0.5147365927696228, 0.21475385129451752, 0.4100865423679352, 1.145349144935608]"
purpose,"[3, 13, 11, 3, 12, 7, 4]",34,"[0.35404911637306213, 1.650544285774231, 0.4694115221500397, 0.539709210395813, 0.0044058579951524734, 0.4873308837413788, 1.2663414478302002, 0.6556493639945984, 0.8318700194358826, 0.12224464863538742, 0.2855190932750702, 0.9611172676086426, 0.017651552334427834, 1.1178398132324219, 1.7905410528182983, 0.2907412648200989, 0.4671153724193573, 0.9763312339782715, 0.830423891544342, -0.0015267657581716776, 0.19143521785736084, 0.21357415616512299, 1.098132610321045, 0.3190988004207611, 0.6773460507392883, 0.8460554480552673, 0.5091092586517334, 0.0034524835646152496, 0.3917231559753418, 1.979567289352417, 0.750279426574707, 0.5880936980247498, 0.7485647201538086, 1.0408895015716553, 0.0025187917053699493, 1.487790584564209, -0.007892703637480736, 0.04892025887966156, 1.0136346817016602, 1.646759271621704, 0.718971848487854, 1.3802729845046997, 0.04796484857797623, 1.3826584815979004, 0.2503792643547058, 0.5698168277740479, 0.8972379565238953, 1.9009556770324707, 0.16722287237644196, 0.45091956853866577, 0.11280384659767151, 0.7440839409828186, 2.0658202171325684, 0.5600960850715637, 1.1747398376464844, 0.26257598400115967, 0.5037391781806946, 0.8974023461341858, 0.6339607834815979, 0.37899160385131836, 1.315910816192627, 0.1601574718952179, 0.8945660591125488, 1.0814990997314453]"
reference,"[11, 4, 22, 4, 11, 4, 5, 18, 4]",34,"[0.4349750876426697, 1.8374310731887817, 0.4973333477973938, 0.4703318476676941, 0.011663693934679031, 0.17129601538181305, 1.641089677810669, 0.3515084981918335, 0.5129196643829346, 0.012884069234132767, 0.13978782296180725, 0.5137683749198914, 0.00710500031709671, 0.624395489692688, 1.2973301410675049, 0.3391498327255249, 0.3663058876991272, 0.5804015398025513, 1.0394023656845093, -0.0004919242346659303, 0.10185560584068298, 0.4986533224582672, 1.0597143173217773, 0.05986263230443001, 0.3419376313686371, 0.36740776896476746, 0.3221167027950287, 0.011591129936277866, 0.23852036893367767, 1.7136263847351074, 0.2788728177547455, 0.2907699644565582, 0.4534892439842224, 0.44736987352371216, 0.004033691715449095, 1.5048635005950928, 0.0013850387185811996, 0.3327188491821289, 0.5587984919548035, 1.748906135559082, 0.4208684265613556, 1.034085750579834, 0.021858850494027138, 1.4596033096313477, 0.2009757161140442, 1.1330212354660034, 1.1368837356567383, 1.5419282913208008, 0.07276476919651031, 0.2994953989982605, -0.007941942662000656, 0.32352352142333984, 1.8630203008651733, 0.543648362159729, 0.5209823846817017, 0.5801808834075928, 0.3687172532081604, 0.6647448539733887, 0.17419922351837158, 0.08239032328128815, 0.8512325286865234, -0.02612655609846115, 0.49333083629608154, 1.0485470294952393]"
relevant,"[11, 4, 14, 4, 28, 2, 5, 8]",34,"[0.2798692584037781, 1.3711844682693481, 0.5395281910896301, 0.5840575098991394, 0.005826136097311974, 0.5533836483955383, 1.0167746543884277, 0.7298564314842224, 0.8608332872390747, 0.09519628435373306, 0.14573684334754944, 1.1035329103469849, -0.00033221300691366196, 1.231626033782959, 1.80148446559906, 0.4018876552581787, 0.48178377747535706, 0.9959450960159302, 0.5986064076423645, -0.0007301443256437778, 0.1366184502840042, 0.0530795156955719, 0.9357413053512573, 0.3334859609603882, 0.8553406000137329, 0.9706425666809082, 0.6227079629898071, 0.004054663702845573, 0.3753366470336914, 1.682861328125, 0.9263081550598145, 0.7257394194602966, 0.8099792003631592, 1.2449899911880493, -0.005936197005212307, 1.2513079643249512, -0.0061060525476932526, -0.07128855586051941, 1.2554539442062378, 1.2874257564544678, 0.6392986178398132, 1.3105597496032715, 0.10457681119441986, 1.298565149307251, 0.149287149310112, 0.35296016931533813, 0.677214503288269, 1.9319558143615723, 0.23540812730789185, 0.44637352228164673, 0.026473090052604675, 0.93559330701828, 1.8381341695785522, 0.5643476247787476, 1.360677719116211, 0.10441214591264725, 0.4364510476589203, 0.7823868989944458, 0.7635094523429871, 0.37531039118766785, 1.4450603723526, 0.04417447745800018, 1.0063323974609375, 0.8197289109230042]"
reliable,"[11, 4, 14, 6, 2, 10, 14, 4]",34,"[0.5728558897972107, 1.6500217914581299, 0.6767218708992004, 0.6123308539390564, -0.005704626441001892, 0.2723537087440491, 1.5925922393798828, 0.6712608337402344, 0.6802074313163757, 0.1311647891998291, 0.27812254428863525, 0.8503554463386536, 0.00630994513630867, 0.8068488240242004, 1.6174265146255493, 0.44349098205566406, 0.6046876907348633, 0.6241049766540527, 1.0049068927764893, 0.00047435483429580927, 0.15573346614837646, 0.5318921804428101, 1.0613508224487305, 0.13344094157218933, 0.587292492389679, 0.6589663028717041, 0.5497578382492065, -0.0022746585309505463, 0.17251968383789062, 1.7023959159851074, 0.6356596946716309, 0.4255653917789459, 0.6037718057632446, 0.8510928750038147, -0.0037377916742116213, 1.4517736434936523, -0.015748517587780952, 0.3004428744316101, 0.9784721732139587, 1.8008558750152588, 0.37992945313453674, 1.161848545074463, -0.007257862016558647, 1.4670121669769287, 0.29957640171051025, 1.145089030265808, 1.1890356540679932, 1.6836769580841064, 0.16252794861793518, 0.5774805545806885, 0.0654786229133606, 0.6805881261825562, 1.9349850416183472, 0.6387701630592346, 0.8752149939537048, 0.598498523235321, 0.380261093378067, 0.6006140112876892, 0.4299752712249756, 0.21217331290245056, 1.2041884660720825, 0.05231428146362305, 0.7772287130355835, 1.0371395349502563]"
represent,"[11, 4, 3, 11, 4, 7, 4, 5, 8]",34,"[1.1800516843795776, 0.31927889585494995, 0.9479115605354309, 0.9224753379821777, 0.00485587865114212, 1.0364665985107422, 0.23766134679317474, 1.020388126373291, 0.7408581972122192, 0.13842904567718506, 0.6213037371635437, 1.0431203842163086, -0.002917179837822914, 0.675223708152771, 0.8663731813430786, 0.14839980006217957, 1.6021660566329956, 0.7520999908447266, 0.2500949203968048, -0.0004993445472791791, 0.8133071064949036, 0.45326200127601624, 0.24363112449645996, 0.97864830493927, 1.5572197437286377, 1.7367557287216187, 1.099088430404663, -0.004299469292163849, 0.43955808877944946, 0.3479570746421814, 1.402683973312378, 1.2587974071502686, 0.7863010764122009, 1.442282795906067, 0.0010531172156333923, 0.23020917177200317, -0.000200541689991951, 0.3018965423107147, 1.677273154258728, 0.386743426322937, 0.3899688720703125, 0.4266291856765747, 0.2113972157239914, 0.3876779079437256, 0.25758814811706543, 0.3147483468055725, 0.3022274672985077, 0.6674531698226929, 0.26276901364326477, 1.3621985912322998, 0.1610865592956543, 1.3672184944152832, 0.4455534517765045, 0.13730888068675995, 1.092039704322815, 0.32395029067993164, 0.004392927512526512, 0.3166011869907379, 0.9335988759994507, 0.8360552191734314, 1.1430339813232422, 0.23603121936321259, 1.4434349536895752, 0.2771483063697815]"
result,"[11, 4, 7, 13, 14, 8]",34,"[0.340770423412323, 1.7229766845703125, 0.4128066301345825, 0.4281619191169739, 0.006194639019668102, 0.2440960705280304, 1.5107159614562988, 0.46237996220588684, 0.49568110704421997, 0.14478422701358795, 0.18949954211711884, 0.5974574089050293, 0.018706463277339935, 0.6942040920257568, 1.324233055114746, 0.34831348061561584, 0.33016639947891235, 0.7548991441726685, 0.9214147925376892, -0.0032382416538894176, 0.12407936155796051, 0.2945983111858368, 1.0797532796859741, 0.17274430394172668, 0.37889033555984497, 0.4503867030143738, 0.3847827911376953, 0.007117863744497299, 0.3318096101284027, 1.730507254600525, 0.42572155594825745, 0.34713464975357056, 0.5550581216812134, 0.5204209685325623, -0.00046660471707582474, 1.527144193649292, -0.001365874893963337, 0.19663184881210327, 0.6475372314453125, 1.668470025062561, 0.5837540030479431, 1.115086555480957, 0.04071669280529022, 1.353050708770752, 0.21400178968906403, 0.882927417755127, 1.024150013923645, 1.6134203672409058, 0.18143263459205627, 0.3811302185058594, 0.12145170569419861, 0.48715582489967346, 1.9178900718688965, 0.6352810859680176, 0.6155648231506348, 0.38722336292266846, 0.43867719173431396, 0.7685596942901611, 0.36487168073654175, 0.17429602146148682, 0.8140503764152527, 0.0963735580444336, 0.5293517708778381, 1.0381176471710205]"
retell,"[11, 4, 8, 4, 14, 14]",34,"[1.0217806100845337, 0.5189816951751709, 1.003820538520813, 0.8895586729049683, 0.007804594933986664, 0.678772509098053, 0.546196699142456, 0.8468210697174072, 0.7452574968338013, 0.14519411325454712, 0.44516950845718384, 1.0692505836486816, 0.003547349013388157, 0.7057691216468811, 1.1102182865142822, 0.2246081531047821, 1.2869967222213745, 0.5705693960189819, 0.4057386517524719, -0.001387480879202485, 0.5435057878494263, 0.5764025449752808, 0.32622194290161133, 0.5469561219215393, 1.2293084859848022, 1.3668925762176514, 1.0152100324630737, 0.003617284819483757, 0.19939015805721283, 0.6191248297691345, 1.075488805770874, 0.9586220979690552, 0.7344328761100769, 1.2680232524871826, -0.0022043860517442226, 0.4510419964790344, 0.001769253984093666, 0.3770636320114136, 1.4345651865005493, 0.6965583562850952, 0.20610035955905914, 0.5533021092414856, 0.04714610427618027, 0.6405643820762634, 0.3335925340652466, 0.5718355178833008, 0.5365816354751587, 0.9054144620895386, 0.16384240984916687, 1.0620204210281372, 0.11975973844528198, 1.0654865503311157, 0.8442639112472534, 0.24579156935214996, 1.0523943901062012, 0.4743443727493286, 0.06585834920406342, 0.2793081998825073, 0.6740797162055969, 0.5322225093841553, 1.1742366552352905, 0.14785036444664001, 1.2795978784561157, 0.43546366691589355]"
revise,"[11, 4, 28, 6, 7, 4]",34,"[0.8841464519500732, 0.9742093086242676, 1.0789364576339722, 0.9917495250701904, 0.00891188159584999, 0.7513102889060974, 0.8262667059898376, 0.47962042689323425, 0.868942379951477, -0.014136075973510742, 0.2175241857767105, 1.3245182037353516, 0.0031462274491786957, 1.0942292213439941, 1.6486223936080933, 0.028576254844665527, 1.0656648874282837, 0.7760070562362671, 0.7255954742431641, -0.0009718004730530083, 0.3630194664001465, 0.6147489547729492, 0.47971537709236145, 0.36803150177001953, 1.2334120273590088, 1.330406904220581, 0.8328917026519775, 0.002900022082030773, 0.1359296292066574, 1.1675978899002075, 0.8581425547599792, 0.9009528756141663, 0.9315361380577087, 1.3309531211853027, 0.010026546195149422, 0.9104564785957336, -0.01670646108686924, 0.1408216804265976, 1.1876344680786133, 1.1792552471160889, 0.2973535358905792, 1.021529197692871, 0.04267863929271698, 0.9120376706123352, 0.5351885557174683, 0.6559990644454956, 0.8146992325782776, 1.4911174774169922, 0.01801641285419464, 0.6037418842315674, -0.07323205471038818, 0.8375956416130066, 1.4715505838394165, 0.14116477966308594, 1.3169429302215576, 0.5097672939300537, 0.1844434142112732, 0.44408971071243286, 0.4558752775192261, 0.3719661831855774, 1.5589896440505981, -0.010250218212604523, 1.454372525215149, 0.7607014775276184]"
sequence,"[7, 4, 24, 13, 4, 5, 18, 4]",34,"[0.6898875832557678, 1.052869200706482, 0.6542336344718933, 0.5191142559051514, 0.0072256214916706085, 0.22438059747219086, 0.8533110022544861, 0.7537742257118225, 0.6697961688041687, 0.15705367922782898, 0.3641906976699829, 0.663384199142456, 0.005610077641904354, 0.5698044300079346, 1.1150963306427002, 0.5570547580718994, 0.6862821578979492, 0.36063066124916077, 0.5980551242828369, -0.00043466780334711075, 0.2869642376899719, 0.5338717699050903, 0.7726752758026123, 0.2264436036348343, 0.6076096892356873, 0.6457639932632446, 0.6347974538803101, 0.010844115167856216, 0.12605658173561096, 1.045400857925415, 0.6116093397140503, 0.47883129119873047, 0.3706924319267273, 0.7864240407943726, -0.007017431780695915, 0.7987038493156433, -0.008481321856379509, 0.4450974464416504, 1.0762931108474731, 1.0153417587280273, 0.25089386105537415, 0.6321563720703125, -0.007679630070924759, 1.1157264709472656, 0.22011148929595947, 0.7681577205657959, 0.7599285840988159, 1.0026606321334839, 0.12439030408859253, 0.663316011428833, 0.1471009999513626, 0.6841501593589783, 1.1595267057418823, 0.666782796382904, 0.741473376750946, 0.5179458856582642, 0.4014175534248352, 0.33894020318984985, 0.4919666051864624, 0.2295740693807602, 0.9791728854179382, 0.10578194260597229, 0.6265972256660461, 0.5654779076576233]"
source,"[7, 12, 13, 11, 18, 4]",34,"[1.0159120559692383, 0.6260498762130737, 1.0929763317108154, 0.9414624571800232, 0.010999188758432865, 0.7863786220550537, 0.5650589466094971, 0.6493585109710693, 0.7493158578872681, 0.03208725154399872, 0.35459065437316895, 1.1510018110275269, -0.00026381853967905045, 0.8460642695426941, 1.2910547256469727, 0.12261614203453064, 1.2890561819076538, 0.674407958984375, 0.4275422692298889, 0.000318090314976871, 0.5302280783653259, 0.6748207807540894, 0.3491631746292114, 0.560445249080658, 1.2823542356491089, 1.4361348152160645, 0.8862742185592651, 0.0005985088646411896, 0.2275659292936325, 0.7563105821609497, 0.9859668612480164, 0.9739745259284973, 0.7948350310325623, 1.2849050760269165, -0.004650078248232603, 0.5842861533164978, -0.010437818244099617, 0.3801794648170471, 1.3316962718963623, 0.8045682311058044, 0.26807957887649536, 0.7267410755157471, 0.14166134595870972, 0.7454177737236023, 0.3979566693305969, 0.5883058905601501, 0.5774173736572266, 1.0648510456085205, 0.09702450037002563, 0.8945292234420776, -0.004157029092311859, 0.9698440432548523, 0.9044350385665894, 0.2225629836320877, 1.0840346813201904, 0.4828447699546814, 0.08837483823299408, 0.34404346346855164, 0.5771521329879761, 0.5071654915809631, 1.252490520477295, 0.0617787204682827, 1.4200220108032227, 0.43813127279281616]"
summarize,"[7, 13, 19, 19, 2, 11, 6, 15, 4]",34,"[0.7113857865333557, 0.6930893659591675, 0.3948986530303955, 0.43999212980270386, -0.00011307559907436371, 0.8780991435050964, 0.2138264924287796, 1.5553040504455566, 0.7508065700531006, 0.7189115881919861, 0.8178169131278992, 0.843367338180542, 0.041034996509552, 0.8534125685691833, 1.0026614665985107, 1.0115236043930054, 0.9893073439598083, 1.0168161392211914, 0.2480745017528534, -0.0006512617692351341, 0.6502816677093506, 0.02838822454214096, 0.7961369752883911, 0.9949496984481812, 1.3306002616882324, 1.3277027606964111, 1.0570803880691528, 0.0014522485435009003, 0.7207385301589966, 0.7796940803527832, 1.5433297157287598, 1.1045546531677246, 0.7229031324386597, 1.4661375284194946, -0.005825310479849577, 0.5381547212600708, -0.020920248702168465, 0.014591068029403687, 2.099637031555176, 0.4154103994369507, 0.908052384853363, 0.701349139213562, 0.10372619330883026, 0.6669713258743286, -0.02104218304157257, 0.008027464151382446, 0.16349220275878906, 1.055259108543396, 0.8303419351577759, 1.4549975395202637, 0.8487699031829834, 1.7420132160186768, 0.916375994682312, 0.9422234892845154, 1.2512705326080322, -0.04469895362854004, 0.8717695474624634, 0.6690177917480469, 1.648817539215088, 1.0869067907333374, 1.1450570821762085, 0.5682665705680847, 0.9820349216461182, 0.2458028793334961]"
support,"[7, 13, 3, 3, 12, 11, 8]",34,"[0.527287483215332, 0.8377499580383301, 0.3339186906814575, 0.31039294600486755, 0.0012495145201683044, 0.3999664783477783, 0.6567822098731995, 1.2474393844604492, 0.8533356785774231, 0.394156277179718, 0.7049847841262817, 0.7401402592658997, 0.0254086721688509, 0.7086536884307861, 1.2591091394424438, 0.7370389699935913, 0.6025843024253845, 0.5835188627243042, 0.4394580125808716, -0.0009597437456250191, 0.371596097946167, 0.1282941848039627, 0.921679675579071, 0.514396071434021, 0.8005356192588806, 0.8192253708839417, 0.7524814605712891, 0.0018071085214614868, 0.2601390480995178, 1.0608419179916382, 1.0332012176513672, 0.5891069173812866, 0.414580762386322, 1.1371701955795288, -0.0024452595971524715, 0.7164085507392883, -0.014853592030704021, 0.29483985900878906, 1.5310395956039429, 0.8213497400283813, 0.49042198061943054, 0.7447998523712158, 0.03268924355506897, 1.0175803899765015, 0.1530018001794815, 0.3122902512550354, 0.6181397438049316, 1.0756738185882568, 0.30199572443962097, 1.0319370031356812, 0.4772290885448456, 1.1634331941604614, 1.2130522727966309, 0.9800024032592773, 1.134429693222046, 0.2027546912431717, 0.6110953688621521, 0.46893900632858276, 1.0676989555358887, 0.5896897912025452, 1.095719575881958, 0.4260379374027252, 0.6469162106513977, 0.4542157053947449]"
symbol,"[7, 21, 19, 10, 12, 14]",34,"[0.5254567265510559, 0.999569296836853, 0.3454955220222473, 0.37551751732826233, 0.008771118707954884, 0.4319436252117157, 0.8098847270011902, 0.9177480936050415, 0.43286868929862976, 0.4050787687301636, 0.522482693195343, 0.441027969121933, 0.039071813225746155, 0.3840205669403076, 0.7873870134353638, 0.5966079831123352, 0.5640223622322083, 0.6687576770782471, 0.5231496691703796, -0.0006467301864176989, 0.33416128158569336, 0.21653851866722107, 0.7430076599121094, 0.45571213960647583, 0.6261960864067078, 0.6349433660507202, 0.5797997713088989, -0.0002735145390033722, 0.4248477518558502, 0.8328927159309387, 0.7471336126327515, 0.5217982530593872, 0.4641295075416565, 0.590815007686615, -0.0051641506142914295, 0.8310974836349487, -0.01833312213420868, 0.33352571725845337, 1.018507480621338, 0.9012684226036072, 0.5358741879463196, 0.6076530814170837, 0.020254449918866158, 0.7858855128288269, 0.1045527309179306, 0.47083768248558044, 0.5681875944137573, 0.875755250453949, 0.3737519681453705, 0.8870803117752075, 0.47417211532592773, 0.8456015586853027, 1.0428043603897095, 0.7792394161224365, 0.5470735430717468, 0.25050175189971924, 0.43875283002853394, 0.5585390329360962, 0.7850182056427002, 0.5429800748825073, 0.56426602602005, 0.3466286361217499, 0.5165325403213501, 0.5506319403648376]"
topic,"[8, 12, 3, 6, 18]",34,"[0.47122812271118164, 1.533233880996704, 0.5235143899917603, 0.45463722944259644, 0.006019726395606995, 0.17078657448291779, 1.359144926071167, 0.6110733151435852, 0.7095635533332825, 0.1381365954875946, 0.38303762674331665, 0.766686737537384, 0.031825706362724304, 0.7591200470924377, 1.6466482877731323, 0.408658891916275, 0.4365636706352234, 0.5775884389877319, 0.9180145859718323, 0.001442813198082149, 0.14033402502536774, 0.4625425934791565, 1.138521671295166, 0.11675186455249786, 0.44201594591140747, 0.4654024541378021, 0.3894016742706299, 0.00027016177773475647, 0.10432915389537811, 1.7195122241973877, 0.4983637034893036, 0.25306248664855957, 0.48033204674720764, 0.7567219734191895, 0.015992192551493645, 1.3338267803192139, 0.00037870369851589203, 0.3448799252510071, 0.9039770364761353, 1.6698106527328491, 0.45322778820991516, 1.1839630603790283, -0.030054917559027672, 1.4203312397003174, 0.37732598185539246, 0.9169199466705322, 1.1681339740753174, 1.5950676202774048, 0.1125294417142868, 0.48060452938079834, 0.1847502738237381, 0.615567147731781, 1.9646587371826172, 0.7963837385177612, 0.9435415267944336, 0.5579250454902649, 0.5897458791732788, 0.587273359298706, 0.4230855703353882, 0.18640707433223724, 1.0864920616149902, 0.17046259343624115, 0.6109309196472168, 0.962775707244873]"
adjective,"[2, 20, 23, 4, 18, 8, 6, 28, 4]",34,"[1.3266412019729614, 0.7330019474029541, 1.0392053127288818, 0.9330214262008667, 0.001940196380019188, 0.9683952927589417, 0.5934020280838013, 1.2470457553863525, 0.7827235460281372, 0.1827888786792755, 0.775510847568512, 1.0643675327301025, -0.010111432522535324, 0.7249428033828735, 1.0436586141586304, 0.38633182644844055, 1.6757347583770752, 0.7959960699081421, 0.44898146390914917, 1.6436679288744926e-05, 0.8183898329734802, 0.5812762975692749, 0.4437342584133148, 0.9370712041854858, 1.627845287322998, 1.7784953117370605, 1.1739447116851807, 0.0067823827266693115, 0.4304387867450714, 0.6980994343757629, 1.4164042472839355, 1.2649586200714111, 0.7960589528083801, 1.5191758871078491, -0.008875727653503418, 0.5538233518600464, -0.04402630776166916, 0.47624075412750244, 1.9797909259796143, 0.721256673336029, 0.40048518776893616, 0.5488156676292419, 0.1388363093137741, 0.7285783886909485, 0.162759929895401, 0.6628190279006958, 0.4591851830482483, 0.8776574730873108, 0.31159311532974243, 1.534201741218567, 0.23064838349819183, 1.4944490194320679, 0.7251040935516357, 0.3209570646286011, 1.1074540615081787, 0.39900755882263184, 0.1820679008960724, 0.35303622484207153, 0.9838100671768188, 0.9718716144561768, 1.2874982357025146, 0.22382265329360962, 1.464523196220398, 0.39455580711364746]"
adverb,"[2, 20, 28, 4, 11, 10]",34,"[0.9070401191711426, 0.6194858551025391, 0.623735785484314, 0.534278392791748, -0.0037483759224414825, 0.6180901527404785, 0.6845118999481201, 0.8737089037895203, 0.5067881345748901, 0.15328022837638855, 0.6770864725112915, 0.590132474899292, -0.0047583915293216705, 0.38489753007888794, 0.7283933162689209, 0.2461574524641037, 1.042633056640625, 0.5110787749290466, 0.44974738359451294, 0.0028335913084447384, 0.6167888641357422, 0.41347071528434753, 0.38691961765289307, 0.6545406579971313, 0.9794837832450867, 0.9877157807350159, 0.7638112306594849, -0.0007833335548639297, 0.3152772784233093, 0.5792394876480103, 0.9206336736679077, 0.7848882675170898, 0.4691368043422699, 0.823634147644043, -0.010072204284369946, 0.4966856837272644, -0.015646031126379967, 0.5607402324676514, 1.2448445558547974, 0.7586382627487183, 0.3162901997566223, 0.3360217809677124, 0.09133411198854446, 0.6308581233024597, 0.16899006068706512, 0.6532764434814453, 0.5909535884857178, 0.5706957578659058, 0.20158569514751434, 1.161731243133545, 0.2327815741300583, 0.9433563351631165, 0.6364574432373047, 0.4149872362613678, 0.6485731601715088, 0.4241035580635071, 0.10778914391994476, 0.29481056332588196, 0.6558501124382019, 0.6593950986862183, 0.7237244844436646, 0.2831262946128845, 0.8027850985527039, 0.4098852276802063]"
affix,"[2, 22, 22, 6, 27]",34,"[0.7119035124778748, 0.6530933976173401, 0.431490421295166, 0.4595385789871216, 0.009870382025837898, 0.429411917924881, 0.5285919904708862, 1.0157828330993652, 0.6122560501098633, 0.28645598888397217, 0.6965429782867432, 0.6149498224258423, 0.011753550730645657, 0.41392144560813904, 0.9106947183609009, 0.4892871379852295, 0.7370856404304504, 0.5262378454208374, 0.4045748710632324, -0.0002443866105750203, 0.4061196446418762, 0.2858247756958008, 0.5580663681030273, 0.5264266729354858, 0.8096190690994263, 0.8052208423614502, 0.672185480594635, 0.0016180966049432755, 0.2534482479095459, 0.6304445862770081, 0.9096884727478027, 0.5846003293991089, 0.40215182304382324, 0.8486631512641907, 0.0038848225958645344, 0.44954007863998413, -0.018391896039247513, 0.4797089695930481, 1.265113353729248, 0.6466400027275085, 0.34723058342933655, 0.45002254843711853, 0.045176416635513306, 0.653705894947052, 0.18097035586833954, 0.47232264280319214, 0.5961592793464661, 0.6102167367935181, 0.2622942626476288, 1.0149832963943481, 0.37036779522895813, 0.9820253849029541, 0.7698647975921631, 0.6472832560539246, 0.8215650916099548, 0.36091580986976624, 0.30774739384651184, 0.317015141248703, 0.7686918377876282, 0.5690720677375793, 0.8216475248336792, 0.33166298270225525, 0.6472315192222595, 0.33326417207717896]"
alliteration,"[2, 14, 14, 6, 8, 4, 11, 2, 8, 6, 12, 5]",34,"[0.6099675893783569, 0.8698399662971497, 0.22633348405361176, 0.26473748683929443, -0.0015270039439201355, 0.53236323595047, 0.6249986290931702, 1.4614710807800293, 0.5770043730735779, 0.6875107288360596, 0.8840691447257996, 0.4801075756549835, 0.05336323380470276, 0.42518940567970276, 0.8046042919158936, 1.0057482719421387, 0.6874860525131226, 0.7669718265533447, 0.4284539818763733, -0.0007697931723669171, 0.47502875328063965, 0.09959681332111359, 0.8929443955421448, 0.7739784121513367, 0.860808789730072, 0.898016631603241, 0.84991455078125, 0.006244799122214317, 0.576786458492279, 0.8480249643325806, 1.1991610527038574, 0.6983305811882019, 0.4285217523574829, 0.9740258455276489, 0.0013303523883223534, 0.6987332701683044, -0.015910061076283455, 0.3234396278858185, 1.6164060831069946, 0.7294321656227112, 0.7669615745544434, 0.565792977809906, 0.01790471561253071, 0.7961441278457642, 0.032627761363983154, 0.3612585663795471, 0.4138931632041931, 0.8667963147163391, 0.6402402520179749, 1.3231545686721802, 0.8787639737129211, 1.358762502670288, 0.9998905658721924, 1.0762134790420532, 0.7791123390197754, 0.11564793437719345, 0.6939629316329956, 0.5840356349945068, 1.313532829284668, 0.8441854119300842, 0.7051137089729309, 0.6606155633926392, 0.5143201947212219, 0.40918856859207153]"
ancient,"[2, 5, 18, 6, 4, 5, 8]",34,"[0.30123740434646606, 1.4868696928024292, 0.3172691762447357, 0.2982347011566162, 0.010789132677018642, 0.1265038102865219, 1.2752540111541748, 0.6022154688835144, 0.5394725799560547, 0.20631371438503265, 0.26584622263908386, 0.42472705245018005, 0.016201943159103394, 0.6015816926956177, 1.1508309841156006, 0.5976042747497559, 0.2617414593696594, 0.5288124084472656, 0.7558199763298035, -0.0007649024482816458, 0.11517409980297089, 0.2911314070224762, 1.0607844591140747, 0.1004355251789093, 0.3368874490261078, 0.27866339683532715, 0.4084555506706238, 0.007304036058485508, 0.27353811264038086, 1.4558409452438354, 0.40921297669410706, 0.26687219738960266, 0.34924736618995667, 0.4844589829444885, -0.002243674360215664, 1.2367539405822754, -0.014544166624546051, 0.2746884524822235, 0.7785360217094421, 1.387378454208374, 0.48667678236961365, 0.889187216758728, -0.014638606458902359, 1.2893316745758057, 0.14831998944282532, 0.7468328475952148, 0.8894304037094116, 1.3093843460083008, 0.24632930755615234, 0.4056841731071472, 0.22115729749202728, 0.5280745029449463, 1.6422654390335083, 0.831179141998291, 0.6221557855606079, 0.3787379264831543, 0.6129322648048401, 0.6095625758171082, 0.42885005474090576, 0.16571331024169922, 0.7657829523086548, 0.12039944529533386, 0.33788561820983887, 0.7836436033248901]"
conjunction,"[18, 12, 5, 23, 13, 5, 18, 8, 6, 12, 5]",34,"[0.7420973777770996, 0.552302896976471, 0.1978806108236313, 0.19167938828468323, -0.0035022981464862823, 0.6522625684738159, 0.3362976312637329, 1.6326725482940674, 0.6064941883087158, 0.7501091361045837, 1.061092734336853, 0.428806871175766, 0.041013453155756, 0.30117905139923096, 0.5316559076309204, 1.0674381256103516, 0.8502558469772339, 0.6635733842849731, 0.20521941781044006, -0.001287287101149559, 0.6705033183097839, 0.020561128854751587, 0.7419354319572449, 1.0160874128341675, 1.0085934400558472, 1.0526379346847534, 0.9603265523910522, -0.001798802986741066, 0.609338104724884, 0.49072444438934326, 1.3801939487457275, 0.8675444722175598, 0.3164208233356476, 1.0671861171722412, 0.0066196802072227, 0.3330891728401184, 0.007415765896439552, 0.3763132691383362, 1.8281408548355103, 0.4071207642555237, 0.7507049441337585, 0.27586665749549866, 0.09694847464561462, 0.5960662961006165, -0.030245855450630188, 0.21837177872657776, 0.25021180510520935, 0.4737272262573242, 0.7094147205352783, 1.58946692943573, 1.013571858406067, 1.5413295030593872, 0.5232093334197998, 1.0626519918441772, 0.8181727528572083, 0.10549226403236389, 0.6475120186805725, 0.48279625177383423, 1.5114412307739258, 0.9544686675071716, 0.6498496532440186, 0.7512099146842957, 0.5523670315742493, 0.1721678376197815]"
curious,"[18, 13, 11, 6, 12, 13, 7]",34,"[0.08991312235593796, 1.4080891609191895, 0.19771161675453186, 0.29994630813598633, 0.00693149957805872, 0.2667544186115265, 0.9697756171226501, 0.772350013256073, 0.8493147492408752, 0.21997086703777313, 0.29610997438430786, 0.8335531949996948, 0.05114153027534485, 1.0065584182739258, 1.773500919342041, 0.6452459096908569, 0.13262635469436646, 0.7851334810256958, 0.6450763940811157, -0.0012193939182907343, 0.0500173419713974, 0.004335761070251465, 1.2553167343139648, 0.18557000160217285, 0.4239325225353241, 0.49162453413009644, 0.32283273339271545, 0.001394728198647499, 0.27399227023124695, 1.7511045932769775, 0.6627062559127808, 0.2836149036884308, 0.5134074091911316, 0.9798757433891296, 0.0016011148691177368, 1.262883186340332, -0.008763651363551617, 0.042109206318855286, 1.003816843032837, 1.2889282703399658, 0.6780328154563904, 1.3031549453735352, 0.05743350833654404, 1.3784712553024292, 0.24034550786018372, 0.24010106921195984, 0.8372015357017517, 1.784511685371399, 0.19512471556663513, 0.3386530876159668, 0.2105666995048523, 0.7096086144447327, 1.9938119649887085, 1.0616710186004639, 1.2065531015396118, 0.07365506142377853, 0.8133377432823181, 0.7921469807624817, 0.8065100312232971, 0.2562563121318817, 1.1986963748931885, 0.21708351373672485, 0.5434337854385376, 0.8148963451385498]"
eager,"[4, 2, 17, 4, 11]",34,"[0.9129822254180908, 1.1085855960845947, 1.0536465644836426, 0.9785797595977783, 0.004542972892522812, 0.7107244729995728, 1.0343657732009888, 0.4993877708911896, 0.7078996896743774, -0.0027321912348270416, 0.2473638355731964, 1.0931651592254639, -0.014087839052081108, 0.8905081152915955, 1.389758825302124, -0.00829438865184784, 1.1610487699508667, 0.8239244222640991, 0.7105265259742737, -0.0006537503795698285, 0.42262256145477295, 0.6347672343254089, 0.4530488848686218, 0.4383208751678467, 1.137023687362671, 1.318259358406067, 0.849554181098938, 0.004849174991250038, 0.2995026707649231, 1.22758150100708, 0.8491251468658447, 0.9371521472930908, 0.8838745951652527, 1.1243473291397095, -0.0014243160840123892, 1.0262339115142822, -0.006631241645663977, 0.2682385742664337, 1.1057345867156982, 1.3225253820419312, 0.36372700333595276, 0.9430232048034668, 0.07081601768732071, 0.8905470371246338, 0.3839123249053955, 0.8267276287078857, 0.7625844478607178, 1.4113264083862305, 0.10421442985534668, 0.704779863357544, -0.038519296795129776, 0.808613121509552, 1.3750004768371582, 0.048352211713790894, 0.9808581471443176, 0.5493816137313843, 0.016789603978395462, 0.5294148325920105, 0.3969004154205322, 0.42862164974212646, 1.231232762336731, 0.025011807680130005, 1.3668231964111328, 0.813810408115387]"
enormous,"[4, 5, 12, 11, 19, 12, 13, 7]",34,"[-0.1783684641122818, 2.4301514625549316, 0.05844937264919281, 0.16319066286087036, 0.0048024654388427734, 0.2561291754245758, 1.8081965446472168, 0.4587937295436859, 0.6771650314331055, 0.19645246863365173, 0.029865697026252747, 0.6479483246803284, 0.06748400628566742, 1.216458797454834, 1.948992371559143, 0.7265334129333496, -0.15706908702850342, 1.1283760070800781, 1.0523223876953125, 0.001171715441159904, -0.059783533215522766, -0.06147661805152893, 1.8421505689620972, 0.021364353597164154, 0.15327158570289612, 0.20601746439933777, 0.0680408626794815, 0.004798278212547302, 0.5412583947181702, 2.7779388427734375, 0.31226646900177, 0.13552087545394897, 0.6149640083312988, 0.6619313955307007, -0.0012097617145627737, 2.309492349624634, -0.008822683244943619, -0.09860360622406006, 0.5987904071807861, 2.1484901905059814, 1.079437255859375, 1.8571456670761108, 0.041902169585227966, 1.9587100744247437, 0.10211152583360672, 0.5235940217971802, 1.065239667892456, 2.593378782272339, 0.3206257224082947, -0.09877437353134155, 0.185567244887352, 0.3598560094833374, 2.9279775619506836, 1.1399781703948975, 0.9725763201713562, -0.028599455952644348, 1.113107681274414, 1.3444472551345825, 0.6579421758651733, 0.12090873718261719, 1.020248293876648, 0.11547897011041641, 0.3594132661819458, 1.388047695159912]"
hyperbole,"[9, 21, 3, 4, 11, 10, 12, 14, 4]",34,"[1.016258716583252, 1.036409854888916, 0.9589738845825195, 0.8651472926139832, -0.0005569830536842346, 0.7321610450744629, 0.8610820174217224, 0.9529786109924316, 0.8498026728630066, 0.14541885256767273, 0.48682695627212524, 1.0735455751419067, -0.012236958369612694, 0.8625401258468628, 1.356060266494751, 0.29584890604019165, 1.2584507465362549, 0.7268154621124268, 0.588558554649353, -0.0016667121089994907, 0.5339418053627014, 0.569793701171875, 0.6071385145187378, 0.5672640204429626, 1.2527951002120972, 1.4027913808822632, 0.9808127880096436, 0.00015942566096782684, 0.30133020877838135, 1.0794333219528198, 1.109486699104309, 0.9644990563392639, 0.7961874604225159, 1.2753900289535522, -0.002968646353110671, 0.836088240146637, -0.026710672304034233, 0.3617866039276123, 1.53939950466156, 1.1220526695251465, 0.36182644963264465, 0.8535652160644531, 0.08494448661804199, 0.9981146454811096, 0.26552969217300415, 0.7321394681930542, 0.6784436702728271, 1.216094732284546, 0.16600525379180908, 1.100740909576416, 0.11542865633964539, 1.166733741760254, 1.195420265197754, 0.3946070075035095, 1.0985016822814941, 0.4717811346054077, 0.15378570556640625, 0.435924232006073, 0.7284071445465088, 0.6386547684669495, 1.3562885522842407, 0.12827859818935394, 1.3039597272872925, 0.6346478462219238]"
idiom,"[6, 20, 6, 12, 19]",34,"[0.10806149989366531, 1.4610434770584106, 0.06762470304965973, 0.07867977768182755, 0.006299530155956745, 0.13893285393714905, 1.0828380584716797, 0.8642345070838928, 0.6153116822242737, 0.4030488133430481, 0.38335275650024414, 0.4604945182800293, 0.04605485498905182, 0.6953279376029968, 1.3239926099777222, 0.9046414494514465, 0.10795523971319199, 0.600432276725769, 0.6768113374710083, -0.0007876779418438673, 0.0805613175034523, 0.0068730637431144714, 1.3145557641983032, 0.1777951419353485, 0.258238285779953, 0.19591087102890015, 0.39129555225372314, 0.0018360624089837074, 0.29405978322029114, 1.5741218328475952, 0.5914272665977478, 0.2112928330898285, 0.28472694754600525, 0.6256693601608276, 0.005748738069087267, 1.2511303424835205, -0.0030239755287766457, 0.08696790039539337, 1.0035231113433838, 1.3274807929992676, 0.6583125591278076, 1.0172260999679565, -0.02520139515399933, 1.3931931257247925, 0.0988878682255745, 0.4076386094093323, 0.8003222346305847, 1.4575577974319458, 0.346783310174942, 0.47981810569763184, 0.44905319809913635, 0.7361547350883484, 1.775574803352356, 1.22108793258667, 0.833780825138092, 0.1348605901002884, 0.9336279034614563, 0.6870129108428955, 0.7964909672737122, 0.24409867823123932, 0.8305832743644714, 0.33947932720184326, 0.15733098983764648, 0.7472259402275085]"
literal,"[14, 6, 8, 4, 11, 2, 14]",34,"[0.46102237701416016, 1.7314741611480713, 0.590156614780426, 0.5866049528121948, -0.0021529030054807663, 0.3734931945800781, 1.619835376739502, 0.4702248275279999, 0.5996776819229126, 0.08667351305484772, 0.217788964509964, 0.7954549193382263, 0.013129116967320442, 0.8260008096694946, 1.5406126976013184, 0.24165654182434082, 0.5377187132835388, 0.7993651628494263, 0.9873082637786865, -0.0013380092568695545, 0.17711929976940155, 0.376485139131546, 1.0195369720458984, 0.18886718153953552, 0.539405107498169, 0.6648600697517395, 0.47890520095825195, -0.0008113011717796326, 0.30352193117141724, 1.8310242891311646, 0.5728275179862976, 0.4745623767375946, 0.6943773031234741, 0.7424557209014893, 0.0025678849779069424, 1.5830011367797852, 0.007777560502290726, 0.2070889174938202, 0.7360909581184387, 1.8687256574630737, 0.5559448003768921, 1.223104476928711, 0.022508537396788597, 1.4010144472122192, 0.27630725502967834, 0.9977810382843018, 1.1126866340637207, 1.7829556465148926, 0.1365204155445099, 0.4652822017669678, 0.04511288180947304, 0.5526849031448364, 2.044369697570801, 0.5009188055992126, 0.8025680780410767, 0.46641188859939575, 0.31696173548698425, 0.7700144648551941, 0.34290504455566406, 0.2233688086271286, 1.0306966304779053, 0.06837770342826843, 0.7944847345352173, 1.1524206399917603]"
metaphor,"[19, 4, 8, 2, 3, 9, 12, 11]",34,"[0.41007381677627563, 1.1392163038253784, 0.29163432121276855, 0.3223215937614441, -0.004713959991931915, 0.35138070583343506, 0.7730066776275635, 1.2151896953582764, 0.9020466804504395, 0.3125479817390442, 0.4882744550704956, 0.7423056364059448, 0.01194003690034151, 0.8457769155502319, 1.3681749105453491, 0.7692674398422241, 0.42685553431510925, 0.6494289636611938, 0.45941394567489624, 0.00040592916775494814, 0.1926221251487732, 0.00484321266412735, 1.0501232147216797, 0.35550540685653687, 0.7369431853294373, 0.6877659559249878, 0.7244085073471069, 0.008113480173051357, 0.31809476017951965, 1.2954490184783936, 0.9822278022766113, 0.5831055045127869, 0.44849786162376404, 1.1172521114349365, -0.00467826658859849, 0.9581356048583984, -0.006366614252328873, 0.11429835855960846, 1.525382161140442, 0.9492810368537903, 0.5708984136581421, 0.8807090520858765, 0.015616299584507942, 1.1588314771652222, 0.0003229379653930664, 0.29670554399490356, 0.5367453098297119, 1.4134101867675781, 0.3265191614627838, 0.8047990798950195, 0.3115882873535156, 1.117045283317566, 1.4536635875701904, 0.9034533500671387, 1.1827569007873535, 0.09275934100151062, 0.5809183716773987, 0.5778270959854126, 1.0314202308654785, 0.4551313519477844, 1.2060531377792358, 0.23502515256404877, 0.5768142342567444, 0.5508412718772888]"
multiple-meaning word,"[19, 13, 14, 8, 6, 3, 14, 4, 30, 19, 4, 2, 5, 6, 5, 17, 31, 26, 12, 11, 20]",34,"[1.7331937551498413, 0.3262714743614197, 1.225912094116211, 1.186367154121399, -0.01682276278734207, 2.284649133682251, -0.0860043466091156, 1.8097360134124756, 0.6856945157051086, 0.6534672379493713, 0.9084737300872803, 1.483910083770752, 0.005019528791308403, 1.134739637374878, 0.6907596588134766, 0.603995144367218, 2.5509116649627686, 1.923587679862976, -0.05268876254558563, -0.0033112457022070885, 1.4853391647338867, 0.20554770529270172, 0.26141637563705444, 2.076882839202881, 2.923720598220825, 3.258350133895874, 1.6862883567810059, -0.009904770180583, 1.4210948944091797, 0.29115429520606995, 2.632071018218994, 2.393310308456421, 1.6120694875717163, 2.3820626735687256, 0.0022741369903087616, 0.23521354794502258, -0.03709470480680466, -0.041438281536102295, 3.014977216720581, 0.01970851421356201, 1.3891645669937134, 0.7163302898406982, 0.6331460475921631, 0.08318038284778595, -0.03366073966026306, -0.08460675179958344, -0.29513436555862427, 1.1391255855560303, 1.133898377418518, 2.540740966796875, 0.7252508997917175, 2.7303595542907715, 0.12709125876426697, 0.18972648680210114, 1.5150152444839478, -0.22942717373371124, 0.3798375725746155, 0.8940801024436951, 2.1579430103302, 1.9626810550689697, 1.44367516040802, 0.48525169491767883, 2.4968044757843018, 0.05860527604818344]"
nonliteral,"[5, 12, 5, 14, 6, 8, 4, 11, 2, 14]",34,"[0.4321798086166382, 1.8183269500732422, 0.4431273341178894, 0.4517476558685303, -0.00804051011800766, 0.43870630860328674, 1.5761706829071045, 0.618350625038147, 0.5058757662773132, 0.23567567765712738, 0.28862863779067993, 0.6454437375068665, 0.01793181337416172, 0.771499752998352, 1.3360235691070557, 0.4672641158103943, 0.5015922784805298, 0.9079544544219971, 0.9342940449714661, -0.0018877419643104076, 0.2596170902252197, 0.2633518576622009, 1.129138469696045, 0.3235771954059601, 0.5567496418952942, 0.6373848915100098, 0.5025780200958252, -4.0257349610328674e-05, 0.47417381405830383, 1.8153388500213623, 0.6487482190132141, 0.4967797100543976, 0.6563053131103516, 0.6741745471954346, 0.0006383853033185005, 1.6195478439331055, -0.0011582174338400364, 0.16666465997695923, 0.8531990051269531, 1.768560528755188, 0.7444267272949219, 1.1704814434051514, 0.05683435499668121, 1.3694037199020386, 0.14111368358135223, 0.915113091468811, 0.9876977205276489, 1.7336781024932861, 0.3297339677810669, 0.5875816941261292, 0.2237490862607956, 0.6870746612548828, 1.966748833656311, 0.6672233939170837, 0.6900063753128052, 0.328630656003952, 0.5041506886482239, 0.8716384768486023, 0.5666118264198303, 0.3497059643268585, 0.8737545609474182, 0.15808498859405518, 0.6624042987823486, 1.0839308500289917]"
onomatopoeia,"[12, 5, 12, 19, 2, 8, 12, 3, 12, 4, 6, 2]",34,"[0.29075416922569275, 1.597495436668396, 0.24565379321575165, 0.2723820209503174, 0.002857441082596779, 0.3512125015258789, 1.0845478773117065, 1.0530102252960205, 0.7790827751159668, 0.35127222537994385, 0.3817024827003479, 0.7142588496208191, 0.024801919236779213, 0.9270979166030884, 1.5126911401748657, 0.9123588800430298, 0.36768168210983276, 0.8012137413024902, 0.6533823609352112, -0.00018722994718700647, 0.1876690685749054, 0.10073541104793549, 1.3278648853302002, 0.32029056549072266, 0.5896806716918945, 0.5772625207901001, 0.5500052571296692, -0.00010016374289989471, 0.4550466537475586, 1.71474289894104, 0.8222454190254211, 0.4719108045101166, 0.509737491607666, 0.9390027523040771, -0.004014293197542429, 1.3260242938995361, -0.02898542769253254, 0.09402447938919067, 1.379883885383606, 1.3448486328125, 0.759773313999176, 1.1659070253372192, 0.03604920953512192, 1.4742721319198608, 0.03348635137081146, 0.43851223587989807, 0.7013099789619446, 1.6571437120437622, 0.4420641362667084, 0.6680682301521301, 0.34592676162719727, 0.9792882204055786, 1.7986953258514404, 1.0691357851028442, 1.0393736362457275, 0.13727687299251556, 0.8806807994842529, 0.8084408640861511, 0.9678391218185425, 0.42697709798812866, 1.1439809799194336, 0.20380568504333496, 0.531749427318573, 0.8059753775596619]"
personification,"[3, 4, 11, 7, 12, 5, 6, 22, 6, 18, 2, 8, 6, 12, 5]",34,"[0.5142741799354553, 1.0367313623428345, 0.07484300434589386, 0.08510493487119675, 0.01367109827697277, 0.3770502805709839, 0.6377893686294556, 1.5193285942077637, 0.7323297262191772, 0.5822585821151733, 0.8942953944206238, 0.44910281896591187, 0.05296764522790909, 0.4486503303050995, 0.9952340126037598, 1.2292919158935547, 0.5459575653076172, 0.6131123304367065, 0.4576174020767212, -0.0019767305348068476, 0.3745177984237671, 0.07240869849920273, 1.1954224109649658, 0.624153733253479, 0.7643654346466064, 0.6550096869468689, 0.6849091053009033, 0.0037584127858281136, 0.46112260222435, 0.9898272752761841, 1.1262825727462769, 0.5267142653465271, 0.2045626938343048, 0.993468165397644, 0.008888628333806992, 0.6987454295158386, -0.024740848690271378, 0.36499321460723877, 1.6731116771697998, 0.7795596122741699, 0.7351312041282654, 0.6063385009765625, 0.031169375404715538, 1.1138854026794434, 0.011207729578018188, 0.3181130290031433, 0.5525089502334595, 0.893968403339386, 0.5564639568328857, 1.2477370500564575, 0.7504984736442566, 1.3044060468673706, 1.1437952518463135, 1.3995883464813232, 0.946776807308197, 0.15346364676952362, 1.0010846853256226, 0.5581479072570801, 1.2955734729766846, 0.7010531425476074, 0.8738625645637512, 0.543068528175354, 0.3086664080619812, 0.35220569372177124]"
preposition,"[3, 11, 4, 3, 12, 7, 6, 8, 6, 12, 5]",34,"[0.7871189117431641, 0.4318917393684387, 0.29406487941741943, 0.31418949365615845, 0.003314230591058731, 0.7870725989341736, 0.25144505500793457, 1.6090192794799805, 0.6804229021072388, 0.6485073566436768, 1.095248818397522, 0.679720401763916, 0.037403374910354614, 0.49705740809440613, 0.7958855628967285, 0.8128918409347534, 0.9719346761703491, 0.7539829015731812, 0.2633483409881592, -0.001071094535291195, 0.6712145209312439, 0.09343470633029938, 0.6061953902244568, 1.0042455196380615, 1.1680614948272705, 1.2080090045928955, 1.0062179565429688, -0.0021903421729803085, 0.5486966371536255, 0.5456444621086121, 1.5045726299285889, 0.9579932689666748, 0.4746773838996887, 1.2689274549484253, -0.004075628239661455, 0.3621405363082886, -0.032286450266838074, 0.3205825090408325, 1.8902658224105835, 0.4008900225162506, 0.701582670211792, 0.4001643657684326, 0.045659005641937256, 0.5402652621269226, 0.06061442941427231, 0.16339774429798126, 0.2753962278366089, 0.5646275877952576, 0.6105499863624573, 1.5809619426727295, 0.8649672269821167, 1.563812255859375, 0.5810960531234741, 0.789177656173706, 1.0047569274902344, 0.10964006185531616, 0.49203601479530334, 0.463096559047699, 1.4328426122665405, 1.0637400150299072, 0.8935956358909607, 0.7170961499214172, 0.7836543917655945, 0.24113962054252625]"
pronoun,"[3, 11, 12, 5, 12, 13, 5]",34,"[0.652411162853241, 0.5218247175216675, 0.29993462562561035, 0.2960171699523926, 0.0020000003278255463, 0.6311742067337036, 0.3231812119483948, 1.2373063564300537, 0.5476840734481812, 0.5190525650978088, 0.7656984329223633, 0.47176212072372437, 0.0276869498193264, 0.445111483335495, 0.5818819999694824, 0.6902909874916077, 0.7531651258468628, 0.6808170080184937, 0.2234283834695816, -0.00087625568266958, 0.5102283358573914, 0.10409057885408401, 0.5768775343894958, 0.7888984084129333, 0.9748594760894775, 0.9533479809761047, 0.8530679941177368, 0.009405171498656273, 0.5238634347915649, 0.49830159544944763, 1.1408064365386963, 0.8191266655921936, 0.42956486344337463, 0.9891652464866638, -0.004763537552207708, 0.449842631816864, -0.006456270813941956, 0.25705140829086304, 1.5009208917617798, 0.38392579555511475, 0.6507548689842224, 0.38009312748908997, 0.08965985476970673, 0.4736241400241852, -0.00035372376441955566, 0.18148669600486755, 0.20744435489177704, 0.6184542775154114, 0.5159726738929749, 1.2053731679916382, 0.6475498676300049, 1.2586302757263184, 0.5733859539031982, 0.7193388342857361, 0.7897049784660339, 0.08152425289154053, 0.4481065571308136, 0.44832465052604675, 1.1725291013717651, 0.782378613948822, 0.6899474263191223, 0.5053938627243042, 0.6403511166572571, 0.1966618299484253]"
simile,"[7, 6, 19, 6, 14, 4]",34,"[0.17557288706302643, 2.255420207977295, 0.3699634075164795, 0.3647322952747345, 0.007951811887323856, 0.23030510544776917, 1.8763952255249023, 0.4400721788406372, 0.5881202220916748, 0.19966235756874084, 0.10301165282726288, 0.7927507758140564, 0.027663711458444595, 1.0034950971603394, 1.8415971994400024, 0.5454538464546204, 0.16035251319408417, 0.9468693733215332, 1.2032222747802734, -0.002490854123607278, -0.02519162744283676, 0.2753191888332367, 1.4803613424301147, 0.02867533639073372, 0.3100320100784302, 0.3623260259628296, 0.26171475648880005, 0.0003772098571062088, 0.32701677083969116, 2.3675625324249268, 0.407492071390152, 0.2654140889644623, 0.6736719012260437, 0.6656266450881958, 0.009898258373141289, 2.024667263031006, -0.008897973224520683, -0.012485146522521973, 0.6610832810401917, 2.224443197250366, 0.759698748588562, 1.5976754426956177, -0.029554560780525208, 1.7930052280426025, 0.25043079257011414, 0.9872584342956543, 1.2932709455490112, 2.2224624156951904, 0.2553302049636841, 0.1824723780155182, 0.14453771710395813, 0.45509931445121765, 2.584290027618408, 0.7998579740524292, 0.8733001351356506, 0.390433132648468, 0.7851163148880005, 0.9931359887123108, 0.420570433139801, 0.13064390420913696, 1.1300443410873413, 0.06655879318714142, 0.5654571056365967, 1.3659641742706299]"
adaptation,"[2, 20, 2, 3, 8, 2, 8, 6, 12, 5]",34,"[0.5087229013442993, 0.7817421555519104, 0.09080258756875992, 0.1077367439866066, 0.004011591896414757, 0.4062308371067047, 0.4940125346183777, 1.657033920288086, 0.6690062880516052, 0.7195546627044678, 0.980298638343811, 0.4124071002006531, 0.056172244250774384, 0.38290053606033325, 0.8457320928573608, 1.242577314376831, 0.5500248670578003, 0.590660810470581, 0.35614287853240967, 9.395892266184092e-05, 0.41603440046310425, -0.00845712423324585, 1.000849723815918, 0.7261769771575928, 0.7769762873649597, 0.75473952293396, 0.8335785865783691, 0.00835395697504282, 0.46430590748786926, 0.7523579001426697, 1.248044729232788, 0.5985526442527771, 0.2310355007648468, 1.0276259183883667, 0.003050648607313633, 0.5093811750411987, -0.021776210516691208, 0.33274662494659424, 1.786828637123108, 0.5682555437088013, 0.6789687275886536, 0.46479785442352295, -0.018655801191926003, 0.8987579345703125, -0.021536722779273987, 0.23915821313858032, 0.41267138719558716, 0.7527439594268799, 0.6342916488647461, 1.3416202068328857, 0.9541118741035461, 1.4425392150878906, 0.9314455986022949, 1.3297233581542969, 0.904702365398407, 0.08163724094629288, 0.8614362478256226, 0.4453069567680359, 1.4283915758132935, 0.8216760158538818, 0.7888570427894592, 0.7164528965950012, 0.303422749042511, 0.25692641735076904]"
area,"[2, 11, 4, 2]",34,"[1.4992122650146484, 0.4909096956253052, 1.597501516342163, 1.3672419786453247, 0.014729121699929237, 0.8967470526695251, 0.5348047018051147, 0.6009292602539062, 0.8599839210510254, -0.008528351783752441, 0.3770580291748047, 1.4024416208267212, -0.006973132491111755, 0.8062254786491394, 1.2861275672912598, -0.07509271800518036, 1.822105050086975, 0.6051002740859985, 0.5539363026618958, -0.003013362642377615, 0.6461591720581055, 1.082406997680664, 0.017186295241117477, 0.5894996523857117, 1.6287938356399536, 1.837708830833435, 1.2350373268127441, 0.0154696274548769, 0.1073421835899353, 0.5400341153144836, 1.04914391040802, 1.2409204244613647, 0.9863970279693604, 1.523454189300537, 0.011294608935713768, 0.41110464930534363, -0.003065358381718397, 0.4844765067100525, 1.4721603393554688, 0.8556061387062073, 0.030054833739995956, 0.5869422554969788, 0.05289994925260544, 0.5307948589324951, 0.6426336765289307, 0.8953146934509277, 0.6827419400215149, 0.9604687690734863, -0.021069150418043137, 1.104405403137207, -0.027017589658498764, 1.0483936071395874, 0.8466470241546631, -0.11256279051303864, 1.1801040172576904, 0.8293972015380859, -0.10666617751121521, 0.11288413405418396, 0.40658700466156006, 0.5274872183799744, 1.4724458456039429, 0.03702691197395325, 1.8624892234802246, 0.4833173155784607]"
climate,"[18, 14, 6, 19, 2, 8, 4]",34,"[0.6213217377662659, 0.6787956357002258, 0.41176366806030273, 0.3091579079627991, 0.004393082112073898, 0.34333544969558716, 0.40715813636779785, 1.5034739971160889, 0.8640944957733154, 0.4763331413269043, 0.7345471382141113, 0.796018660068512, 0.02646411955356598, 0.6786596179008484, 1.2257697582244873, 1.0723085403442383, 0.701816737651825, 0.4487667381763458, 0.3329445421695709, 0.0004231672501191497, 0.41521453857421875, 0.15027941763401031, 0.9320730566978455, 0.5448295474052429, 0.8443816900253296, 0.8757232427597046, 0.8400555849075317, -0.0011943429708480835, 0.17045758664608002, 0.8045640587806702, 1.18963623046875, 0.6110446453094482, 0.29770445823669434, 1.269850254058838, -9.858468547463417e-05, 0.4186016023159027, -0.020852189511060715, 0.31828823685646057, 1.8547989130020142, 0.527006208896637, 0.3760424554347992, 0.568992555141449, -0.02317832037806511, 1.1020022630691528, 0.06402059644460678, 0.31971001625061035, 0.5529567003250122, 0.936377227306366, 0.4001118242740631, 1.1795964241027832, 0.5580309629440308, 1.3700487613677979, 0.9650799036026001, 1.1691486835479736, 1.207302212715149, 0.2024095356464386, 0.7817912101745605, 0.274685800075531, 1.224136233329773, 0.6294329166412354, 1.2064677476882935, 0.4341714382171631, 0.5355607867240906, 0.22000017762184143]"
demand,"[20, 4, 19, 2, 5, 20]",34,"[0.4951220750808716, 1.2781610488891602, 0.3705282211303711, 0.4322388768196106, 0.003317449241876602, 0.4637860059738159, 1.2020375728607178, 0.8337819576263428, 0.6489882469177246, 0.19418005645275116, 0.38662099838256836, 0.7034757733345032, 0.0024534743279218674, 0.7473210096359253, 1.1935784816741943, 0.4269191324710846, 0.6225857734680176, 0.7263007164001465, 0.6881627440452576, -0.001428693300113082, 0.3036556839942932, 0.1883116513490677, 0.8743768334388733, 0.424113929271698, 0.7238569259643555, 0.7626749277114868, 0.6643214821815491, 0.0014166198670864105, 0.39350900053977966, 1.3737952709197998, 0.8428685665130615, 0.6290428638458252, 0.5378614664077759, 0.9158474206924438, 0.001560636330395937, 1.1720757484436035, -0.003400790970772505, 0.15704558789730072, 1.1363394260406494, 1.2865701913833618, 0.5383232831954956, 0.892881453037262, 0.053446702659130096, 1.0531165599822998, 0.09217844903469086, 0.6423683166503906, 0.7547539472579956, 1.3343100547790527, 0.2972855865955353, 0.7588925361633301, 0.18352992832660675, 0.8799020051956177, 1.4834387302398682, 0.5159713625907898, 0.8621558547019958, 0.29418081045150757, 0.34794288873672485, 0.6684046983718872, 0.7158369421958923, 0.4577198028564453, 0.9849023818969727, 0.18122142553329468, 0.6891723871231079, 0.7737256288528442]"
denominator,"[20, 4, 5, 12, 19, 6, 5, 2, 8, 12, 11]",34,"[-0.11406345665454865, 2.5664751529693604, -0.06477737426757812, -0.028742849826812744, 0.005268348380923271, 0.11940827965736389, 1.8721778392791748, 0.7488293051719666, 0.5661102533340454, 0.3897355794906616, 0.12973648309707642, 0.3951500654220581, 0.05980226397514343, 0.9953330755233765, 1.6440627574920654, 1.1782647371292114, -0.12118127197027206, 0.9952200651168823, 1.0420196056365967, 0.0006298868684098125, 0.00045927613973617554, -0.05696818232536316, 2.0603764057159424, 0.09026622027158737, 0.09341386705636978, 0.03308108448982239, 0.20406004786491394, 0.002635229378938675, 0.6188892722129822, 2.6442713737487793, 0.4216640889644623, 0.12168285250663757, 0.40262603759765625, 0.4975090026855469, 0.0034620133228600025, 2.223555564880371, 0.004477338865399361, -0.06815275549888611, 0.8741804361343384, 2.0789875984191895, 1.122043490409851, 1.6053194999694824, 0.004883578047156334, 2.1251604557037354, -0.09835125505924225, 0.6640743017196655, 1.020196795463562, 2.3385090827941895, 0.5456119775772095, 0.17451831698417664, 0.4043300151824951, 0.6150606870651245, 2.7634644508361816, 1.469353199005127, 0.772711992263794, 0.0275394469499588, 1.3742414712905884, 1.2676728963851929, 0.8237370252609253, 0.14343903958797455, 0.8419700264930725, 0.18920579552650452, 0.017021294683218002, 1.2659343481063843]"
ecosystem,"[4, 18, 12, 7, 21, 7, 8, 4, 19]",34,"[0.542689859867096, 1.3888417482376099, 0.6840663552284241, 0.7008941173553467, 0.003985147923231125, 0.5059171319007874, 1.2379183769226074, 0.5075130462646484, 0.6959769129753113, 0.027540838345885277, 0.2692281901836395, 0.8967615962028503, 0.007673121988773346, 0.8793113827705383, 1.4690604209899902, 0.20905634760856628, 0.7271904349327087, 0.8028143644332886, 0.785614550113678, -0.0008346536196768284, 0.26895982027053833, 0.39770495891571045, 0.8147885203361511, 0.31227540969848633, 0.7621076107025146, 0.8962008953094482, 0.5668331384658813, 0.00036053918302059174, 0.2853454351425171, 1.5221487283706665, 0.6770709753036499, 0.5917544960975647, 0.7155730724334717, 0.8898369073867798, 0.007530555594712496, 1.2419767379760742, -0.009066492319107056, 0.26262786984443665, 0.9167391657829285, 1.491506576538086, 0.46630430221557617, 1.0941590070724487, 0.08091073483228683, 1.1975749731063843, 0.2971108555793762, 0.820897102355957, 0.8965390920639038, 1.5564303398132324, 0.08373257517814636, 0.544783890247345, 0.014954932034015656, 0.6565266847610474, 1.6736360788345337, 0.43471720814704895, 0.9412207007408142, 0.40619951486587524, 0.26343026757240295, 0.6619555950164795, 0.3939623236656189, 0.3412186801433563, 1.0970724821090698, 0.0511537566781044, 0.9807196855545044, 0.9119002223014832]"
environment,"[4, 5, 28, 6, 11, 12, 5, 19, 4, 5, 8]",34,"[0.6075409054756165, 0.6017586588859558, 0.6878678202629089, 0.8545742034912109, 0.012884149327874184, 1.4092788696289062, 0.21818861365318298, 0.8024855256080627, 0.6157461404800415, 0.2324453890323639, 0.2695079743862152, 1.1429545879364014, 0.0069599151611328125, 1.1961827278137207, 1.07811439037323, 0.2043522596359253, 1.1133885383605957, 1.5213874578475952, 0.08727322518825531, 0.0005940954433754086, 0.5434615015983582, 0.02021697163581848, 0.3557966649532318, 1.0808382034301758, 1.711223840713501, 1.8356225490570068, 0.8931752443313599, 0.0028970101848244667, 1.0322648286819458, 0.7496477961540222, 1.501542329788208, 1.4458013772964478, 1.2191070318222046, 1.5098979473114014, 0.004354957025498152, 0.5906697511672974, -0.004435685928910971, -0.16292554140090942, 1.7094812393188477, 0.3564682602882385, 1.0859662294387817, 0.997086226940155, 0.47470030188560486, 0.3134223520755768, 0.06343686580657959, -0.0986386239528656, -0.022148817777633667, 1.3796310424804688, 0.7399872541427612, 0.9789625406265259, 0.27062898874282837, 1.5403894186019897, 0.7716236114501953, 0.09004807472229004, 1.3427085876464844, -0.10443086922168732, 0.26390740275382996, 0.9119113087654114, 1.2444236278533936, 1.0036624670028687, 1.1989437341690063, 0.1274135708808899, 1.665557861328125, 0.27147072553634644]"
factor,"[22, 2, 18, 8, 12, 11]",34,"[0.4841098189353943, 1.2962044477462769, 0.35334914922714233, 0.4558873176574707, 0.011988594196736813, 0.4269457757472992, 1.0478956699371338, 0.9135337471961975, 0.7679656744003296, 0.21985885500907898, 0.436335027217865, 0.8176584243774414, 0.016951296478509903, 0.8013976216316223, 1.4278842210769653, 0.45884618163108826, 0.5332608819007874, 0.7816046476364136, 0.6021987795829773, 0.00015004898887127638, 0.2322317659854889, 0.1354890763759613, 0.9484530687332153, 0.40298956632614136, 0.698430061340332, 0.7671965956687927, 0.6222350597381592, -0.001889880746603012, 0.33296820521354675, 1.418161392211914, 0.8772934675216675, 0.5697759389877319, 0.5850516557693481, 0.982750415802002, 0.01686951145529747, 1.1171619892120361, 0.01329893246293068, 0.13397261500358582, 1.1942914724349976, 1.2646204233169556, 0.5686846971511841, 1.009058952331543, 0.022476831451058388, 1.1117280721664429, 0.1335856318473816, 0.43422234058380127, 0.6761901378631592, 1.459852933883667, 0.2457352876663208, 0.7349556088447571, 0.23414593935012817, 0.9471060633659363, 1.6046984195709229, 0.6631543040275574, 1.0419437885284424, 0.19665509462356567, 0.41055938601493835, 0.6775016784667969, 0.7690365314483643, 0.4594613313674927, 1.054563045501709, 0.2284962236881256, 0.7230660319328308, 0.7688530087471008]"
fraction,"[22, 11, 2, 18, 8, 6, 12, 5]",34,"[0.8641175031661987, 0.3955552577972412, 0.38694679737091064, 0.4292294383049011, 0.0010329559445381165, 0.7210641503334045, 0.3310244679450989, 1.4033029079437256, 0.6199630498886108, 0.5132850408554077, 0.9845522046089172, 0.6315231323242188, 0.03014720231294632, 0.41780534386634827, 0.6926172971725464, 0.6575919389724731, 1.058633804321289, 0.6564058065414429, 0.23523974418640137, 0.0008483930723741651, 0.6872144341468811, 0.11484941840171814, 0.5332778692245483, 0.9447735548019409, 1.1247433423995972, 1.211972713470459, 0.9737813472747803, -0.003941865637898445, 0.47901883721351624, 0.44904905557632446, 1.37945556640625, 0.909128725528717, 0.46601688861846924, 1.1563001871109009, 0.010732315480709076, 0.29593396186828613, 0.0007919613271951675, 0.38170796632766724, 1.7723665237426758, 0.40633147954940796, 0.5707115530967712, 0.32339614629745483, 0.08981551229953766, 0.4794974625110626, 0.0590163990855217, 0.26183611154556274, 0.3269507884979248, 0.4713665843009949, 0.5245648622512817, 1.4868673086166382, 0.7065345048904419, 1.4937747716903687, 0.5164191722869873, 0.6948633790016174, 0.9213687777519226, 0.1769862174987793, 0.3677878677845001, 0.36237043142318726, 1.2221100330352783, 0.9502925276756287, 0.7840559482574463, 0.5976390242576599, 0.7854034304618835, 0.19537246227264404]"
goods,"[17, 12, 12, 20, 7]",34,"[1.159679889678955, 0.2195514440536499, 0.6474701166152954, 0.6751165986061096, 0.0048700980842113495, 1.0934141874313354, 0.20513014495372772, 1.0962276458740234, 0.4931211769580841, 0.2559252083301544, 0.810296893119812, 0.769117534160614, 0.013404447585344315, 0.44713839888572693, 0.47469085454940796, 0.26462334394454956, 1.487787127494812, 0.8654873371124268, 0.08108533173799515, 0.00381688354536891, 0.9308407306671143, 0.24657349288463593, 0.25818970799446106, 1.1687606573104858, 1.4555805921554565, 1.6381524801254272, 1.0525691509246826, -0.0027227140963077545, 0.6104670166969299, 0.2707923650741577, 1.3766958713531494, 1.199086308479309, 0.733934760093689, 1.2154734134674072, 0.0009628189727663994, 0.21787214279174805, -0.005516392644494772, 0.43470656871795654, 1.672163724899292, 0.20916713774204254, 0.5304918885231018, 0.2460518479347229, 0.22257904708385468, 0.21230976283550262, 0.06837676465511322, 0.15750956535339355, 0.11047835648059845, 0.3651055097579956, 0.42016005516052246, 1.52525794506073, 0.3802482485771179, 1.3876551389694214, 0.18956011533737183, 0.279463529586792, 0.8138576745986938, 0.08502701669931412, 0.11268426477909088, 0.3895922899246216, 1.0694398880004883, 1.0926055908203125, 0.6868593096733093, 0.44273054599761963, 1.1491268873214722, 0.11992812156677246]"
government,"[17, 12, 28, 4, 11, 5, 19, 4, 5, 8]",34,"[0.6988494396209717, 0.6412125825881958, 0.6718855500221252, 0.7793241739273071, 0.013313991948962212, 1.1957392692565918, 0.416269987821579, 0.8137943744659424, 0.5657994747161865, 0.22971776127815247, 0.3516082167625427, 0.962435245513916, 0.004060843959450722, 0.9543444514274597, 0.9096845388412476, 0.2672269344329834, 1.1486839056015015, 1.2824815511703491, 0.21776315569877625, 0.0004498666385188699, 0.570115864276886, 0.10771786421537399, 0.3850483298301697, 0.9616938829421997, 1.5307046175003052, 1.613394856452942, 0.8808306455612183, 0.009476259350776672, 0.8650608062744141, 0.7226105332374573, 1.3390140533447266, 1.2674546241760254, 1.0427272319793701, 1.2961199283599854, 0.003982547204941511, 0.5909819602966309, -0.006091026589274406, 0.02511882781982422, 1.5508410930633545, 0.5103312730789185, 0.8655081987380981, 0.8106352090835571, 0.37718209624290466, 0.4156701862812042, 0.09359690546989441, 0.06926523149013519, 0.13600724935531616, 1.2119600772857666, 0.5724583864212036, 1.0512709617614746, 0.26367902755737305, 1.3739359378814697, 0.8135813474655151, 0.23989513516426086, 1.0963473320007324, -0.014751657843589783, 0.24429762363433838, 0.7804410457611084, 1.0794123411178589, 0.9411821961402893, 0.979826033115387, 0.19854676723480225, 1.4283561706542969, 0.3585498034954071]"
inherit,"[6, 5, 9, 4, 11, 6, 8]",34,"[0.4829789996147156, 1.163294792175293, 0.43533337116241455, 0.4247596263885498, 0.0019403602927923203, 0.2822146415710449, 0.9635937213897705, 0.8320814967155457, 0.7226063013076782, 0.15737783908843994, 0.4525814950466156, 0.6691033840179443, 0.011640259064733982, 0.6675072908401489, 1.2913719415664673, 0.49043697118759155, 0.5399280190467834, 0.5097788572311401, 0.6704651713371277, -0.002326902700588107, 0.24289153516292572, 0.24883876740932465, 0.8758444786071777, 0.25770288705825806, 0.5879459381103516, 0.5904295444488525, 0.5847303867340088, 0.010983342304825783, 0.1745581179857254, 1.2672816514968872, 0.732705295085907, 0.4689289629459381, 0.4154319167137146, 0.8628407716751099, -0.005042431876063347, 0.9380108714103699, -0.013528897427022457, 0.2968727648258209, 1.1169111728668213, 1.146396517753601, 0.39684775471687317, 0.8036466836929321, 0.006192939355969429, 1.1503267288208008, 0.19678156077861786, 0.6080530285835266, 0.8283410668373108, 1.2272274494171143, 0.12518316507339478, 0.6913944482803345, 0.1603357195854187, 0.7749007344245911, 1.4590067863464355, 0.7416434288024902, 0.9278438091278076, 0.35742345452308655, 0.45588839054107666, 0.45625564455986023, 0.6023126840591431, 0.31405797600746155, 1.0487840175628662, 0.18396972119808197, 0.5891085863113403, 0.6939494013786316]"
law,"[14, 2, 26]",34,"[0.4287967085838318, 1.229179859161377, 0.7778857350349426, 0.7258420586585999, 0.00859627965837717, 0.45263323187828064, 1.102644920349121, 0.38543665409088135, 0.7139042615890503, 0.026606682687997818, 0.15844501554965973, 1.0458018779754639, 0.000521855428814888, 1.0201330184936523, 1.6851321458816528, 0.045660898089408875, 0.5775716304779053, 0.7410441637039185, 0.7690505385398865, -0.0011435204651206732, 0.13929292559623718, 0.31229275465011597, 0.6737816333770752, 0.15085484087467194, 0.6953215599060059, 0.8577098250389099, 0.5706725120544434, 0.0062926579266786575, 0.1270596981048584, 1.5416854619979858, 0.6443634033203125, 0.5824690461158752, 0.7778500318527222, 0.9720430970191956, -0.010437855497002602, 1.20637845993042, 0.00456369761377573, 0.08443905413150787, 0.8298484086990356, 1.453285574913025, 0.36569836735725403, 1.1660107374191284, 0.006331970915198326, 1.1099580526351929, 0.3750075101852417, 0.6462504863739014, 0.899016797542572, 1.6800192594528198, 0.024479445070028305, 0.311062216758728, -0.04073595628142357, 0.5797697305679321, 1.7729214429855347, 0.2747355103492737, 1.1195764541625977, 0.3902277946472168, 0.17914339900016785, 0.5864303112030029, 0.31930863857269287, 0.18503333628177643, 1.2209815979003906, 0.05252924561500549, 1.0249578952789307, 0.9123246669769287]"
leader,"[14, 4, 2, 20, 4, 11]",34,"[1.1890321969985962, 0.5974951386451721, 1.1798031330108643, 1.0261298418045044, 0.003797324374318123, 0.7248767018318176, 0.5181878805160522, 0.8747574090957642, 0.8335873484611511, 0.09758996963500977, 0.450562059879303, 1.1756856441497803, -0.012981494888663292, 0.7717276215553284, 1.2483824491500854, 0.19781096279621124, 1.4297436475753784, 0.6270062923431396, 0.41472816467285156, -0.00010116328485310078, 0.5714648365974426, 0.7147396206855774, 0.28260746598243713, 0.5953741073608398, 1.370460867881775, 1.5442477464675903, 1.1160575151443481, 0.010746512562036514, 0.20533035695552826, 0.6877576112747192, 1.1068000793457031, 1.0761299133300781, 0.80718994140625, 1.3991317749023438, -0.007085845805704594, 0.4808024764060974, -0.01136304996907711, 0.417420893907547, 1.565299153327942, 0.7584542036056519, 0.18357941508293152, 0.588442325592041, 0.04637359827756882, 0.6782283186912537, 0.3555319011211395, 0.6626293659210205, 0.5329549312591553, 0.9636703729629517, 0.1301833540201187, 1.089751124382019, 0.07718363404273987, 1.1249475479125977, 0.8369712829589844, 0.1688781976699829, 1.127027153968811, 0.5607901811599731, 0.02647540345788002, 0.23091064393520355, 0.6606679558753967, 0.5690500140190125, 1.3552756309509277, 0.10993047803640366, 1.4406641721725464, 0.42418986558914185]"
multiple,"[19, 13, 14, 8, 6, 3, 14, 4]",34,"[0.6159384846687317, 1.3751394748687744, 0.6012111902236938, 0.5106015801429749, -0.008896984159946442, 0.4162919521331787, 1.0855793952941895, 1.0115172863006592, 0.7700125575065613, 0.34781110286712646, 0.43538010120391846, 0.8502047657966614, 0.015424884855747223, 0.8156571984291077, 1.4045640230178833, 0.7099725008010864, 0.7043091654777527, 0.7379220724105835, 0.7005610466003418, -0.00203498313203454, 0.32477086782455444, 0.35294491052627563, 1.0209541320800781, 0.37078654766082764, 0.7802997827529907, 0.8564831614494324, 0.758006751537323, 0.0037510162219405174, 0.3326869010925293, 1.461345911026001, 0.8692549467086792, 0.6197887063026428, 0.6275560259819031, 1.0411911010742188, -0.004839283414185047, 1.152407169342041, -0.01352725364267826, 0.2652581036090851, 1.3958137035369873, 1.327676773071289, 0.5483071208000183, 0.9904895424842834, -0.000698750838637352, 1.2954120635986328, 0.16297441720962524, 0.7260595560073853, 0.8005006909370422, 1.5142247676849365, 0.32835501432418823, 0.9015377759933472, 0.32933807373046875, 0.9985577464103699, 1.607223391532898, 0.8467602729797363, 0.9826512336730957, 0.35164910554885864, 0.6078387498855591, 0.628246009349823, 0.8557326793670654, 0.4785519540309906, 1.148776650428772, 0.2437635362148285, 0.8017669320106506, 0.7932497262954712]"
numerator,"[5, 13, 19, 4, 11, 2, 8, 12, 11]",34,"[0.03968432545661926, 2.1080126762390137, 0.005866840481758118, 0.092688649892807, 0.0029032062739133835, 0.30432987213134766, 1.5330262184143066, 0.6586316227912903, 0.47945740818977356, 0.3372514247894287, 0.193663090467453, 0.36545664072036743, 0.04900728166103363, 0.792678713798523, 1.2658336162567139, 0.8704333901405334, 0.06610874831676483, 0.9644559621810913, 0.8485483527183533, -0.0015535354614257812, 0.11141093075275421, -0.02668129652738571, 1.5928523540496826, 0.25911304354667664, 0.24933969974517822, 0.24500593543052673, 0.28358009457588196, 0.0005563534796237946, 0.6554737687110901, 2.0919156074523926, 0.5068027377128601, 0.28303655982017517, 0.44590088725090027, 0.4585976302623749, 0.002424349542707205, 1.8377313613891602, 0.0030349381268024445, -0.02575474977493286, 0.7585280537605286, 1.7235569953918457, 1.0469671487808228, 1.2920644283294678, 0.08477235585451126, 1.5824397802352905, -0.041331008076667786, 0.5549560785293579, 0.7987944483757019, 1.879839301109314, 0.4927235543727875, 0.30025920271873474, 0.35936659574508667, 0.5938546061515808, 2.1632845401763916, 1.0999666452407837, 0.6134276390075684, 0.03569395840167999, 0.973086416721344, 1.1285369396209717, 0.743892252445221, 0.23276223242282867, 0.6682326197624207, 0.1873977929353714, 0.19781717658042908, 1.0716999769210815]"
perimeter,"[3, 4, 11, 6, 19, 4, 8, 4, 11]",34,"[0.18424665927886963, 1.945433259010315, 0.37570738792419434, 0.38129740953445435, 0.00017194636166095734, 0.238381490111351, 1.524446964263916, 0.5781329870223999, 0.7527077794075012, 0.09681864082813263, 0.14394961297512054, 0.8019440770149231, 0.021682221442461014, 1.0444951057434082, 1.816127896308899, 0.5051084756851196, 0.20501604676246643, 0.7839549779891968, 1.0005388259887695, -0.0009805667214095592, 0.03321041911840439, 0.18905311822891235, 1.3364979028701782, 0.059441059827804565, 0.3965947926044464, 0.4421501159667969, 0.35926029086112976, 0.0019388506188988686, 0.26094692945480347, 2.1290159225463867, 0.5534342527389526, 0.33803117275238037, 0.5602765083312988, 0.8171839714050293, 0.0012160534970462322, 1.6772332191467285, 0.002341913990676403, 0.026541978120803833, 0.861493706703186, 1.8167296648025513, 0.6565821766853333, 1.4009188413619995, -0.008001180365681648, 1.7048996686935425, 0.1720900684595108, 0.7858433723449707, 1.0837931632995605, 2.063838481903076, 0.15617787837982178, 0.24375399947166443, 0.04478035122156143, 0.562278687953949, 2.3083269596099854, 0.7656195163726807, 1.0361659526824951, 0.3090805113315582, 0.6254062652587891, 0.8557900786399841, 0.5118773579597473, 0.10480539500713348, 1.2587534189224243, 0.03870466351509094, 0.5484617948532104, 1.1655833721160889]"
product,"[3, 11, 12, 20, 13, 18, 8]",34,"[0.6606904864311218, 1.0045499801635742, 0.25554341077804565, 0.262042373418808, 0.0009882301092147827, 0.5341204404830933, 0.6978341341018677, 1.3636305332183838, 0.6846700310707092, 0.45693981647491455, 0.8332480192184448, 0.6048569679260254, 0.02936394140124321, 0.5616390109062195, 0.9928430318832397, 0.8994591236114502, 0.7615357637405396, 0.7640888690948486, 0.4381965398788452, -0.0005098313558846712, 0.4839702248573303, 0.10228214412927628, 0.9649848937988281, 0.7123672366142273, 0.8939568400382996, 0.8978391885757446, 0.7886773347854614, 0.008708876557648182, 0.47318872809410095, 1.0546735525131226, 1.1792144775390625, 0.7074143290519714, 0.4199656546115875, 1.0974502563476562, 0.00023064948618412018, 0.7994067668914795, -0.015765907242894173, 0.34455445408821106, 1.6479116678237915, 0.8163973093032837, 0.6895120143890381, 0.664178192615509, 0.06185980141162872, 0.954865038394928, -0.011032551527023315, 0.3665212392807007, 0.48017799854278564, 0.9994274973869324, 0.46758702397346497, 1.2345139980316162, 0.5838939547538757, 1.2940154075622559, 1.095903992652893, 1.0337713956832886, 0.9456004500389099, 0.10093705356121063, 0.7036682963371277, 0.5632782578468323, 1.1756150722503662, 0.7947080731391907, 0.8659905195236206, 0.5039178133010864, 0.5695448517799377, 0.43751800060272217]"
quotient,"[24, 13, 12, 8, 6, 4, 5, 8]",34,"[0.3905937671661377, 1.1905845403671265, 0.3833375573158264, 0.4340534210205078, 0.004624424502253532, 0.6052314043045044, 0.8705726861953735, 0.8431351780891418, 0.6830146312713623, 0.23996570706367493, 0.3090980648994446, 0.7982119917869568, 0.019139647483825684, 0.8656699657440186, 1.2943661212921143, 0.5412715673446655, 0.5541514754295349, 0.9497900009155273, 0.47593092918395996, -0.0005075777880847454, 0.2572064697742462, 0.09868274629116058, 0.9717686772346497, 0.509331226348877, 0.8181014657020569, 0.9099039435386658, 0.6063549518585205, 0.001489037647843361, 0.5404893755912781, 1.341687560081482, 0.8996647000312805, 0.683578610420227, 0.67082679271698, 1.0200636386871338, 0.008652396500110626, 1.075539231300354, -0.004873238503932953, 0.061254456639289856, 1.2535401582717896, 1.0626477003097534, 0.7552913427352905, 1.0290977954864502, 0.1583266705274582, 1.0225849151611328, 0.0945291742682457, 0.3115939497947693, 0.5434054732322693, 1.511385440826416, 0.4059281051158905, 0.6771546602249146, 0.24415968358516693, 0.9843728542327881, 1.4304436445236206, 0.6867949366569519, 1.0078880786895752, 0.09781736135482788, 0.5570874810218811, 0.7616013884544373, 0.888312041759491, 0.5261264443397522, 0.9804006814956665, 0.20039361715316772, 0.7773143649101257, 0.6358464360237122]"
region,"[11, 4, 17, 6, 12, 5]",34,"[0.32639750838279724, 1.1143863201141357, 0.286394864320755, 0.3129987418651581, 0.0031835827976465225, 0.3805614709854126, 0.753526508808136, 0.9733942151069641, 0.773504912853241, 0.25742214918136597, 0.4101216197013855, 0.7617095708847046, 0.012280382215976715, 0.8538070917129517, 1.359534502029419, 0.6562796831130981, 0.4381965696811676, 0.6907929182052612, 0.4866495728492737, -0.0013451080303639174, 0.21573087573051453, 0.04003669321537018, 0.9609054923057556, 0.3850094676017761, 0.6809940338134766, 0.686683714389801, 0.6061594486236572, 0.0031582722440361977, 0.32523688673973083, 1.3089593648910522, 0.8759305477142334, 0.5433979034423828, 0.46886304020881653, 1.0475473403930664, 0.0036569959484040737, 0.973102331161499, -0.01005047932267189, 0.07437276840209961, 1.32781982421875, 1.0175126791000366, 0.6126851439476013, 0.9275769591331482, 0.035259827971458435, 1.0820670127868652, 0.08645933866500854, 0.29177215695381165, 0.5725820064544678, 1.375198483467102, 0.31537801027297974, 0.6855524182319641, 0.2543509602546692, 0.964356541633606, 1.4291696548461914, 0.7850459814071655, 1.101886510848999, 0.11641865968704224, 0.6162721514701843, 0.6006329655647278, 0.8944061994552612, 0.4030840992927551, 1.1388118267059326, 0.208653062582016, 0.6061253547668457, 0.5899121761322021]"
resource,"[11, 4, 7, 12, 13, 11, 18, 4]",34,"[1.0701589584350586, 0.6150113940238953, 1.0631229877471924, 0.9340561628341675, 0.012195110321044922, 0.8341475129127502, 0.5318523645401001, 0.7522457838058472, 0.7370073795318604, 0.07240896672010422, 0.42039477825164795, 1.1223390102386475, 0.0012950347736477852, 0.8108075261116028, 1.199074625968933, 0.15647032856941223, 1.35701322555542, 0.7220611572265625, 0.39932966232299805, -0.0002293784637004137, 0.5845245718955994, 0.6710373163223267, 0.36239442229270935, 0.658204972743988, 1.346259355545044, 1.5048351287841797, 0.929863452911377, 0.0009123031049966812, 0.3082984685897827, 0.7048550844192505, 1.0681774616241455, 1.0237994194030762, 0.8011748790740967, 1.3109509944915771, -0.000335189513862133, 0.557725191116333, -0.009489703923463821, 0.4033389389514923, 1.4261043071746826, 0.7254430651664734, 0.3306504487991333, 0.6961768865585327, 0.16550956666469574, 0.6911768913269043, 0.3507625460624695, 0.5843232870101929, 0.5255985260009766, 0.9892012476921082, 0.16473296284675598, 1.014919400215149, 0.059954237192869186, 1.0853829383850098, 0.8298290967941284, 0.21690315008163452, 1.0665045976638794, 0.47994059324264526, 0.09116435050964355, 0.36567893624305725, 0.6786172389984131, 0.5960718393325806, 1.2196475267410278, 0.09457831084728241, 1.4305474758148193, 0.4018661379814148]"
responsible,"[11, 4, 7, 3, 12, 5, 7, 6, 10, 14, 4]",34,"[0.177117720246315, 1.9095537662506104, 0.21511733531951904, 0.207865908741951, 0.010826902464032173, 0.11294399201869965, 1.5073432922363281, 0.6929537057876587, 0.6078757047653198, 0.225850909948349, 0.24927234649658203, 0.4654858708381653, 0.036057837307453156, 0.7098713517189026, 1.3816765546798706, 0.8402380347251892, 0.19204968214035034, 0.6347610950469971, 0.9198366403579712, -0.0016026458470150828, 0.05807565152645111, 0.20018386840820312, 1.4476280212402344, 0.06246420741081238, 0.2607874870300293, 0.21056482195854187, 0.32557421922683716, 0.007420382462441921, 0.31170281767845154, 1.8630456924438477, 0.42998865246772766, 0.19573181867599487, 0.35788604617118835, 0.5426519513130188, 0.001308925449848175, 1.5707335472106934, -0.015529301017522812, 0.18968653678894043, 0.8575452566146851, 1.6849241256713867, 0.6336186528205872, 1.1641013622283936, -0.011107753962278366, 1.6511256694793701, 0.09212902933359146, 0.7643879652023315, 0.9902819395065308, 1.701087474822998, 0.26467248797416687, 0.3716067671775818, 0.2294830083847046, 0.5459656715393066, 2.0693976879119873, 1.1265380382537842, 0.7083203196525574, 0.2836931049823761, 0.8886188268661499, 0.7885113954544067, 0.5556585788726807, 0.167385995388031, 0.8626906871795654, 0.11358633637428284, 0.2705828547477722, 0.9893547892570496]"
rights,"[11, 6, 17, 9, 8, 7]",34,"[0.43159204721450806, 0.9362919330596924, 0.5722817182540894, 0.7178033590316772, 0.008427898399531841, 0.9416166543960571, 0.6734992265701294, 0.662848711013794, 0.7063196897506714, 0.09023865312337875, 0.25550466775894165, 1.031022310256958, 0.015867149457335472, 1.0870678424835205, 1.380284309387207, 0.15346789360046387, 0.7824226021766663, 1.2007418870925903, 0.4809948205947876, -0.0001382618211209774, 0.36365723609924316, 0.05440280959010124, 0.5642967820167542, 0.6161699295043945, 1.170490026473999, 1.309142827987671, 0.656461775302887, 0.008464576676487923, 0.6256867051124573, 1.2286361455917358, 1.06148362159729, 0.9899463057518005, 0.9580642580986023, 1.244032382965088, -0.006763447541743517, 0.9249014854431152, -0.016756517812609673, -0.009223699569702148, 1.1999914646148682, 0.9067575931549072, 0.7737698554992676, 1.0553971529006958, 0.2123134583234787, 0.728175938129425, 0.20188428461551666, 0.10458266735076904, 0.4249122142791748, 1.5840680599212646, 0.2947996258735657, 0.6593210697174072, 0.07662440836429596, 0.9605484008789062, 1.3729535341262817, 0.27441373467445374, 1.2062920331954956, 0.016040831804275513, 0.281267374753952, 0.8641320466995239, 0.859280526638031, 0.6699035167694092, 1.1783653497695923, 0.15736933052539825, 1.2582290172576904, 0.6994731426239014]"
services,"[7, 4, 11, 28, 6, 18, 4, 7]",34,"[0.5099719166755676, 1.4545342922210693, 0.6125764846801758, 0.5405982136726379, 0.0036023296415805817, 0.286665678024292, 1.2392451763153076, 0.5771965980529785, 0.7842692732810974, 0.035226307809352875, 0.2900482416152954, 0.9149497151374817, 0.005248351953923702, 0.8578150868415833, 1.7154161930084229, 0.3122755289077759, 0.5027543306350708, 0.6209995746612549, 0.8940564393997192, -0.00021990796085447073, 0.14101937413215637, 0.4752020239830017, 0.978365421295166, 0.133263498544693, 0.6171254515647888, 0.6382396817207336, 0.48539963364601135, 0.003778989426791668, 0.12406149506568909, 1.6266354322433472, 0.6070410013198853, 0.4301464557647705, 0.5475416779518127, 0.9055522680282593, 0.00415834179148078, 1.2349309921264648, -0.0033176173456013203, 0.2778990864753723, 0.9453102946281433, 1.5593620538711548, 0.4154643714427948, 1.0928090810775757, -0.0014788024127483368, 1.3674368858337402, 0.35748618841171265, 0.8849066495895386, 1.121465802192688, 1.5967847108840942, 0.061628829687833786, 0.4684600830078125, 0.008719298988580704, 0.6120355129241943, 1.8409448862075806, 0.5724987983703613, 1.0179303884506226, 0.5813000798225403, 0.41422146558761597, 0.569766104221344, 0.42463135719299316, 0.18529441952705383, 1.281464695930481, 0.0605095699429512, 0.7749481797218323, 0.9070997834205627]"
supply,"[7, 13, 3, 3, 14, 21]",34,"[0.7192605137825012, 0.4212552309036255, 0.38691407442092896, 0.43943721055984497, 0.008415133692324162, 0.7346007823944092, 0.2512630522251129, 1.2928848266601562, 0.5914381742477417, 0.5714943408966064, 0.8742446303367615, 0.641711950302124, 0.020220130681991577, 0.5274432897567749, 0.7221981287002563, 0.5888580083847046, 0.9134957194328308, 0.7486155033111572, 0.2905210256576538, 0.001393659389577806, 0.6484702229499817, 0.05883707106113434, 0.5153241753578186, 0.8923740386962891, 1.0669893026351929, 1.1118264198303223, 0.9256950616836548, 0.001388026401400566, 0.49930354952812195, 0.5011857151985168, 1.2798309326171875, 0.9381057024002075, 0.5874027609825134, 1.0838801860809326, -0.025781504809856415, 0.4205475449562073, -0.004896517843008041, 0.21804480254650116, 1.5422884225845337, 0.3745031952857971, 0.5723303556442261, 0.441107839345932, 0.05577860772609711, 0.4242728650569916, 0.09910639375448227, 0.10534576326608658, 0.27296584844589233, 0.5607321858406067, 0.5655584335327148, 1.25424063205719, 0.7296544909477234, 1.3449195623397827, 0.629572868347168, 0.6366261839866638, 0.9295157790184021, 0.13216447830200195, 0.4075527787208557, 0.4750674366950989, 1.2418075799942017, 0.9203194379806519, 0.7831902503967285, 0.6144558787345886, 0.8380531668663025, 0.25577184557914734]"
trade,"[8, 11, 2, 20, 4]",34,"[0.9827370047569275, 0.9253825545310974, 1.0234313011169434, 0.8695862293243408, 0.004487067461013794, 0.5449020862579346, 0.9224585890769958, 0.6189689636230469, 0.6649886965751648, 0.050910282880067825, 0.32888320088386536, 0.9827854633331299, -0.00378422811627388, 0.7122118473052979, 1.2314199209213257, 0.19266632199287415, 1.1546180248260498, 0.5362070798873901, 0.6404607892036438, 0.0008814948378130794, 0.4023360013961792, 0.7077226042747498, 0.4988177418708801, 0.3703209161758423, 1.0392905473709106, 1.1483246088027954, 0.8487957715988159, 0.0033167749643325806, 0.1360354870557785, 0.9383010864257812, 0.7981622815132141, 0.7847681641578674, 0.6864333152770996, 1.0595866441726685, -0.00201227399520576, 0.8450313806533813, -0.016542630270123482, 0.34960460662841797, 1.166583776473999, 1.1502574682235718, 0.17888668179512024, 0.7216286659240723, 0.018149523064494133, 0.8672906756401062, 0.3802276849746704, 0.8667483329772949, 0.7610231637954712, 1.1075823307037354, 0.08253274857997894, 0.7795107364654541, 0.004502583295106888, 0.8162463307380676, 1.139623999595642, 0.24108174443244934, 0.8985223174095154, 0.5817140936851501, 0.11917892098426819, 0.30437716841697693, 0.40669888257980347, 0.361672043800354, 1.1926093101501465, 0.0354609414935112, 1.155022144317627, 0.6295728087425232]"
autobiography,"[2, 13, 8, 12, 10, 6, 12, 17, 11, 2, 3, 9, 21]",34,"[0.11704554408788681, 2.1932506561279297, -0.007983878254890442, 0.08066017180681229, 0.0008177421987056732, 0.3141424357891083, 1.5923702716827393, 0.7823734283447266, 0.5506691336631775, 0.43700075149536133, 0.2761343717575073, 0.4068962335586548, 0.055272191762924194, 0.8192166090011597, 1.3731199502944946, 0.990106463432312, 0.07819433510303497, 1.0561476945877075, 0.8797455430030823, -0.0017877897480502725, 0.12741397321224213, -0.004787817597389221, 1.7445355653762817, 0.3077220916748047, 0.3251988887786865, 0.28937068581581116, 0.31681734323501587, 0.0017049740999937057, 0.7034188508987427, 2.2021663188934326, 0.5694721341133118, 0.3095189034938812, 0.4978907108306885, 0.540881872177124, 0.004771038424223661, 1.9479775428771973, 0.01165214367210865, 0.009499609470367432, 0.879156231880188, 1.8238649368286133, 1.1498332023620605, 1.3876837491989136, 0.12231890857219696, 1.654893159866333, -0.006332278251647949, 0.572933554649353, 0.8642998933792114, 1.983702301979065, 0.5605280995368958, 0.4431558847427368, 0.47147709131240845, 0.7404200434684753, 2.313581705093384, 1.3173809051513672, 0.6814364194869995, 0.04639497399330139, 1.1292381286621094, 1.214226245880127, 0.8889163732528687, 0.31074488162994385, 0.7224866151809692, 0.26333051919937134, 0.25900763273239136, 1.0496809482574463]"
biography,"[10, 6, 12, 17, 11, 2, 3, 9, 21]",34,"[0.2923543155193329, 1.3484923839569092, 0.13714373111724854, 0.16390545666217804, 0.0013640671968460083, 0.34960001707077026, 0.9826697111129761, 0.845460832118988, 0.5105915069580078, 0.37975579500198364, 0.4254600405693054, 0.4357270300388336, 0.03824716806411743, 0.6089768409729004, 1.0598393678665161, 0.7714763879776001, 0.2801618278026581, 0.7738730907440186, 0.5789669752120972, 1.1389958672225475e-05, 0.2382364720106125, 0.04933500289916992, 1.1708533763885498, 0.40345531702041626, 0.46778544783592224, 0.4334529638290405, 0.43761390447616577, 0.0022724177688360214, 0.5061911344528198, 1.4103658199310303, 0.6446585655212402, 0.3779730498790741, 0.3868074119091034, 0.5998759865760803, -0.004522013943642378, 1.2352657318115234, -0.016501810401678085, 0.18996064364910126, 0.9750163555145264, 1.171736717224121, 0.7886854410171509, 0.8837313055992126, 0.08002004027366638, 1.145851492881775, 0.05366545170545578, 0.41765812039375305, 0.6540257930755615, 1.290292739868164, 0.43595144152641296, 0.5993924140930176, 0.4296495318412781, 0.7546477317810059, 1.4922677278518677, 0.9961885213851929, 0.6551615595817566, 0.10378200560808182, 0.755894660949707, 0.788056492805481, 0.8489293456077576, 0.39390525221824646, 0.6699711680412292, 0.3017241358757019, 0.3106159567832947, 0.6581969261169434]"
caption,"[18, 2, 3, 8, 6, 12, 5]",34,"[0.8151494860649109, 0.4803038239479065, 0.3894820809364319, 0.32728874683380127, 0.0006772633641958237, 0.47341930866241455, 0.481147825717926, 1.3563785552978516, 0.5898257493972778, 0.4986070990562439, 0.9925216436386108, 0.4882383942604065, 0.027548454701900482, 0.2637108266353607, 0.6607421636581421, 0.753223180770874, 0.9023985862731934, 0.4441995620727539, 0.3628789186477661, -0.000798508757725358, 0.5925101637840271, 0.262956440448761, 0.5835691094398499, 0.7349899411201477, 0.88783198595047, 0.9268053770065308, 0.8793823719024658, 0.002308831550180912, 0.30396878719329834, 0.4752961993217468, 1.1333427429199219, 0.6831038594245911, 0.29337263107299805, 0.9599704742431641, -0.00028248829767107964, 0.3296118378639221, -0.016269078478217125, 0.5678156018257141, 1.580925703048706, 0.5215131044387817, 0.39941006898880005, 0.2423405647277832, -0.006150912493467331, 0.6457632184028625, 0.11353936791419983, 0.4788852334022522, 0.5107042789459229, 0.39457058906555176, 0.3776691257953644, 1.3968461751937866, 0.6844428777694702, 1.2571656703948975, 0.5791143178939819, 0.8660059571266174, 0.744198739528656, 0.31911641359329224, 0.435916543006897, 0.2431204915046692, 1.0289018154144287, 0.7952587604522705, 0.7040204405784607, 0.6058350205421448, 0.5669706463813782, 0.239547461271286]"
conflict,"[18, 12, 5, 22, 14, 6, 18, 8]",34,"[1.1663122177124023, 0.43390029668807983, 0.8591470122337341, 0.7128488421440125, -0.0067863501608371735, 0.7219105958938599, 0.5802826881408691, 1.160922646522522, 0.5951269865036011, 0.29495102167129517, 0.8308598399162292, 0.7964873313903809, 0.005800641141831875, 0.4212391674518585, 0.8300471305847168, 0.343137264251709, 1.3417713642120361, 0.562650203704834, 0.4280027151107788, 0.001906112884171307, 0.7612767219543457, 0.5425249338150024, 0.37344855070114136, 0.8005400896072388, 1.2308958768844604, 1.3184255361557007, 0.9783141613006592, -0.0036170072853565216, 0.2984980046749115, 0.45794838666915894, 1.2018113136291504, 0.9140627980232239, 0.5765990614891052, 1.1013128757476807, -0.0036661403719335794, 0.3222666382789612, -0.009496821090579033, 0.710087776184082, 1.571941614151001, 0.6077234148979187, 0.2784237861633301, 0.3258947730064392, 0.09030526876449585, 0.6507735252380371, 0.22133970260620117, 0.7755604982376099, 0.6618236303329468, 0.5519163608551025, 0.2732688784599304, 1.5099095106124878, 0.3843313455581665, 1.261322021484375, 0.583236575126648, 0.4756975769996643, 0.8408681154251099, 0.529400110244751, 0.07463648915290833, 0.2179126739501953, 0.872539222240448, 0.7938857674598694, 0.8558555841445923, 0.396038293838501, 1.0149140357971191, 0.3327600955963135]"
dialogue,"[20, 6, 2, 14, 12, 17, 13, 4]",34,"[0.20889995992183685, 1.5307515859603882, 0.20343101024627686, 0.22779662907123566, 0.004079395905137062, 0.3152073621749878, 0.989967942237854, 0.9032961130142212, 0.6203297972679138, 0.3467223048210144, 0.2450522482395172, 0.5987229347229004, 0.035438064485788345, 0.831017255783081, 1.3185299634933472, 0.8929068446159363, 0.2672577202320099, 0.7987428903579712, 0.5956076979637146, -0.0010186333674937487, 0.18518352508544922, 0.0445241816341877, 1.2452669143676758, 0.3007526397705078, 0.4180905520915985, 0.48332807421684265, 0.4520377516746521, 0.00022973492741584778, 0.4663064181804657, 1.595096468925476, 0.6982139945030212, 0.42715805768966675, 0.45987585186958313, 0.7729933857917786, -0.011202107183635235, 1.2800395488739014, -0.01514382753521204, 0.0584322065114975, 1.0896533727645874, 1.18393874168396, 0.7441917657852173, 1.0675417184829712, 0.04180110991001129, 1.3694827556610107, -0.002194926142692566, 0.3597080707550049, 0.6358363628387451, 1.5667872428894043, 0.4169999957084656, 0.5107430815696716, 0.3338952660560608, 0.7841063737869263, 1.6575583219528198, 1.0475234985351562, 0.8481405973434448, 0.06716039776802063, 0.8554872274398804, 0.8027809262275696, 0.8901564478874207, 0.32260769605636597, 0.9322034120559692, 0.21150606870651245, 0.3634110391139984, 0.758800208568573]"
drama,"[20, 11, 2, 19, 2]",34,"[0.4941372275352478, 1.0437151193618774, 0.4826021194458008, 0.5083048939704895, 0.007640214636921883, 0.45328283309936523, 0.8186646699905396, 0.6989939212799072, 0.6308090686798096, 0.18385392427444458, 0.3425620496273041, 0.735899806022644, 0.014696567319333553, 0.7230579257011414, 1.1932299137115479, 0.3411470055580139, 0.6097221374511719, 0.7015199661254883, 0.5433101654052734, -0.0016946218675002456, 0.2821419835090637, 0.23739705979824066, 0.7033599615097046, 0.36926496028900146, 0.6775420904159546, 0.7924603223800659, 0.631913423538208, 0.004155228845775127, 0.30640339851379395, 1.1300638914108276, 0.7635196447372437, 0.6059896945953369, 0.5811418890953064, 0.8905590176582336, 0.0039019430987536907, 0.9199031591415405, 0.005516678094863892, 0.16224828362464905, 1.0077805519104004, 1.0230885744094849, 0.47483161091804504, 0.807290256023407, 0.014228401705622673, 0.9003642201423645, 0.1522471159696579, 0.4515860378742218, 0.6394908428192139, 1.1778556108474731, 0.18503467738628387, 0.6311765313148499, 0.17131014168262482, 0.7801291942596436, 1.2653436660766602, 0.47312700748443604, 0.8816827535629272, 0.2919924557209015, 0.33219704031944275, 0.5293101072311401, 0.6125680208206177, 0.4040578007698059, 0.9681830406188965, 0.18771570920944214, 0.7492464780807495, 0.6390246748924255]"
first person,"[22, 6, 11, 7, 8, 31, 3, 4, 11, 7, 12, 5]",34,"[0.5977651476860046, 0.7831567525863647, 0.7110226154327393, 0.9006903171539307, 0.019411584362387657, 1.1260310411453247, 0.44119882583618164, 0.8347772359848022, 0.9317052960395813, 0.028398660942912102, 0.3252076208591461, 1.3888179063796997, 0.01144450344145298, 1.2787026166915894, 1.578245997428894, 0.12793295085430145, 1.0880249738693237, 1.2737973928451538, 0.3132113814353943, -0.002137849573045969, 0.46367061138153076, 0.10845499485731125, 0.4877115488052368, 0.8120259046554565, 1.4346811771392822, 1.6947332620620728, 0.7973074913024902, -0.007618827745318413, 0.6477749943733215, 1.1417007446289062, 1.363107681274414, 1.2013659477233887, 1.0873488187789917, 1.6276299953460693, 0.002417188137769699, 0.7531129121780396, -0.01598024182021618, -0.03353819251060486, 1.564939022064209, 0.7137259840965271, 0.750773012638092, 1.1509325504302979, 0.29678359627723694, 0.7243680953979492, 0.2366335391998291, 0.0020326822996139526, 0.30669069290161133, 1.5683265924453735, 0.2974206209182739, 0.8535876274108887, 0.024337098002433777, 1.267223834991455, 1.2232261896133423, 0.2102682888507843, 1.5232988595962524, 0.008990421891212463, 0.213807612657547, 0.8368282914161682, 0.9867591261863708, 0.8393577337265015, 1.4938260316848755, 0.10757245123386383, 1.5994749069213867, 0.5776163339614868]"
folktale,"[22, 12, 14, 16, 8, 2, 14, 4]",34,"[1.1116670370101929, 0.5697704553604126, 0.9713439345359802, 0.8471550345420837, 0.0038622692227363586, 0.8379796743392944, 0.47031307220458984, 1.0852806568145752, 0.72156822681427, 0.264692485332489, 0.5408143401145935, 1.0293471813201904, 0.007480125408619642, 0.739968478679657, 1.0050766468048096, 0.41728803515434265, 1.4070626497268677, 0.7295452356338501, 0.297354519367218, 0.0003328534075990319, 0.7030262351036072, 0.48201286792755127, 0.4460557699203491, 0.748355507850647, 1.4058996438980103, 1.5691550970077515, 1.091780424118042, -0.006376469507813454, 0.35155805945396423, 0.5751878619194031, 1.2318229675292969, 1.0801011323928833, 0.8060684204101562, 1.3562531471252441, -0.0031137545593082905, 0.4991517961025238, -0.017781440168619156, 0.35713744163513184, 1.7065104246139526, 0.5554367899894714, 0.3449265956878662, 0.5767282247543335, 0.08622242510318756, 0.6472383737564087, 0.1663060337305069, 0.47620150446891785, 0.4009585976600647, 0.8677481412887573, 0.327200323343277, 1.2879586219787598, 0.2656523883342743, 1.328935146331787, 0.6853967905044556, 0.3643946051597595, 1.066968560218811, 0.3253040909767151, 0.20577478408813477, 0.33243101835250854, 0.9177790880203247, 0.767731785774231, 1.1781870126724243, 0.18472468852996826, 1.3250632286071777, 0.3027355670928955]"
illustration,"[6, 14, 14, 13, 7, 8, 11, 2, 8, 6, 12, 5]",34,"[0.5810714364051819, 0.6598421335220337, 0.1589859127998352, 0.2340872585773468, 0.0031915996223688126, 0.5795243978500366, 0.4322440028190613, 1.379690408706665, 0.5158248543739319, 0.655346155166626, 0.8876497745513916, 0.4563566744327545, 0.052769824862480164, 0.352885901927948, 0.6665629148483276, 0.8760756850242615, 0.6564875841140747, 0.7643545866012573, 0.3008435368537903, -0.0011837807251140475, 0.4877942204475403, 0.023852594196796417, 0.741383969783783, 0.8295502662658691, 0.8343207836151123, 0.9050896167755127, 0.8041121959686279, 0.00128871388733387, 0.5731659531593323, 0.6335805058479309, 1.2071232795715332, 0.7117395401000977, 0.40480363368988037, 0.9308813214302063, 0.005001048091799021, 0.525240421295166, -0.0026963138952851295, 0.2807558476924896, 1.5029202699661255, 0.5125132203102112, 0.7448563575744629, 0.44601190090179443, 0.05052889883518219, 0.5629236698150635, 0.022585228085517883, 0.19794964790344238, 0.3124569058418274, 0.656814694404602, 0.6112799048423767, 1.2703408002853394, 0.8548513054847717, 1.308802604675293, 0.7343044281005859, 0.9305803775787354, 0.7450491189956665, 0.06509808450937271, 0.5712836384773254, 0.5395472049713135, 1.2702460289001465, 0.8391780853271484, 0.5900633335113525, 0.6773218512535095, 0.49164843559265137, 0.3012979030609131]"
legend,"[14, 4, 17, 4, 5, 20]",34,"[0.4618135690689087, 1.6490817070007324, 0.4825766682624817, 0.5016546845436096, -0.0043618809431791306, 0.42897510528564453, 1.6581759452819824, 0.5499123334884644, 0.5580022931098938, 0.08245044946670532, 0.1827518492937088, 0.7168938517570496, 0.0003011217340826988, 0.7964495420455933, 1.308887004852295, 0.30244821310043335, 0.5982228517532349, 0.7594926357269287, 0.9344207048416138, -0.0005205187480896711, 0.2316412329673767, 0.28966444730758667, 1.0051757097244263, 0.274088978767395, 0.640679121017456, 0.6973862051963806, 0.5523539185523987, -0.004807695746421814, 0.36416637897491455, 1.6959359645843506, 0.6228511333465576, 0.534923791885376, 0.6112092137336731, 0.7306451797485352, -0.0005253124982118607, 1.5707926750183105, -0.00800620298832655, 0.1385926753282547, 0.875680685043335, 1.7519232034683228, 0.4946121871471405, 1.103916049003601, 0.07789663225412369, 1.2627699375152588, 0.1701289415359497, 0.9699703454971313, 1.0190491676330566, 1.6346430778503418, 0.22516730427742004, 0.5437592267990112, 0.024879517033696175, 0.6454251408576965, 1.813826560974121, 0.43920421600341797, 0.7111538052558899, 0.4006630778312683, 0.27647459506988525, 0.7665175795555115, 0.453524649143219, 0.2915850281715393, 0.9657020568847656, 0.0512666255235672, 0.7066674828529358, 1.0390704870224]"
lesson,"[14, 4, 7, 7, 12, 5]",34,"[0.9884360432624817, 0.30024057626724243, 0.7302791476249695, 0.7959668636322021, 0.019910654053092003, 0.9756243228912354, 0.2517428994178772, 0.998448371887207, 0.7282751202583313, 0.11247492581605911, 0.6578649282455444, 0.9530373811721802, -0.007450699806213379, 0.6330771446228027, 0.8299012184143066, 0.14557671546936035, 1.3489978313446045, 0.7699041366577148, 0.2082325518131256, -0.0006252124439924955, 0.7202299237251282, 0.22534482181072235, 0.18398627638816833, 0.9281666874885559, 1.3736417293548584, 1.6110482215881348, 1.0373276472091675, 0.005696447566151619, 0.4097762703895569, 0.38736048340797424, 1.3288865089416504, 1.1769652366638184, 0.737382709980011, 1.3980599641799927, 0.004461273085325956, 0.21466423571109772, -0.00530173908919096, 0.30324846506118774, 1.5923219919204712, 0.29618510603904724, 0.40072882175445557, 0.37747418880462646, 0.15752564370632172, 0.3641323745250702, 0.14170445501804352, 0.1461263746023178, 0.2580845057964325, 0.6137648820877075, 0.22586727142333984, 1.2856769561767578, 0.1728934794664383, 1.285116195678711, 0.46730729937553406, 0.17404824495315552, 1.0939372777938843, 0.15359725058078766, -0.010625362396240234, 0.3515802323818207, 0.8944407105445862, 0.9076432585716248, 1.0245200395584106, 0.25514325499534607, 1.2527250051498413, 0.19984310865402222]"
main idea,"[19, 2, 6, 5, 31, 6, 20, 4, 2]",34,"[1.3672939538955688, 0.3871994614601135, 1.3760918378829956, 1.3017048835754395, 0.017031772062182426, 1.2764091491699219, 0.22635629773139954, 0.9204307794570923, 0.9093829393386841, 0.0367082804441452, 0.44307881593704224, 1.5855565071105957, -0.006551878526806831, 1.1238406896591187, 1.3637263774871826, 0.0633840411901474, 1.9421249628067017, 1.06418776512146, 0.24678203463554382, -0.004655985161662102, 0.8053423166275024, 0.5775235295295715, 0.15366733074188232, 1.0014415979385376, 1.9733949899673462, 2.3328959941864014, 1.2970044612884521, 0.016100751236081123, 0.42106372117996216, 0.6221956014633179, 1.5476815700531006, 1.5736578702926636, 1.2109631299972534, 1.9613004922866821, 0.009380130097270012, 0.3642515242099762, -0.015909116715192795, 0.20531129837036133, 1.9985450506210327, 0.4934540390968323, 0.39068877696990967, 0.7509143352508545, 0.2613637149333954, 0.530665934085846, 0.3559533953666687, 0.332863450050354, 0.2837751507759094, 1.146336555480957, 0.16300775110721588, 1.3807673454284668, -0.032376985996961594, 1.5364867448806763, 0.6861521005630493, -0.040948912501335144, 1.5233086347579956, 0.2775888741016388, 0.047787588089704514, 0.38200265169143677, 0.8968501091003418, 0.945876955986023, 1.6850718259811401, 0.07967380434274673, 2.0955824851989746, 0.3033300042152405]"
motivation,"[19, 12, 8, 6, 28, 2, 8, 6, 12, 5]",34,"[0.14843782782554626, 1.4857982397079468, -0.05945746600627899, -0.02304883301258087, 0.005327019840478897, 0.19216576218605042, 1.0775761604309082, 1.1776237487792969, 0.6910127401351929, 0.557658851146698, 0.5768527984619141, 0.392313152551651, 0.052544496953487396, 0.655684769153595, 1.2387135028839111, 1.1631066799163818, 0.09451285004615784, 0.6388731002807617, 0.6259249448776245, 0.00021735799964517355, 0.18400782346725464, -0.054407790303230286, 1.42876398563385, 0.32198846340179443, 0.3635512888431549, 0.2554759979248047, 0.4843018054962158, -0.007184499874711037, 0.4079328179359436, 1.5312379598617554, 0.7953293323516846, 0.2997514605522156, 0.24371004104614258, 0.7265500426292419, 0.0013547209091484547, 1.195936679840088, 0.01028803363442421, 0.13040690124034882, 1.2401244640350342, 1.1953121423721313, 0.7761417627334595, 0.9608496427536011, -0.022976912558078766, 1.3738071918487549, 0.02168424427509308, 0.3377341032028198, 0.7319808006286621, 1.419171929359436, 0.5313711762428284, 0.712072491645813, 0.7004114389419556, 0.9705115556716919, 1.758575439453125, 1.4437732696533203, 0.8923351764678955, 0.056237444281578064, 1.0822622776031494, 0.7670906186103821, 1.0692815780639648, 0.3946991562843323, 0.8124534487724304, 0.4892505407333374, 0.11521314084529877, 0.6521425247192383]"
myth,"[19, 21, 8, 9]",34,"[0.5627164840698242, 1.0883604288101196, 0.5517547130584717, 0.5281023979187012, -0.002666415646672249, 0.5575444102287292, 0.9063388109207153, 0.7662222385406494, 0.6238544583320618, 0.16933026909828186, 0.3501271605491638, 0.7198919653892517, 0.008103659376502037, 0.7115181088447571, 1.0996280908584595, 0.3015710115432739, 0.6969097256660461, 0.7934802770614624, 0.5672851800918579, 0.0001095206243917346, 0.33420121669769287, 0.23695769906044006, 0.7255662083625793, 0.42734330892562866, 0.7994237542152405, 0.8912258148193359, 0.6681345105171204, 0.003954395651817322, 0.3864607512950897, 1.1673266887664795, 0.8023749589920044, 0.6891623735427856, 0.63425612449646, 0.8863276243209839, -0.007107650861144066, 1.0243041515350342, -0.0006756233051419258, 0.22830480337142944, 1.0546071529388428, 1.0679209232330322, 0.5383292436599731, 0.8184362649917603, 0.05292888730764389, 0.8915664553642273, 0.12255397439002991, 0.5109987854957581, 0.5960488319396973, 1.2816835641860962, 0.19300182163715363, 0.728895366191864, 0.16353178024291992, 0.8045701384544373, 1.269179344177246, 0.4418959617614746, 0.8374106884002686, 0.2442689687013626, 0.258873850107193, 0.6295084357261658, 0.6743991374969482, 0.4694206416606903, 0.9047039747238159, 0.18891441822052002, 0.8073456287384033, 0.6973142623901367]"
paragraph,"[3, 2, 11, 2, 17, 11, 2, 3, 9]",34,"[0.11748701333999634, 1.9299952983856201, 0.15456591546535492, 0.26722028851509094, 0.007046721875667572, 0.4479459822177887, 1.4059858322143555, 0.5527421832084656, 0.5186364054679871, 0.24909363687038422, 0.153111070394516, 0.584235668182373, 0.04373602941632271, 0.9102837443351746, 1.4167269468307495, 0.5605694651603699, 0.15535253286361694, 1.1433701515197754, 0.8448754549026489, -0.00038622203283011913, 0.10264290869235992, 0.017453350126743317, 1.382718801498413, 0.2963741421699524, 0.40373334288597107, 0.48505154252052307, 0.2997990548610687, 0.0056587085127830505, 0.6440209150314331, 2.077042818069458, 0.5144354104995728, 0.4065013527870178, 0.645254909992218, 0.5997390151023865, -0.0003269072622060776, 1.8297345638275146, -0.012296324595808983, -0.04672473669052124, 0.6840080618858337, 1.6996097564697266, 1.0014292001724243, 1.3717093467712402, 0.07706678658723831, 1.3827990293502808, 0.0740501806139946, 0.4742816090583801, 0.7952197790145874, 1.9572315216064453, 0.38587430119514465, 0.2343200445175171, 0.2612997591495514, 0.5432953238487244, 2.144353151321411, 0.8043336868286133, 0.7216411828994751, 0.044915080070495605, 0.7855224609375, 1.1466825008392334, 0.6815282702445984, 0.3430838882923126, 0.797837495803833, 0.1986125409603119, 0.45331427454948425, 1.081911325454712]"
passage,"[3, 2, 7, 7, 2, 17, 4]",34,"[1.2993462085723877, 0.39621907472610474, 0.9799795746803284, 1.0900380611419678, 0.005157768726348877, 1.4083315134048462, 0.3365628123283386, 0.8583055734634399, 0.5070019364356995, 0.16852658987045288, 0.6810119152069092, 0.9859731197357178, 0.009545961394906044, 0.6509810090065002, 0.574530839920044, -0.001942560076713562, 1.7815110683441162, 1.2150496244430542, 0.291218638420105, 0.0017161323921754956, 0.9528486132621765, 0.38573014736175537, 0.06889964640140533, 1.2235835790634155, 1.854163408279419, 2.058797836303711, 1.1428558826446533, 0.011630091816186905, 0.7903899550437927, 0.3576473295688629, 1.4719438552856445, 1.5274723768234253, 1.149368405342102, 1.377157211303711, -0.0032197092659771442, 0.3906170725822449, -0.016442880034446716, 0.3123333156108856, 1.6416640281677246, 0.4128841757774353, 0.6607579588890076, 0.44366204738616943, 0.31951671838760376, 0.07347364723682404, 0.17696529626846313, 0.3095608353614807, 0.13407863676548004, 0.7236765027046204, 0.4341641366481781, 1.4922782182693481, 0.2533145546913147, 1.4162262678146362, 0.4067798852920532, -0.06717677414417267, 0.8946998119354248, 0.14023783802986145, -0.052342407405376434, 0.5891661047935486, 0.9536412358283997, 1.2351503372192383, 0.876655101776123, 0.28211715817451477, 1.737841248512268, 0.3060152530670166]"
point of view,"[3, 12, 6, 5, 8, 31, 12, 22, 31, 28, 6, 4, 26]",34,"[1.4922059774398804, 0.14379021525382996, 1.4249589443206787, 1.4390418529510498, 0.002298325300216675, 1.9881824254989624, -0.049132511019706726, 1.1603648662567139, 0.8289920687675476, 0.19534675776958466, 0.606478214263916, 1.7475794553756714, -0.0019330363720655441, 1.3830814361572266, 1.2013680934906006, 0.006602860987186432, 2.349494218826294, 1.6300407648086548, 0.0005116313695907593, -0.003695497754961252, 1.1424522399902344, 0.2999277710914612, 0.012199383229017258, 1.595908761024475, 2.646653890609741, 2.994454860687256, 1.4598134756088257, -0.005394177511334419, 0.9349352717399597, 0.43909695744514465, 2.1109745502471924, 2.140345335006714, 1.6046024560928345, 2.314450979232788, -0.007909325882792473, 0.36928272247314453, -0.05258726328611374, -0.03219375014305115, 2.5001492500305176, 0.19331704080104828, 0.8934770822525024, 0.8918981552124023, 0.5652876496315002, 0.19441351294517517, 0.2681136727333069, -0.015951409935951233, -0.08219614624977112, 1.2522729635238647, 0.5732120275497437, 1.8367975950241089, 0.16711865365505219, 2.124377489089966, 0.3795071840286255, -0.1670665293931961, 1.7378610372543335, -0.10957975685596466, 0.04128749668598175, 0.6923943758010864, 1.3951271772384644, 1.4667521715164185, 1.7304487228393555, 0.14663757383823395, 2.648519277572632, 0.13460753858089447]"
prose,"[3, 11, 12, 7, 4]",34,"[1.1460932493209839, 0.47540855407714844, 0.9360060691833496, 0.9184837937355042, 0.007241551764309406, 0.8903234601020813, 0.3894128203392029, 0.9501271843910217, 0.8195347189903259, 0.09933602064847946, 0.5986316800117493, 1.0479847192764282, -0.0013112099841237068, 0.7664878964424133, 1.0670552253723145, 0.137918621301651, 1.420573115348816, 0.7186164855957031, 0.3283122777938843, 0.0007867818931117654, 0.6902050971984863, 0.5473027229309082, 0.28124821186065674, 0.7805215716362, 1.4300800561904907, 1.5875701904296875, 1.096929907798767, 0.008288334123790264, 0.3617023527622223, 0.6400862336158752, 1.2338027954101562, 1.154489278793335, 0.8098295331001282, 1.447407603263855, -0.005155020393431187, 0.4014923572540283, -0.00855815876275301, 0.39698880910873413, 1.6257579326629639, 0.5584167838096619, 0.34451380372047424, 0.5481793880462646, 0.10026893019676208, 0.5398486256599426, 0.27010059356689453, 0.4237874150276184, 0.3803699016571045, 0.8098999857902527, 0.19852949678897858, 1.2360261678695679, 0.12715241312980652, 1.2326557636260986, 0.7258294820785522, 0.16687782108783722, 1.1536043882369995, 0.38829663395881653, 0.07582031190395355, 0.32326677441596985, 0.8200735449790955, 0.7868947982788086, 1.2757290601730347, 0.21690475940704346, 1.4039989709854126, 0.3336871862411499]"
resolution,"[11, 4, 7, 12, 14, 13, 8, 6, 12, 5]",34,"[0.5943586230278015, 0.8105210661888123, 0.28414615988731384, 0.3275672197341919, -0.0015333425253629684, 0.593238890171051, 0.5948365926742554, 1.2469308376312256, 0.6069254875183105, 0.5509419441223145, 0.7667372822761536, 0.5928692817687988, 0.03126085549592972, 0.5281029343605042, 0.8710072040557861, 0.7379356622695923, 0.7156774401664734, 0.7708745002746582, 0.38167333602905273, -0.00080631033051759, 0.48425447940826416, 0.11368878185749054, 0.7365544438362122, 0.7681407332420349, 0.8833891153335571, 0.9522294402122498, 0.8455256223678589, 0.002125648781657219, 0.5387471914291382, 0.8526561260223389, 1.1439416408538818, 0.7679264545440674, 0.5143090486526489, 0.9910744428634644, 0.00037020258605480194, 0.6754357218742371, -0.006670543923974037, 0.23242124915122986, 1.5217902660369873, 0.7576820850372314, 0.7050256133079529, 0.608904242515564, 0.05933301895856857, 0.681799054145813, 0.09035652875900269, 0.2919859290122986, 0.38635218143463135, 0.8894122242927551, 0.5527662634849548, 1.187770962715149, 0.7111875414848328, 1.2718664407730103, 0.9563882350921631, 0.8409783840179443, 0.8326811194419861, 0.13092902302742004, 0.5513103604316711, 0.5672264099121094, 1.1739957332611084, 0.8001087307929993, 0.7785581350326538, 0.5705564022064209, 0.6660541296005249, 0.4278056025505066]"
rhythm,"[11, 9, 21, 8, 9, 19]",34,"[0.5800799131393433, 1.1202526092529297, 0.4126746654510498, 0.48643386363983154, -0.004792993888258934, 0.6389163732528687, 0.8836544156074524, 0.8623353838920593, 0.5976293087005615, 0.23790162801742554, 0.4717941880226135, 0.6268559694290161, 0.02194296568632126, 0.6522459387779236, 0.9918490648269653, 0.3587903678417206, 0.73772132396698, 0.8864955902099609, 0.5785780549049377, -0.0011792522855103016, 0.3940970301628113, 0.15149392187595367, 0.7697426080703735, 0.5488542318344116, 0.8595017194747925, 0.9276445508003235, 0.6729753017425537, 0.0015536490827798843, 0.516353189945221, 1.1441677808761597, 0.8910373449325562, 0.7576072216033936, 0.6342967748641968, 0.8816453218460083, 0.0007986258715391159, 1.0630733966827393, 0.0021225055679678917, 0.18577969074249268, 1.1112890243530273, 1.0640109777450562, 0.686924934387207, 0.8085331320762634, 0.08806557953357697, 0.7786508798599243, 0.09059128165245056, 0.4350866675376892, 0.5383164882659912, 1.221766471862793, 0.292331725358963, 0.861251950263977, 0.27289634943008423, 0.9202072620391846, 1.2533875703811646, 0.5141436457633972, 0.7953629493713379, 0.18136893212795258, 0.3415924906730652, 0.7108327746391296, 0.8081912994384766, 0.5906493067741394, 0.8307898044586182, 0.26618459820747375, 0.7976033091545105, 0.6835827827453613]"
scene,"[7, 18, 4, 5, 4]",34,"[0.9564359784126282, 0.6462069153785706, 0.9085841774940491, 0.7886965274810791, 0.008405612781643867, 0.5220202207565308, 0.680203914642334, 0.7482019066810608, 0.7432177662849426, 0.06765024363994598, 0.4225648045539856, 0.893458902835846, -0.0020950548350811005, 0.5991520881652832, 1.0499681234359741, 0.23636086285114288, 1.1270428895950317, 0.40980714559555054, 0.5133012533187866, -0.0009776352671906352, 0.4584196209907532, 0.6116251945495605, 0.40319669246673584, 0.40065521001815796, 1.0463892221450806, 1.1385470628738403, 0.8886524438858032, 0.005082988180220127, 0.08798833191394806, 0.6679762005805969, 0.8532338738441467, 0.788386881351471, 0.5694583058357239, 1.074375033378601, -0.0021292229648679495, 0.5265600681304932, -0.010645471513271332, 0.43099355697631836, 1.2494654655456543, 0.8217774033546448, 0.0957169383764267, 0.5119079351425171, 0.01735117845237255, 0.740512490272522, 0.33136624097824097, 0.6825733184814453, 0.6483099460601807, 0.8268501162528992, 0.031620681285858154, 0.9122508764266968, 0.04245037958025932, 0.8635067939758301, 0.8539073467254639, 0.3194604218006134, 0.8980397582054138, 0.5437182784080505, 0.0907045304775238, 0.2069893330335617, 0.4955536723136902, 0.4269377887248993, 1.1114481687545776, 0.10067133605480194, 1.0732864141464233, 0.44708800315856934]"
stage directions,"[7, 8, 2, 17, 4, 31, 20, 6, 11, 4, 18, 8, 6, 12, 5, 7]",34,"[1.297637939453125, 0.391507625579834, 1.003783941268921, 1.0212373733520508, 0.007737654261291027, 1.454270839691162, 0.06437940150499344, 1.207988977432251, 0.6535993218421936, 0.2496410608291626, 0.5810714960098267, 1.1709955930709839, 0.004303081892430782, 0.8770869970321655, 0.7425965070724487, 0.416532427072525, 1.9250333309173584, 1.1980924606323242, 0.05793297290802002, -0.0020393787417560816, 0.9759230613708496, 0.2938191294670105, 0.32152000069618225, 1.3263194561004639, 1.991250991821289, 2.278613805770874, 1.2402119636535645, -0.001040033996105194, 0.8131976127624512, 0.34086474776268005, 1.735123634338379, 1.592553973197937, 1.0777658224105835, 1.7129358053207397, 0.011065805330872536, 0.29567259550094604, -0.03848875313997269, 0.088595911860466, 2.1450295448303223, 0.16146598756313324, 0.7450501322746277, 0.5700464844703674, 0.39954453706741333, 0.3020089864730835, 0.06140138953924179, 0.07954487949609756, -0.044387221336364746, 0.8386359810829163, 0.55806565284729, 1.5923117399215698, 0.2604006230831146, 1.8044590950012207, 0.2656913995742798, 0.16626882553100586, 1.172326922416687, -0.02201366424560547, 0.23356488347053528, 0.5081643462181091, 1.283335566520691, 1.2125028371810913, 1.2379591464996338, 0.18111459910869598, 1.7600663900375366, 0.10455270111560822]"
stanza,"[7, 8, 2, 5, 15, 2]",34,"[0.7321584820747375, 0.7355128526687622, 0.625229001045227, 0.5278257727622986, 0.0050077494233846664, 0.4614109396934509, 0.687065839767456, 0.9813404679298401, 0.6129038333892822, 0.23630687594413757, 0.5128830075263977, 0.65757817029953, 0.009253676049411297, 0.5127613544464111, 0.9660311937332153, 0.5042954683303833, 0.8081870675086975, 0.507462203502655, 0.4228978753089905, 0.0008557328255847096, 0.41795051097869873, 0.37648430466651917, 0.6165701150894165, 0.4402202367782593, 0.8463324308395386, 0.9175154566764832, 0.7661117315292358, 0.0002633817493915558, 0.23980678617954254, 0.6884263157844543, 0.878504753112793, 0.6324965953826904, 0.46276089549064636, 0.9074052572250366, -0.007390355691313744, 0.5708324313163757, -0.025679223239421844, 0.44891083240509033, 1.2854032516479492, 0.7213240265846252, 0.2864229679107666, 0.48868706822395325, 0.014197131618857384, 0.8375959992408752, 0.13370317220687866, 0.5723838806152344, 0.6377288103103638, 0.7988619208335876, 0.22572076320648193, 0.9694465398788452, 0.24980299174785614, 0.9699491858482361, 0.8394235372543335, 0.6224023699760437, 0.7996991276741028, 0.3915718197822571, 0.304866760969162, 0.2805934250354767, 0.6967546343803406, 0.5111637115478516, 0.8966777920722961, 0.22566232085227966, 0.7164940237998962, 0.35981297492980957]"
text feature,"[8, 4, 27, 8, 31, 22, 4, 2, 8, 13, 11, 4]",34,"[1.6567730903625488, 0.10521919280290604, 1.2766149044036865, 1.1871761083602905, 0.008811850100755692, 1.7124435901641846, -0.0004207491874694824, 1.2950465679168701, 0.6339236497879028, 0.19116362929344177, 0.7185970544815063, 1.2150886058807373, 0.0011538201943039894, 0.7624208927154541, 0.5701987743377686, 0.1917896866798401, 2.39046573638916, 1.157489538192749, 0.04357233643531799, -0.0021061745937913656, 1.2625151872634888, 0.49087607860565186, 0.06110754609107971, 1.5666840076446533, 2.3231005668640137, 2.61198091506958, 1.4054192304611206, 0.003362267278134823, 0.8556463718414307, 0.038009218871593475, 1.9032673835754395, 1.9125947952270508, 1.160308599472046, 1.8613523244857788, 0.00016067316755652428, 0.011870525777339935, -0.02795848250389099, 0.3297077715396881, 2.308286190032959, -0.0018995553255081177, 0.6484410762786865, 0.35790038108825684, 0.4713246524333954, 0.15284019708633423, 0.1605636179447174, 0.20152074098587036, 0.006850391626358032, 0.6416829228401184, 0.5070825219154358, 2.0316271781921387, 0.25929364562034607, 1.9436219930648804, 0.029232963919639587, 0.03701002895832062, 1.1781747341156006, 0.13227635622024536, 0.07646887004375458, 0.38386061787605286, 1.3252311944961548, 1.3897042274475098, 1.2116506099700928, 0.26493728160858154, 2.0210180282592773, 0.03657659888267517]"
theme,"[8, 9, 4, 19, 4]",34,"[0.7224047780036926, 0.9756177067756653, 0.8239229917526245, 0.8050004243850708, 0.008078536950051785, 0.789871335029602, 0.9657864570617676, 0.5873022079467773, 0.7138726115226746, 0.029134826734662056, 0.24056889116764069, 1.0196683406829834, -0.0025213658809661865, 0.8747246265411377, 1.233253836631775, 0.07007366418838501, 0.9943518042564392, 0.8114638328552246, 0.567785382270813, -0.0011325252708047628, 0.3896217942237854, 0.41069796681404114, 0.4864756762981415, 0.4826735854148865, 1.121324062347412, 1.2295711040496826, 0.7876883745193481, 0.0029400261119008064, 0.34078794717788696, 1.0085070133209229, 0.9292781352996826, 0.9017279744148254, 0.7968255281448364, 1.1711606979370117, -0.0013242422137409449, 0.9245457053184509, -0.006348452530801296, 0.13143423199653625, 1.1819086074829102, 1.0222111940383911, 0.4300723373889923, 0.8483404517173767, 0.1546185463666916, 0.7329375743865967, 0.2408129870891571, 0.5607829689979553, 0.5501279830932617, 1.3541316986083984, 0.126505509018898, 0.7268387675285339, -0.02070322260260582, 0.8943047523498535, 1.2122129201889038, 0.13446128368377686, 1.0644443035125732, 0.2712322175502777, 0.06641450524330139, 0.5693947076797485, 0.5499712228775024, 0.5030905604362488, 1.1423355340957642, 0.04346991330385208, 1.2754249572753906, 0.6545554399490356]"
third person,"[8, 9, 6, 11, 20, 31, 3, 4, 11, 7, 12, 5]",34,"[0.8476031422615051, 0.5382491946220398, 0.6458200812339783, 0.7243281006813049, 0.012828308157622814, 0.957746684551239, 0.31648486852645874, 1.2424981594085693, 0.9059528708457947, 0.15600425004959106, 0.6297760009765625, 1.1734354496002197, 0.0021276986226439476, 0.9881691336631775, 1.2734816074371338, 0.3974509537220001, 1.2332031726837158, 0.9250364303588867, 0.17316797375679016, -0.00040419120341539383, 0.6380476355552673, 0.13842616975307465, 0.5336595773696899, 0.9539575576782227, 1.428153157234192, 1.6500186920166016, 0.9804506301879883, -0.00257127545773983, 0.5260506272315979, 0.8052289485931396, 1.517707109451294, 1.142287254333496, 0.7606256604194641, 1.6389421224594116, 0.007698897738009691, 0.43284618854522705, -0.015571895986795425, 0.18555685877799988, 1.9345440864562988, 0.44890689849853516, 0.6002818942070007, 0.7466049194335938, 0.24797995388507843, 0.7265048623085022, 0.09886685013771057, 0.10089865326881409, 0.2616253197193146, 1.0676746368408203, 0.362388014793396, 1.25513756275177, 0.19909721612930298, 1.5578534603118896, 0.8179723024368286, 0.43710631132125854, 1.4045219421386719, 0.06901124119758606, 0.26752692461013794, 0.5147542357444763, 1.1860132217407227, 0.9233353137969971, 1.3648319244384766, 0.24808645248413086, 1.293306589126587, 0.28591179847717285]"
trait,"[8, 11, 2, 6, 8]",34,"[0.3101966381072998, 1.7982802391052246, 0.568173885345459, 0.5636494755744934, 0.0074006179347634315, 0.3519740104675293, 1.5892040729522705, 0.3376845717430115, 0.687780499458313, 0.04182466119527817, 0.13859805464744568, 0.9008266925811768, 0.017520464956760406, 1.011725664138794, 1.8445245027542114, 0.14968004822731018, 0.3683203458786011, 0.8781998157501221, 1.038014531135559, -0.001833924325183034, 0.06955509632825851, 0.3285555839538574, 1.0998069047927856, 0.08547302335500717, 0.4938661754131317, 0.6251068115234375, 0.3728199601173401, 0.005099245347082615, 0.24437470734119415, 2.079167366027832, 0.4894992709159851, 0.41561686992645264, 0.7363181114196777, 0.813831090927124, 0.005825553555041552, 1.666381597518921, 0.007439146749675274, 0.08389976620674133, 0.6612535715103149, 1.9572715759277344, 0.6128572225570679, 1.4483784437179565, 0.0049056801944971085, 1.4828202724456787, 0.37223541736602783, 0.839333176612854, 1.1909970045089722, 2.028486728668213, 0.06800231337547302, 0.22275175154209137, 0.001260276883840561, 0.47269102931022644, 2.3113229274749756, 0.5072210431098938, 1.003265380859375, 0.44753342866897583, 0.4537385106086731, 0.8328779339790344, 0.29998987913131714, 0.1521550416946411, 1.1874903440475464, 0.07468436658382416, 0.8335882425308228, 1.2159569263458252]"
verse,"[28, 4, 11, 7, 4]",34,"[1.0974820852279663, 0.6054528951644897, 0.9792817831039429, 0.9380410313606262, 0.007245892658829689, 0.7067539691925049, 0.643254280090332, 0.7432743310928345, 0.8642722964286804, -0.0010589919984340668, 0.48258352279663086, 1.0933706760406494, -0.004480170086026192, 0.7294236421585083, 1.2311116456985474, 0.030331753194332123, 1.239560604095459, 0.5051690340042114, 0.533522367477417, -0.000216200714930892, 0.5428789854049683, 0.6668990254402161, 0.2963990867137909, 0.5598093271255493, 1.2319785356521606, 1.3533576726913452, 0.9949778318405151, 0.0019030403345823288, 0.11957140266895294, 0.717832624912262, 0.9906265735626221, 0.9422124028205872, 0.6979584097862244, 1.324962854385376, 0.0032990421168506145, 0.5079083442687988, -0.005923217162489891, 0.3941224217414856, 1.3348604440689087, 0.826636016368866, 0.13073566555976868, 0.5884425044059753, 0.029828621074557304, 0.6748099327087402, 0.4501560926437378, 0.6670774221420288, 0.6799755096435547, 0.8654745817184448, 0.020166166126728058, 0.9848333597183228, 0.0001118592917919159, 0.9671996831893921, 0.9435120820999146, 0.12883636355400085, 1.1325956583023071, 0.5969805717468262, -0.013149095699191093, 0.20562775433063507, 0.5529224872589111, 0.5015453100204468, 1.3591172695159912, 0.12714742124080658, 1.302367091178894, 0.47979724407196045]"
argument,"[2, 11, 17, 13, 19, 4, 5, 8]",34,"[0.7090733647346497, 0.5035071969032288, 0.4427052140235901, 0.5432259440422058, 0.014983216300606728, 1.1132142543792725, 0.165059894323349, 1.066100835800171, 0.48741400241851807, 0.5020586252212524, 0.5370623469352722, 0.7624192237854004, 0.02722260355949402, 0.7258949875831604, 0.6274469494819641, 0.552672803401947, 1.0592671632766724, 1.1819478273391724, 0.06890245527029037, -0.0008156769908964634, 0.6721262335777283, 0.03196461498737335, 0.49254411458969116, 1.1676784753799438, 1.4101823568344116, 1.4905827045440674, 0.9117327928543091, 0.0005567651242017746, 0.9514618515968323, 0.4806343615055084, 1.4257631301879883, 1.2327882051467896, 0.8278200626373291, 1.2215510606765747, 0.016212671995162964, 0.36139118671417236, 0.032301969826221466, -0.0076520442962646484, 1.6584060192108154, 0.22444191575050354, 1.0054081678390503, 0.5838981866836548, 0.35289692878723145, 0.30240264534950256, 0.0001538097858428955, -0.06790480017662048, 0.0036160945892333984, 0.8550003170967102, 0.8013715147972107, 1.260998249053955, 0.6311379075050354, 1.5502150058746338, 0.5485729575157166, 0.47096651792526245, 0.9844849109649658, -0.02995961904525757, 0.4758497178554535, 0.7554137110710144, 1.4076895713806152, 0.9894510507583618, 0.7774088978767395, 0.4160569906234741, 1.1272001266479492, 0.1675919145345688]"
assess,"[2, 7, 7, 4, 7, 7]",34,"[1.1952837705612183, 0.29081302881240845, 0.6716300249099731, 0.8865771889686584, -0.0014342907816171646, 1.1789579391479492, 0.32345807552337646, 1.0351225137710571, 0.7322872281074524, 0.05416431650519371, 0.9009430408477783, 0.845970094203949, 9.365472942590714e-05, 0.4350563585758209, 0.6267578601837158, -0.0753239095211029, 1.5629830360412598, 0.8471696376800537, 0.20434895157814026, 0.003221217542886734, 0.9482496976852417, 0.2187633216381073, 0.11889293789863586, 1.17742121219635, 1.4816718101501465, 1.8029550313949585, 1.107481598854065, 0.0029583051800727844, 0.5365476012229919, 0.25247108936309814, 1.4097447395324707, 1.3164684772491455, 0.7787154316902161, 1.4377801418304443, 0.009883115068078041, 0.21731746196746826, -0.003288564272224903, 0.4224677085876465, 1.5984524488449097, 0.23775380849838257, 0.478151798248291, 0.22816026210784912, 0.2050938606262207, 0.11355067789554596, 0.12391476333141327, 0.1198783814907074, 0.18203520774841309, 0.3524218797683716, 0.20117168128490448, 1.5305224657058716, 0.18214578926563263, 1.3538553714752197, 0.35706189274787903, 0.031965285539627075, 1.021388053894043, 0.09130392968654633, -0.16985321044921875, 0.36713117361068726, 0.8961058259010315, 1.141426920890808, 0.9143446087837219, 0.37510907649993896, 1.4175434112548828, 0.1739201545715332]"
bias,"[10, 6, 2, 7]",34,"[0.712552011013031, 0.7551465630531311, 0.6005982160568237, 0.614969789981842, 0.011038944125175476, 0.4921089708805084, 0.7415471076965332, 0.6447659730911255, 0.569644570350647, 0.07893933355808258, 0.4834768772125244, 0.7015174627304077, 0.011593541130423546, 0.5022900104522705, 0.9830800294876099, 0.17540673911571503, 0.8639469742774963, 0.5684099197387695, 0.5235052704811096, 0.0001308779465034604, 0.4294999837875366, 0.36090701818466187, 0.48643195629119873, 0.45281291007995605, 0.7905999422073364, 0.9042471647262573, 0.6449882984161377, 0.005405495874583721, 0.2300703078508377, 0.8133703470230103, 0.7468478679656982, 0.6453908085823059, 0.5543486475944519, 0.8194937109947205, 0.0002253674902021885, 0.6529226899147034, -0.004749119281768799, 0.4249013662338257, 0.9751189351081848, 0.8710435628890991, 0.28482380509376526, 0.5477094650268555, 0.0513218492269516, 0.7218378782272339, 0.24238279461860657, 0.5526653528213501, 0.6790434718132019, 0.7880454659461975, 0.06629569828510284, 0.8019594550132751, 0.10906398296356201, 0.7173192501068115, 0.9466726779937744, 0.35732054710388184, 0.7493487000465393, 0.4111604690551758, 0.12488536536693573, 0.3700757622718811, 0.4630894660949707, 0.476122111082077, 0.82615727186203, 0.18639345467090607, 0.8404015898704529, 0.5492836236953735]"
chronological,"[18, 9, 11, 12, 5, 12, 14, 12, 17, 6, 18, 2, 14]",34,"[0.7089584469795227, 0.9589931964874268, 0.2649597227573395, 0.3027389645576477, -0.0060630496591329575, 0.7040367722511292, 0.6038305759429932, 1.4693100452423096, 0.6052883863449097, 0.6529529094696045, 0.8251920938491821, 0.6240313649177551, 0.03674213960766792, 0.5699232816696167, 0.9168510437011719, 0.9460275769233704, 0.7477037906646729, 0.9707640409469604, 0.34238213300704956, 0.0012468498898670077, 0.5342116951942444, 0.04463360086083412, 0.924366295337677, 0.9126632213592529, 1.0543346405029297, 1.06705641746521, 0.847342848777771, -0.0007010512053966522, 0.7065993547439575, 0.9259781837463379, 1.327463150024414, 0.86367267370224, 0.5673808455467224, 1.1277804374694824, 0.005272428039461374, 0.765967607498169, 0.0052603427320718765, 0.2191832959651947, 1.755644679069519, 0.7505939602851868, 0.9379092454910278, 0.6748218536376953, 0.12298214435577393, 0.7882416248321533, -0.04579639434814453, 0.2762262523174286, 0.3330160081386566, 1.0607391595840454, 0.7412148118019104, 1.3898075819015503, 0.7840946316719055, 1.510721206665039, 1.0073238611221313, 0.9894939661026001, 0.9227783679962158, 0.032932400703430176, 0.6940147280693054, 0.7190881371498108, 1.44495689868927, 0.9133000373840332, 0.8125950694084167, 0.5586311221122742, 0.698390543460846, 0.3835119605064392]"
cite,"[18, 6, 8, 4]",34,"[1.2287102937698364, 0.5859209895133972, 1.1763955354690552, 0.9555956721305847, 0.008925117552280426, 0.5244109630584717, 0.7436306476593018, 0.7417270541191101, 0.8087817430496216, 0.016005616635084152, 0.46575552225112915, 1.080124855041504, -0.00014031212776899338, 0.6061514616012573, 1.2060338258743286, 0.13200348615646362, 1.3869696855545044, 0.31916940212249756, 0.6095342040061951, 0.0006161752389743924, 0.5263896584510803, 0.8852784037590027, 0.3455781638622284, 0.39351505041122437, 1.1574130058288574, 1.2554048299789429, 0.9722195863723755, 0.00428817979991436, -0.030211839824914932, 0.6898433566093445, 0.8497905135154724, 0.8438059091567993, 0.6205449104309082, 1.1930336952209473, 0.003200798761099577, 0.5057978630065918, -0.007220633327960968, 0.5805313587188721, 1.3537533283233643, 0.9444798827171326, -0.041042666882276535, 0.5281190276145935, -0.01380574144423008, 0.7907198071479797, 0.5144623517990112, 0.9383507966995239, 0.8386847972869873, 0.8299185633659363, -0.03034798614680767, 1.0353460311889648, 0.02281421609222889, 0.8938731551170349, 0.918826699256897, 0.23543749749660492, 0.9929775595664978, 0.8015312552452087, 0.054360102862119675, 0.09355929493904114, 0.4034308195114136, 0.39652353525161743, 1.2729953527450562, 0.09662200510501862, 1.2472704648971558, 0.5106755495071411]"
claim,"[18, 14, 2, 6, 19]",34,"[0.3796204924583435, 1.0953516960144043, 0.3720929026603699, 0.32791805267333984, 0.0021993648260831833, 0.2883937954902649, 0.8124470114707947, 0.8964437246322632, 0.7354103922843933, 0.3363916873931885, 0.4306102991104126, 0.7945628762245178, 0.027704335749149323, 0.8008126616477966, 1.4427852630615234, 0.6631696224212646, 0.4143312871456146, 0.6075764894485474, 0.5797316431999207, 4.557170905172825e-05, 0.20206080377101898, 0.165097177028656, 1.0015748739242554, 0.29713794589042664, 0.5783662796020508, 0.5719135999679565, 0.5634863376617432, -0.001577582210302353, 0.19078636169433594, 1.3039038181304932, 0.7969839572906494, 0.43874505162239075, 0.46698418259620667, 0.9429754018783569, 0.0066678342409431934, 0.9321053624153137, 0.007471767254173756, 0.14003416895866394, 1.2301793098449707, 1.0989826917648315, 0.5061942934989929, 0.9386866688728333, -0.009168507531285286, 1.1823911666870117, 0.1969582736492157, 0.44899746775627136, 0.7697701454162598, 1.3580400943756104, 0.28381845355033875, 0.6754201054573059, 0.34646180272102356, 0.8999066352844238, 1.4988924264907837, 0.8957958817481995, 1.076596736907959, 0.2622489035129547, 0.660784900188446, 0.534661054611206, 0.8164299130439758, 0.349261611700058, 1.0954902172088623, 0.2833431363105774, 0.5632914304733276, 0.6335271596908569]"
clarify,"[18, 14, 2, 11, 6, 22, 21]",34,"[0.6789213418960571, 0.9025412201881409, 0.5921117067337036, 0.5156046748161316, 0.006517376750707626, 0.2638988494873047, 0.8382393717765808, 0.7748346328735352, 0.6469032168388367, 0.20546889305114746, 0.5112611651420593, 0.6813234686851501, 0.011660799384117126, 0.5289322733879089, 1.1715443134307861, 0.41190558671951294, 0.6632984280586243, 0.401623010635376, 0.5992639064788818, 0.0007351558888331056, 0.29621508717536926, 0.4670794904232025, 0.678881049156189, 0.2630203366279602, 0.6363290548324585, 0.6350470185279846, 0.6261934041976929, 0.0026192693039774895, 0.06639249622821808, 0.9331334829330444, 0.6861775517463684, 0.43135932087898254, 0.4085939824581146, 0.772758960723877, 0.0060735358856618404, 0.7059888243675232, -0.0035939207300543785, 0.47149473428726196, 1.0598407983779907, 1.01535964012146, 0.2171686440706253, 0.6359916925430298, -0.029370004311203957, 0.9524739384651184, 0.2796567976474762, 0.7419518232345581, 0.8436535000801086, 0.904161274433136, 0.11596144735813141, 0.7731871008872986, 0.23437140882015228, 0.766941249370575, 1.1429983377456665, 0.647236168384552, 0.8301827907562256, 0.5306010246276855, 0.3152863085269928, 0.2860456109046936, 0.5042905807495117, 0.3231491446495056, 0.9255618453025818, 0.22498108446598053, 0.6420606374740601, 0.5349166393280029]"
conclude,"[18, 12, 5, 18, 14, 13, 20, 4]",34,"[0.6114059686660767, 1.2197027206420898, 0.6115753054618835, 0.535666823387146, 0.0070388708263635635, 0.17277614772319794, 1.2138230800628662, 0.6225578784942627, 0.5067521929740906, 0.14458638429641724, 0.3637028932571411, 0.5300251245498657, 0.011490476317703724, 0.4603303074836731, 1.044898271560669, 0.4409121870994568, 0.6338107585906982, 0.39192625880241394, 0.7427181601524353, -0.001040013157762587, 0.2512115240097046, 0.5360350608825684, 0.7780430912971497, 0.2023313343524933, 0.45815715193748474, 0.5495700240135193, 0.5328373312950134, 0.007707684300839901, 0.14770451188087463, 1.1353397369384766, 0.4543667137622833, 0.34835997223854065, 0.3922061324119568, 0.5743932723999023, -0.0013883037026971579, 1.010606050491333, -0.018264276906847954, 0.5061946511268616, 0.846574604511261, 1.3049460649490356, 0.23104439675807953, 0.6964834332466125, -0.014209955930709839, 1.1737064123153687, 0.24066190421581268, 0.9839234352111816, 0.9206311702728271, 1.0494102239608765, 0.08575837314128876, 0.6496462225914001, 0.13066759705543518, 0.5638192892074585, 1.3244025707244873, 0.6665216088294983, 0.5209232568740845, 0.5336666703224182, 0.3324207365512848, 0.3685591220855713, 0.31146982312202454, 0.24106313288211823, 0.7507579922676086, 0.12108432501554489, 0.5530518889427185, 0.7212156653404236]"
context,"[18, 12, 5, 8, 4, 27, 8]",34,"[0.4617723822593689, 1.450008511543274, 0.4762539267539978, 0.38435840606689453, 0.008017701096832752, 0.06782601773738861, 1.4565136432647705, 0.5868608951568604, 0.597379207611084, 0.06180282309651375, 0.33237582445144653, 0.4661319851875305, 0.004515630193054676, 0.49553969502449036, 1.1653865575790405, 0.44611191749572754, 0.4641544222831726, 0.30357229709625244, 0.8396661281585693, 0.0005759812192991376, 0.1845282018184662, 0.4317139685153961, 1.003843903541565, 0.07308570295572281, 0.3103669285774231, 0.3143196105957031, 0.43511953949928284, 0.0008559562265872955, 0.046085719019174576, 1.4036613702774048, 0.37996262311935425, 0.19179412722587585, 0.25463348627090454, 0.49737420678138733, 0.0021984344348311424, 1.1952157020568848, -0.005384703166782856, 0.47504985332489014, 0.7775232195854187, 1.5078082084655762, 0.2023337334394455, 0.8198179602622986, -0.02722865529358387, 1.3982895612716675, 0.1876702457666397, 1.0242139101028442, 1.064241647720337, 1.2184009552001953, 0.00895792618393898, 0.49960440397262573, 0.07224413752555847, 0.4674259424209595, 1.5736316442489624, 0.7667757272720337, 0.5937404632568359, 0.5318844318389893, 0.3754444718360901, 0.4159420430660248, 0.24463453888893127, 0.12581612169742584, 0.7479434609413147, 0.0840652585029602, 0.3541342616081238, 0.8251179456710815]"
convert,"[18, 12, 5, 28, 4, 11, 8]",34,"[0.5710444450378418, 1.1136800050735474, 0.5298405885696411, 0.4170553684234619, -0.0035224445164203644, 0.12093013525009155, 1.0951502323150635, 0.7863280773162842, 0.7569804191589355, 0.11817120015621185, 0.481728732585907, 0.6601223945617676, -0.009006079286336899, 0.6133043766021729, 1.2753396034240723, 0.4699045717716217, 0.5694363713264465, 0.2776648998260498, 0.696031391620636, -0.0007276791147887707, 0.25017109513282776, 0.4045611619949341, 0.83547043800354, 0.1258041113615036, 0.5161089301109314, 0.486537367105484, 0.5768746733665466, -0.003329237923026085, -0.029774295166134834, 1.211937427520752, 0.6026920080184937, 0.3339496850967407, 0.3102544844150543, 0.7848329544067383, -0.0018217996694147587, 0.89084792137146, 0.000738305039703846, 0.4818536639213562, 1.0928677320480347, 1.2163416147232056, 0.14489997923374176, 0.7431272864341736, -0.037511277943849564, 1.2204909324645996, 0.2372487187385559, 0.8209333419799805, 0.959401547908783, 1.118937611579895, 0.013746030628681183, 0.6783119440078735, 0.09752678871154785, 0.701650857925415, 1.392513632774353, 0.7668777108192444, 0.876555860042572, 0.48688721656799316, 0.35866716504096985, 0.2993253469467163, 0.43224018812179565, 0.19886700809001923, 0.9916975498199463, 0.16218432784080505, 0.5327962040901184, 0.675622284412384]"
counterclaim,"[18, 12, 13, 5, 8, 4, 11, 18, 14, 2, 6, 19]",34,"[0.3453734517097473, 1.53718900680542, 0.3554719090461731, 0.3286702334880829, -0.007249200716614723, 0.356264591217041, 1.1252976655960083, 0.9761240482330322, 0.7913283705711365, 0.35296547412872314, 0.3573133945465088, 0.8515422940254211, 0.024742048233747482, 0.9885678887367249, 1.616770625114441, 0.8107621669769287, 0.43769896030426025, 0.7965071201324463, 0.6564576029777527, -0.0006591178243979812, 0.207668274641037, 0.1439344882965088, 1.2878317832946777, 0.3208707571029663, 0.6289377808570862, 0.6277233362197876, 0.5849413871765137, -0.008960254490375519, 0.3505714237689972, 1.7090438604354858, 0.8636175990104675, 0.47487887740135193, 0.5714237689971924, 1.014214277267456, 0.0005200831219553947, 1.3568816184997559, -0.005998027510941029, 0.051614612340927124, 1.3545864820480347, 1.409701943397522, 0.7154297232627869, 1.2468684911727905, 0.05137625336647034, 1.4728763103485107, 0.11319062113761902, 0.534327507019043, 0.7825685739517212, 1.7565712928771973, 0.391933411359787, 0.6983508467674255, 0.3167058825492859, 1.0146795511245728, 1.8552240133285522, 1.0559887886047363, 1.116314172744751, 0.15899448096752167, 0.803300678730011, 0.7560527324676514, 0.9207080602645874, 0.3822188675403595, 1.183379888534546, 0.19809958338737488, 0.643921971321106, 0.8047745227813721]"
credible,"[18, 11, 4, 20, 6, 10, 14, 4]",34,"[0.06722299754619598, 2.223813533782959, 0.22073212265968323, 0.22338175773620605, 0.015409478917717934, -0.06408925354480743, 1.8821673393249512, 0.4133901000022888, 0.5525179505348206, 0.11709538847208023, 0.10100675374269485, 0.5101534724235535, 0.03914615511894226, 0.7462227940559387, 1.6372450590133667, 0.7512774467468262, 0.03554747998714447, 0.5615600347518921, 1.139224648475647, 0.0013405241770669818, -0.08860629796981812, 0.3302570581436157, 1.5639095306396484, -0.11531844735145569, 0.017457399517297745, -0.012429021298885345, 0.11674322187900543, -0.005546437576413155, 0.2031257450580597, 2.1344308853149414, 0.17085708677768707, -0.01287996768951416, 0.3361348807811737, 0.3779861330986023, 0.018256908282637596, 1.8273050785064697, 0.00673606526106596, 0.1890813112258911, 0.5955756306648254, 2.0920166969299316, 0.5318904519081116, 1.3586901426315308, -0.03130338340997696, 1.8954256772994995, 0.183505117893219, 1.098685383796692, 1.299740195274353, 1.8916709423065186, 0.2191590666770935, 0.11996883898973465, 0.1250586062669754, 0.30290889739990234, 2.386237621307373, 1.0736597776412964, 0.6615549921989441, 0.49052172899246216, 0.8834714889526367, 0.8129655718803406, 0.3101787865161896, -0.04787850379943848, 0.898249626159668, 0.0005407556891441345, 0.18351486325263977, 1.2089258432388306]"
criteria,"[18, 11, 6, 8, 4, 11, 6, 2]",34,"[0.6924579739570618, 1.1545906066894531, 0.771413266658783, 0.6192063093185425, 0.004647096619009972, 0.25886285305023193, 1.0438183546066284, 0.6129260659217834, 0.6922547221183777, 0.09698799252510071, 0.33805909752845764, 0.8395384550094604, 0.006749225314706564, 0.6646437644958496, 1.4490793943405151, 0.3535149097442627, 0.7136724591255188, 0.4065435826778412, 0.7580175995826721, -0.0004987902939319611, 0.24472562968730927, 0.608479917049408, 0.755128026008606, 0.14773988723754883, 0.6138980388641357, 0.6716804504394531, 0.6005370616912842, 0.0027716411277651787, 0.017857976257801056, 1.2244861125946045, 0.6204010248184204, 0.4406627416610718, 0.4818596839904785, 0.8460020422935486, 0.003213335294276476, 0.9072669148445129, -0.006664648186415434, 0.4044645428657532, 1.0073777437210083, 1.3143532276153564, 0.21637171506881714, 0.8418762683868408, -0.031235262751579285, 1.1918481588363647, 0.38431981205940247, 0.9175256490707397, 1.0306823253631592, 1.2303169965744019, 0.058524634689092636, 0.614732563495636, 0.07895763218402863, 0.6612704396247864, 1.4434807300567627, 0.5789791345596313, 0.8911297917366028, 0.6611429452896118, 0.3429201543331146, 0.30663546919822693, 0.3510468006134033, 0.1712302565574646, 1.1349955797195435, 0.09813372045755386, 0.7615777850151062, 0.7308240532875061]"
debate,"[20, 4, 10, 2, 8, 4]",34,"[1.0508769750595093, 0.3672996461391449, 0.7583464980125427, 0.6946873068809509, 0.01184417400509119, 0.7850801944732666, 0.27750056982040405, 1.1513893604278564, 0.6694207191467285, 0.18786531686782837, 0.6161604523658752, 0.8463566303253174, 0.0069460333324968815, 0.5263774991035461, 0.760783314704895, 0.449980765581131, 1.351346492767334, 0.5509076118469238, 0.18068648874759674, -0.0015932157402858138, 0.669447124004364, 0.3775513768196106, 0.3764553964138031, 0.7839809060096741, 1.2862218618392944, 1.430733561515808, 1.0088698863983154, 0.002549954690039158, 0.34480714797973633, 0.3381430506706238, 1.277310848236084, 1.0207905769348145, 0.5520147085189819, 1.290610909461975, -0.0009772784542292356, 0.20619997382164001, -0.023106180131435394, 0.3884383738040924, 1.6976755857467651, 0.31837713718414307, 0.3230883479118347, 0.3426220715045929, 0.1374567598104477, 0.5055940747261047, 0.14998114109039307, 0.3057428002357483, 0.28996002674102783, 0.5519424080848694, 0.29635089635849, 1.3125231266021729, 0.21628357470035553, 1.3056678771972656, 0.41126585006713867, 0.43442755937576294, 0.9701204299926758, 0.2637780010700226, 0.21551983058452606, 0.20341745018959045, 0.9328903555870056, 0.7341467142105103, 1.0335125923156738, 0.23379108309745789, 1.0597189664840698, 0.15544869005680084]"
deduce,"[20, 4, 20, 13, 18, 4]",34,"[1.2102892398834229, 0.556797206401825, 0.9532042145729065, 0.7945793271064758, 0.0002707652747631073, 0.7319536209106445, 0.4978278577327728, 1.0414575338363647, 0.6853535771369934, 0.16997522115707397, 0.6854139566421509, 0.8639323711395264, -0.006992941722273827, 0.5215407609939575, 0.8220099210739136, 0.38394466042518616, 1.4554297924041748, 0.5264987945556641, 0.3790106773376465, 5.017442163079977e-05, 0.7245255708694458, 0.6170992851257324, 0.3676115870475769, 0.7211124300956726, 1.3209774494171143, 1.4205478429794312, 1.0231598615646362, 0.001854744739830494, 0.24669019877910614, 0.4699428677558899, 1.129153847694397, 1.0039421319961548, 0.6099818348884583, 1.2141832113265991, -0.004305694717913866, 0.3806597590446472, -0.018820075318217278, 0.5798014402389526, 1.6222431659698486, 0.5911928415298462, 0.21564079821109772, 0.37694400548934937, 0.08115844428539276, 0.603720486164093, 0.19558566808700562, 0.6928021907806396, 0.4936254322528839, 0.6030364632606506, 0.20290344953536987, 1.3238919973373413, 0.21278059482574463, 1.190230369567871, 0.5274823307991028, 0.38443341851234436, 0.9005675315856934, 0.46980518102645874, 0.16163122653961182, 0.18771913647651672, 0.7582191824913025, 0.7346807718276978, 1.0506832599639893, 0.207652747631073, 1.1798858642578125, 0.2731510102748871]"
elaborate,"[4, 14, 2, 10, 12, 11, 2, 8, 4]",34,"[0.40806782245635986, 1.2435448169708252, 0.2425355613231659, 0.25479671359062195, 0.02026297152042389, 0.10912628471851349, 0.9567983746528625, 1.0342519283294678, 0.6820862889289856, 0.254926860332489, 0.43583351373672485, 0.4268741011619568, 0.032963886857032776, 0.5060336589813232, 1.0356802940368652, 0.9477806091308594, 0.4188385605812073, 0.3660089075565338, 0.527584969997406, 0.0007169131422415376, 0.23014123737812042, 0.18730130791664124, 1.131935715675354, 0.23716354370117188, 0.4064599573612213, 0.3919803202152252, 0.5289105176925659, 0.00357001181691885, 0.22980232536792755, 1.1398104429244995, 0.6491849422454834, 0.30648481845855713, 0.18444618582725525, 0.6972087621688843, 0.0026025092229247093, 0.8956074714660645, -0.004343831446021795, 0.4029647707939148, 1.172348141670227, 0.9362539052963257, 0.36435872316360474, 0.6765226125717163, -0.0108420941978693, 1.3012032508850098, -0.006738647818565369, 0.5265073776245117, 0.6676150560379028, 1.053008794784546, 0.27474895119667053, 0.6870779991149902, 0.3153737485408783, 0.803008496761322, 1.3355119228363037, 1.1341476440429688, 0.7511546611785889, 0.25040197372436523, 0.7155981659889221, 0.4616706669330597, 0.7498524785041809, 0.28573673963546753, 0.7898666262626648, 0.183442622423172, 0.2260245680809021, 0.505369246006012]"
essential,"[4, 7, 7, 4, 5, 8, 6, 2, 14]",34,"[0.7466992139816284, 1.0050359964370728, 0.563378095626831, 0.5986590385437012, 0.008492995984852314, 0.5120927095413208, 0.8993116617202759, 0.9290120601654053, 0.6133224368095398, 0.2261814922094345, 0.5704920291900635, 0.7033666372299194, 0.017411166802048683, 0.5023346543312073, 1.0277527570724487, 0.4477137327194214, 0.888266384601593, 0.6666228771209717, 0.6110710501670837, -0.0015613806899636984, 0.4164409041404724, 0.3937610387802124, 0.6959187984466553, 0.5047443509101868, 0.8762751221656799, 0.96554034948349, 0.7366671562194824, 0.004209024831652641, 0.36765754222869873, 0.9300474524497986, 0.9260520339012146, 0.6875073909759521, 0.5794322490692139, 0.9094277024269104, 0.002868148498237133, 0.7831348180770874, -0.010526541620492935, 0.4315888285636902, 1.1992015838623047, 1.0227618217468262, 0.4425824284553528, 0.6318830251693726, 0.035280101001262665, 0.8468624353408813, 0.1853289008140564, 0.6856786012649536, 0.7211688160896301, 0.9230917692184448, 0.26307058334350586, 1.0106010437011719, 0.2642363905906677, 0.9380303025245667, 1.1257259845733643, 0.5487737059593201, 0.7833248376846313, 0.45120662450790405, 0.29016876220703125, 0.49164530634880066, 0.705289363861084, 0.574926495552063, 0.913949191570282, 0.22984755039215088, 0.8464853167533875, 0.614615797996521]"
evaluate,"[4, 28, 2, 14, 13, 2, 8, 4]",34,"[1.0638951063156128, 0.25210630893707275, 0.8395757079124451, 0.8039929866790771, 0.010445436462759972, 1.0932196378707886, 0.05429258197546005, 1.3876464366912842, 0.8392512202262878, 0.3884574770927429, 0.6819247603416443, 1.2236698865890503, 0.012203389778733253, 0.9035770893096924, 1.044020652770996, 0.5233314037322998, 1.5042665004730225, 0.926437258720398, 0.009611137211322784, -0.0005610029911622405, 0.8219653964042664, 0.14212927222251892, 0.35100898146629333, 1.1107206344604492, 1.6785787343978882, 1.9304016828536987, 1.2824604511260986, -0.0017774347215890884, 0.5345707535743713, 0.45832064747810364, 1.6572766304016113, 1.4380955696105957, 0.9063516855239868, 1.7975956201553345, -0.0016893448773771524, 0.22033396363258362, 0.000866512767970562, 0.09300476312637329, 2.1986935138702393, 0.18944352865219116, 0.5499593019485474, 0.5386232733726501, 0.15440480411052704, 0.43690577149391174, 0.09173809736967087, -0.039473459124565125, 0.06353095173835754, 0.8732767105102539, 0.5383238792419434, 1.5277386903762817, 0.47116008400917053, 1.7363957166671753, 0.4995543360710144, 0.3631110191345215, 1.428395390510559, 0.020178496837615967, 0.3386915922164917, 0.40756523609161377, 1.3672257661819458, 1.052797555923462, 1.3609371185302734, 0.3802891671657562, 1.4962488412857056, 0.1185934990644455]"
expository,"[4, 27, 3, 12, 7, 6, 8, 12, 11, 21]",34,"[0.04433417320251465, 2.181938409805298, 0.06849014014005661, 0.11777053028345108, 0.011275138705968857, 0.057414986193180084, 1.7216393947601318, 0.6849687099456787, 0.7994652986526489, 0.22641302645206451, 0.2758822441101074, 0.5482353568077087, 0.04082038253545761, 0.959667980670929, 1.7951428890228271, 0.8405687212944031, 0.013660438358783722, 0.6984809637069702, 0.972016453742981, 0.0003673225874081254, 0.011350281536579132, 0.08007851243019104, 1.7450300455093384, 0.012170292437076569, 0.17349962890148163, 0.10669152438640594, 0.234942227602005, -0.0024171583354473114, 0.29631221294403076, 2.3612680435180664, 0.39417409896850586, 0.09463182836771011, 0.3649320602416992, 0.6416209936141968, 0.014060147106647491, 1.8788392543792725, 0.0069016944617033005, 0.10341031849384308, 0.8554137945175171, 2.0085837841033936, 0.7503801584243774, 1.497880220413208, -0.003441156819462776, 1.9327247142791748, 0.12492957711219788, 0.6752792596817017, 1.1420702934265137, 2.0256876945495605, 0.2438320517539978, 0.24017958343029022, 0.2605211138725281, 0.5592836141586304, 2.553388833999634, 1.2819128036499023, 0.9961497783660889, 0.23387503623962402, 1.0552260875701904, 0.963690459728241, 0.6112738847732544, 0.10027900338172913, 1.061877965927124, 0.14720237255096436, 0.2697107791900635, 1.1456897258758545]"
formulate,"[22, 12, 11, 19, 13, 14, 2, 8, 4]",34,"[0.25796782970428467, 2.244264841079712, 0.32859379053115845, 0.39107251167297363, 0.005437178537249565, 0.3607932925224304, 1.8146347999572754, 0.5258042812347412, 0.5255046486854553, 0.23533086478710175, 0.1200486496090889, 0.6256105303764343, 0.0319959819316864, 0.9301454424858093, 1.4861315488815308, 0.5058106184005737, 0.2874613106250763, 1.065643310546875, 1.0386550426483154, -0.0013261828571557999, 0.13334041833877563, 0.22682742774486542, 1.41494619846344, 0.22546711564064026, 0.3750796318054199, 0.5051351189613342, 0.35938912630081177, -0.005296720191836357, 0.5536004304885864, 2.2425904273986816, 0.4488149881362915, 0.4076753556728363, 0.6831648945808411, 0.5652707815170288, 0.008209988474845886, 2.0516111850738525, 0.00847601518034935, 0.015726536512374878, 0.6881712675094604, 2.0353877544403076, 0.876570463180542, 1.4787760972976685, 0.02600873075425625, 1.604817271232605, 0.0820368155837059, 0.8734428882598877, 0.982437252998352, 2.085282564163208, 0.3422127664089203, 0.3181345462799072, 0.2295989990234375, 0.5591962337493896, 2.340015411376953, 0.728294849395752, 0.6676688194274902, 0.24389848113059998, 0.6799764633178711, 1.132956624031067, 0.5308020710945129, 0.27602532505989075, 0.8448624610900879, 0.12382643669843674, 0.5643122792243958, 1.287165641784668]"
hypothesis,"[9, 21, 3, 12, 8, 9, 4, 7, 6, 7]",34,"[0.7927333116531372, 0.8921146392822266, 0.5574442148208618, 0.5221616625785828, -0.0005536004900932312, 0.6456865668296814, 0.7718973159790039, 0.9691605567932129, 0.5956696271896362, 0.2806544899940491, 0.6681377291679382, 0.6913707852363586, 0.012428278103470802, 0.563367486000061, 0.9884035587310791, 0.40116822719573975, 0.9277721047401428, 0.7802023887634277, 0.5493854284286499, -0.0001890755956992507, 0.5069400668144226, 0.29606062173843384, 0.6726825833320618, 0.6687465906143188, 0.9829601645469666, 1.0414165258407593, 0.7388049960136414, 0.007804448716342449, 0.4320569932460785, 0.9730649590492249, 0.9914482831954956, 0.7843573093414307, 0.6022123098373413, 0.9590864777565002, -0.003442928660660982, 0.7845327854156494, -0.014465872198343277, 0.4071561098098755, 1.3019533157348633, 0.9511620998382568, 0.5502147078514099, 0.6513554453849792, 0.11432859301567078, 0.8405634164810181, 0.16213056445121765, 0.5392851233482361, 0.6172000169754028, 0.9623761177062988, 0.2550102472305298, 1.0980420112609863, 0.3389211893081665, 1.04145085811615, 1.0325310230255127, 0.5779794454574585, 0.8256294131278992, 0.30973076820373535, 0.292741596698761, 0.5356476306915283, 0.8349291682243347, 0.6912887692451477, 0.8631160855293274, 0.3569745421409607, 0.861262321472168, 0.5893533825874329]"
illustrate,"[6, 14, 14, 13, 7, 8, 11, 2, 8, 4]",34,"[1.1180273294448853, 0.3843633830547333, 0.964613139629364, 0.8911852240562439, 0.008605045266449451, 0.9096766710281372, 0.3394414782524109, 1.016408920288086, 0.6530278921127319, 0.19352257251739502, 0.5805255174636841, 1.006291389465332, 0.014137794263660908, 0.6334970593452454, 0.8809152841567993, 0.28212401270866394, 1.4920974969863892, 0.7091681957244873, 0.29585713148117065, -0.0016066005919128656, 0.7142641544342041, 0.47678032517433167, 0.2881223261356354, 0.8232357501983643, 1.4198946952819824, 1.6270426511764526, 1.037235140800476, -0.002296948805451393, 0.35371726751327515, 0.3825368285179138, 1.2827019691467285, 1.099276065826416, 0.7520183324813843, 1.323418378829956, 0.0012355130165815353, 0.30080708861351013, -0.02120242267847061, 0.3763474225997925, 1.6138969659805298, 0.43044912815093994, 0.31983768939971924, 0.45851993560791016, 0.1486162692308426, 0.4960956275463104, 0.23689483106136322, 0.4253022074699402, 0.3645394444465637, 0.7175384759902954, 0.24287131428718567, 1.3029836416244507, 0.20117796957492828, 1.282759666442871, 0.5090168714523315, 0.2795253396034241, 0.9927686452865601, 0.31068599224090576, 0.07476179301738739, 0.2770439088344574, 0.8597390055656433, 0.7813787460327148, 1.053966760635376, 0.22422608733177185, 1.3094732761383057, 0.28459975123405457]"
inference,"[6, 5, 22, 4, 11, 4, 5, 18, 4]",34,"[0.6812920570373535, 1.3201935291290283, 0.6096806526184082, 0.5038467049598694, 0.00827677920460701, 0.2668244242668152, 1.1943492889404297, 0.5970554351806641, 0.5072276592254639, 0.07208888232707977, 0.35438990592956543, 0.5177180767059326, 0.0010739145800471306, 0.43815329670906067, 0.9735399484634399, 0.44459256529808044, 0.6955987215042114, 0.45596230030059814, 0.7646671533584595, -0.0015706364065408707, 0.2867022156715393, 0.5748493671417236, 0.8132531046867371, 0.2240109145641327, 0.5747657418251038, 0.6004391312599182, 0.5081460475921631, 0.005750360898673534, 0.2173585742712021, 1.135193943977356, 0.48365887999534607, 0.41144952178001404, 0.39172160625457764, 0.565413236618042, 0.0012022024020552635, 1.0082741975784302, -0.014484643936157227, 0.5435375571250916, 0.875627875328064, 1.2424455881118774, 0.29266563057899475, 0.6744387149810791, 0.03473329544067383, 1.1486228704452515, 0.19197584688663483, 1.0084173679351807, 0.9237894415855408, 1.013113260269165, 0.1016467809677124, 0.6525055170059204, 0.06971956789493561, 0.5673327445983887, 1.2500901222229004, 0.5972908735275269, 0.4997573494911194, 0.5763975977897644, 0.3336378037929535, 0.4126603901386261, 0.31186965107917786, 0.2603943347930908, 0.7689302563667297, 0.0631185919046402, 0.5727149248123169, 0.6986556053161621]"
integrate,"[6, 5, 8, 4, 17, 11, 2, 8, 4]",34,"[0.24363259971141815, 1.789028525352478, 0.25929057598114014, 0.2584350109100342, 0.007641008123755455, 0.20485001802444458, 1.50482177734375, 0.612959086894989, 0.5176106691360474, 0.1490357518196106, 0.17576847970485687, 0.49163204431533813, 0.02096346765756607, 0.6946988105773926, 1.2781836986541748, 0.6224713921546936, 0.26660051941871643, 0.6999750137329102, 0.863679826259613, -0.00035240070428699255, 0.10958591103553772, 0.21543067693710327, 1.2583907842636108, 0.16472694277763367, 0.31076449155807495, 0.3382483720779419, 0.3407491445541382, 0.003345632925629616, 0.3618813157081604, 1.7633121013641357, 0.43420830368995667, 0.27956506609916687, 0.3986763060092926, 0.5284696221351624, -0.0007706484757363796, 1.5491697788238525, -0.01399171445518732, 0.19354361295700073, 0.7909250259399414, 1.603224754333496, 0.5914585590362549, 1.1087852716445923, 0.0432133823633194, 1.4782073497772217, 0.06779087334871292, 0.7992502450942993, 0.9333497881889343, 1.6052311658859253, 0.24750515818595886, 0.3758949637413025, 0.14146491885185242, 0.5315362215042114, 1.8475509881973267, 0.8567932844161987, 0.6147751808166504, 0.29931241273880005, 0.6485517024993896, 0.7732495069503784, 0.5168079137802124, 0.19680841267108917, 0.7969818711280823, 0.09753867983818054, 0.30639949440956116, 0.9554474353790283]"
justify,"[23, 13, 7, 8, 6, 22, 21]",34,"[0.6446543335914612, 0.5656982660293579, 0.6461314558982849, 0.6570573449134827, -0.002612818032503128, 0.7555270791053772, 0.46242615580558777, 0.7796852588653564, 0.6910957098007202, 0.10623402893543243, 0.514215350151062, 0.9662039279937744, -0.0010811518877744675, 0.7576441764831543, 1.1367610692977905, 0.19969063997268677, 0.894324004650116, 0.8420380353927612, 0.3386349081993103, -0.0004157999064773321, 0.4533005952835083, 0.22666481137275696, 0.4022059738636017, 0.6071805357933044, 1.0718178749084473, 1.201233148574829, 0.655437707901001, -0.02062002196907997, 0.3604241609573364, 0.7569758296012878, 1.037487268447876, 0.8248679637908936, 0.7207517623901367, 1.1358702182769775, -0.0065888650715351105, 0.5051249265670776, 0.0025855451822280884, 0.33212926983833313, 1.272261142730713, 0.5854583382606506, 0.44406333565711975, 0.7116277813911438, 0.16785068809986115, 0.5828449130058289, 0.22882062196731567, 0.2912273406982422, 0.5203425288200378, 0.974929690361023, 0.17941926419734955, 0.8335151672363281, 0.11706750094890594, 0.9862831234931946, 0.8139679431915283, 0.3483409881591797, 1.09419584274292, 0.22060729563236237, 0.12411798536777496, 0.4924345910549164, 0.7149591445922852, 0.5919263958930969, 1.0135246515274048, 0.22826606035232544, 1.0890206098556519, 0.4454078674316406]"
plagiarism,"[3, 14, 2, 17, 6, 2, 11, 6, 7, 19]",34,"[0.23144365847110748, 1.6437289714813232, 0.108830027282238, 0.21506457030773163, 0.011938869953155518, 0.4129387140274048, 1.199505090713501, 0.8747077584266663, 0.4685933291912079, 0.4465348720550537, 0.33715391159057617, 0.44940873980522156, 0.04774253070354462, 0.6763209700584412, 1.1308355331420898, 0.8543206453323364, 0.2739253044128418, 1.0258392095565796, 0.6889752745628357, -0.002696655225008726, 0.18845699727535248, 0.021684274077415466, 1.2874456644058228, 0.3860255479812622, 0.5123866200447083, 0.5267431735992432, 0.43648430705070496, 0.005287112668156624, 0.6559394598007202, 1.5901957750320435, 0.7256141304969788, 0.45108675956726074, 0.5520070791244507, 0.6336889863014221, 0.0017114393413066864, 1.416386365890503, -0.017375081777572632, 0.07286563515663147, 0.9892513751983643, 1.3419471979141235, 0.9490715265274048, 1.0892841815948486, 0.08249574154615402, 1.2134745121002197, 0.018486469984054565, 0.4199540317058563, 0.6996518969535828, 1.5298796892166138, 0.5531604290008545, 0.6450514197349548, 0.48240840435028076, 0.8578904271125793, 1.7360000610351562, 1.0728859901428223, 0.6779974699020386, 0.07981479167938232, 0.9107758402824402, 0.9543404579162598, 0.8896766901016235, 0.48549026250839233, 0.6811513304710388, 0.30763259530067444, 0.3969530165195465, 0.7922132015228271]"
precise,"[3, 11, 4, 18, 6, 7, 4]",34,"[1.1260113716125488, 1.5277860164642334, 1.3419629335403442, 1.0842393636703491, 0.006082155741751194, 0.45636430382728577, 1.5883028507232666, 0.1306581050157547, 0.5963562726974487, -0.06677422672510147, 0.18470080196857452, 1.0134426355361938, 0.00019701384007930756, 0.7357472777366638, 1.5169973373413086, -0.14315101504325867, 1.1911652088165283, 0.5665377378463745, 1.1968722343444824, -0.001293541630730033, 0.35600078105926514, 1.1887109279632568, 0.5778567790985107, 0.12518200278282166, 0.8849772214889526, 1.0354405641555786, 0.6630183458328247, 0.0033697523176670074, 0.04983111098408699, 1.525816798210144, 0.3983045518398285, 0.6445075869560242, 0.7961410880088806, 0.7717980146408081, 0.007870204746723175, 1.361548900604248, -0.007662304677069187, 0.5359768867492676, 0.6429390907287598, 1.9479371309280396, 0.17269928753376007, 1.0504075288772583, -0.03581870347261429, 1.2678874731063843, 0.6670481562614441, 1.5660207271575928, 1.3376389741897583, 1.4681808948516846, -0.12399928271770477, 0.5420147180557251, -0.11087626218795776, 0.386555016040802, 1.745092511177063, 0.014568060636520386, 0.6742633581161499, 1.07841956615448, -0.006991136819124222, 0.44697266817092896, -0.12784992158412933, 0.10492967069149017, 1.1964614391326904, -0.0648065134882927, 1.3146474361419678, 1.1802902221679688]"
primary source,"[3, 11, 6, 19, 2, 11, 21, 31, 7, 12, 13, 11, 18, 4]",34,"[0.8553354144096375, 0.7292189598083496, 0.6301414966583252, 0.7626099586486816, 0.01749381609261036, 1.1823269128799438, 0.37867724895477295, 1.0916626453399658, 0.658288300037384, 0.2922252118587494, 0.5977616310119629, 1.0734184980392456, 0.03412357345223427, 0.9280146956443787, 1.0772209167480469, 0.4742920696735382, 1.300356388092041, 1.2904709577560425, 0.2555707097053528, -0.0014547783648595214, 0.7175434231758118, 0.16794005036354065, 0.6481324434280396, 1.1413449048995972, 1.4965051412582397, 1.7565315961837769, 0.8705123662948608, -0.0007188115268945694, 0.8474160432815552, 0.8658074736595154, 1.4640138149261475, 1.2183434963226318, 0.9429676532745361, 1.4799463748931885, 0.013289831578731537, 0.6698212623596191, -0.016140982508659363, 0.14259403944015503, 1.7572100162506104, 0.5223587155342102, 0.9340423941612244, 0.8448888659477234, 0.3675501048564911, 0.64124596118927, 0.100571408867836, 0.12528745830059052, 0.2547157406806946, 1.1339665651321411, 0.564131498336792, 1.2743903398513794, 0.3707904517650604, 1.5298393964767456, 0.8593944311141968, 0.4846211075782776, 1.1574575901031494, 0.021142467856407166, 0.47427237033843994, 0.8074313402175903, 1.2637029886245728, 1.0789939165115356, 1.0872817039489746, 0.31415000557899475, 1.3972959518432617, 0.34395483136177063]"
refine,"[11, 4, 22, 6, 5, 4]",34,"[0.3634788990020752, 1.9119733572006226, 0.6749435663223267, 0.6825998425483704, 0.004309996962547302, 0.43946734070777893, 1.6915359497070312, 0.20044691860675812, 0.6949158906936646, -0.06251063942909241, -0.028464853763580322, 1.0139896869659424, 0.0022960901260375977, 1.1257834434509277, 1.8191248178482056, 0.10563108325004578, 0.4146440625190735, 0.9070465564727783, 1.1323298215866089, -0.001973093254491687, 0.05146443098783493, 0.3961307406425476, 0.9824211001396179, 0.08780542761087418, 0.6221012473106384, 0.7107621431350708, 0.4251639246940613, 0.004560749977827072, 0.25883418321609497, 2.0631256103515625, 0.4419153928756714, 0.4989936053752899, 0.8148803114891052, 0.837659478187561, 0.015983743593096733, 1.7335052490234375, -0.0018607485108077526, 0.010897666215896606, 0.6568828821182251, 1.9874452352523804, 0.5399394631385803, 1.4473307132720947, 0.03573571890592575, 1.4706441164016724, 0.37615716457366943, 1.0150806903839111, 1.2069652080535889, 2.1198220252990723, 0.0489475317299366, 0.1209326907992363, -0.12789030373096466, 0.43151912093162537, 2.3083958625793457, 0.293558806180954, 1.002702236175537, 0.4894998073577881, 0.3176896274089813, 0.817687451839447, 0.21359698474407196, 0.10474875569343567, 1.31150221824646, -0.09025567024946213, 0.9310044050216675, 1.2709839344024658]"
research,"[11, 4, 7, 4, 2, 11, 18, 9]",34,"[1.0802372694015503, 0.7593263387680054, 1.0878510475158691, 0.9359169602394104, 0.006640908308327198, 0.6083876490592957, 0.7616263628005981, 0.6215914487838745, 0.698418378829956, 0.017904017120599747, 0.4436492323875427, 1.0299794673919678, -0.00989428162574768, 0.6765179634094238, 1.2425717115402222, 0.026479143649339676, 1.248542070388794, 0.5620851516723633, 0.5825734734535217, 0.0002701563062146306, 0.47846168279647827, 0.7830188274383545, 0.30602946877479553, 0.46843022108078003, 1.1142621040344238, 1.2495173215866089, 0.8665680885314941, 0.007971136830747128, 0.1315959393978119, 0.8231338262557983, 0.8540512323379517, 0.8659718036651611, 0.7093111872673035, 1.1219006776809692, -0.00032827816903591156, 0.669581949710846, -0.00709045073017478, 0.4960619807243347, 1.2032899856567383, 1.0066777467727661, 0.17085066437721252, 0.6624433398246765, 0.046974509954452515, 0.7489153742790222, 0.4042009711265564, 0.858928918838501, 0.7130464315414429, 0.9664908647537231, 0.01532682403922081, 0.8894587159156799, 0.00957433506846428, 0.8565852642059326, 0.9646614789962769, 0.10867301374673843, 0.9396103024482727, 0.6609165072441101, -0.04911039397120476, 0.2494238018989563, 0.3947014808654785, 0.4387282133102417, 1.1650514602661133, 0.08895978331565857, 1.2959388494491577, 0.5750349164009094]"
secondary source,"[7, 4, 18, 12, 5, 20, 2, 11, 21, 31, 7, 12, 13, 11, 18, 4]",34,"[1.0044611692428589, 0.42344367504119873, 0.7178636193275452, 0.7449321150779724, 0.011386439204216003, 1.1291004419326782, 0.2492372989654541, 1.0506625175476074, 0.5586827993392944, 0.21121805906295776, 0.6146928668022156, 0.9560114145278931, 0.017169520258903503, 0.7121365070343018, 0.7684513330459595, 0.32320505380630493, 1.4182913303375244, 1.0345909595489502, 0.10094942152500153, 0.001593230408616364, 0.8133881688117981, 0.22019469738006592, 0.39235278964042664, 1.1610010862350464, 1.4882827997207642, 1.7271689176559448, 0.917662501335144, -0.008273502811789513, 0.6927391886711121, 0.46324265003204346, 1.4134669303894043, 1.228989839553833, 0.8149965405464172, 1.3409909009933472, 0.008721528574824333, 0.37371164560317993, -0.0013884296640753746, 0.27118006348609924, 1.6835345029830933, 0.2884998321533203, 0.6803327798843384, 0.5395691990852356, 0.3417840600013733, 0.4304925203323364, 0.07341492176055908, 0.1766795814037323, 0.15395916998386383, 0.746882975101471, 0.4519881308078766, 1.3505715131759644, 0.3081001043319702, 1.454014539718628, 0.4075748920440674, 0.32529881596565247, 1.0054761171340942, 0.06576825678348541, 0.19955836236476898, 0.5404123067855835, 1.1113324165344238, 1.0001822710037231, 0.9167646765708923, 0.2836909890174866, 1.2993122339248657, 0.18304596841335297]"
significant,"[7, 6, 17, 5, 6, 22, 6, 18, 2, 5, 8]",34,"[0.597015380859375, 0.995567262172699, 0.2978109121322632, 0.3015475869178772, 0.007777400314807892, 0.5598461627960205, 0.7267242074012756, 1.2786176204681396, 0.644991397857666, 0.503247082233429, 0.7308624386787415, 0.6568636894226074, 0.03235860913991928, 0.6148672103881836, 1.0728884935379028, 0.8467089533805847, 0.6752223968505859, 0.8621113300323486, 0.4975067377090454, -0.00033561186864972115, 0.4131397604942322, 0.09451237320899963, 0.9871675968170166, 0.6861284375190735, 0.9476644992828369, 0.9359166026115417, 0.7390891313552856, 0.0041670165956020355, 0.5258540511131287, 1.0417208671569824, 1.159613847732544, 0.7109214663505554, 0.5161510705947876, 1.072190523147583, 0.005069705191999674, 0.8153814077377319, -0.01820916309952736, 0.2222159504890442, 1.5727057456970215, 0.8874605894088745, 0.7662332653999329, 0.7295716404914856, 0.070323646068573, 0.9725595116615295, 0.04321020841598511, 0.3596124053001404, 0.576556921005249, 1.0943429470062256, 0.5397682189941406, 1.1682002544403076, 0.5907511115074158, 1.3090176582336426, 1.1799737215042114, 0.9656001925468445, 0.9607247710227966, 0.16492144763469696, 0.7158171534538269, 0.6332265138626099, 1.169281005859375, 0.7872022986412048, 0.9257866144180298, 0.44952037930488586, 0.6484763026237488, 0.46050316095352173]"
specify,"[7, 3, 4, 18, 6, 22, 21]",34,"[1.2434213161468506, 0.3505873680114746, 1.0484657287597656, 0.8496583700180054, 0.007211262360215187, 0.6611126065254211, 0.44529417157173157, 0.922086238861084, 0.6936875581741333, 0.0977795273065567, 0.6684980392456055, 0.9585258364677429, 0.00489068403840065, 0.4770302474498749, 0.9663184881210327, 0.18183453381061554, 1.4411920309066772, 0.39955365657806396, 0.4181026816368103, 0.0004992004251107574, 0.6706080436706543, 0.7537096738815308, 0.2650901675224304, 0.6120262145996094, 1.2253930568695068, 1.330655813217163, 0.9379366636276245, -0.004410667344927788, 0.10626527667045593, 0.4070100784301758, 1.0610198974609375, 0.8834605813026428, 0.5611290335655212, 1.1629780530929565, 0.0035711084492504597, 0.2572799324989319, -0.011373968794941902, 0.6815707683563232, 1.4498920440673828, 0.5871692895889282, 0.1084938570857048, 0.3613167405128479, 0.06501777470111847, 0.5990778207778931, 0.3877907395362854, 0.7760602235794067, 0.6673938035964966, 0.5225360989570618, 0.08729018270969391, 1.26079523563385, 0.1529696136713028, 1.067686915397644, 0.526403546333313, 0.2611759305000305, 0.929747462272644, 0.6819421052932739, 0.0007648244500160217, 0.0914338082075119, 0.5813456773757935, 0.5650378465652466, 1.0706408023834229, 0.1996200680732727, 1.1754693984985352, 0.3169980049133301]"
structure,"[7, 8, 11, 13, 18, 8, 13, 11, 4]",34,"[1.002085566520691, 0.723472535610199, 0.71436607837677, 0.720687985420227, 0.00832169409841299, 0.8733268976211548, 0.4680807590484619, 1.114391803741455, 0.7132015824317932, 0.23310141265392303, 0.6116258502006531, 0.899974524974823, 0.00744918966665864, 0.6877728700637817, 0.9550298452377319, 0.4270111322402954, 1.2832008600234985, 0.838100790977478, 0.31075185537338257, 0.00011159747373312712, 0.6588528156280518, 0.37414005398750305, 0.5059975385665894, 0.8397502899169922, 1.3231927156448364, 1.4727904796600342, 0.9689825773239136, 0.0021587619557976723, 0.5057457685470581, 0.6789403557777405, 1.2727158069610596, 1.083489179611206, 0.735016942024231, 1.2943781614303589, 0.00794137828052044, 0.5050487518310547, -0.0072859423235058784, 0.3166269063949585, 1.667177438735962, 0.6134009957313538, 0.5295093655586243, 0.5940105319023132, 0.14929087460041046, 0.5920631289482117, 0.11005736887454987, 0.36846691370010376, 0.33087995648384094, 0.8691720366477966, 0.36274126172065735, 1.2958718538284302, 0.29268062114715576, 1.3295334577560425, 0.7167078256607056, 0.43123579025268555, 1.0311461687088013, 0.2504919171333313, 0.29936540126800537, 0.45673489570617676, 0.9945315718650818, 0.8570989370346069, 1.0775749683380127, 0.26733097434043884, 1.1781761646270752, 0.3510766625404358]"
synthesize,"[7, 21, 5, 8, 9, 4, 7, 6, 15, 4]",34,"[0.6627079248428345, 1.6515949964523315, 0.7139735817909241, 0.6282739043235779, 0.0033100806176662445, 0.44754934310913086, 1.4960615634918213, 0.483153373003006, 0.4490836560726166, 0.09679495543241501, 0.2647968828678131, 0.5787276029586792, 0.0095578134059906, 0.6341782808303833, 1.1757687330245972, 0.31582891941070557, 0.7698980569839478, 0.7567535638809204, 0.9553231000900269, -0.00013706134632229805, 0.32592058181762695, 0.5961511731147766, 0.938889741897583, 0.295463889837265, 0.6702502369880676, 0.7499933242797852, 0.5197858810424805, 0.0067664580419659615, 0.4028075337409973, 1.5304043292999268, 0.4957138001918793, 0.5451571345329285, 0.6327034831047058, 0.5868499279022217, -0.00704338401556015, 1.4388036727905273, -0.02243117243051529, 0.42114686965942383, 0.768496572971344, 1.6406104564666748, 0.5196271538734436, 0.991348147392273, 0.05043637752532959, 1.3057307004928589, 0.2149098515510559, 1.099462628364563, 1.0175025463104248, 1.431713342666626, 0.1660388857126236, 0.5962376594543457, 0.08543786406517029, 0.5618035793304443, 1.6732686758041382, 0.5112861394882202, 0.5116764307022095, 0.5616000294685364, 0.35613057017326355, 0.6646056771278381, 0.3238469064235687, 0.3363018035888672, 0.8174594640731812, 0.06035662814974785, 0.7803189158439636, 0.9719960689544678]"
transition,"[8, 11, 2, 5, 7, 6, 8, 6, 12, 5]",34,"[0.45005202293395996, 0.8367816805839539, 0.17275428771972656, 0.17091697454452515, 0.0017052646726369858, 0.3748238980770111, 0.6056815385818481, 1.183189034461975, 0.6077191829681396, 0.49733084440231323, 0.725701093673706, 0.4490984082221985, 0.03897050768136978, 0.46437060832977295, 0.8961832523345947, 0.8692455291748047, 0.47544756531715393, 0.5760358572006226, 0.4307502508163452, 9.692541789263487e-05, 0.3469758629798889, 0.06176977604627609, 0.899742841720581, 0.5370152592658997, 0.6363413333892822, 0.6279029250144958, 0.6754987239837646, 0.007716985419392586, 0.3772880733013153, 0.9009262919425964, 0.9504209756851196, 0.5205565094947815, 0.3048325777053833, 0.8642504215240479, 0.0009469189681112766, 0.6897850632667542, -0.005719357170164585, 0.27284520864486694, 1.3587260246276855, 0.7455661296844482, 0.6123763918876648, 0.5471398830413818, 0.003681076690554619, 0.8600810766220093, 0.05140751600265503, 0.29270339012145996, 0.5041753053665161, 0.8672054409980774, 0.4313080906867981, 0.9779239892959595, 0.6291866898536682, 1.0662583112716675, 1.0255343914031982, 1.0033745765686035, 0.7993267178535461, 0.140577495098114, 0.680581271648407, 0.48503604531288147, 1.0339434146881104, 0.5979403257369995, 0.7450084686279297, 0.5131755471229553, 0.3741219937801361, 0.3906647562980652]"
valid,"[28, 2, 14, 6, 20]",34,"[0.7524808049201965, 1.030516266822815, 0.5563246607780457, 0.5053975582122803, 0.004058429971337318, 0.45146265625953674, 1.0130581855773926, 0.885585606098175, 0.5304838418960571, 0.2585703432559967, 0.6119873523712158, 0.6860789060592651, 0.01449638418853283, 0.49817028641700745, 1.0529993772506714, 0.43038880825042725, 0.835886538028717, 0.6264865398406982, 0.6435122489929199, -8.142006117850542e-05, 0.4419093728065491, 0.40881428122520447, 0.7094998955726624, 0.5059300661087036, 0.779302179813385, 0.8511521220207214, 0.7124837636947632, 0.006816033273935318, 0.2941209375858307, 1.0478891134262085, 0.8599544763565063, 0.6131420731544495, 0.5432857871055603, 0.8595064282417297, 0.0017690719105303288, 0.8716017007827759, -0.007072607055306435, 0.4635624289512634, 1.178711175918579, 1.141544222831726, 0.4251960217952728, 0.6574779152870178, -0.004147008061408997, 0.9292773008346558, 0.19518929719924927, 0.7699086666107178, 0.7825114727020264, 0.9843466877937317, 0.256850928068161, 1.009998083114624, 0.3072715401649475, 0.9030425548553467, 1.2083417177200317, 0.5834155082702637, 0.7349815368652344, 0.4323151707649231, 0.3328152298927307, 0.46121081709861755, 0.6638255715370178, 0.5640263557434082, 0.8359010815620422, 0.30810943245887756, 0.7498903870582581, 0.6647254824638367]"
variable,"[28, 2, 11, 6, 2, 10, 14, 4]",34,"[0.6116378903388977, 1.1516999006271362, 0.5771089792251587, 0.5260668396949768, 0.0024864561855793, 0.4320181608200073, 0.9203073382377625, 0.9844465255737305, 0.7570666074752808, 0.23283572494983673, 0.4360016882419586, 0.9018175601959229, 0.0014826403930783272, 0.7943863272666931, 1.4100817441940308, 0.6009066104888916, 0.6997084021568298, 0.689578652381897, 0.5695813298225403, -0.00019659497775137424, 0.30568617582321167, 0.3198096752166748, 0.8882628679275513, 0.4148983359336853, 0.846901535987854, 0.9252851009368896, 0.7392218112945557, 0.0008498188108205795, 0.26198285818099976, 1.2027528285980225, 0.9517158269882202, 0.6326358318328857, 0.5950738191604614, 1.093136191368103, -0.004363017622381449, 0.9168170690536499, -0.02222089096903801, 0.22967445850372314, 1.392436146736145, 1.1102360486984253, 0.44903916120529175, 0.875848114490509, 0.023178232833743095, 1.1335874795913696, 0.16349589824676514, 0.587090015411377, 0.7270957827568054, 1.3174753189086914, 0.273248553276062, 0.8460285067558289, 0.20072053372859955, 1.0341469049453735, 1.3696879148483276, 0.7295594811439514, 1.0432446002960205, 0.3157368302345276, 0.4822547435760498, 0.49043938517570496, 0.7896553874015808, 0.4910602569580078, 1.2084240913391113, 0.1670321375131607, 0.832943856716156, 0.6008413434028625]"
viewpoint,"[28, 6, 4, 26, 3, 12, 6, 5, 8]",34,"[0.5780052542686462, 1.273973822593689, 0.7876946330070496, 0.7928300499916077, -0.003805585205554962, 0.7767319679260254, 0.8827314972877502, 0.8306568264961243, 0.9747951626777649, 0.16505983471870422, 0.30994924902915955, 1.3980945348739624, 0.006397810764610767, 1.3540959358215332, 1.9883968830108643, 0.28803551197052, 0.8108541965484619, 1.1441624164581299, 0.620498538017273, -0.001325124641880393, 0.3001180589199066, 0.2827550172805786, 0.8621609210968018, 0.5244278907775879, 1.1840744018554688, 1.3653497695922852, 0.767471432685852, -0.004736324772238731, 0.39824119210243225, 1.6712088584899902, 1.1426067352294922, 0.9010412096977234, 1.0159178972244263, 1.5188968181610107, -0.005587018094956875, 1.228708267211914, -0.02899370901286602, -0.05300900340080261, 1.493237018585205, 1.3279279470443726, 0.7243627309799194, 1.4282426834106445, 0.1399030238389969, 1.1765360832214355, 0.33633852005004883, 0.41701412200927734, 0.6916180849075317, 1.9610521793365479, 0.2671644687652588, 0.7049242258071899, 0.1000894159078598, 1.1546787023544312, 1.7917053699493408, 0.457365483045578, 1.531565546989441, 0.19548341631889343, 0.40472254157066345, 0.8177552223205566, 0.8903300166130066, 0.5728009939193726, 1.6879321336746216, 0.10451953858137131, 1.4316858053207397, 0.8416129350662231]"
abundant,"[2, 10, 13, 5, 20, 2, 5, 8]",34,"[0.46156764030456543, 0.7998550534248352, 0.27264681458473206, 0.2899341881275177, -0.0033314786851406097, 0.42667967081069946, 0.6139874458312988, 1.1480281352996826, 0.5710628032684326, 0.4746236801147461, 0.61052405834198, 0.4974512755870819, 0.022399287670850754, 0.5316795110702515, 0.8599518537521362, 0.8308496475219727, 0.540756344795227, 0.6527974605560303, 0.38984251022338867, 5.347596015781164e-05, 0.3755452036857605, 0.02966274321079254, 0.7932885885238647, 0.5686160922050476, 0.7318052649497986, 0.7160868048667908, 0.7212704420089722, 0.007134315557777882, 0.4350622594356537, 0.8286872506141663, 0.9889519810676575, 0.5933161377906799, 0.38821008801460266, 0.8709877133369446, -0.013194389641284943, 0.6449719071388245, -0.020774612203240395, 0.23009467124938965, 1.3704849481582642, 0.6730362772941589, 0.5778255462646484, 0.5365317463874817, 0.06251636147499084, 0.8563880920410156, 0.01582387089729309, 0.28059259057044983, 0.45224910974502563, 0.937876284122467, 0.4642709195613861, 0.9648159742355347, 0.5287436246871948, 1.104551076889038, 0.9952360391616821, 0.9654839038848877, 0.7869510650634766, 0.07523596286773682, 0.5872308611869812, 0.4922128915786743, 1.0545823574066162, 0.6099658608436584, 0.722255289554596, 0.42133989930152893, 0.45288529992103577, 0.37547212839126587]"
adage,"[2, 20, 2, 17, 4]",34,"[0.45275336503982544, 1.6488035917282104, 0.5093423128128052, 0.5530530214309692, 0.003917798399925232, 0.4740127921104431, 1.4849853515625, 0.4634862244129181, 0.4449266493320465, 0.08530806005001068, 0.16472718119621277, 0.6497827172279358, 0.005037051625549793, 0.7285981178283691, 1.210440754890442, 0.2775152325630188, 0.5992414951324463, 0.8810677528381348, 0.8632879257202148, 0.0001460696803405881, 0.23440423607826233, 0.30300062894821167, 0.9348421692848206, 0.30613142251968384, 0.565029501914978, 0.7148621678352356, 0.46780627965927124, 0.00041174888610839844, 0.46014490723609924, 1.6206797361373901, 0.5562217235565186, 0.5246518850326538, 0.6716771721839905, 0.6419010162353516, 0.003853423986583948, 1.5109138488769531, -0.00895581766963005, 0.1547350287437439, 0.7596694231033325, 1.6422723531723022, 0.6046144366264343, 1.0639277696609497, 0.07811447978019714, 1.1748120784759521, 0.14703430235385895, 0.86198890209198, 0.8976055383682251, 1.5925545692443848, 0.25312530994415283, 0.46663767099380493, 0.05548472702503204, 0.5680087804794312, 1.7199817895889282, 0.4045642614364624, 0.6076084971427917, 0.32805049419403076, 0.36003631353378296, 0.7920858860015869, 0.40136080980300903, 0.3472646474838257, 0.8037009239196777, 0.06693820655345917, 0.6942161917686462, 1.0071593523025513]"
analogy,"[2, 5, 2, 14, 12, 17, 21]",34,"[-0.03848095238208771, 2.0666539669036865, 0.045902036130428314, 0.06258393079042435, 0.0038896407932043076, 0.1731085628271103, 1.5997042655944824, 0.5598811507225037, 0.44506609439849854, 0.30230504274368286, 0.09803212434053421, 0.34772026538848877, 0.04560822993516922, 0.8069782853126526, 1.3089290857315063, 0.86650151014328, -0.020775847136974335, 0.8359805345535278, 0.8923574090003967, 3.760738763958216e-05, 0.04471016675233841, 0.008470892906188965, 1.5679291486740112, 0.06896158307790756, 0.11116073280572891, 0.0786399245262146, 0.20797614753246307, -0.0010990556329488754, 0.5082480907440186, 2.1016852855682373, 0.36274653673171997, 0.16921676695346832, 0.4031827449798584, 0.3686748445034027, -0.01287291944026947, 1.8503949642181396, -0.01189864706248045, -0.00020560622215270996, 0.6007450819015503, 1.775511622428894, 0.8781070709228516, 1.294891595840454, 0.007656129077076912, 1.6897493600845337, -0.011206284165382385, 0.5868757963180542, 0.8865892291069031, 1.8963638544082642, 0.3899054527282715, 0.15929903090000153, 0.2771972715854645, 0.41089296340942383, 2.210306167602539, 1.1430106163024902, 0.5689881443977356, 0.05699966847896576, 0.9752179384231567, 1.0460456609725952, 0.586075484752655, 0.12686048448085785, 0.6575866937637329, 0.14688530564308167, 0.10285383462905884, 1.112268090248108]"
clause,"[18, 14, 2, 13, 7, 4]",34,"[1.173325538635254, 0.3119519352912903, 1.0101215839385986, 0.9740226864814758, 0.014752641320228577, 0.931433916091919, 0.2325277477502823, 0.9129230976104736, 0.7663532495498657, 0.08289968967437744, 0.5618304014205933, 1.1173722743988037, 0.0087346900254488, 0.7304744720458984, 1.0126574039459229, 0.125014528632164, 1.5584588050842285, 0.6203470230102539, 0.24063006043434143, -0.001410680590197444, 0.7685799598693848, 0.5094476342201233, 0.19443166255950928, 0.8204839825630188, 1.4356093406677246, 1.6984212398529053, 1.0681235790252686, -0.009735532104969025, 0.25369417667388916, 0.38409969210624695, 1.2623136043548584, 1.1567139625549316, 0.7899352312088013, 1.4382452964782715, 0.0016239238902926445, 0.2223486304283142, -0.009829455986618996, 0.34760618209838867, 1.5887223482131958, 0.38732457160949707, 0.20528466999530792, 0.4662279188632965, 0.11460933089256287, 0.4865732789039612, 0.29165413975715637, 0.34603577852249146, 0.3695754408836365, 0.6372183561325073, 0.12433671951293945, 1.244706392288208, 0.0882510095834732, 1.2284353971481323, 0.49547621607780457, 0.14911624789237976, 1.1432058811187744, 0.3407120704650879, 0.017821379005908966, 0.19642886519432068, 0.7454026341438293, 0.7549605369567871, 1.2722829580307007, 0.16758783161640167, 1.4351136684417725, 0.23377861082553864]"
complex sentence,"[18, 12, 19, 3, 14, 4, 27, 31, 7, 4, 5, 8, 4, 5, 18, 4]",34,"[1.0256671905517578, 0.7853846549987793, 0.6584696769714355, 0.6997448801994324, 0.017770690843462944, 0.908947229385376, 0.5695830583572388, 1.2286999225616455, 0.672073483467102, 0.22264012694358826, 0.6729468703269958, 0.8400213122367859, 0.024131212383508682, 0.5949522256851196, 0.8345036506652832, 0.5123125910758972, 1.320801019668579, 0.9094998836517334, 0.3863982558250427, -0.0013134654145687819, 0.682711124420166, 0.3538151979446411, 0.6696434020996094, 0.88651442527771, 1.3262661695480347, 1.4717992544174194, 0.8868333101272583, -0.000620594248175621, 0.584729015827179, 0.6905526518821716, 1.2792682647705078, 1.02540922164917, 0.7058753967285156, 1.2057960033416748, 0.009992064908146858, 0.620149552822113, -0.03233917057514191, 0.4308118224143982, 1.6452946662902832, 0.5809475183486938, 0.5882579684257507, 0.5894452929496765, 0.21314887702465057, 0.7078688740730286, 0.07891474664211273, 0.4572902321815491, 0.4102904200553894, 0.842035710811615, 0.36177194118499756, 1.3967245817184448, 0.3047167956829071, 1.3538451194763184, 0.7348353862762451, 0.5301201343536377, 0.9069149494171143, 0.24612335860729218, 0.3174574673175812, 0.5551106929779053, 1.0138418674468994, 0.9375563859939575, 0.9662545919418335, 0.24801892042160034, 1.1197935342788696, 0.36657142639160156]"
compound sentence,"[18, 12, 19, 3, 12, 13, 5, 20, 31, 7, 4, 5, 8, 4, 5, 18, 4]",34,"[0.826364278793335, 0.6805314421653748, 0.36154142022132874, 0.4405912160873413, 0.012930781580507755, 0.8590404987335205, 0.354929119348526, 1.343937635421753, 0.6209908723831177, 0.4022539258003235, 0.7836019992828369, 0.7483726739883423, 0.04318324849009514, 0.5521727204322815, 0.7732505798339844, 0.7119967341423035, 1.1083953380584717, 0.893822431564331, 0.21511957049369812, -0.0009492473327554762, 0.6746899485588074, 0.09386522322893143, 0.7648918628692627, 1.0087344646453857, 1.1795672178268433, 1.249120831489563, 0.8415017127990723, -0.008427470922470093, 0.6476845741271973, 0.6533194780349731, 1.361884593963623, 0.9167401790618896, 0.5559760332107544, 1.1560757160186768, 0.02349468320608139, 0.5164862275123596, -0.0032655918039381504, 0.3121362328529358, 1.728309154510498, 0.41479915380477905, 0.7564069032669067, 0.5599249601364136, 0.2265886813402176, 0.641666054725647, -0.0033516883850097656, 0.2062613070011139, 0.24786198139190674, 0.7436684966087341, 0.5539997220039368, 1.4198486804962158, 0.5531671643257141, 1.462490200996399, 0.6753886938095093, 0.733684241771698, 0.9698479175567627, 0.07372493296861649, 0.4817041754722595, 0.6044639348983765, 1.3036096096038818, 0.9159619212150574, 0.8196654319763184, 0.4101150631904602, 0.8412242531776428, 0.2825336754322052]"
connotation,"[18, 12, 5, 5, 12, 8, 2, 8, 6, 12, 5]",34,"[0.28183653950691223, 1.0882134437561035, 0.01904214918613434, 0.0197199285030365, 0.011461093090474606, 0.14257510006427765, 0.7978823184967041, 1.3092410564422607, 0.6600247025489807, 0.5758348107337952, 0.6119669079780579, 0.29752659797668457, 0.047806814312934875, 0.47977760434150696, 0.9204933643341064, 1.2284904718399048, 0.21487711369991302, 0.44512322545051575, 0.39920955896377563, 0.001895460649393499, 0.2313113659620285, -0.0007416009902954102, 1.1851059198379517, 0.35552388429641724, 0.42573270201683044, 0.31454306840896606, 0.6196545958518982, 0.004606240428984165, 0.34979090094566345, 1.0320795774459839, 0.819301426410675, 0.34706059098243713, 0.15075765550136566, 0.7432132363319397, -0.002376590622588992, 0.808822751045227, 0.0021463800221681595, 0.272617906332016, 1.3863325119018555, 0.7832028269767761, 0.5655114054679871, 0.623429000377655, -0.03757844120264053, 1.1482994556427002, -0.05674242973327637, 0.2808181643486023, 0.510468065738678, 1.0190929174423218, 0.5388618111610413, 0.876743495464325, 0.7240046858787537, 1.0547704696655273, 1.261568307876587, 1.4237415790557861, 0.7970946431159973, 0.06791622936725616, 0.9764510989189148, 0.5190798044204712, 1.1138288974761963, 0.4595954120159149, 0.6854621171951294, 0.4796930253505707, 0.08403417468070984, 0.3491831421852112]"
denotation,"[20, 4, 5, 12, 8, 2, 8, 6, 12, 5]",34,"[0.13403546810150146, 1.5066004991531372, -0.028782382607460022, 0.02668936550617218, 0.00910254567861557, 0.18532586097717285, 1.0669875144958496, 1.1061911582946777, 0.6143262386322021, 0.4823942184448242, 0.46185362339019775, 0.3249630331993103, 0.05068875849246979, 0.6119335889816284, 1.0946192741394043, 1.119844675064087, 0.0851544588804245, 0.6354187726974487, 0.603820264339447, 0.0003456816775724292, 0.14155738055706024, -0.022824421525001526, 1.3520067930221558, 0.3070848286151886, 0.3454470634460449, 0.26292288303375244, 0.4691126346588135, 0.0032619647681713104, 0.4709455668926239, 1.4355428218841553, 0.7145041227340698, 0.30868589878082275, 0.23427751660346985, 0.6620315909385681, -0.00020013004541397095, 1.190903663635254, -0.0012620151974260807, 0.13229012489318848, 1.183525800704956, 1.1097849607467651, 0.7612437605857849, 0.8841668367385864, 0.0016086939722299576, 1.313170313835144, -0.053719207644462585, 0.39938122034072876, 0.6377274394035339, 1.3701242208480835, 0.547528088092804, 0.648673951625824, 0.6064565181732178, 0.8975881934165955, 1.6329066753387451, 1.2937897443771362, 0.7626022100448608, 0.06907477229833603, 0.9955698847770691, 0.7529844641685486, 1.009647011756897, 0.3646373748779297, 0.7437572479248047, 0.3696810305118561, 0.09172715246677399, 0.6209591031074524]"
descriptive,"[20, 4, 7, 18, 11, 6, 3, 8, 6, 28, 4]",34,"[1.0367703437805176, 0.6302558183670044, 0.6996457576751709, 0.5577089786529541, 0.00010769814252853394, 0.4687995910644531, 0.4740655720233917, 1.325514554977417, 0.8330576419830322, 0.2781463861465454, 0.8798376321792603, 0.8725022077560425, 0.0009906478226184845, 0.5277518630027771, 1.1239069700241089, 0.6225830912590027, 1.13840651512146, 0.41290098428726196, 0.43745195865631104, -0.002872752957046032, 0.5784997344017029, 0.5042712688446045, 0.6009265780448914, 0.6270848512649536, 1.1237047910690308, 1.1180946826934814, 0.947742223739624, 0.005971566773951054, 0.11502605676651001, 0.6498250961303711, 1.1982591152191162, 0.7635098099708557, 0.4146503508090973, 1.2751389741897583, 0.000697706826031208, 0.3506203293800354, -0.02670850045979023, 0.6176612377166748, 1.8119183778762817, 0.6286759376525879, 0.25936079025268555, 0.4625721573829651, 0.01817675493657589, 0.8398020267486572, 0.21840906143188477, 0.6583997011184692, 0.64395672082901, 0.6520100831985474, 0.21869061887264252, 1.4000623226165771, 0.34734395146369934, 1.3356887102127075, 0.7813682556152344, 0.7642403841018677, 1.1131951808929443, 0.5013486742973328, 0.3908728361129761, 0.15179505944252014, 0.9587330222129822, 0.6751469969749451, 1.2414151430130005, 0.32769161462783813, 0.9080018401145935, 0.28473836183547974]"
etymology,"[4, 8, 21, 19, 12, 14, 12, 17, 21]",34,"[-0.04128880798816681, 2.0980119705200195, 0.05355869233608246, 0.024926871061325073, 0.003669489175081253, 0.09205362200737, 1.6592926979064941, 0.6315255165100098, 0.5547692775726318, 0.2933068573474884, 0.13990402221679688, 0.38227131962776184, 0.041058607399463654, 0.8805688619613647, 1.4958064556121826, 0.9711664915084839, -0.015067517757415771, 0.7389616966247559, 0.8954020142555237, 0.004259207751601934, 0.04472407326102257, 0.034660615026950836, 1.693625569343567, 0.005315341055393219, 0.10533973574638367, 0.005468624643981457, 0.21541345119476318, -0.00824275054037571, 0.4251035749912262, 2.221529483795166, 0.32589009404182434, 0.10486366599798203, 0.3513730764389038, 0.41922590136528015, -0.007536239922046661, 1.8728556632995605, -0.01259959489107132, 0.07755842804908752, 0.775164008140564, 1.8763821125030518, 0.7968106865882874, 1.3673031330108643, -0.03334805741906166, 1.878292202949524, -0.0074522048234939575, 0.6294339895248413, 0.9748313426971436, 1.9475523233413696, 0.3978606164455414, 0.18007516860961914, 0.3003900647163391, 0.46550118923187256, 2.3210740089416504, 1.2943668365478516, 0.7102648019790649, 0.12190423905849457, 1.1160482168197632, 0.9859703779220581, 0.6132993698120117, 0.1138317883014679, 0.7649704217910767, 0.146551713347435, 0.0641506165266037, 1.0997165441513062]"
figurative,"[22, 6, 17, 13, 11, 2, 8, 6, 28, 4]",34,"[0.7500208616256714, 0.6502689123153687, 0.47522351145744324, 0.49948644638061523, 0.010731853544712067, 0.7810442447662354, 0.349645733833313, 1.2227976322174072, 0.7092215418815613, 0.35666149854660034, 0.6586154699325562, 0.886737585067749, 0.01681956835091114, 0.7473462224006653, 1.0832114219665527, 0.5564060807228088, 0.9648619890213013, 0.9015026092529297, 0.3031652569770813, -0.0003746149595826864, 0.5493839979171753, 0.15165695548057556, 0.6433370113372803, 0.8223984241485596, 1.1828120946884155, 1.243947982788086, 0.8603655099868774, 0.006517904810607433, 0.5436272025108337, 0.804994523525238, 1.2803843021392822, 0.9928264021873474, 0.689361035823822, 1.2789546251296997, -0.005693008657544851, 0.5389276742935181, -0.01948206126689911, 0.22242435812950134, 1.7071648836135864, 0.5389822721481323, 0.6695380210876465, 0.6735717058181763, 0.14167627692222595, 0.6721965074539185, 0.10281913727521896, 0.15476952493190765, 0.3610629737377167, 0.9510905742645264, 0.47237372398376465, 1.230711817741394, 0.43989160656929016, 1.3756762742996216, 0.867506742477417, 0.6416599154472351, 1.1184866428375244, 0.15031680464744568, 0.5064480304718018, 0.5512816905975342, 1.1891692876815796, 0.8775281310081482, 1.1120291948318481, 0.3907148241996765, 0.9698980450630188, 0.3301026225090027]"
formal language,"[22, 12, 11, 19, 2, 14, 31, 14, 2, 5, 17, 13, 2, 17, 4]",34,"[0.6845335364341736, 1.009597659111023, 0.47069647908210754, 0.5640113949775696, 0.00569097138941288, 1.0807124376296997, 0.4780321419239044, 1.3814692497253418, 0.6574177145957947, 0.5939981341362, 0.530968964099884, 0.9327811598777771, 0.03723767027258873, 0.962843120098114, 1.0359532833099365, 0.7839064598083496, 0.9692856073379517, 1.3898531198501587, 0.2853851318359375, -0.004095905926078558, 0.5856664180755615, 0.059796787798404694, 0.8604334592819214, 0.9986816644668579, 1.352977991104126, 1.520420789718628, 0.968787670135498, -0.0025032609701156616, 0.9734137058258057, 1.0421524047851562, 1.486863374710083, 1.1854526996612549, 0.9507332444190979, 1.402026653289795, -0.007846035063266754, 0.9436970353126526, -0.02673601731657982, -0.026709794998168945, 1.809875726699829, 0.5856831669807434, 1.1181694269180298, 0.9524762034416199, 0.22890929877758026, 0.7202247977256775, -0.08161772787570953, 0.08531543612480164, 0.17071223258972168, 1.3721741437911987, 0.8228306174278259, 1.295382022857666, 0.6252541542053223, 1.6074846982955933, 1.0484346151351929, 0.6494028568267822, 1.1037499904632568, -0.06361649930477142, 0.6431640386581421, 0.9672760367393494, 1.5262612104415894, 1.0412483215332031, 1.052769660949707, 0.39177802205085754, 1.1577636003494263, 0.4352416396141052]"
hesitate,"[9, 4, 7, 6, 8, 2, 8, 4]",34,"[0.7949706315994263, 0.5688492655754089, 0.5524990558624268, 0.5397648215293884, 0.0057949647307395935, 0.5128564834594727, 0.41471147537231445, 1.344224452972412, 0.9282534718513489, 0.25058332085609436, 0.6800916790962219, 0.9229656457901001, 0.011212233453989029, 0.7136045694351196, 1.2208696603775024, 0.6278267502784729, 0.9542458057403564, 0.472736656665802, 0.31183260679244995, -0.0003357835812494159, 0.47256141901016235, 0.2407018095254898, 0.6744849681854248, 0.5850834250450134, 1.0255177021026611, 1.1153266429901123, 0.9593560695648193, 0.000299038365483284, 0.19895151257514954, 0.7626505494117737, 1.244016408920288, 0.8045833706855774, 0.4559132158756256, 1.3993068933486938, -0.005179636180400848, 0.41674575209617615, -0.019505314528942108, 0.31549859046936035, 1.7788829803466797, 0.5411500334739685, 0.3090779781341553, 0.566887378692627, 0.006502503529191017, 0.8692506551742554, 0.15030647814273834, 0.30190956592559814, 0.49111950397491455, 0.8806173205375671, 0.2687675952911377, 1.1808521747589111, 0.2926101088523865, 1.3150676488876343, 0.9198533296585083, 0.7120702266693115, 1.257539987564087, 0.26984021067619324, 0.40582042932510376, 0.2522859573364258, 1.049148678779602, 0.6374397277832031, 1.327501893043518, 0.3073318600654602, 0.8394060134887695, 0.28704696893692017]"
homograph,"[9, 12, 19, 12, 17, 11, 2, 3, 9]",34,"[-0.05060704052448273, 2.3332436084747314, 0.05194441229104996, 0.13093672692775726, -0.002857593819499016, 0.34195104241371155, 1.773695945739746, 0.485661119222641, 0.5318237543106079, 0.24408136308193207, 0.07307495176792145, 0.5157533884048462, 0.0469096302986145, 1.0459877252578735, 1.577317476272583, 0.6875895857810974, -0.018481850624084473, 1.1209560632705688, 0.9853911399841309, 0.0016752058872953057, 0.08285550773143768, -0.03745095431804657, 1.7158188819885254, 0.18578948080539703, 0.21726006269454956, 0.24865514039993286, 0.1773943305015564, -0.007377121597528458, 0.6474292874336243, 2.524813175201416, 0.3833884000778198, 0.26427799463272095, 0.5792694687843323, 0.48862382769584656, -0.0037562991492450237, 2.2024409770965576, 0.0016239872202277184, -0.1063903272151947, 0.6081293821334839, 2.0473251342773438, 1.1024796962738037, 1.6026060581207275, 0.07040710002183914, 1.7573407888412476, 0.023531600832939148, 0.5989465713500977, 0.9473298788070679, 2.299567699432373, 0.42617207765579224, 0.07481183111667633, 0.25108322501182556, 0.4370496869087219, 2.567906141281128, 1.0013182163238525, 0.72699373960495, -0.00236433744430542, 0.9897847771644592, 1.3175482749938965, 0.648900032043457, 0.19290132820606232, 0.7861071825027466, 0.14592304825782776, 0.29760682582855225, 1.3030648231506348]"
informal language,"[6, 5, 22, 12, 11, 19, 2, 14, 31, 14, 2, 5, 17, 13, 2, 17, 4]",34,"[0.6797380447387695, 0.9565846920013428, 0.3258820176124573, 0.4072837829589844, 0.007285484112799168, 0.9431224465370178, 0.39064332842826843, 1.4454045295715332, 0.5989624261856079, 0.6713614463806152, 0.6154850721359253, 0.7720600366592407, 0.048560731112957, 0.765289306640625, 0.8426297903060913, 0.8919702172279358, 0.8457680940628052, 1.2461832761764526, 0.22611597180366516, -0.0053472151048481464, 0.5855642557144165, 0.007626824080944061, 0.9007269740104675, 1.0044374465942383, 1.1950827836990356, 1.3487979173660278, 0.9306327104568481, -0.0029953159391880035, 0.9212022423744202, 0.9016972780227661, 1.4534692764282227, 1.0676484107971191, 0.770593523979187, 1.2720128297805786, 0.0003966731019318104, 0.8296443223953247, -0.005078636109828949, 0.006200730800628662, 1.7299655675888062, 0.4605463147163391, 1.1149762868881226, 0.781513512134552, 0.19250327348709106, 0.6568366885185242, -0.1291685551404953, 0.06874677538871765, 0.1449410617351532, 1.1339062452316284, 0.8436068296432495, 1.3253480195999146, 0.7441098690032959, 1.5801103115081787, 0.9020487070083618, 0.7488012909889221, 0.981645405292511, -0.05889610946178436, 0.6755163669586182, 0.8985019326210022, 1.5528541803359985, 0.9744264483451843, 0.907360851764679, 0.45877087116241455, 0.9113904237747192, 0.3382089138031006]"
maxim,"[19, 2, 27, 6, 19]",34,"[0.075381800532341, 1.80669367313385, 0.14436419308185577, 0.13822703063488007, 0.0030414480715990067, 0.1886812299489975, 1.3608713150024414, 0.6360985636711121, 0.5970538854598999, 0.27898108959198, 0.16047540307044983, 0.589545726776123, 0.028156327083706856, 0.8996819257736206, 1.5169092416763306, 0.773280918598175, 0.07878987491130829, 0.830933690071106, 0.8083528280258179, 0.00046161666978150606, 0.044002339243888855, 0.04608530178666115, 1.428105354309082, 0.08761430531740189, 0.267400324344635, 0.23414179682731628, 0.3063303828239441, 0.003469286486506462, 0.37261173129081726, 2.0062503814697266, 0.4996068477630615, 0.2397017478942871, 0.47340160608291626, 0.5849694013595581, -0.008132899180054665, 1.6121811866760254, -0.01683632843196392, 0.01940476894378662, 0.8181365132331848, 1.6565874814987183, 0.7573751211166382, 1.2977533340454102, 0.010445209220051765, 1.5861262083053589, 0.10335513949394226, 0.5089420080184937, 0.8960859179496765, 1.8371505737304688, 0.31598663330078125, 0.2679070830345154, 0.2487165629863739, 0.5587955117225647, 2.091613292694092, 1.1025335788726807, 0.8133374452590942, 0.11332792788743973, 0.9138597249984741, 0.9010267853736877, 0.6317865252494812, 0.20308449864387512, 0.8921924829483032, 0.1947975903749466, 0.26401105523109436, 0.9922043085098267]"
morphology,"[19, 12, 11, 3, 9, 12, 14, 12, 17, 21]",34,"[0.09208755195140839, 1.8157415390014648, 0.11551593989133835, 0.16066130995750427, 0.003823390230536461, 0.19407273828983307, 1.3961870670318604, 0.6613720655441284, 0.5565567016601562, 0.27571338415145874, 0.18122455477714539, 0.4991767406463623, 0.03536685183644295, 0.8489255309104919, 1.3886923789978027, 0.7559614181518555, 0.10196531563997269, 0.7760593891143799, 0.7549580335617065, 0.0010237422538921237, 0.12433739006519318, 0.007946357131004333, 1.4056028127670288, 0.16994890570640564, 0.21503832936286926, 0.20959259569644928, 0.30839911103248596, -0.004866534844040871, 0.4276428818702698, 1.9498088359832764, 0.45273399353027344, 0.2549339532852173, 0.4267900586128235, 0.5248379707336426, -0.004427456762641668, 1.6322386264801025, 0.0019224463030695915, 0.04940520226955414, 0.8081691861152649, 1.5862503051757812, 0.7659741640090942, 1.2178537845611572, 0.016166927292943, 1.559968113899231, 0.03647094964981079, 0.5257759690284729, 0.8321227431297302, 1.7665565013885498, 0.35881298780441284, 0.30186110734939575, 0.28147092461586, 0.5617578029632568, 2.0514461994171143, 1.0409927368164062, 0.7485028505325317, 0.08087620884180069, 0.8691852688789368, 0.9298784732818604, 0.642280101776123, 0.1745489537715912, 0.794579267501831, 0.1709969937801361, 0.2353752851486206, 0.9809295535087585]"
nuance,"[5, 13, 2, 5, 18, 4]",34,"[0.3799046576023102, 1.0674439668655396, 0.36339929699897766, 0.2588762938976288, 0.011068565770983696, 0.10935251414775848, 0.8177976608276367, 0.9165938496589661, 0.6482318043708801, 0.26208001375198364, 0.337953120470047, 0.5267583131790161, 0.018180562183260918, 0.5836409330368042, 1.076478362083435, 0.8378905057907104, 0.3968849182128906, 0.3471803069114685, 0.45788097381591797, -0.0009056649869307876, 0.2229338139295578, 0.22639527916908264, 0.9801331758499146, 0.20295286178588867, 0.40250805020332336, 0.43510323762893677, 0.5620648264884949, 0.003386516124010086, 0.162165567278862, 1.0596479177474976, 0.6123703718185425, 0.3199695646762848, 0.24534094333648682, 0.730171263217926, -0.0035298787988722324, 0.8060401082038879, -0.007070662919431925, 0.34329771995544434, 1.1262840032577515, 0.881924569606781, 0.31071990728378296, 0.6463372707366943, -0.026179496198892593, 1.206068992614746, 0.06253696233034134, 0.5278975963592529, 0.7083147764205933, 1.0328145027160645, 0.23769739270210266, 0.6217328310012817, 0.26596251130104065, 0.756450891494751, 1.2059803009033203, 0.9838656187057495, 0.7801674008369446, 0.3017748296260834, 0.6469630599021912, 0.36740925908088684, 0.6666925549507141, 0.2192336618900299, 0.8755071759223938, 0.1733982115983963, 0.30427148938179016, 0.45547324419021606]"
persevere,"[3, 4, 11, 7, 4, 28, 4, 11, 4]",34,"[1.2113473415374756, 0.8216603398323059, 1.3526616096496582, 1.2210304737091064, 0.008153161033987999, 0.8750377297401428, 0.7821529507637024, 0.5161783695220947, 0.8756753206253052, -0.025731757283210754, 0.3261846899986267, 1.3442907333374023, -0.0005918694660067558, 0.997504711151123, 1.531948447227478, -0.0990457534790039, 1.443127155303955, 0.7123563289642334, 0.7051100134849548, -0.0009621529607102275, 0.5307634472846985, 0.8915356397628784, 0.26411888003349304, 0.48797422647476196, 1.440237283706665, 1.6264370679855347, 1.0198382139205933, 0.002239125780761242, 0.17738115787506104, 0.9853323698043823, 1.0004258155822754, 1.1074600219726562, 0.9850628972053528, 1.4403070211410522, 0.0022364831529557705, 0.7343063950538635, -0.010794764384627342, 0.31702500581741333, 1.3138223886489868, 1.1268815994262695, 0.24149473011493683, 0.8727479577064514, 0.060806795954704285, 0.8203864097595215, 0.5921602845191956, 0.8555172681808472, 0.8004283905029297, 1.287112832069397, 0.026593714952468872, 0.8652781844139099, -0.06412854790687561, 0.951972246170044, 1.241206169128418, -0.04742895066738129, 1.2465373277664185, 0.7107511758804321, -0.023792814463377, 0.34551119804382324, 0.3965402841567993, 0.46683022379875183, 1.5773714780807495, 0.00495128333568573, 1.7118209600448608, 0.6890154480934143]"
proverb,"[3, 11, 12, 28, 4, 11, 10]",34,"[0.9783931970596313, 0.30232560634613037, 0.5815922021865845, 0.5006825923919678, -0.001418977975845337, 0.8372064828872681, 0.3108981251716614, 1.2085778713226318, 0.569146990776062, 0.3692671060562134, 0.9300010204315186, 0.6926524043083191, 0.005305977538228035, 0.46901077032089233, 0.6905378699302673, 0.39398613572120667, 1.1911646127700806, 0.6382049322128296, 0.2550383508205414, 0.001896639703772962, 0.7643114924430847, 0.2771664559841156, 0.30204010009765625, 0.9535204768180847, 1.2658517360687256, 1.2890831232070923, 0.9691905975341797, 0.0017106644809246063, 0.44235748052597046, 0.38350245356559753, 1.325246810913086, 1.0306142568588257, 0.5589006543159485, 1.160461187362671, -0.013299750164151192, 0.24075157940387726, -0.013251899741590023, 0.45257067680358887, 1.664076566696167, 0.40270674228668213, 0.49587905406951904, 0.2937995493412018, 0.1172877699136734, 0.41212135553359985, 0.1254415512084961, 0.3553263545036316, 0.3259141445159912, 0.453011691570282, 0.4137488603591919, 1.476569414138794, 0.5189081430435181, 1.3577357530593872, 0.40842822194099426, 0.4579411745071411, 0.9048287868499756, 0.258488267660141, 0.205600768327713, 0.29826733469963074, 1.0666636228561401, 0.9436333775520325, 0.8428706526756287, 0.487995445728302, 0.9806138873100281, 0.20836308598518372]"
reluctant,"[11, 4, 14, 13, 18, 8, 2, 5, 8]",34,"[0.6927384734153748, 0.7077392935752869, 0.47759732604026794, 0.46346884965896606, -0.00076323002576828, 0.6230707168579102, 0.463295578956604, 1.4224448204040527, 0.7752516269683838, 0.4461500644683838, 0.7014865279197693, 0.775776743888855, 0.02286611869931221, 0.6546434164047241, 1.0327894687652588, 0.7571132183074951, 0.8747472763061523, 0.7272802591323853, 0.30928754806518555, -0.0011251880787312984, 0.4651840329170227, 0.16832846403121948, 0.7235425114631653, 0.7129377722740173, 1.0658706426620483, 1.140483021736145, 0.9500329494476318, 0.0017976826056838036, 0.45450395345687866, 0.7608610391616821, 1.2671124935150146, 0.8451069593429565, 0.5274311900138855, 1.2524641752243042, -0.003956804517656565, 0.5576085448265076, -0.028195591643452644, 0.28806519508361816, 1.7559325695037842, 0.573399007320404, 0.5585893392562866, 0.6201911568641663, 0.04590386152267456, 0.7811616063117981, 0.04549765586853027, 0.3224213719367981, 0.37853214144706726, 0.9557382464408875, 0.4741903245449066, 1.2605284452438354, 0.537797749042511, 1.3852050304412842, 0.8841913938522339, 0.7816235423088074, 1.0810227394104004, 0.1781150847673416, 0.4631899297237396, 0.43510913848876953, 1.2325414419174194, 0.7694907188415527, 1.0616681575775146, 0.4162989854812622, 0.7875688076019287, 0.32982784509658813]"
sensory language,"[7, 4, 5, 7, 12, 11, 21, 31, 14, 2, 5, 17, 13, 2, 17, 4]",34,"[0.6793634295463562, 0.774519145488739, 0.3590259552001953, 0.43414121866226196, 0.007767112925648689, 0.8982683420181274, 0.2991524040699005, 1.4013841152191162, 0.6222307682037354, 0.608302652835846, 0.6178455352783203, 0.7399687767028809, 0.03154260665178299, 0.7408148646354675, 0.8015658855438232, 0.8301647901535034, 0.8757163882255554, 1.1281927824020386, 0.1854877769947052, -0.003614464309066534, 0.5874951481819153, 0.012973643839359283, 0.7700520753860474, 0.9907196760177612, 1.2099950313568115, 1.325682282447815, 0.9414572715759277, 0.005059209652245045, 0.8539684414863586, 0.7785012125968933, 1.4008712768554688, 1.0810755491256714, 0.7273882031440735, 1.2610143423080444, -0.0048853252083063126, 0.6301320791244507, -0.01030372641980648, 0.06622777879238129, 1.7626382112503052, 0.3619639277458191, 0.969488799571991, 0.6767317056655884, 0.2109355479478836, 0.5888271331787109, -0.08450947701931, 0.029175221920013428, 0.13151289522647858, 1.0131031274795532, 0.7820737361907959, 1.297213077545166, 0.6983355283737183, 1.5488739013671875, 0.7914540767669678, 0.7323048114776611, 1.0065944194793701, -0.031379565596580505, 0.6376045942306519, 0.7683572769165039, 1.5045253038406372, 0.9568831324577332, 0.9128773212432861, 0.4622541666030884, 0.899456799030304, 0.26405349373817444]"
vivid,"[28, 6, 28, 6, 20]",34,"[0.6358554363250732, 0.9635197520256042, 0.5178889036178589, 0.443717360496521, 0.005110014230012894, 0.36382484436035156, 0.8337583541870117, 0.7934458255767822, 0.65031498670578, 0.12425399571657181, 0.5049853920936584, 0.7750725746154785, 0.00424434058368206, 0.6241267323493958, 1.2464232444763184, 0.3630661070346832, 0.691805362701416, 0.5243220925331116, 0.6223971247673035, 0.00013284909073263407, 0.35901618003845215, 0.34290793538093567, 0.7076788544654846, 0.37707239389419556, 0.698962926864624, 0.7302584052085876, 0.6113191843032837, 0.002236541360616684, 0.14467985928058624, 1.075472116470337, 0.77430260181427, 0.539617657661438, 0.45882487297058105, 0.8925259709358215, 0.0016211546026170254, 0.7943678498268127, -0.0020957356318831444, 0.38090139627456665, 1.142622947692871, 1.0310262441635132, 0.31709644198417664, 0.6769165992736816, -0.005255758762359619, 0.9889136552810669, 0.2185724675655365, 0.633029580116272, 0.8201115131378174, 1.0376038551330566, 0.1121012270450592, 0.7996975183486938, 0.1377914845943451, 0.8013564944267273, 1.2097766399383545, 0.5571826100349426, 0.8889679312705994, 0.4295157194137573, 0.33171603083610535, 0.390143483877182, 0.5950665473937988, 0.4101897180080414, 1.0206892490386963, 0.21904565393924713, 0.6659392714500427, 0.6151537895202637]"
angle,"[2, 5, 17, 14, 4]",34,"[0.8870359063148499, 0.9495829343795776, 0.9384916424751282, 0.8918402194976807, 0.008981488645076752, 0.709168553352356, 0.9825882315635681, 0.5372351408004761, 0.6403497457504272, 0.038544800132513046, 0.2562541663646698, 1.0159099102020264, -0.00010806042701005936, 0.7730301022529602, 1.1692901849746704, 0.12042298913002014, 1.116163730621338, 0.7023105621337891, 0.6355124115943909, -0.0010927909752354026, 0.41252589225769043, 0.5508254766464233, 0.4491226375102997, 0.43574172258377075, 1.1106207370758057, 1.2664228677749634, 0.8280341625213623, 0.002582794986665249, 0.2518492639064789, 0.942478597164154, 0.8391665816307068, 0.8622426390647888, 0.8224714398384094, 1.0618022680282593, 0.004991001915186644, 0.8709973096847534, -0.012168001383543015, 0.2606840133666992, 1.0949174165725708, 1.134224772453308, 0.2528459131717682, 0.7753555178642273, 0.09624336659908295, 0.7859189510345459, 0.34241586923599243, 0.7392417192459106, 0.701207160949707, 1.1659988164901733, 0.09438124299049377, 0.7684166431427002, -0.02672484889626503, 0.8101294040679932, 1.1448261737823486, 0.1630518138408661, 0.9026918411254883, 0.4545312523841858, 0.0429854542016983, 0.44508710503578186, 0.44390302896499634, 0.45527541637420654, 1.1378028392791748, 0.020351827144622803, 1.2615255117416382, 0.6817360520362854]"
citizenship,"[18, 6, 8, 6, 15, 4, 5, 7, 9, 6, 3]",34,"[0.5526219010353088, 1.9050079584121704, 0.5096008777618408, 0.4703921675682068, 0.005443034693598747, 0.28822049498558044, 1.6716492176055908, 0.5553872585296631, 0.42877086997032166, 0.1998894214630127, 0.39294978976249695, 0.5132133960723877, 0.028170445933938026, 0.5983890891075134, 1.3089734315872192, 0.4773130416870117, 0.5532934665679932, 0.7829090356826782, 1.0873469114303589, -0.0016987563576549292, 0.24986638128757477, 0.47110694646835327, 1.2074878215789795, 0.25275224447250366, 0.47610676288604736, 0.5362551212310791, 0.39667031168937683, 0.010646136477589607, 0.38569873571395874, 1.8456443548202515, 0.45509961247444153, 0.3675891160964966, 0.5479408502578735, 0.5134727954864502, 0.0038145254366099834, 1.6518259048461914, -0.016918649896979332, 0.4156550168991089, 0.7506375312805176, 1.8825575113296509, 0.659815788269043, 1.1063870191574097, -1.377798616886139e-05, 1.524940848350525, 0.20257656276226044, 1.1592730283737183, 1.1776561737060547, 1.5427227020263672, 0.217659130692482, 0.5851263403892517, 0.21958592534065247, 0.5495210886001587, 1.9834526777267456, 0.7229886651039124, 0.5249307155609131, 0.5361514091491699, 0.5624427199363708, 0.7826611399650574, 0.359829306602478, 0.30482399463653564, 0.8018035888671875, 0.15074194967746735, 0.5765861868858337, 1.1141812801361084]"
colony,"[18, 12, 14, 12, 5, 21]",34,"[0.18816643953323364, 1.482810139656067, 0.2849223017692566, 0.2284683883190155, -0.004395443946123123, 0.0040326593443751335, 1.4389050006866455, 0.4547930359840393, 0.5160481929779053, 0.14931824803352356, 0.21916216611862183, 0.3516995310783386, 0.012681359425187111, 0.5653461813926697, 1.2156554460525513, 0.5580868721008301, 0.18330931663513184, 0.3270324468612671, 0.791032075881958, 0.001331015839241445, 0.09460169821977615, 0.2606247365474701, 1.091565489768982, -0.08642084896564484, 0.09812697768211365, 0.031228667125105858, 0.25525349378585815, -0.020146120339632034, 0.09421947598457336, 1.5171624422073364, 0.21329446136951447, 0.07337981462478638, 0.26553744077682495, 0.33349087834358215, 0.004508512560278177, 1.2942924499511719, 0.004333039745688438, 0.343879371881485, 0.5803277492523193, 1.5521126985549927, 0.3163772523403168, 0.9496364593505859, -0.06754744052886963, 1.3840023279190063, 0.18128016591072083, 0.8048804998397827, 1.0592455863952637, 1.3447664976119995, 0.14522536098957062, 0.25314080715179443, 0.14275798201560974, 0.32386514544487, 1.7425117492675781, 0.9170393943786621, 0.602934718132019, 0.39198070764541626, 0.5951051712036133, 0.5222131609916687, 0.2338816225528717, -0.009510868228971958, 0.6543385982513428, 0.1065276712179184, 0.1652844250202179, 0.8716171383857727]"
constitution,"[18, 12, 5, 7, 8, 6, 8, 13, 8, 6, 12, 5]",34,"[0.7485681176185608, 0.3553776144981384, 0.1715550571680069, 0.13581915199756622, -0.00034426525235176086, 0.4452449381351471, 0.31172746419906616, 1.591402530670166, 0.5467581152915955, 0.6888033747673035, 1.1452069282531738, 0.36078697443008423, 0.03561113402247429, 0.15763172507286072, 0.45761457085609436, 0.9929611086845398, 0.7802687883377075, 0.45750540494918823, 0.21824944019317627, 0.0001624544383957982, 0.6320704817771912, 0.07234985381364822, 0.6274556517601013, 0.8602484464645386, 0.8452880382537842, 0.8397150039672852, 0.8802696466445923, -0.0009760186076164246, 0.39282870292663574, 0.3611730635166168, 1.231649398803711, 0.6883509159088135, 0.2017613649368286, 0.9298235177993774, -0.005322583485394716, 0.20031940937042236, -0.005008871667087078, 0.5581857562065125, 1.7359739542007446, 0.2891065180301666, 0.5028620958328247, 0.13933435082435608, -0.00484849326312542, 0.5261057019233704, 0.020257145166397095, 0.25274109840393066, 0.33146941661834717, 0.24325238168239594, 0.5615037083625793, 1.5219539403915405, 0.9552126526832581, 1.400642991065979, 0.42103710770606995, 1.0784876346588135, 0.7134366035461426, 0.14128804206848145, 0.584290623664856, 0.2947065830230713, 1.2953722476959229, 0.901779294013977, 0.5281089544296265, 0.7975212931632996, 0.37249666452407837, 0.12241485714912415]"
consumer,"[18, 12, 5, 7, 13, 19, 4, 11]",34,"[0.31971126794815063, 1.3732508420944214, 0.3102544844150543, 0.3626023530960083, 0.007121500559151173, 0.47828108072280884, 1.0908561944961548, 0.6162130236625671, 0.4594336450099945, 0.24537347257137299, 0.29167088866233826, 0.4679717719554901, 0.034203894436359406, 0.6290121674537659, 1.0155386924743652, 0.5168401002883911, 0.43261608481407166, 0.8001836538314819, 0.6165173649787903, -0.0005720140179619193, 0.2268928736448288, 0.15294523537158966, 0.9554480910301208, 0.34134429693222046, 0.5350981950759888, 0.5810080766677856, 0.4242628216743469, -0.004588337615132332, 0.49988338351249695, 1.3063735961914062, 0.6143864989280701, 0.4849063754081726, 0.5246378183364868, 0.5857856869697571, 0.0008539473637938499, 1.2323791980743408, -0.009860610589385033, 0.16580188274383545, 0.8172056674957275, 1.2549819946289062, 0.7003498077392578, 0.9432597756385803, 0.10640940070152283, 1.0347448587417603, 0.08590219169855118, 0.5270358324050903, 0.6626900434494019, 1.3092482089996338, 0.35306835174560547, 0.524037778377533, 0.27259036898612976, 0.6531249284744263, 1.402298927307129, 0.7115689516067505, 0.6278973817825317, 0.19179567694664001, 0.5220620632171631, 0.744916558265686, 0.5939080715179443, 0.3661537170410156, 0.6504929661750793, 0.1649896800518036, 0.5502834916114807, 0.7313433289527893]"
decimal,"[20, 4, 18, 6, 19, 2, 14]",34,"[0.3345201015472412, 1.7989997863769531, 0.4194398522377014, 0.39699679613113403, 0.002058403566479683, 0.289646714925766, 1.4907219409942627, 0.7161720991134644, 0.7005646824836731, 0.2459535449743271, 0.2436380237340927, 0.7630671858787537, 0.021032165735960007, 0.9032337069511414, 1.582106113433838, 0.6057699918746948, 0.390945702791214, 0.8259915113449097, 0.8815189003944397, -0.0017943341517820954, 0.13294583559036255, 0.2282445728778839, 1.2689281702041626, 0.18330268561840057, 0.5114640593528748, 0.5753662586212158, 0.483391135931015, 0.0003444254398345947, 0.33218416571617126, 1.9124332666397095, 0.6318997740745544, 0.4350537955760956, 0.6159735321998596, 0.8290890455245972, 0.005851380992680788, 1.5765376091003418, 0.0024335626512765884, 0.08179330825805664, 0.9949950575828552, 1.770448923110962, 0.673440158367157, 1.2949689626693726, -0.012056134641170502, 1.5519171953201294, 0.16937486827373505, 0.7609144449234009, 0.985901415348053, 1.8681505918502808, 0.2560521960258484, 0.5261968374252319, 0.21342964470386505, 0.7238284349441528, 2.0883395671844482, 0.8521708250045776, 0.9283871650695801, 0.3000543713569641, 0.6906211972236633, 0.8250098824501038, 0.5941972136497498, 0.29627126455307007, 1.0878392457962036, 0.1401878446340561, 0.6568766236305237, 1.0547571182250977]"
democracy,"[20, 4, 19, 12, 18, 11, 2, 18, 21]",34,"[0.574138879776001, 1.140673279762268, 0.3427601456642151, 0.3856920003890991, 0.003382394090294838, 0.31761184334754944, 0.8441561460494995, 1.1002066135406494, 0.7553245425224304, 0.3432779312133789, 0.5882920026779175, 0.6234900951385498, 0.018293853849172592, 0.6745622158050537, 1.181035041809082, 0.7259052395820618, 0.525100827217102, 0.5951064825057983, 0.5193821787834167, 0.001341386348940432, 0.28097841143608093, 0.2168343961238861, 0.9684478044509888, 0.353939950466156, 0.7029256820678711, 0.6043949723243713, 0.6533161997795105, 0.007368286140263081, 0.2898302376270294, 1.1601388454437256, 0.8484702110290527, 0.46497902274131775, 0.4372257888317108, 0.9016691446304321, 0.005712404381483793, 0.9345574378967285, -0.010018808767199516, 0.3675285577774048, 1.3710353374481201, 0.9623090028762817, 0.5068402886390686, 0.8088197708129883, 0.031358011066913605, 1.025434970855713, 0.06316304206848145, 0.5233417749404907, 0.6150753498077393, 1.1434626579284668, 0.3521965742111206, 0.8961516618728638, 0.3951367735862732, 1.0430485010147095, 1.345474362373352, 0.9018027782440186, 0.9720872640609741, 0.23955129086971283, 0.5634198188781738, 0.5405375361442566, 0.8764582276344299, 0.4756946563720703, 0.968414306640625, 0.24917733669281006, 0.5863011479377747, 0.5011282563209534]"
density,"[20, 4, 5, 7, 6, 8, 21]",34,"[0.5468473434448242, 1.333921194076538, 0.6169471740722656, 0.5767402052879333, 0.010069197043776512, 0.33805903792381287, 1.2388744354248047, 0.5139288902282715, 0.5697073936462402, 0.11585314571857452, 0.2536686062812805, 0.6923863887786865, 0.014601761475205421, 0.6647724509239197, 1.2842962741851807, 0.3020398020744324, 0.605572521686554, 0.5980147123336792, 0.7999327182769775, -0.0005128973862156272, 0.19230574369430542, 0.47000670433044434, 0.8304997682571411, 0.1802998185157776, 0.585865318775177, 0.6341356039047241, 0.5258362293243408, 0.0016836440190672874, 0.2317553013563156, 1.3391867876052856, 0.556851863861084, 0.4728914499282837, 0.5549241900444031, 0.7053552269935608, 0.002821881789714098, 1.173924446105957, -0.0016331919468939304, 0.2736723721027374, 0.7897492051124573, 1.4362707138061523, 0.39420285820961, 0.9251002669334412, 0.0047051068395376205, 1.1247214078903198, 0.2936956286430359, 0.8540897369384766, 0.9550269842147827, 1.3403288125991821, 0.1529102772474289, 0.5005084276199341, 0.09886018186807632, 0.5737519860267639, 1.5756337642669678, 0.4869244694709778, 0.7468956708908081, 0.5236878395080566, 0.32744893431663513, 0.5405804514884949, 0.349709689617157, 0.2071315497159958, 0.9479417204856873, 0.08071047067642212, 0.7235651016235352, 0.8396152257919312]"
earthquake,"[4, 2, 11, 8, 9, 24, 13, 2, 16, 4]",34,"[1.4678337574005127, 0.6467103958129883, 1.354102373123169, 1.195561170578003, -0.009075295180082321, 1.3213670253753662, 0.5097298622131348, 0.8816065192222595, 0.6595265865325928, 0.1532370150089264, 0.4804856777191162, 1.2247397899627686, -0.015757307410240173, 0.8733059763908386, 0.973686695098877, 0.06619787961244583, 1.9702681303024292, 1.0939831733703613, 0.37864938378334045, -0.0018217413453385234, 0.9179590940475464, 0.7774735689163208, 0.20571506023406982, 1.05809485912323, 1.8920297622680664, 2.179560899734497, 1.2625068426132202, 0.0030402932316064835, 0.5964370965957642, 0.5704541802406311, 1.399315357208252, 1.496417760848999, 1.182607889175415, 1.5459949970245361, 0.0002383952960371971, 0.591526210308075, -0.02645759843289852, 0.33171531558036804, 1.7742774486541748, 0.7262746691703796, 0.5101884007453918, 0.6979669332504272, 0.28068554401397705, 0.43730875849723816, 0.2859450876712799, 0.6233452558517456, 0.3228451609611511, 1.0253618955612183, 0.2718925476074219, 1.4965521097183228, 0.09559857845306396, 1.4760199785232544, 0.5857304930686951, 0.01748865842819214, 1.0152580738067627, 0.3825981020927429, 0.011615604162216187, 0.432240754365921, 0.888529360294342, 1.0214626789093018, 1.26662015914917, 0.1497136503458023, 1.9304136037826538, 0.3976564407348633]"
economy,"[4, 18, 12, 5, 12, 19, 21]",34,"[0.3036915063858032, 1.2431817054748535, 0.22951996326446533, 0.19327224791049957, 0.005085792392492294, 0.14734412729740143, 1.0401655435562134, 0.8399273157119751, 0.6590530276298523, 0.27304303646087646, 0.3969024419784546, 0.48929867148399353, 0.026755113154649734, 0.6221975684165955, 1.1759910583496094, 0.7592913508415222, 0.2938533425331116, 0.44124001264572144, 0.5705434083938599, 0.0001616423251107335, 0.1775006353855133, 0.14896929264068604, 1.0999618768692017, 0.17415782809257507, 0.36662548780441284, 0.3020087778568268, 0.4667915105819702, 0.0005303267389535904, 0.19130085408687592, 1.3118780851364136, 0.5752406120300293, 0.2643316388130188, 0.26918500661849976, 0.6731089949607849, -0.00044889096170663834, 1.0604832172393799, -0.0033072861842811108, 0.2704799771308899, 1.0270713567733765, 1.1650727987289429, 0.44691702723503113, 0.8305313587188721, 0.00023146159946918488, 1.2670985460281372, 0.10129398852586746, 0.5072661638259888, 0.7521404027938843, 1.2482649087905884, 0.23359209299087524, 0.5854153037071228, 0.2823837697505951, 0.6979531645774841, 1.4852383136749268, 1.057247519493103, 0.7958377003669739, 0.20935730636119843, 0.7024731636047363, 0.5288011431694031, 0.6613749861717224, 0.23693756759166718, 0.7917594313621521, 0.21657554805278778, 0.30242201685905457, 0.6231037974357605]"
equivalent,"[4, 24, 13, 6, 28, 2, 14, 4, 5, 8]",34,"[0.4980531334877014, 1.103887677192688, 0.46506446599960327, 0.5361652374267578, 0.0017007142305374146, 0.7573232650756836, 0.6418282985687256, 1.1697076559066772, 0.9349648356437683, 0.33110374212265015, 0.415277361869812, 1.1994389295578003, 0.007613263558596373, 1.1991442441940308, 1.6526774168014526, 0.6547501087188721, 0.7401803135871887, 1.1212483644485474, 0.3799939453601837, -0.0003308621235191822, 0.37561607360839844, -0.001674659550189972, 0.9271761775016785, 0.6479490399360657, 1.1417450904846191, 1.2267102003097534, 0.8648308515548706, -0.003915382549166679, 0.5353516340255737, 1.4201663732528687, 1.3421440124511719, 0.9337255954742432, 0.8622735738754272, 1.4880287647247314, -0.001626238226890564, 0.9674806594848633, -0.010001759976148605, -0.05548796057701111, 1.7496846914291382, 0.9189263582229614, 0.7893971800804138, 1.177107572555542, 0.13596831262111664, 1.0554085969924927, 0.06796342134475708, 0.13617953658103943, 0.4386637210845947, 1.6722220182418823, 0.5196645259857178, 0.9388124942779541, 0.33146318793296814, 1.3929755687713623, 1.5025087594985962, 0.7274084091186523, 1.4913055896759033, 0.011981457471847534, 0.6000410914421082, 0.7933534979820251, 1.2451280355453491, 0.7337242364883423, 1.4517755508422852, 0.24816378951072693, 1.0813937187194824, 0.5797052979469299]"
erosion,"[4, 11, 12, 7, 6, 12, 5]",34,"[0.1895548701286316, 1.6078547239303589, 0.22922614216804504, 0.3324502408504486, -0.0003770105540752411, 0.40570664405822754, 1.256462574005127, 0.6439025402069092, 0.6758151054382324, 0.16309276223182678, 0.31970876455307007, 0.6621735095977783, 0.026327574625611305, 0.8740322589874268, 1.4389216899871826, 0.43434253334999084, 0.24898752570152283, 0.9028747081756592, 0.7656384110450745, -0.0007782632019370794, 0.1510094553232193, 0.032390713691711426, 1.1018924713134766, 0.29475724697113037, 0.5364866852760315, 0.5995668172836304, 0.43621572852134705, 0.004512082785367966, 0.41393738985061646, 1.7748287916183472, 0.6858411431312561, 0.4491517245769501, 0.5841885805130005, 0.8078047633171082, 0.003097299952059984, 1.4330103397369385, 0.003525993786752224, 0.054880112409591675, 0.866945743560791, 1.508947730064392, 0.7659969925880432, 1.1762582063674927, 0.038464970886707306, 1.2329366207122803, 0.12271293252706528, 0.502335250377655, 0.8005737066268921, 1.690644383430481, 0.22422567009925842, 0.4132169485092163, 0.19181105494499207, 0.6613671779632568, 1.8966882228851318, 0.6987670660018921, 0.9489493370056152, 0.14405539631843567, 0.5172837972640991, 0.8748384714126587, 0.639032781124115, 0.3301329016685486, 1.0024831295013428, 0.19878306984901428, 0.5951839685440063, 0.9603591561317444]"
executive,"[4, 27, 4, 18, 13, 8, 6, 28, 4]",34,"[0.12547150254249573, 2.6708083152770996, 0.30972376465797424, 0.3530544638633728, 0.0021953191608190536, 0.10954946279525757, 2.463364362716675, 0.1353062093257904, 0.4827304780483246, 0.008468009531497955, -0.009211629629135132, 0.4337615370750427, 0.00456700474023819, 0.8133198022842407, 1.6012990474700928, 0.3262220025062561, 0.09204690903425217, 0.8328372240066528, 1.4517738819122314, 0.0004728600615635514, -0.014193475246429443, 0.36727190017700195, 1.5537285804748535, -0.03220289200544357, 0.13718508183956146, 0.14809085428714752, 0.11228585243225098, -1.2582167983055115e-05, 0.37157079577445984, 2.5998058319091797, 0.10332489013671875, 0.1544702798128128, 0.5219910144805908, 0.22986653447151184, 0.002492829691618681, 2.2870564460754395, 0.0059130387380719185, 0.10892945528030396, 0.3184205889701843, 2.627281427383423, 0.698445200920105, 1.6014126539230347, 0.041224025189876556, 1.9375311136245728, 0.18916715681552887, 1.3707634210586548, 1.4759727716445923, 2.214479446411133, 0.133451446890831, 0.0015644580125808716, -0.0024897195398807526, 0.17558956146240234, 2.70644474029541, 0.7032650113105774, 0.4590875506401062, 0.5590633153915405, 0.5697059631347656, 1.0843240022659302, 0.0657564103603363, 0.013038329780101776, 0.8090453743934631, -0.04314567893743515, 0.38584718108177185, 1.5781052112579346]"
export,"[4, 27, 3, 12, 11, 8]",34,"[0.38147032260894775, 1.3373394012451172, 0.34160882234573364, 0.2760644257068634, 0.0074499500915408134, 0.04618003964424133, 1.2163739204406738, 0.8863524198532104, 0.9033969640731812, 0.15181905031204224, 0.45163577795028687, 0.6597918272018433, 0.010108072310686111, 0.7570204138755798, 1.5483263731002808, 0.6851216554641724, 0.34276053309440613, 0.2871224880218506, 0.7079316973686218, 0.0002568663330748677, 0.17088814079761505, 0.25181812047958374, 1.211485743522644, 0.06324929744005203, 0.4162631034851074, 0.33946552872657776, 0.47858667373657227, -0.007581837475299835, -0.011493727564811707, 1.5147665739059448, 0.5898016691207886, 0.22061854600906372, 0.23881593346595764, 0.8143412470817566, 0.0018425933085381985, 1.0883076190948486, -0.006693493574857712, 0.37732890248298645, 1.1194977760314941, 1.3762539625167847, 0.27257809042930603, 0.9512900710105896, -0.015120308846235275, 1.5533472299575806, 0.2310379147529602, 0.6921454668045044, 1.056947946548462, 1.3456512689590454, 0.06622248888015747, 0.5944240689277649, 0.16655659675598145, 0.7325046062469482, 1.750125765800476, 1.106400966644287, 1.0565840005874634, 0.4119185507297516, 0.6603154540061951, 0.44240549206733704, 0.5540578365325928, 0.1465907096862793, 1.1574594974517822, 0.13632720708847046, 0.41993817687034607, 0.6921893358230591]"
food chain,"[22, 12, 12, 20, 31, 18, 9, 2, 6, 5]",34,"[1.52986478805542, -0.020279064774513245, 1.1614199876785278, 1.0768462419509888, -0.0009189881384372711, 1.6376467943191528, -0.18468374013900757, 1.356823444366455, 0.701592206954956, 0.24197478592395782, 0.8440551161766052, 1.4131078720092773, 0.004172036424279213, 0.8893819451332092, 0.8293641805648804, 0.25707772374153137, 2.2075767517089844, 1.249410629272461, -0.08980731666088104, 0.0013216811930760741, 1.2061141729354858, 0.27814406156539917, 0.11147966980934143, 1.6630909442901611, 2.252202272415161, 2.6215317249298096, 1.3981388807296753, 0.0014525298029184341, 0.7781683802604675, 0.20006999373435974, 2.0004820823669434, 1.8691505193710327, 1.1282252073287964, 2.0628955364227295, 0.008880345150828362, 0.01529337465763092, 0.0033729346469044685, 0.2511613667011261, 2.4700560569763184, -0.03711426258087158, 0.7115879058837891, 0.40799233317375183, 0.43595367670059204, 0.1721183955669403, 0.10374182462692261, 0.06036674231290817, -0.08009666204452515, 0.7161863446235657, 0.5455551743507385, 1.945289969444275, 0.34185323119163513, 2.004844903945923, 0.013552144169807434, 0.046691641211509705, 1.4394711256027222, -0.0003818720579147339, 0.11482645571231842, 0.4274264872074127, 1.4894243478775024, 1.3903058767318726, 1.2926429510116577, 0.38550737500190735, 1.959536075592041, -0.0002572983503341675]"
import,"[6, 19, 3, 12, 11, 8]",34,"[0.23148325085639954, 1.4984506368637085, 0.26696932315826416, 0.17375048995018005, 0.0075615402311086655, -0.02814372256398201, 1.3481736183166504, 0.7848719954490662, 0.7876281142234802, 0.18571259081363678, 0.36164575815200806, 0.5479904413223267, 0.027697037905454636, 0.7220908999443054, 1.562254548072815, 0.7559734582901001, 0.19072186946868896, 0.3085230588912964, 0.7765183448791504, -0.00033039646223187447, 0.08780568093061447, 0.22076527774333954, 1.3543285131454468, -0.051330044865608215, 0.22099867463111877, 0.13310283422470093, 0.3675737679004669, -0.007103782147169113, 0.01632864400744438, 1.6771926879882812, 0.42360883951187134, 0.06605121493339539, 0.1966753900051117, 0.6389368176460266, 0.005272492300719023, 1.2617604732513428, -0.011797774583101273, 0.35640066862106323, 0.9587369561195374, 1.5271276235580444, 0.34399834275245667, 1.0304487943649292, -0.06394635885953903, 1.678288221359253, 0.22813929617404938, 0.7350023984909058, 1.1620376110076904, 1.4476903676986694, 0.09283620119094849, 0.46282631158828735, 0.19983632862567902, 0.5940530896186829, 1.935491681098938, 1.2202574014663696, 0.9458869695663452, 0.4149720072746277, 0.8329327702522278, 0.49445635080337524, 0.47677886486053467, 0.04875694587826729, 1.0417304039001465, 0.16069206595420837, 0.21986085176467896, 0.786305844783783]"
independence,"[6, 5, 20, 4, 3, 4, 5, 20, 4, 5, 18, 4]",34,"[0.5924072861671448, 0.9375304579734802, 0.4180828332901001, 0.32083314657211304, -0.0005871132016181946, 0.15397530794143677, 0.7245951890945435, 1.2348520755767822, 0.8021969795227051, 0.2611158788204193, 0.6241982579231262, 0.5689229965209961, 0.017939036712050438, 0.5034826993942261, 1.0744599103927612, 0.938250720500946, 0.641708254814148, 0.25576943159103394, 0.4685248136520386, -0.0016862822230905294, 0.3302950859069824, 0.30728328227996826, 0.9705610871315002, 0.2945805788040161, 0.6013684272766113, 0.5955596566200256, 0.6712565422058105, -0.005415080115199089, 0.10980366170406342, 0.9080448150634766, 0.8392630219459534, 0.38222751021385193, 0.15668165683746338, 0.9313416481018066, -0.003403598442673683, 0.6089126467704773, -0.020039193332195282, 0.5357896089553833, 1.4787781238555908, 0.741455614566803, 0.2564206123352051, 0.5280089974403381, -0.03276704251766205, 1.2139365673065186, 0.06866621226072311, 0.6201817989349365, 0.7140352725982666, 0.8590178489685059, 0.1937359869480133, 0.9556665420532227, 0.2902105450630188, 0.9978761672973633, 1.0568045377731323, 1.1048260927200317, 0.9105682373046875, 0.3574065566062927, 0.6393917202949524, 0.2508459687232971, 0.8033055663108826, 0.3514484763145447, 1.0090123414993286, 0.2321120798587799, 0.3745053708553314, 0.37701842188835144]"
judicial,"[23, 13, 20, 6, 18, 6, 2, 14]",34,"[0.8126752972602844, 0.7071508169174194, 0.47280827164649963, 0.4550290107727051, -0.004241149872541428, 0.5532456040382385, 0.5751428008079529, 1.3396704196929932, 0.64882493019104, 0.5047012567520142, 0.8878445625305176, 0.666088342666626, 0.02710777148604393, 0.4628320038318634, 0.9417905807495117, 0.7431125044822693, 0.8984655737876892, 0.6894843578338623, 0.440982460975647, 0.0011528561590239406, 0.5553923845291138, 0.26107674837112427, 0.6815230250358582, 0.765224039554596, 0.9893348217010498, 1.056811809539795, 0.9046144485473633, 0.008939034305512905, 0.40345993638038635, 0.7373783588409424, 1.1848390102386475, 0.7819831371307373, 0.5049193501472473, 1.1032383441925049, 0.0007483460940420628, 0.5223384499549866, -0.005022459197789431, 0.4623730182647705, 1.6542848348617554, 0.6930208206176758, 0.5255559086799622, 0.4744293689727783, 0.020201465114951134, 0.7427619695663452, 0.10540821403265, 0.4990420639514923, 0.5394905805587769, 0.7707592844963074, 0.44952186942100525, 1.3579246997833252, 0.6568044424057007, 1.32223641872406, 0.8756692409515381, 0.8375232219696045, 0.9096974730491638, 0.3025408089160919, 0.48964622616767883, 0.40854230523109436, 1.143212914466858, 0.8332285284996033, 0.8726897239685059, 0.5607466101646423, 0.7493537664413452, 0.37345051765441895]"
legislature,"[14, 4, 17, 6, 7, 14, 2, 8, 13, 11, 4]",34,"[0.8762508034706116, 1.0553998947143555, 0.5476603507995605, 0.6234316229820251, 0.01551218144595623, 0.8370737433433533, 0.6538191437721252, 1.1705687046051025, 0.6055618524551392, 0.4092142581939697, 0.6618648767471313, 0.8045073747634888, 0.026755893602967262, 0.691631555557251, 0.9627363681793213, 0.6175919771194458, 1.133104681968689, 1.0542136430740356, 0.4739600419998169, -0.00459080608561635, 0.6150875091552734, 0.3087473511695862, 0.7415558695793152, 0.8733006119728088, 1.2195318937301636, 1.3518352508544922, 0.8846244812011719, 0.010269176214933395, 0.6934860348701477, 0.9945603609085083, 1.2341651916503906, 1.0326274633407593, 0.7803677916526794, 1.2068508863449097, -0.0007879009936004877, 0.8648182153701782, -0.029087450355291367, 0.2701255977153778, 1.608483076095581, 0.8093633055686951, 0.8017374873161316, 0.7895225286483765, 0.15262068808078766, 0.7439303994178772, 0.0646500438451767, 0.40692615509033203, 0.3945198655128479, 1.0439200401306152, 0.5490001440048218, 1.2863047122955322, 0.4754045605659485, 1.335000991821289, 1.0300240516662598, 0.6080077290534973, 0.9130041003227234, 0.19735491275787354, 0.545366108417511, 0.7154683470726013, 1.1286741495132446, 0.9211909174919128, 0.9734281897544861, 0.33980390429496765, 1.089666724205017, 0.5130722522735596]"
mass,"[19, 2, 7, 7]",34,"[1.045310139656067, 0.38891708850860596, 0.8027768731117249, 0.9517879486083984, 0.007220091298222542, 1.162589192390442, 0.437880277633667, 0.7686029076576233, 0.7248884439468384, 0.019010592252016068, 0.6569072604179382, 0.9950786232948303, 0.004792558960616589, 0.6355383396148682, 0.853247880935669, -0.14337016642093658, 1.4261435270309448, 0.9912742376327515, 0.28767290711402893, -0.00011470750905573368, 0.7669708132743835, 0.24031323194503784, 0.14301565289497375, 0.9802852272987366, 1.448103666305542, 1.803321123123169, 1.001624345779419, 0.006412474438548088, 0.5071353912353516, 0.5020297765731812, 1.2406196594238281, 1.244970440864563, 0.9327403903007507, 1.426487684249878, 0.01351567730307579, 0.4312519133090973, 0.005737979896366596, 0.3111782968044281, 1.4209483861923218, 0.4301645755767822, 0.5395383834838867, 0.47926053404808044, 0.2310248762369156, 0.19278986752033234, 0.2112959623336792, 0.18909567594528198, 0.3069332540035248, 0.758041262626648, 0.13270071148872375, 1.2413827180862427, 0.09198242425918579, 1.1969448328018188, 0.6124955415725708, -0.035651758313179016, 1.0810229778289795, 0.10066362470388412, -0.15552176535129547, 0.49689358472824097, 0.7336271405220032, 0.9901044368743896, 0.9525618553161621, 0.2474454641342163, 1.5388267040252686, 0.30083325505256653]"
matter,"[19, 2, 8, 8, 4, 11]",34,"[0.8193435668945312, 0.873274564743042, 0.6686428189277649, 0.6154454946517944, -4.408881068229675e-05, 0.5960345268249512, 0.7426116466522217, 0.9689317345619202, 0.7745168805122375, 0.1753949373960495, 0.5144887566566467, 0.844075620174408, 0.00466985534876585, 0.7203899621963501, 1.1692991256713867, 0.4120078980922699, 0.9836921095848083, 0.6214661598205566, 0.47906744480133057, 0.0003592277644202113, 0.4817824363708496, 0.3846878111362457, 0.6608603000640869, 0.5349881052970886, 0.999818742275238, 1.0874313116073608, 0.8608040809631348, 0.00017562322318553925, 0.29729899764060974, 1.0031200647354126, 1.0205628871917725, 0.8097724318504333, 0.5658475756645203, 1.1676524877548218, -0.0018689946737140417, 0.740403950214386, -0.005462281405925751, 0.30577629804611206, 1.418241262435913, 0.9211322665214539, 0.4201364815235138, 0.7003060579299927, 0.04494103789329529, 0.8970851898193359, 0.20149169862270355, 0.5142852067947388, 0.5831617116928101, 1.1011983156204224, 0.22742488980293274, 0.9920008182525635, 0.19056536257266998, 1.048979640007019, 1.1109687089920044, 0.522518515586853, 1.0215575695037842, 0.33607417345046997, 0.3271189033985138, 0.4212648868560791, 0.7795656323432922, 0.5392929315567017, 1.1089649200439453, 0.22826077044010162, 0.9331348538398743, 0.5266470909118652]"
nonrenewable,"[5, 12, 5, 11, 4, 5, 4, 26, 2, 10, 14, 4]",34,"[0.7869766354560852, 1.2247235774993896, 0.7841442823410034, 0.730442464351654, 0.0032010767608880997, 0.7623655200004578, 0.9993305206298828, 0.796806812286377, 0.5722782611846924, 0.19261980056762695, 0.3279472589492798, 0.8788585662841797, 0.00359550304710865, 0.812595009803772, 1.1421500444412231, 0.45916473865509033, 1.0348438024520874, 0.9524041414260864, 0.5722883343696594, -0.0006120064062997699, 0.4833482503890991, 0.40398165583610535, 0.7370121479034424, 0.6122586727142334, 1.1252939701080322, 1.256454586982727, 0.8221540451049805, 0.006665528751909733, 0.5317643880844116, 1.1604909896850586, 0.9740455746650696, 0.894838273525238, 0.8205899000167847, 1.0663766860961914, -0.008262536488473415, 1.0573372840881348, -0.03219152241945267, 0.2276492416858673, 1.34506094455719, 1.1045811176300049, 0.6044397950172424, 0.8804488182067871, 0.14397400617599487, 1.01118004322052, 0.1187782734632492, 0.6486575603485107, 0.5724822282791138, 1.372143268585205, 0.35404303669929504, 0.9168983697891235, 0.15188540518283844, 1.0424718856811523, 1.2613260746002197, 0.4768085479736328, 0.8375933170318604, 0.2447367012500763, 0.36173179745674133, 0.6449316143989563, 0.7426843643188477, 0.6401861906051636, 1.0248231887817383, 0.09420748054981232, 1.1249210834503174, 0.6474775075912476]"
producer,"[3, 11, 12, 20, 13, 18, 4, 11]",34,"[0.8341776132583618, 0.9265585541725159, 0.4698188602924347, 0.4587414264678955, 1.4513731002807617e-05, 0.672309398651123, 0.6671693325042725, 1.1407151222229004, 0.6963129639625549, 0.2788254916667938, 0.7435390949249268, 0.8043997883796692, 0.007647944148629904, 0.6677549481391907, 1.091643214225769, 0.5455673933029175, 1.001396894454956, 0.7890541553497314, 0.42817223072052, 0.00027478544507175684, 0.5998150110244751, 0.2634502649307251, 0.7325764894485474, 0.784433126449585, 1.066832184791565, 1.1107206344604492, 0.8327240943908691, 0.003460056148469448, 0.4429122805595398, 1.0079952478408813, 1.1738371849060059, 0.8461371660232544, 0.5685775279998779, 1.1705362796783447, 0.0029516946524381638, 0.7500240802764893, -0.011833148077130318, 0.360899955034256, 1.5932508707046509, 0.864979088306427, 0.6148145198822021, 0.6861599087715149, 0.10786320269107819, 0.8360598087310791, 0.08668813109397888, 0.4459196627140045, 0.4894191026687622, 0.9786783456802368, 0.3686448633670807, 1.2305314540863037, 0.3623006045818329, 1.248287320137024, 1.0200388431549072, 0.6870496273040771, 0.9963765740394592, 0.21931272745132446, 0.4705943465232849, 0.52799391746521, 1.0290284156799316, 0.798931360244751, 1.0106682777404785, 0.3553820252418518, 0.8777205944061279, 0.4664989113807678]"
protractor,"[3, 11, 12, 8, 11, 2, 18, 8, 12, 11]",34,"[0.27371615171432495, 1.6634193658828735, 0.14945794641971588, 0.26131993532180786, 0.008322152309119701, 0.34006640315055847, 1.2432160377502441, 0.9573835134506226, 0.7997289896011353, 0.301999032497406, 0.4323844313621521, 0.6678003072738647, 0.04049881547689438, 0.8647170066833496, 1.5409499406814575, 0.7207708954811096, 0.2800963521003723, 0.831133246421814, 0.7024058699607849, -0.0008521354757249355, 0.1455480009317398, 0.03316057473421097, 1.3558170795440674, 0.32831650972366333, 0.5299278497695923, 0.5486412048339844, 0.4887751340866089, 0.0008703768253326416, 0.42503535747528076, 1.790327787399292, 0.7866503000259399, 0.3980303108692169, 0.49681350588798523, 0.9189761877059937, 0.01844662055373192, 1.4283514022827148, 0.008623670786619186, 0.07241137325763702, 1.167891502380371, 1.475261926651001, 0.791981041431427, 1.2296653985977173, 0.04906615614891052, 1.393310308456421, 0.08002032339572906, 0.4231874346733093, 0.7756389379501343, 1.731857180595398, 0.3418637216091156, 0.6114115118980408, 0.33961522579193115, 0.9218391180038452, 1.9835401773452759, 1.0150744915008545, 1.0615966320037842, 0.11624054610729218, 0.7643139958381653, 0.8555613160133362, 0.8906596302986145, 0.3871919810771942, 1.0526947975158691, 0.2541130781173706, 0.5133577585220337, 0.8705305457115173]"
renewable,"[11, 4, 5, 4, 26, 2, 10, 14, 4]",34,"[0.675819456577301, 1.3418426513671875, 0.8228121399879456, 0.7740048170089722, 0.006545533426105976, 0.6150370240211487, 1.1508069038391113, 0.5787962079048157, 0.5861669778823853, 0.09188706427812576, 0.20794808864593506, 0.937697172164917, -0.0006793932989239693, 0.8629018068313599, 1.3328194618225098, 0.2912827134132385, 0.8525494337081909, 0.8849252462387085, 0.6986646056175232, -0.0009933918481692672, 0.3269224762916565, 0.4610978364944458, 0.714988648891449, 0.4077470302581787, 0.9513325691223145, 1.0932862758636475, 0.7067919969558716, 0.0074013397097587585, 0.38989779353141785, 1.3198292255401611, 0.7855848073959351, 0.7563242316246033, 0.8208619356155396, 0.9669021964073181, -0.007702677510678768, 1.174710988998413, -0.026033829897642136, 0.21888896822929382, 1.088059663772583, 1.3038525581359863, 0.49801158905029297, 0.9871827960014343, 0.08453646302223206, 1.1103492975234985, 0.20602650940418243, 0.7956540584564209, 0.7454299926757812, 1.5001782178878784, 0.22227856516838074, 0.6497278809547424, 0.02538672462105751, 0.8058785200119019, 1.4743283987045288, 0.34331679344177246, 0.8488012552261353, 0.3641645312309265, 0.23949885368347168, 0.6357855200767517, 0.49465227127075195, 0.4475008547306061, 1.1044074296951294, -0.0007662773132324219, 1.1080777645111084, 0.7878018021583557]"
revolution,"[11, 4, 28, 12, 14, 13, 8, 6, 12, 5]",34,"[0.48931384086608887, 0.8414574861526489, 0.28795820474624634, 0.35112446546554565, -0.004908276721835136, 0.6599149107933044, 0.5493962168693542, 1.2760884761810303, 0.7155313491821289, 0.5700394511222839, 0.6975049376487732, 0.7419379949569702, 0.03174188733100891, 0.7633759379386902, 1.098819375038147, 0.7692098617553711, 0.6530011892318726, 0.8796112537384033, 0.34756696224212646, -7.110647857189178e-07, 0.4425623416900635, 0.04919326305389404, 0.7953484058380127, 0.7583619952201843, 0.938578724861145, 1.0178866386413574, 0.8638589382171631, -0.00504695437848568, 0.5751196146011353, 1.0022326707839966, 1.2135298252105713, 0.8252698183059692, 0.61740642786026, 1.1435019969940186, -0.0021158636081963778, 0.7637605667114258, -0.010521133430302143, 0.09076115489006042, 1.6355187892913818, 0.7723464369773865, 0.7844932079315186, 0.7949597239494324, 0.06958194822072983, 0.7517896294593811, 0.09323526918888092, 0.167200967669487, 0.3332536816596985, 1.1337069272994995, 0.6082925796508789, 1.1104168891906738, 0.7158854603767395, 1.3578295707702637, 1.1028627157211304, 0.8645710349082947, 1.042762041091919, 0.03819349408149719, 0.6301836967468262, 0.666064977645874, 1.2739474773406982, 0.8193419575691223, 0.974459171295166, 0.5554037690162659, 0.7749296426773071, 0.4464725852012634]"
scarcity,"[7, 18, 2, 11, 18, 6, 8, 21]",34,"[1.0037178993225098, 0.6424781084060669, 0.8234540224075317, 0.6711776256561279, 0.0059466492384672165, 0.40148618817329407, 0.7385779619216919, 0.8916551470756531, 0.6576655507087708, 0.17168445885181427, 0.6527835726737976, 0.7695914506912231, 0.007100377231836319, 0.4107813537120819, 1.0524048805236816, 0.2813478112220764, 1.0178478956222534, 0.3997988998889923, 0.5593276619911194, 0.0019049803959205747, 0.4546967148780823, 0.7011304497718811, 0.45471152663230896, 0.42768120765686035, 0.9016842842102051, 0.9362307786941528, 0.7695451974868774, 0.0031492970883846283, 0.10362835228443146, 0.6714175343513489, 0.8405628204345703, 0.6313762068748474, 0.453180730342865, 0.9299724698066711, 0.0008489168249070644, 0.5108363628387451, -0.011035613715648651, 0.6612609028816223, 1.243585228919983, 0.8985312581062317, 0.1785818189382553, 0.48215416073799133, -0.001783253625035286, 0.7454733848571777, 0.3821534812450409, 0.85090172290802, 0.8187918663024902, 0.7001731395721436, 0.12686187028884888, 1.067071557044983, 0.2502518594264984, 0.928324282169342, 0.8693599700927734, 0.5017537474632263, 0.7969993352890015, 0.705855131149292, 0.1727052479982376, 0.18756411969661713, 0.542397141456604, 0.4855959415435791, 0.9228817224502563, 0.2739728093147278, 0.8826651573181152, 0.4457744359970093]"
symmetry,"[7, 21, 19, 19, 4, 8, 11, 21]",34,"[0.5451745986938477, 0.750980019569397, 0.18930673599243164, 0.23650431632995605, -0.0012400653213262558, 0.4960343539714813, 0.4767189919948578, 1.4366166591644287, 0.7656777501106262, 0.509823739528656, 0.8163725137710571, 0.5886757373809814, 0.03671223670244217, 0.559053897857666, 0.9576431512832642, 0.8919698596000671, 0.6466182470321655, 0.6521937847137451, 0.34099286794662476, 0.0013925019884482026, 0.4234696626663208, -0.021716080605983734, 0.8929347395896912, 0.6537594795227051, 0.9065107107162476, 0.8412966132164001, 0.8211019039154053, 0.0012167934328317642, 0.42876166105270386, 0.8065095543861389, 1.2239458560943604, 0.694911539554596, 0.38409918546676636, 1.093437910079956, 0.0034851175732910633, 0.5534816980361938, 0.0014377916231751442, 0.2528626322746277, 1.7051271200180054, 0.5883960127830505, 0.6278005838394165, 0.5736261606216431, 0.036740176379680634, 0.7879077196121216, -0.008079245686531067, 0.15808676183223724, 0.37644344568252563, 0.8836644887924194, 0.5058451294898987, 1.2127671241760254, 0.6556341052055359, 1.3652042150497437, 0.9761413335800171, 1.0279700756072998, 1.0575692653656006, 0.08818528056144714, 0.6355747580528259, 0.5113047957420349, 1.3113934993743896, 0.7564356327056885, 0.9134762287139893, 0.5153041481971741, 0.5367035269737244, 0.339088499546051]"
tectonic plates,"[8, 4, 18, 8, 12, 5, 6, 18, 31, 3, 14, 2, 8, 4, 7]",34,"[1.216705083847046, 0.34600764513015747, 0.7321141362190247, 0.758822500705719, 0.004080314189195633, 1.1741303205490112, 0.13500532507896423, 1.549936294555664, 0.7257599830627441, 0.3197810649871826, 0.8887917995452881, 1.0639421939849854, 0.022548239678144455, 0.7002431750297546, 0.8675323724746704, 0.5404872894287109, 1.6346646547317505, 0.9665312767028809, 0.07878872752189636, 0.0004092151066288352, 0.9481553435325623, 0.13193665444850922, 0.4729902744293213, 1.2465120553970337, 1.6647175550460815, 1.9424021244049072, 1.1330429315567017, -0.012281162664294243, 0.616605281829834, 0.40969038009643555, 1.7849583625793457, 1.3485348224639893, 0.785388171672821, 1.6721645593643188, 0.009248439222574234, 0.22929362952709198, -0.018118232488632202, 0.30796098709106445, 2.2045388221740723, 0.16463351249694824, 0.6492414474487305, 0.45895466208457947, 0.261805921792984, 0.475719690322876, -0.003624662756919861, 0.13708560168743134, 0.17005249857902527, 0.6836646199226379, 0.5234870314598083, 1.7590811252593994, 0.42428240180015564, 1.8320196866989136, 0.33489513397216797, 0.4425509572029114, 1.2549028396606445, 0.03950919210910797, 0.26299336552619934, 0.41204091906547546, 1.3727588653564453, 1.1723499298095703, 1.1691733598709106, 0.3812571167945862, 1.3307106494903564, 0.11874580383300781]"
volcano,"[28, 12, 14, 18, 2, 5, 12]",34,"[0.3799121677875519, 1.0660320520401, 0.2906147241592407, 0.2803247570991516, -0.0014749858528375626, 0.361799418926239, 0.8655029535293579, 1.0648163557052612, 0.7092760801315308, 0.42137086391448975, 0.4985126256942749, 0.7030088901519775, 0.017491022124886513, 0.7877593040466309, 1.2882583141326904, 0.6992756128311157, 0.3697093725204468, 0.6946151256561279, 0.47496432065963745, 0.0015597784658893943, 0.25337064266204834, 0.06417808681726456, 0.9369427561759949, 0.40456533432006836, 0.6443535089492798, 0.6539590954780579, 0.6725285053253174, -0.0010299552232027054, 0.31124988198280334, 1.2449218034744263, 0.9124259948730469, 0.5384236574172974, 0.49627357721328735, 0.9680153727531433, -0.006116640288382769, 0.9544276595115662, 0.0013181036338210106, 0.12148343026638031, 1.3365123271942139, 1.0122431516647339, 0.5740047097206116, 0.8856432437896729, -0.002358587458729744, 1.057271957397461, 0.08601092547178268, 0.3245111107826233, 0.5831493139266968, 1.3500899076461792, 0.392383873462677, 0.7882410883903503, 0.4559926688671112, 1.047412633895874, 1.4049159288406372, 0.9013589024543762, 1.0163846015930176, 0.09447109699249268, 0.5956825017929077, 0.5929067730903625, 0.9539146423339844, 0.4906783103942871, 0.9696488380432129, 0.37937670946121216, 0.5604142546653748, 0.5747246146202087]"
volume,"[28, 12, 14, 13, 19, 4]",34,"[0.5498860478401184, 0.752717912197113, 0.6176862716674805, 0.6676569581031799, 0.005441663786768913, 0.8633291125297546, 0.43391409516334534, 0.8277648687362671, 0.6757147312164307, 0.26929011940956116, 0.27440178394317627, 0.9556097984313965, 0.02123556286096573, 0.9644323587417603, 1.1200413703918457, 0.4631824493408203, 0.8769916892051697, 0.9800527095794678, 0.2580714821815491, -0.0003336566733196378, 0.4196295738220215, 0.12610046565532684, 0.5777125358581543, 0.6747639179229736, 1.148137092590332, 1.286605715751648, 0.7985751628875732, -0.000438859686255455, 0.567997932434082, 0.8577222228050232, 1.1020755767822266, 0.9950739741325378, 0.839643657207489, 1.239450216293335, -0.0005506291054189205, 0.6891550421714783, 0.0037421314045786858, -0.04428490996360779, 1.452009677886963, 0.6322612762451172, 0.6854962706565857, 0.8540089726448059, 0.214295893907547, 0.6465282440185547, 0.12969034910202026, 0.0698276162147522, 0.21368378400802612, 1.3144606351852417, 0.4383501708507538, 0.8202236294746399, 0.24734000861644745, 1.1643822193145752, 0.9850224256515503, 0.503118097782135, 1.127439022064209, -0.013338610529899597, 0.4567456841468811, 0.6752821207046509, 1.000910997390747, 0.6497436165809631, 1.092923879623413, 0.18196724355220795, 1.1703073978424072, 0.40617311000823975]"
weathering,"[26, 4, 2, 8, 9, 4, 11, 6, 5, 17]",34,"[1.0645426511764526, 0.3501691222190857, 0.7474426627159119, 0.754817008972168, 0.008836441673338413, 1.080901026725769, 0.147809237241745, 1.1686112880706787, 0.6408970355987549, 0.2832754850387573, 0.6638042330741882, 0.9913784861564636, -0.0005668895319104195, 0.7170636653900146, 0.7696114778518677, 0.3588857650756836, 1.4442254304885864, 0.957241415977478, 0.14962007105350494, -0.0018739590886980295, 0.792643666267395, 0.23957528173923492, 0.2847138047218323, 1.0874546766281128, 1.5782814025878906, 1.7434799671173096, 1.0828883647918701, 0.009964914061129093, 0.6126434803009033, 0.39554914832115173, 1.5001626014709473, 1.3151249885559082, 0.8429624438285828, 1.4746551513671875, -0.00048605678603053093, 0.237413227558136, -0.011278172954916954, 0.1987522542476654, 1.8762743473052979, 0.23284602165222168, 0.6150393486022949, 0.4495166540145874, 0.24927474558353424, 0.32120847702026367, 0.084133081138134, 0.09459131211042404, 0.09885795414447784, 0.7349944710731506, 0.4572330117225647, 1.4429033994674683, 0.3191911280155182, 1.5465757846832275, 0.4047989547252655, 0.2691035270690918, 1.0824345350265503, 0.08114880323410034, 0.21919381618499756, 0.45221731066703796, 1.1928672790527344, 1.0377085208892822, 1.0702471733093262, 0.31747132539749146, 1.3676519393920898, 0.19096028804779053]"
allusion,"[2, 14, 14, 13, 7, 6, 12, 5]",34,"[0.635757565498352, 0.4102623462677002, 0.314116895198822, 0.3928642272949219, 0.005730809643864632, 0.7500308156013489, 0.2940371036529541, 1.2826240062713623, 0.5417509078979492, 0.5748623013496399, 0.8454894423484802, 0.6290587782859802, 0.03658585622906685, 0.48594266176223755, 0.6586860418319702, 0.6313746571540833, 0.856569766998291, 0.8170861005783081, 0.20214833319187164, -0.001391619211062789, 0.5860269665718079, 0.04035331308841705, 0.45288434624671936, 0.9174347519874573, 1.0484893321990967, 1.1351938247680664, 0.9048628807067871, -0.004881514236330986, 0.5879883766174316, 0.47752222418785095, 1.3042280673980713, 0.9000651240348816, 0.5591835379600525, 1.0787876844406128, -0.0032606692984700203, 0.37795373797416687, -0.008053779602050781, 0.2450043261051178, 1.5725901126861572, 0.3608188033103943, 0.68491530418396, 0.435804545879364, 0.08551178872585297, 0.38897785544395447, 0.06826552748680115, 0.10426907241344452, 0.20533624291419983, 0.6039131879806519, 0.5880835056304932, 1.3136587142944336, 0.7524409294128418, 1.371551752090454, 0.5842816233634949, 0.673248827457428, 0.8672989010810852, 0.04384416341781616, 0.37212443351745605, 0.5142786502838135, 1.2351369857788086, 0.921970546245575, 0.6774130463600159, 0.6187035441398621, 0.7729393243789673, 0.2583557069301605]"
antagonist,"[2, 5, 8, 2, 17, 12, 5, 6, 7, 8]",34,"[0.1029699370265007, 1.8091139793395996, 0.19865742325782776, 0.30537426471710205, 0.004390818998217583, 0.40121906995773315, 1.4168696403503418, 0.6460738182067871, 0.5948114395141602, 0.2533174157142639, 0.16898784041404724, 0.6191277503967285, 0.03855332359671593, 0.9188920259475708, 1.4732743501663208, 0.6346798539161682, 0.1871843934059143, 1.024189829826355, 0.7895776629447937, -0.00019290100317448378, 0.11005078256130219, -0.010614156723022461, 1.3408282995224, 0.24676981568336487, 0.43272116780281067, 0.5105507373809814, 0.33874979615211487, -0.0026285257190465927, 0.5571221709251404, 1.9490177631378174, 0.5903394222259521, 0.394383043050766, 0.6242191195487976, 0.6802988052368164, -0.0022628421429544687, 1.6606557369232178, -0.014929689466953278, -0.009163230657577515, 0.8224408626556396, 1.6402157545089722, 0.8815237283706665, 1.33917236328125, 0.08658625185489655, 1.4429993629455566, 0.09758053719997406, 0.4815891683101654, 0.8572714924812317, 1.9094003438949585, 0.3791871666908264, 0.33873170614242554, 0.2564142048358917, 0.6500412821769714, 2.094909906387329, 0.9328327775001526, 0.8326090574264526, 0.07274705916643143, 0.785968542098999, 1.0223721265792847, 0.6852221488952637, 0.3316812515258789, 0.878785252571106, 0.17024138569831848, 0.5021694898605347, 1.005331039428711]"
climax,"[18, 14, 6, 19, 2, 27]",34,"[0.27213531732559204, 1.260568380355835, 0.3162877857685089, 0.22785362601280212, 0.0074553946033120155, 0.1320536732673645, 0.9793497323989868, 0.8973451852798462, 0.7608134746551514, 0.3221306800842285, 0.3305695056915283, 0.6825090050697327, 0.02298315428197384, 0.7997704744338989, 1.5000783205032349, 0.8564256429672241, 0.23007512092590332, 0.4942536950111389, 0.6194638609886169, 0.00013586587738245726, 0.09732027351856232, 0.18942272663116455, 1.2126177549362183, 0.09900057315826416, 0.4150494337081909, 0.3509174883365631, 0.4693085551261902, 0.0034578684717416763, 0.13538393378257751, 1.44113028049469, 0.63824063539505, 0.23941189050674438, 0.32694506645202637, 0.8221511244773865, -0.003303827717900276, 1.0356497764587402, -0.021920815110206604, 0.2135332226753235, 1.145996332168579, 1.1904561519622803, 0.43761971592903137, 0.985878586769104, -0.009536072611808777, 1.438562035560608, 0.187143012881279, 0.5034065246582031, 0.9181430339813232, 1.4465351104736328, 0.2656192183494568, 0.5189011096954346, 0.29975229501724243, 0.7840991020202637, 1.6754202842712402, 1.1787551641464233, 1.0028584003448486, 0.27357417345046997, 0.8506545424461365, 0.5046786665916443, 0.7482626438140869, 0.22804681956768036, 1.057096242904663, 0.23213747143745422, 0.3418269157409668, 0.5951611399650574]"
flashback,"[22, 14, 2, 7, 9, 10, 2, 18, 16]",34,"[1.4051222801208496, 0.2592983841896057, 1.0505521297454834, 0.8889378905296326, -0.00804910622537136, 0.951089084148407, 0.45344141125679016, 1.1402802467346191, 0.5341657400131226, 0.24312779307365417, 0.8542911410331726, 0.8789429664611816, 0.014903932809829712, 0.38541728258132935, 0.7083151340484619, 0.19935564696788788, 1.684111475944519, 0.6510947942733765, 0.3107593059539795, 0.004839766770601273, 0.9679044485092163, 0.5908013582229614, 0.2476997971534729, 1.0161279439926147, 1.5031778812408447, 1.682881474494934, 1.1063787937164307, -0.00997837446630001, 0.39362838864326477, 0.24647048115730286, 1.3176417350769043, 1.153469204902649, 0.7361871004104614, 1.1993027925491333, -0.006300473585724831, 0.2098093032836914, -0.00011922698467969894, 0.754393458366394, 1.7051523923873901, 0.44330888986587524, 0.2830983102321625, 0.22395268082618713, 0.15252849459648132, 0.44525566697120667, 0.2319294810295105, 0.726150393486023, 0.5502209663391113, 0.4059404134750366, 0.3105659484863281, 1.6835390329360962, 0.3655281662940979, 1.3844342231750488, 0.3396068215370178, 0.31080108880996704, 0.8367832899093628, 0.5136010646820068, -0.02665361762046814, 0.1975582391023636, 0.8921945095062256, 0.9292740821838379, 0.8387165665626526, 0.3790356516838074, 1.26173996925354, 0.23182088136672974]"
foreshadowing,"[22, 12, 11, 4, 7, 9, 2, 20, 12, 26, 6, 5, 17]",34,"[0.8670370578765869, 1.3721895217895508, 0.7414200305938721, 0.793759286403656, 0.005563965067267418, 0.9083970189094543, 1.0548955202102661, 0.8640329241752625, 0.6880421042442322, 0.1147218644618988, 0.41305142641067505, 1.1033976078033447, -0.008342534303665161, 0.9878061413764954, 1.3901681900024414, 0.22645854949951172, 1.1622503995895386, 1.1926295757293701, 0.6131605505943298, 0.0010939397616311908, 0.5421587228775024, 0.34655386209487915, 0.744615912437439, 0.7711315751075745, 1.242608666419983, 1.4692836999893188, 0.8489047288894653, -0.0017176419496536255, 0.5920972228050232, 1.4461950063705444, 1.1442248821258545, 1.054095983505249, 0.9784911870956421, 1.2796539068222046, 0.008619744330644608, 1.2425811290740967, -0.014169184491038322, 0.12265697121620178, 1.4459280967712402, 1.3018431663513184, 0.7124258279800415, 1.110519528388977, 0.12662126123905182, 0.959415078163147, 0.10120876133441925, 0.5859435796737671, 0.5512170791625977, 1.5654940605163574, 0.32935383915901184, 0.9807100296020508, 0.11067743599414825, 1.1608855724334717, 1.4269157648086548, 0.21499045193195343, 1.056730031967163, 0.21014000475406647, 0.24593901634216309, 0.7906441688537598, 0.8152111768722534, 0.8203778862953186, 1.2011882066726685, 0.13975153863430023, 1.3167471885681152, 0.8225073218345642]"
genre,"[17, 4, 5, 11, 4]",34,"[1.0379183292388916, 0.7805410027503967, 0.9920427203178406, 0.8914045095443726, 0.008989250287413597, 0.7423188090324402, 0.773015558719635, 0.6281036138534546, 0.6759088039398193, 0.03348161652684212, 0.3265901505947113, 0.9874460697174072, -0.008097691461443901, 0.7252541780471802, 1.0525585412979126, 0.12410129606723785, 1.2505782842636108, 0.6413565874099731, 0.5542039275169373, -0.0004883058136329055, 0.538673460483551, 0.6286797523498535, 0.35077929496765137, 0.5513901114463806, 1.280251383781433, 1.3540147542953491, 0.9261095523834229, 0.006750867702066898, 0.24556411802768707, 0.7355572581291199, 0.9156176447868347, 0.9581899642944336, 0.7575131058692932, 1.1226025819778442, 0.0030141305178403854, 0.6469516158103943, -0.010540712624788284, 0.33510953187942505, 1.286974310874939, 0.8604460954666138, 0.22493979334831238, 0.6308648586273193, 0.117460697889328, 0.6606974005699158, 0.3235940933227539, 0.7002079486846924, 0.601271390914917, 0.9794744849205017, 0.11117182672023773, 0.9200944900512695, 0.008965063840150833, 0.9563741683959961, 0.9049251079559326, 0.1511271893978119, 0.911882758140564, 0.5004056692123413, 0.034717436879873276, 0.33839598298072815, 0.5338450074195862, 0.5188634991645813, 1.1468031406402588, 0.03946194052696228, 1.2851381301879883, 0.49822288751602173]"
historical fiction,"[9, 6, 7, 8, 12, 11, 6, 18, 2, 14, 31, 22, 6, 18, 8, 6, 12, 5]",34,"[0.9765324592590332, 0.5777503848075867, 0.5273627042770386, 0.6225458383560181, 0.006900385022163391, 1.0363212823867798, 0.3041872978210449, 1.555849552154541, 0.7097123861312866, 0.4928218126296997, 0.9099746346473694, 0.9935539960861206, 0.023692574352025986, 0.720264196395874, 0.9601583480834961, 0.6769501566886902, 1.316836953163147, 1.1159483194351196, 0.23118236660957336, -0.0023040464147925377, 0.7595901489257812, 0.11588604748249054, 0.6161245703697205, 1.1754603385925293, 1.4872344732284546, 1.6789637804031372, 1.0591427087783813, -0.005996020510792732, 0.7367199659347534, 0.6709333062171936, 1.6710495948791504, 1.1700654029846191, 0.7881954908370972, 1.5085469484329224, 0.016092050820589066, 0.4753772020339966, -0.0390511080622673, 0.24594594538211823, 2.088014841079712, 0.4495397210121155, 0.8384804129600525, 0.6294909119606018, 0.20865792036056519, 0.5827003121376038, 0.030428826808929443, 0.2182234823703766, 0.26213592290878296, 0.8288331627845764, 0.6579646468162537, 1.6701833009719849, 0.6214836835861206, 1.806283950805664, 0.6537275314331055, 0.5989562273025513, 1.161872386932373, 0.09647244215011597, 0.44359296560287476, 0.5980221033096313, 1.4529365301132202, 1.216380000114441, 1.1205085515975952, 0.48748135566711426, 1.187389850616455, 0.25975197553634644]"
imagery,"[6, 19, 2, 17, 4, 11, 21]",34,"[0.07217757403850555, 2.0141286849975586, 0.15140703320503235, 0.19700655341148376, -0.00262424536049366, 0.2450447976589203, 1.6039433479309082, 0.6428913474082947, 0.5932295322418213, 0.24498535692691803, 0.172120600938797, 0.5363302230834961, 0.028924597427248955, 0.8895467519760132, 1.5421055555343628, 0.7777466177940369, 0.119992695748806, 0.908968448638916, 0.9131487011909485, 0.0008053978672251105, 0.07041222602128983, 0.009866133332252502, 1.5359891653060913, 0.1594441831111908, 0.29571542143821716, 0.33425232768058777, 0.2893868088722229, 5.3241848945617676e-05, 0.4823320806026459, 2.1503193378448486, 0.5011939406394958, 0.2704583704471588, 0.4985843598842621, 0.6066836714744568, 0.0016267262399196625, 1.7791030406951904, -0.009058983065187931, 0.020524322986602783, 0.8503096103668213, 1.8527193069458008, 0.8539273142814636, 1.371356725692749, 0.06681183725595474, 1.6868869066238403, 0.07153184711933136, 0.6451311111450195, 1.0129873752593994, 1.98993980884552, 0.3662402033805847, 0.2858896851539612, 0.2410946488380432, 0.6138890981674194, 2.260057210922241, 1.100500226020813, 0.7863674163818359, 0.14544960856437683, 0.9320379495620728, 0.9763991832733154, 0.6488754749298096, 0.23370011150836945, 0.8876683115959167, 0.16433195769786835, 0.3121543824672699, 1.079575538635254]"
irony,"[6, 11, 12, 5, 21]",34,"[0.5316433310508728, 0.5726515650749207, 0.5155230164527893, 0.4931102395057678, 0.006905858404934406, 0.49046945571899414, 0.4677877128124237, 0.8410882353782654, 0.682968258857727, 0.1777048408985138, 0.43859148025512695, 0.7503822445869446, 0.013566236943006516, 0.6867383122444153, 1.070457100868225, 0.39703279733657837, 0.6543470621109009, 0.5524835586547852, 0.34129446744918823, 0.0009693145984783769, 0.3359791040420532, 0.21541932225227356, 0.5468401908874512, 0.4397178292274475, 0.8396514654159546, 0.8874928951263428, 0.671344518661499, 0.006262472830712795, 0.25217247009277344, 0.7373818159103394, 0.8859761953353882, 0.6425577998161316, 0.4968816936016083, 1.022401213645935, -0.0066171083599328995, 0.49860793352127075, -0.0088491914793849, 0.2787174880504608, 1.236525058746338, 0.5851731300354004, 0.3768770694732666, 0.5920580625534058, 0.07530976831912994, 0.7404893636703491, 0.1707332581281662, 0.28875309228897095, 0.4965611696243286, 0.9310610890388489, 0.20416025817394257, 0.7534303665161133, 0.181333988904953, 0.9146254658699036, 0.8985469341278076, 0.5486574769020081, 0.9773029685020447, 0.2319210171699524, 0.2959025204181671, 0.36432066559791565, 0.7574371695518494, 0.46638962626457214, 0.9899126291275024, 0.20786930620670319, 0.7674808502197266, 0.34811580181121826]"
memoir,"[19, 4, 19, 12, 6, 11]",34,"[0.23953932523727417, 1.6266019344329834, 0.4527953267097473, 0.5038938522338867, -0.005990948528051376, 0.511791467666626, 1.152925968170166, 0.7259677052497864, 0.8844600915908813, 0.17526856064796448, 0.16999530792236328, 1.0447168350219727, 0.020771771669387817, 1.2806103229522705, 1.9242656230926514, 0.5144329071044922, 0.34679102897644043, 1.026490330696106, 0.7217609286308289, -0.0008087934693321586, 0.11810032278299332, 0.11436983197927475, 1.2203131914138794, 0.2733438014984131, 0.7421913743019104, 0.794507622718811, 0.5058740377426147, 0.003776189871132374, 0.41739514470100403, 1.9886704683303833, 0.801224410533905, 0.5431851148605347, 0.7906282544136047, 1.16378915309906, -0.002527802949771285, 1.5239131450653076, -0.01732899621129036, -0.052687495946884155, 1.1804051399230957, 1.4928205013275146, 0.8151551485061646, 1.5107365846633911, 0.11772309243679047, 1.4502633810043335, 0.21121370792388916, 0.4440861642360687, 0.807448148727417, 2.159658432006836, 0.29246848821640015, 0.38167572021484375, 0.10323677957057953, 0.8579040765762329, 2.1678109169006348, 0.7588939070701599, 1.3244357109069824, 0.09093958139419556, 0.6657559871673584, 0.9302165508270264, 0.8297899961471558, 0.3191581666469574, 1.4427833557128906, 0.06622549891471863, 0.9230981469154358, 0.9414452314376831]"
mood,"[19, 12, 12, 20]",34,"[0.9957630038261414, 0.3910435438156128, 0.7450069189071655, 0.5986509919166565, -0.007462538778781891, 0.6839204430580139, 0.4065406620502472, 1.059037685394287, 0.618576169013977, 0.21808601915836334, 0.6919857263565063, 0.8046309947967529, 0.0003828592598438263, 0.4962681829929352, 0.7923280000686646, 0.340154767036438, 1.1842323541641235, 0.5464649200439453, 0.2653923034667969, 0.000650975271128118, 0.6529085040092468, 0.39515581727027893, 0.368719220161438, 0.6948515772819519, 1.1336674690246582, 1.2279547452926636, 0.910377025604248, -0.00985814817249775, 0.23305414617061615, 0.44151580333709717, 1.0993324518203735, 0.8619118928909302, 0.5374207496643066, 1.1148488521575928, -0.008834751322865486, 0.36227142810821533, -0.013729147613048553, 0.4991370141506195, 1.5173687934875488, 0.46946805715560913, 0.26491859555244446, 0.3680497705936432, 0.06805463880300522, 0.5164321064949036, 0.15888351202011108, 0.46251410245895386, 0.43149465322494507, 0.605674147605896, 0.20191539824008942, 1.2413712739944458, 0.24057745933532715, 1.1422832012176514, 0.4706369638442993, 0.44157135486602783, 0.8762699365615845, 0.2853258550167084, 0.14305423200130463, 0.21341335773468018, 0.8012369275093079, 0.6892955899238586, 0.8622493743896484, 0.3152596056461334, 0.9386783242225647, 0.25349313020706177]"
narrative,"[5, 2, 11, 11, 2, 8, 6, 28, 4]",34,"[0.8531595468521118, 0.9333237409591675, 0.6927312016487122, 0.6071369051933289, 0.006315206177532673, 0.461590975522995, 0.8331077694892883, 0.8891755938529968, 0.7161455154418945, 0.14712145924568176, 0.5472633838653564, 0.8255269527435303, 0.0016809133812785149, 0.5899336338043213, 1.1665146350860596, 0.3787756562232971, 0.9203154444694519, 0.5330270528793335, 0.612859308719635, -0.00035734986886382103, 0.4048176407814026, 0.5127485990524292, 0.6253669857978821, 0.4443005919456482, 0.9164462685585022, 0.9730000495910645, 0.7816840410232544, 0.008329316042363644, 0.1947634071111679, 0.9428127408027649, 0.8902425765991211, 0.6829083561897278, 0.5178594589233398, 1.01150381565094, 0.0069884746335446835, 0.6931523084640503, -0.012601569294929504, 0.44526442885398865, 1.3338017463684082, 1.0059045553207397, 0.3003844618797302, 0.6405592560768127, 0.026788631454110146, 0.9040953516960144, 0.2694500982761383, 0.7301089763641357, 0.7570959329605103, 0.9611753821372986, 0.16235604882240295, 0.9622878432273865, 0.18913468718528748, 0.9716258645057678, 1.0946465730667114, 0.5354838371276855, 0.9082823395729065, 0.5353217124938965, 0.2926214337348938, 0.3222889006137848, 0.6502161026000977, 0.5048645734786987, 1.0639368295669556, 0.21617141366004944, 0.8523856401443481, 0.5642731189727783]"
omniscient,"[12, 19, 5, 6, 7, 18, 6, 4, 5, 8]",34,"[0.5384681224822998, 0.899607241153717, 0.4306502938270569, 0.4680946469306946, 0.0038590840995311737, 0.5192875862121582, 0.6080556511878967, 1.091102123260498, 0.7815966606140137, 0.3152943253517151, 0.505878210067749, 0.8108230829238892, 0.02381736785173416, 0.7961598038673401, 1.2102280855178833, 0.6409406661987305, 0.7133224606513977, 0.7328900098800659, 0.43391138315200806, -0.0006332143675535917, 0.34361791610717773, 0.13442131876945496, 0.8487998247146606, 0.5155759453773499, 0.9176022410392761, 0.9503204822540283, 0.7508389949798584, 0.0011970233172178268, 0.3721406161785126, 1.023654818534851, 1.0385148525238037, 0.7179869413375854, 0.5755632519721985, 1.1395909786224365, -0.001190848182886839, 0.7693747878074646, -0.015790008008480072, 0.12398184835910797, 1.502457857131958, 0.7974175214767456, 0.5633921027183533, 0.8099798560142517, 0.0666438415646553, 0.9108059406280518, 0.11612940579652786, 0.2676079273223877, 0.4801390469074249, 1.20155668258667, 0.3519202470779419, 0.9203346967697144, 0.3275955319404602, 1.1499184370040894, 1.1862770318984985, 0.7729042172431946, 1.1009589433670044, 0.13246369361877441, 0.5645971894264221, 0.5493789911270142, 0.9894753694534302, 0.5963581204414368, 1.1171305179595947, 0.25877559185028076, 0.8002183437347412, 0.4826144576072693]"
parody,"[3, 2, 11, 12, 20, 21]",34,"[0.2003360241651535, 1.8750051259994507, 0.30389001965522766, 0.3154444098472595, 0.012234094552695751, 0.08845260739326477, 1.6113197803497314, 0.41375377774238586, 0.651509165763855, 0.08338422328233719, 0.18221600353717804, 0.5659551620483398, 0.033990755677223206, 0.8145147562026978, 1.6225802898406982, 0.4142380654811859, 0.08643046766519547, 0.6565630435943604, 1.0046496391296387, 0.001466151443310082, 0.017987113445997238, 0.2660941481590271, 1.3287006616592407, -0.03664562106132507, 0.21562999486923218, 0.2177029550075531, 0.21238082647323608, 0.008868837729096413, 0.1942409723997116, 2.027733087539673, 0.24820269644260406, 0.14440584182739258, 0.45317763090133667, 0.5325118899345398, 0.004032621625810862, 1.664609432220459, 0.007044638507068157, 0.21362192928791046, 0.5265029668807983, 1.8486430644989014, 0.5533267855644226, 1.2820285558700562, -0.04825910925865173, 1.5852162837982178, 0.2571214437484741, 0.7871826887130737, 1.1807876825332642, 1.8349355459213257, 0.05823684111237526, 0.13507546484470367, 0.0928964912891388, 0.3180692791938782, 2.303723096847534, 0.8537725210189819, 0.7904583215713501, 0.37221699953079224, 0.6772934198379517, 0.8109552264213562, 0.3122285306453705, 0.07202582061290741, 0.9601665735244751, 0.1043078675866127, 0.39502090215682983, 1.1000725030899048]"
perspective,"[3, 4, 11, 7, 3, 4, 18, 8, 6, 28, 4]",34,"[0.8168557286262512, 0.8414990305900574, 0.6411582231521606, 0.566723108291626, 0.0033229533582925797, 0.44797664880752563, 0.6203738451004028, 1.1444215774536133, 0.9412851929664612, 0.18796351552009583, 0.6441101431846619, 0.977989137172699, -0.008164292201399803, 0.7764347195625305, 1.3885685205459595, 0.47800901532173157, 0.9137336015701294, 0.4961629807949066, 0.49620717763900757, -0.0014819377101957798, 0.4249856472015381, 0.4168398380279541, 0.6932041049003601, 0.507003128528595, 0.9982333779335022, 1.0277388095855713, 0.8594199419021606, 0.0035833660513162613, 0.14220769703388214, 0.9897980690002441, 1.1059105396270752, 0.7562447786331177, 0.4901273846626282, 1.2834502458572388, -0.0009028867352753878, 0.5863751173019409, -0.010455140843987465, 0.35210368037223816, 1.629942536354065, 0.8708656430244446, 0.3268812298774719, 0.7118129134178162, 0.028694799169898033, 0.9852718710899353, 0.24424296617507935, 0.5364582538604736, 0.648966908454895, 1.0420821905136108, 0.1721779704093933, 1.0706199407577515, 0.21137183904647827, 1.186461329460144, 1.1176707744598389, 0.6365286111831665, 1.2286725044250488, 0.4347867965698242, 0.35443955659866333, 0.3304922878742218, 0.8730356097221375, 0.5364030003547668, 1.3738452196121216, 0.2337450385093689, 0.9409856200218201, 0.4924306869506836]"
plot,"[3, 14, 12, 8]",34,"[0.5022608637809753, 1.148345947265625, 0.6058053374290466, 0.5152953267097473, 0.005078976973891258, 0.2587098479270935, 1.1117262840270996, 0.5497571229934692, 0.6398830413818359, 0.1049070805311203, 0.280969500541687, 0.7547361850738525, 0.004151050932705402, 0.6958436369895935, 1.3388484716415405, 0.24463754892349243, 0.5172826647758484, 0.5307765007019043, 0.69684898853302, 0.0008370272116735578, 0.1810631901025772, 0.4169442355632782, 0.7482100129127502, 0.14886678755283356, 0.5247564911842346, 0.5596120953559875, 0.5211575031280518, -0.003058485686779022, 0.1223381906747818, 1.3068550825119019, 0.5397785902023315, 0.42010101675987244, 0.5126482844352722, 0.7216607332229614, -0.003681658301502466, 1.0427982807159424, 0.0012051146477460861, 0.2964434325695038, 0.8384427428245544, 1.3236567974090576, 0.30729439854621887, 0.9003864526748657, -0.03497127816081047, 1.1107478141784668, 0.314666748046875, 0.7331249713897705, 0.9044916033744812, 1.3161355257034302, 0.07296356558799744, 0.481797456741333, 0.09202173352241516, 0.57440584897995, 1.5028536319732666, 0.5101967453956604, 0.8247959017753601, 0.47532427310943604, 0.27840015292167664, 0.46996328234672546, 0.3376186490058899, 0.19341620802879333, 0.9455062747001648, 0.1353292316198349, 0.6698858737945557, 0.8042210936546326]"
protagonist,"[3, 11, 12, 8, 2, 17, 12, 5, 6, 7, 8]",34,"[0.019988462328910828, 2.20461368560791, 0.08510611951351166, 0.17992202937602997, 0.005377592518925667, 0.28512540459632874, 1.6302316188812256, 0.664885938167572, 0.6472670435905457, 0.2643374800682068, 0.17104247212409973, 0.5662935376167297, 0.05475299060344696, 0.9662500023841858, 1.6659834384918213, 0.8201473951339722, 0.06036204844713211, 1.025537371635437, 0.9435485601425171, -0.0010843374766409397, 0.04387740045785904, 0.007236286997795105, 1.6891494989395142, 0.167125403881073, 0.27917996048927307, 0.3211595118045807, 0.23626133799552917, 0.0010739229619503021, 0.5538026094436646, 2.3354127407073975, 0.48774829506874084, 0.25297877192497253, 0.5458984971046448, 0.6612808108329773, 0.0026400969363749027, 1.9805989265441895, -0.011002713814377785, -0.022236377000808716, 0.7775191068649292, 1.917439579963684, 0.9941722750663757, 1.5426201820373535, 0.05579545348882675, 1.757361650466919, 0.07161778956651688, 0.5693174600601196, 0.9870046973228455, 2.1651313304901123, 0.3687463104724884, 0.24443602561950684, 0.2711203396320343, 0.5655040740966797, 2.4810938835144043, 1.1647697687149048, 0.858599841594696, 0.07594067603349686, 1.040179967880249, 1.1376248598098755, 0.7176668643951416, 0.23237784206867218, 0.9463759064674377, 0.1585598886013031, 0.3518163859844208, 1.168839693069458]"
realistic fiction,"[11, 4, 2, 14, 6, 7, 8, 6, 18, 31, 22, 6, 18, 8, 6, 12, 5]",34,"[1.3864209651947021, 0.2896822392940521, 0.9876329302787781, 0.9183854460716248, -0.006315162405371666, 1.3818447589874268, 0.18016797304153442, 1.3285486698150635, 0.5673608779907227, 0.37154078483581543, 0.906467616558075, 1.0857436656951904, 0.010351607576012611, 0.6617536544799805, 0.7736004590988159, 0.3155837953090668, 1.8217506408691406, 1.1158390045166016, 0.25214824080467224, -0.000450834515504539, 1.0434058904647827, 0.44233667850494385, 0.22353801131248474, 1.3459187746047974, 1.8906733989715576, 2.093470335006714, 1.1918015480041504, -0.0030260253697633743, 0.751674473285675, 0.300275593996048, 1.7701809406280518, 1.493062973022461, 0.9891241192817688, 1.5774815082550049, 0.0005903453566133976, 0.190079003572464, -0.03146012872457504, 0.43036702275276184, 2.079282760620117, 0.29514193534851074, 0.7430343627929688, 0.41724008321762085, 0.3106619715690613, 0.3136681914329529, 0.1641412377357483, 0.4404154121875763, 0.3035444915294647, 0.6418160200119019, 0.5837973952293396, 1.8814681768417358, 0.4716740846633911, 1.7983119487762451, 0.28648561239242554, 0.22015999257564545, 1.0713613033294678, 0.28961092233657837, 0.1356014907360077, 0.4487890303134918, 1.2997052669525146, 1.2944902181625366, 1.108191728591919, 0.42545050382614136, 1.6114985942840576, 0.19157566130161285]"
satire,"[7, 2, 8, 6, 11, 4]",34,"[1.1384776830673218, 0.7792044878005981, 1.0433714389801025, 0.9083734750747681, 0.012290592305362225, 0.6650841236114502, 0.7737791538238525, 0.6976976990699768, 0.6578197479248047, 0.07280975580215454, 0.4691050052642822, 0.9232499599456787, -0.00407983735203743, 0.5800698399543762, 1.092427372932434, 0.15091225504875183, 1.3301355838775635, 0.5666033029556274, 0.5924017429351807, 2.5248038582503796e-05, 0.5592940449714661, 0.7915754318237305, 0.3674372732639313, 0.521960973739624, 1.1814181804656982, 1.2830137014389038, 0.8953911066055298, 0.005104219540953636, 0.23209987580776215, 0.7369694113731384, 0.9219291806221008, 0.9041205644607544, 0.6981169581413269, 1.0768051147460938, 0.002702391240745783, 0.5836455821990967, -0.010930303484201431, 0.5106293559074402, 1.2661387920379639, 0.9668555855751038, 0.23290324211120605, 0.5902473330497742, 0.07053443789482117, 0.7300780415534973, 0.4023667275905609, 0.838381290435791, 0.745290994644165, 0.856396496295929, 0.1364273875951767, 1.035278558731079, 0.09595583379268646, 0.9475997090339661, 0.9172985553741455, 0.232278972864151, 0.8565889000892639, 0.6968654990196228, 0.09772872924804688, 0.2638390064239502, 0.4729354977607727, 0.5187667012214661, 1.101264476776123, 0.11899901926517487, 1.2464686632156372, 0.5236282348632812]"
symbolism,"[7, 21, 19, 10, 12, 14, 6, 7, 19]",34,"[0.531974196434021, 1.1085004806518555, 0.31402334570884705, 0.3658803403377533, 0.007190285250544548, 0.4781065285205841, 0.824052095413208, 0.9486579298973083, 0.4665690064430237, 0.4130527973175049, 0.534371554851532, 0.48088908195495605, 0.04357672482728958, 0.42248988151550293, 0.8448203802108765, 0.6613650918006897, 0.5867297649383545, 0.759850263595581, 0.5383470058441162, -0.0011989157646894455, 0.34031063318252563, 0.19309702515602112, 0.8281367421150208, 0.490132212638855, 0.666354238986969, 0.6823059916496277, 0.5665754675865173, -0.0008662454783916473, 0.4756266176700592, 0.9430634379386902, 0.8015432953834534, 0.5471820831298828, 0.5016793012619019, 0.6504477858543396, 0.002864676993340254, 0.9060850739479065, -0.016045046970248222, 0.30472156405448914, 1.0669203996658325, 0.973151445388794, 0.6373838186264038, 0.6979452967643738, 0.04538322985172272, 0.8162686228752136, 0.09865766763687134, 0.47691017389297485, 0.5678625106811523, 0.9705916047096252, 0.4162062406539917, 0.9219899773597717, 0.4957999289035797, 0.8830770254135132, 1.1113284826278687, 0.8228136897087097, 0.6062130928039551, 0.22768491506576538, 0.521301805973053, 0.6325569748878479, 0.8407485485076904, 0.577120840549469, 0.6228159666061401, 0.34091871976852417, 0.5566103458404541, 0.5832611322402954]"
tone,"[8, 12, 5, 4]",34,"[0.9103577136993408, 0.8119990825653076, 1.027186393737793, 0.88133305311203, 0.005532819777727127, 0.6482097506523132, 0.858646035194397, 0.5414329767227173, 0.7106829285621643, 0.03286726027727127, 0.26523643732070923, 1.03117036819458, -0.0001496030017733574, 0.7629826664924622, 1.1949414014816284, 0.10794582962989807, 1.0770848989486694, 0.5728862285614014, 0.6265478134155273, -0.0001321875024586916, 0.3836798071861267, 0.6307193040847778, 0.4095091223716736, 0.34750527143478394, 1.0835050344467163, 1.1781355142593384, 0.8555322885513306, 0.004180224612355232, 0.14451773464679718, 0.8806802034378052, 0.7874985337257385, 0.8028214573860168, 0.7423338294029236, 1.0848885774612427, 0.0024228887632489204, 0.7703939080238342, -0.012761705555021763, 0.30257946252822876, 1.1103867292404175, 1.0503579378128052, 0.19961826503276825, 0.7049775719642639, 0.03084852732717991, 0.7791005373001099, 0.41422349214553833, 0.7558566331863403, 0.7348330020904541, 1.1542761325836182, 0.044797349721193314, 0.7058165073394775, -0.011884070932865143, 0.7610412240028381, 1.125769853591919, 0.16220930218696594, 0.966187059879303, 0.5320876836776733, 0.06912894546985626, 0.3327028453350067, 0.39900875091552734, 0.36040329933166504, 1.163827657699585, 0.030141271650791168, 1.195137858390808, 0.6378909945487976]"
assumption,"[2, 7, 7, 13, 19, 3, 8, 6, 12, 5]",34,"[0.9857611656188965, 0.19177338480949402, 0.3071333169937134, 0.4019608795642853, 0.013026900589466095, 1.0419402122497559, 0.09646019339561462, 1.6575698852539062, 0.5001868605613708, 0.6729181408882141, 1.265257716178894, 0.5605471134185791, 0.0411793515086174, 0.22794930636882782, 0.29335832595825195, 0.7315700054168701, 1.3527765274047852, 0.8736428022384644, 0.19255441427230835, -0.001965499948710203, 0.9664469957351685, 0.06893770396709442, 0.35625869035720825, 1.3778555393218994, 1.4398252964019775, 1.5100059509277344, 1.0805176496505737, -0.006350573152303696, 0.8033531904220581, 0.10425940155982971, 1.6983425617218018, 1.2482070922851562, 0.5452077388763428, 1.2444474697113037, -0.0028101163916289806, 0.01844535768032074, -0.012892736122012138, 0.4148867130279541, 1.9936633110046387, 0.09463763236999512, 0.7894176244735718, 0.09960802644491196, 0.14472512900829315, 0.1651771366596222, 0.018538817763328552, 0.06461585313081741, 0.12867876887321472, 0.14352482557296753, 0.7664335370063782, 1.9359477758407593, 0.9901618361473083, 1.7498736381530762, 0.18129660189151764, 0.6719636917114258, 0.8075769543647766, 0.11645309627056122, 0.4369368851184845, 0.495017409324646, 1.5716168880462646, 1.3803843259811401, 0.5902277231216431, 0.8242890238761902, 0.9246323108673096, 0.14042696356773376]"
attribute,"[2, 8, 8, 11, 6, 10, 13, 8, 4]",34,"[1.0093967914581299, 0.2896893620491028, 0.5259499549865723, 0.4820104241371155, 0.004110146313905716, 0.8480933308601379, 0.11743932217359543, 1.495981216430664, 0.6849180459976196, 0.3750905394554138, 0.9045314788818359, 0.8210918307304382, 0.017652366310358047, 0.5275636315345764, 0.7008565664291382, 0.6706615686416626, 1.314467430114746, 0.687515377998352, 0.0987219512462616, -0.0014476386131718755, 0.801296055316925, 0.13676689565181732, 0.5204728245735168, 1.0704660415649414, 1.3522783517837524, 1.4787309169769287, 1.0731840133666992, 0.002656148746609688, 0.4883156716823578, 0.3502192199230194, 1.524977445602417, 1.099455714225769, 0.4946835935115814, 1.4283157587051392, 0.002424157690256834, 0.1626596450805664, -0.013492751866579056, 0.3481905460357666, 2.075270175933838, 0.15775378048419952, 0.5567711591720581, 0.2709212005138397, 0.16123855113983154, 0.5042534470558167, -0.006422504782676697, 0.13730810582637787, 0.17532838881015778, 0.5028426647186279, 0.4867894947528839, 1.6204689741134644, 0.48307380080223083, 1.6529738903045654, 0.3399757742881775, 0.6734154224395752, 1.0592786073684692, 0.08987046778202057, 0.4554327130317688, 0.30929845571517944, 1.341234803199768, 1.0276408195495605, 0.9756060242652893, 0.46522918343544006, 0.9332191944122314, 0.05131871998310089]"
categorize,"[18, 2, 8, 4, 17, 12, 11, 6, 15, 4]",34,"[0.4192364811897278, 1.6734870672225952, 0.42099878191947937, 0.39983171224594116, 0.008929046802222729, 0.23507849872112274, 1.356431484222412, 0.830426037311554, 0.6576617956161499, 0.21093317866325378, 0.3499819040298462, 0.598076343536377, 0.021981362253427505, 0.768065333366394, 1.409548282623291, 0.7492068409919739, 0.4812660217285156, 0.620581865310669, 0.8011998534202576, 0.0012216175673529506, 0.21025733649730682, 0.3122895359992981, 1.260168194770813, 0.23635342717170715, 0.48153242468833923, 0.5216883420944214, 0.49750280380249023, 0.0027519632130861282, 0.32004421949386597, 1.677250623703003, 0.6092610359191895, 0.3773651421070099, 0.42784205079078674, 0.7637539505958557, 0.0016281576827168465, 1.3721435070037842, -0.015898695215582848, 0.29426679015159607, 1.1272757053375244, 1.4994111061096191, 0.5409143567085266, 1.0654798746109009, 0.00014396756887435913, 1.5691627264022827, 0.07676929980516434, 0.8189947605133057, 0.9295840859413147, 1.5500247478485107, 0.2841036021709442, 0.5722234845161438, 0.22331185638904572, 0.7721238732337952, 1.8271034955978394, 0.945708155632019, 0.8269677758216858, 0.34819161891937256, 0.721132755279541, 0.6455281376838684, 0.6131083965301514, 0.2989935278892517, 0.9891998171806335, 0.12317660450935364, 0.4810606837272644, 0.8455106616020203]"
cause and effect,"[18, 2, 13, 7, 4, 31, 2, 5, 20, 31, 4, 22, 22, 4, 18, 8]",34,"[1.6588376760482788, 0.14667442440986633, 1.5224202871322632, 1.5056827068328857, 2.522021532058716e-06, 2.0652177333831787, -0.03774447739124298, 1.1094646453857422, 0.7071284651756287, 0.14515997469425201, 0.5520124435424805, 1.5391157865524292, 0.00887615978717804, 1.162021517753601, 0.8779525756835938, 0.07871481776237488, 2.6030898094177246, 1.5284823179244995, -0.038276299834251404, -0.0014896381180733442, 1.2870540618896484, 0.3970278799533844, 0.02448374405503273, 1.6841057538986206, 2.664536237716675, 3.1123955249786377, 1.4951821565628052, -0.004795484244823456, 1.0270150899887085, 0.23028269410133362, 2.0966439247131348, 2.1798527240753174, 1.5270304679870605, 2.1855525970458984, 0.008762137964367867, 0.1877533197402954, -0.024348175153136253, 0.08704996109008789, 2.4578094482421875, 0.09585676342248917, 0.8587840795516968, 0.6792386174201965, 0.6268974542617798, 0.15407739579677582, 0.20988330245018005, 0.0860447883605957, -0.09752020239830017, 1.038862943649292, 0.5800557136535645, 1.9192479848861694, 0.16108454763889313, 2.115323305130005, 0.15609750151634216, -0.13574601709842682, 1.5076755285263062, -0.032827794551849365, 0.04203276336193085, 0.577297031879425, 1.3364007472991943, 1.445141315460205, 1.5061384439468384, 0.1409613937139511, 2.546776294708252, 0.058911457657814026]"
chronological order,"[18, 9, 11, 12, 5, 12, 14, 12, 17, 6, 18, 2, 14, 31, 12, 11, 20, 4, 11]",34,"[0.9337294697761536, 0.7876697778701782, 0.5257724523544312, 0.5932789444923401, -0.007448529824614525, 1.1124331951141357, 0.41698601841926575, 1.478870153427124, 0.6703059077262878, 0.5256197452545166, 0.7360457181930542, 0.9393889904022217, 0.0183878056704998, 0.8436273336410522, 0.9593335390090942, 0.7173888683319092, 1.1621824502944946, 1.2698235511779785, 0.16390812397003174, 0.0023095784708857536, 0.7377148270606995, 0.048456814140081406, 0.7474260330200195, 1.2215259075164795, 1.5110570192337036, 1.6664263010025024, 1.0145549774169922, -0.006566191092133522, 0.9021210670471191, 0.8280985951423645, 1.653937816619873, 1.2568135261535645, 0.8732361197471619, 1.4791827201843262, 0.009718865156173706, 0.6485297083854675, 0.012520711869001389, 0.13300111889839172, 2.04919171333313, 0.4947150945663452, 1.0388405323028564, 0.7672553062438965, 0.32837629318237305, 0.6325962543487549, -0.07596205174922943, 0.17599746584892273, 0.14842772483825684, 1.1697049140930176, 0.7960686087608337, 1.5487550497055054, 0.6360787153244019, 1.8375816345214844, 0.7972819805145264, 0.6766572594642639, 1.1670513153076172, -0.05762900412082672, 0.48957619071006775, 0.788850724697113, 1.5688366889953613, 1.1332801580429077, 1.035834789276123, 0.4495733082294464, 1.187400221824646, 0.2609010934829712]"
coherent,"[18, 12, 9, 4, 11, 4, 5, 8]",34,"[0.7798786163330078, 0.9689518213272095, 0.8210102915763855, 0.7764713764190674, 0.006971046328544617, 0.6920869946479797, 0.8264429569244385, 0.6357171535491943, 0.6430805325508118, 0.10846368968486786, 0.31933802366256714, 0.9343128800392151, 0.004138248972594738, 0.8478313088417053, 1.2223955392837524, 0.304618775844574, 1.0036020278930664, 0.7833166122436523, 0.5046966671943665, 0.0012467199703678489, 0.4376356601715088, 0.4003802239894867, 0.6229170560836792, 0.5109689235687256, 1.0660008192062378, 1.1861202716827393, 0.7671980857849121, 0.005510508082807064, 0.3328123688697815, 1.0440747737884521, 0.9046458005905151, 0.8286235332489014, 0.7739866375923157, 1.08121657371521, -1.759640872478485e-05, 0.8621113300323486, -0.009348498657345772, 0.22175168991088867, 1.2519901990890503, 0.9953688383102417, 0.43134012818336487, 0.8334825038909912, 0.15043941140174866, 0.9189531207084656, 0.22583308815956116, 0.5599640607833862, 0.5979676842689514, 1.2668582201004028, 0.20436786115169525, 0.7610276341438293, 0.0689220204949379, 0.9476745128631592, 1.1713320016860962, 0.4158748686313629, 0.9752700328826904, 0.268301784992218, 0.27873414754867554, 0.49936729669570923, 0.5716046094894409, 0.5114302635192871, 1.0835070610046387, 0.0754239559173584, 1.1428405046463013, 0.5461361408233643]"
cohesion,"[18, 12, 9, 4, 7, 6, 12, 5]",34,"[0.724737286567688, 0.8415391445159912, 0.6665589213371277, 0.674096405506134, 0.002165701240301132, 0.6616644263267517, 0.652736485004425, 0.8767122030258179, 0.7730450630187988, 0.13333633542060852, 0.4837808609008789, 0.98540860414505, 0.005451454780995846, 0.8538928031921387, 1.269031047821045, 0.3224084973335266, 0.9507784843444824, 0.7698347568511963, 0.4298878312110901, 0.00035008008126169443, 0.44374537467956543, 0.2832528352737427, 0.597305417060852, 0.5788577795028687, 1.075927734375, 1.206769347190857, 0.8244699239730835, 0.002389322966337204, 0.31031256914138794, 1.0157899856567383, 1.067672610282898, 0.83145672082901, 0.704069972038269, 1.2227849960327148, 0.0046022082678973675, 0.740911602973938, -0.009929675608873367, 0.23094625771045685, 1.4380998611450195, 0.8842254877090454, 0.4638420343399048, 0.796308696269989, 0.0978066474199295, 0.8343141078948975, 0.18655917048454285, 0.43979623913764954, 0.504987359046936, 1.1586817502975464, 0.20295381546020508, 0.9215253591537476, 0.13585470616817474, 1.0864113569259644, 1.086557388305664, 0.44440966844558716, 1.1341094970703125, 0.23401641845703125, 0.25091859698295593, 0.48694461584091187, 0.7667793035507202, 0.6031789183616638, 1.1936122179031372, 0.17761510610580444, 1.0728843212127686, 0.5211259722709656]"
compare and contrast,"[18, 12, 19, 3, 2, 11, 4, 31, 2, 5, 20, 31, 18, 12, 5, 8, 11, 2, 7, 8]",34,"[1.2933845520019531, 0.43795186281204224, 0.8698267340660095, 0.8102788329124451, -0.0004303939640522003, 1.2667711973190308, 0.25832071900367737, 1.3656980991363525, 0.6275684833526611, 0.2708045244216919, 0.7577940821647644, 0.9760746955871582, 0.014876681379973888, 0.6530159115791321, 0.7100433111190796, 0.5152227282524109, 1.7721437215805054, 0.9862040281295776, 0.07854068279266357, 0.0013011092087253928, 1.0132466554641724, 0.25960028171539307, 0.4584804177284241, 1.2673193216323853, 1.7128026485443115, 2.0091001987457275, 1.1259129047393799, -0.0165104940533638, 0.6851592063903809, 0.3743324279785156, 1.666783332824707, 1.3828885555267334, 0.8154070973396301, 1.5340490341186523, 0.012145349755883217, 0.29922714829444885, -0.015426824800670147, 0.3613528907299042, 2.0426883697509766, 0.2719893455505371, 0.6450938582420349, 0.4427192807197571, 0.33004701137542725, 0.5063236951828003, 0.0014374852180480957, 0.2805652320384979, 0.18166182935237885, 0.6652351021766663, 0.49515941739082336, 1.725616216659546, 0.3675161600112915, 1.7211334705352783, 0.24987272918224335, 0.4173189103603363, 1.0736916065216064, 0.0980319231748581, 0.23403796553611755, 0.4127565026283264, 1.2446482181549072, 1.1279364824295044, 1.0423088073730469, 0.3069804906845093, 1.3915563821792603, 0.11835122853517532]"
compile,"[18, 12, 19, 3, 6, 14, 4]",34,"[0.31398531794548035, 1.9095849990844727, 0.5510176420211792, 0.5134173035621643, -0.0009150430560112, 0.1705024689435959, 1.552748203277588, 0.682365894317627, 0.9787449836730957, 0.11531621962785721, 0.21991217136383057, 1.0535179376602173, 0.014704613946378231, 1.2070857286453247, 2.148561477661133, 0.48785656690597534, 0.3671424388885498, 0.6939398050308228, 1.0122157335281372, -0.00036823295522481203, 0.061033766716718674, 0.29348433017730713, 1.3894187211990356, 0.010272063314914703, 0.5042759776115417, 0.5768107771873474, 0.5003550052642822, -0.007757991552352905, 0.02017911523580551, 2.2138750553131104, 0.6226581931114197, 0.33938583731651306, 0.6520779132843018, 1.0669585466384888, 0.011723276227712631, 1.6759302616119385, 0.008797090500593185, 0.029502928256988525, 1.0978549718856812, 1.9485671520233154, 0.4641333222389221, 1.5722910165786743, -0.07650632411241531, 1.8102432489395142, 0.29163050651550293, 0.8365944623947144, 1.20527982711792, 2.1697537899017334, 0.04684622213244438, 0.34660065174102783, 0.04906478524208069, 0.7293028831481934, 2.468674421310425, 0.8515224456787109, 1.3628206253051758, 0.3930906057357788, 0.659129798412323, 0.7175905108451843, 0.5099809765815735, 0.11074736714363098, 1.5670527219772339, 0.04703617841005325, 0.7818876504898071, 1.1674425601959229]"
concede,"[18, 12, 5, 18, 4, 20, 4]",34,"[0.6699415445327759, 1.359418511390686, 0.648507297039032, 0.512843906879425, 0.007838157936930656, 0.008186687715351582, 1.5617666244506836, 0.5058092474937439, 0.5231719017028809, 0.03874784708023071, 0.33284634351730347, 0.46037930250167847, 0.007042160723358393, 0.3407289981842041, 1.095934510231018, 0.37061819434165955, 0.5848415493965149, 0.16881294548511505, 0.9977385401725769, 0.0007334334077313542, 0.1913674771785736, 0.760004460811615, 0.850723922252655, 0.017288513481616974, 0.35361796617507935, 0.32770588994026184, 0.4561499357223511, 0.00559861958026886, -0.0234699547290802, 1.2409778833389282, 0.2730470299720764, 0.1731584370136261, 0.2263239324092865, 0.39217615127563477, -0.0012987148948013783, 1.0930601358413696, -0.02020983397960663, 0.6975224018096924, 0.7000672221183777, 1.5421785116195679, 0.01449496764689684, 0.6920689940452576, -0.040161509066820145, 1.3386229276657104, 0.3280680775642395, 1.3866888284683228, 1.255311369895935, 0.992234468460083, -0.028172407299280167, 0.5762007832527161, 0.043428048491477966, 0.38564974069595337, 1.43107271194458, 0.6504592895507812, 0.39452868700027466, 0.8717281818389893, 0.21552835404872894, 0.2857665419578552, 0.09918329119682312, 0.07012815773487091, 0.7413020730018616, 0.06370408087968826, 0.40057024359703064, 0.8295560479164124]"
consolidate,"[18, 12, 5, 7, 12, 14, 6, 20, 2, 8, 4]",34,"[0.4149879813194275, 1.0934340953826904, 0.26632633805274963, 0.19734066724777222, 0.006473096087574959, 0.13791927695274353, 0.8628523945808411, 1.2974879741668701, 0.7450275421142578, 0.3886587619781494, 0.5706954002380371, 0.5372288227081299, 0.03539184480905533, 0.6057350039482117, 1.217950463294983, 1.1089839935302734, 0.4445348083972931, 0.3745764493942261, 0.485323429107666, 0.0015920476289466023, 0.25876423716545105, 0.12202510237693787, 1.1954832077026367, 0.27144575119018555, 0.47973307967185974, 0.445828378200531, 0.6162534952163696, 0.0009144023060798645, 0.17200274765491486, 1.1534240245819092, 0.8335576057434082, 0.3143662214279175, 0.18982088565826416, 0.9041315317153931, -0.0038983640260994434, 0.8337326645851135, -0.02520018257200718, 0.41059717535972595, 1.4926049709320068, 0.8903178572654724, 0.3679855465888977, 0.722750186920166, -0.03666391596198082, 1.3870832920074463, 0.0018517524003982544, 0.48663395643234253, 0.7250090837478638, 1.1306791305541992, 0.34541624784469604, 0.8888516426086426, 0.43702948093414307, 1.0407968759536743, 1.3505722284317017, 1.3370417356491089, 0.9687240123748779, 0.203514963388443, 0.8652517199516296, 0.38349270820617676, 0.9760329127311707, 0.3848276734352112, 0.9471807479858398, 0.32036837935447693, 0.22335639595985413, 0.4371746778488159]"
corroborate,"[18, 12, 11, 11, 12, 10, 12, 11, 2, 8, 4]",34,"[0.37864476442337036, 1.7564797401428223, 0.26978859305381775, 0.3011452257633209, 0.01584433764219284, 0.1729794293642044, 1.3748178482055664, 0.7671946883201599, 0.6587807536125183, 0.21014918386936188, 0.35424989461898804, 0.5453801155090332, 0.03791942447423935, 0.7273985147476196, 1.398131251335144, 0.7269323468208313, 0.32719191908836365, 0.6270273923873901, 0.8003045320510864, 0.002161853015422821, 0.17828303575515747, 0.23168088495731354, 1.3194814920425415, 0.1782841831445694, 0.34759587049484253, 0.3525465428829193, 0.37686052918434143, -0.000586293637752533, 0.2758776843547821, 1.7482554912567139, 0.5167385339736938, 0.29186785221099854, 0.41271623969078064, 0.6644255518913269, 0.011945871636271477, 1.4598817825317383, 0.014706574380397797, 0.2660728991031647, 0.933289110660553, 1.532799482345581, 0.5731472969055176, 1.107966661453247, -0.027625320479273796, 1.5250822305679321, 0.06138421595096588, 0.7101637125015259, 0.893242597579956, 1.5674539804458618, 0.23451310396194458, 0.49644798040390015, 0.25263410806655884, 0.6463153958320618, 1.906497597694397, 0.9738606214523315, 0.8173866868019104, 0.27830374240875244, 0.7362508177757263, 0.7432757616043091, 0.5725195407867432, 0.24599362909793854, 0.9214947819709778, 0.13473881781101227, 0.40081027150154114, 0.8988128304481506]"
counterargument,"[18, 12, 13, 5, 8, 4, 11, 2, 11, 17, 13, 19, 4, 5, 8]",34,"[0.6807644963264465, 0.8814145922660828, 0.40680113434791565, 0.48776793479919434, 0.009949992410838604, 1.0447427034378052, 0.4363170564174652, 1.1107654571533203, 0.5348525047302246, 0.5187254548072815, 0.49676281213760376, 0.7935882210731506, 0.03020208515226841, 0.8166282176971436, 0.8311811685562134, 0.7010583877563477, 0.984919011592865, 1.235812783241272, 0.18523460626602173, -0.0015008337795734406, 0.6374547481536865, 0.06891012191772461, 0.7653814554214478, 1.0869944095611572, 1.312595009803772, 1.3902462720870972, 0.8781001567840576, -0.006066804751753807, 0.9521397352218628, 0.8250524401664734, 1.3882567882537842, 1.1356645822525024, 0.8276171684265137, 1.2056596279144287, 0.012790750712156296, 0.7093737125396729, 0.023189054802060127, -0.02771592140197754, 1.6435421705245972, 0.5266019701957703, 1.0867891311645508, 0.7935871481895447, 0.32798945903778076, 0.6018716096878052, -0.026304513216018677, 0.06504276394844055, 0.1292220801115036, 1.1270567178726196, 0.8073393106460571, 1.2313811779022217, 0.611055314540863, 1.5352827310562134, 0.8817627429962158, 0.6761689782142639, 0.9807696342468262, -0.04021921753883362, 0.6351172924041748, 0.8705057501792908, 1.4036809206008911, 0.9393433332443237, 0.8517053127288818, 0.3747676908969879, 1.0664252042770386, 0.3070138394832611]"
credibility,"[18, 11, 4, 20, 6, 10, 6, 14, 6, 8, 21]",34,"[0.35219287872314453, 1.7694005966186523, 0.3338474631309509, 0.30527934432029724, 0.014036446809768677, 0.06340862810611725, 1.5420451164245605, 0.47609707713127136, 0.42073407769203186, 0.16336363554000854, 0.28740572929382324, 0.44154974818229675, 0.035224489867687225, 0.5076743364334106, 1.2846431732177734, 0.6014634370803833, 0.26642268896102905, 0.5298551321029663, 0.9940317273139954, 0.0004257195396348834, 0.08705036342144012, 0.4287540912628174, 1.2137961387634277, 0.05875689163804054, 0.20663726329803467, 0.18666666746139526, 0.21367225050926208, 0.0022006873041391373, 0.2052975445985794, 1.6191635131835938, 0.28972601890563965, 0.10666019469499588, 0.34935200214385986, 0.34311583638191223, 0.012494323775172234, 1.424842119216919, -0.007763014640659094, 0.3822973370552063, 0.6537594199180603, 1.6989046335220337, 0.47384411096572876, 1.0170693397521973, 0.007334476336836815, 1.4995083808898926, 0.22336189448833466, 1.0493848323822021, 1.164099931716919, 1.3990768194198608, 0.19438128173351288, 0.4065502882003784, 0.18173353374004364, 0.42502909898757935, 1.8282418251037598, 0.9324721097946167, 0.4817602038383484, 0.5246729850769043, 0.6687313914299011, 0.6317662000656128, 0.3014955520629883, 0.13382606208324432, 0.7115435600280762, 0.10110151767730713, 0.2878631353378296, 0.9550460577011108]"
critique,"[18, 11, 6, 8, 6, 24, 13, 4]",34,"[1.0510241985321045, 0.6755536198616028, 0.9109504818916321, 0.7252540588378906, 0.0007300097495317459, 0.4504673182964325, 0.603825569152832, 0.9177460670471191, 0.7477685809135437, 0.14264734089374542, 0.6064669489860535, 0.8802505731582642, 0.0022160355001688004, 0.5762262940406799, 1.1357241868972778, 0.38597622513771057, 1.1837294101715088, 0.37341243028640747, 0.5095773935317993, -1.6780919395387173e-05, 0.5445086359977722, 0.6449838876724243, 0.509705126285553, 0.44822120666503906, 1.0058215856552124, 1.1030550003051758, 0.883553147315979, 0.008638697676360607, 0.04702506586909294, 0.7501020431518555, 0.9086487889289856, 0.7477160096168518, 0.5149859189987183, 1.1170631647109985, -0.0038132050540298223, 0.4988713264465332, -0.013663158752024174, 0.5844438076019287, 1.4497694969177246, 0.8152549862861633, 0.1274840533733368, 0.5081978440284729, -0.0009683724492788315, 0.8592870235443115, 0.30868446826934814, 0.7535717487335205, 0.7191553115844727, 0.7527925968170166, 0.0667988508939743, 1.0782074928283691, 0.16101332008838654, 0.9897050857543945, 0.848450779914856, 0.5228964686393738, 0.9647831916809082, 0.5946537852287292, 0.267353892326355, 0.14868465065956116, 0.5974810123443604, 0.4823487401008606, 1.165567398071289, 0.19936831295490265, 1.0019272565841675, 0.4212782382965088]"
cultural,"[18, 13, 14, 8, 13, 11, 2, 14]",34,"[0.16637340188026428, 2.113128900527954, 0.22541990876197815, 0.2554529905319214, 0.00917204562574625, 0.23465289175510406, 1.8302645683288574, 0.38005220890045166, 0.37383177876472473, 0.264756441116333, 0.1555643081665039, 0.4154445230960846, 0.04457322508096695, 0.6944836974143982, 1.3178057670593262, 0.5274460315704346, 0.16706499457359314, 0.904438853263855, 1.033215045928955, -0.0011821947991847992, 0.0881902426481247, 0.19490009546279907, 1.3768460750579834, 0.12157053500413895, 0.19223198294639587, 0.23008358478546143, 0.22357746958732605, -0.00019822269678115845, 0.4726395905017853, 2.097810745239258, 0.29426640272140503, 0.23524972796440125, 0.5663073062896729, 0.315809428691864, 0.005110942292958498, 1.9230997562408447, 0.004977380856871605, 0.10801804065704346, 0.4525810778141022, 2.0551598072052, 0.8158737421035767, 1.3528523445129395, 0.009648269042372704, 1.5610500574111938, 0.16066177189350128, 0.8708230257034302, 1.0833535194396973, 1.8653755187988281, 0.3070559501647949, 0.2849147915840149, 0.28802940249443054, 0.36664319038391113, 2.2670400142669678, 0.8919051289558411, 0.4799695909023285, 0.2734488546848297, 0.7434859871864319, 1.0133627653121948, 0.3558579087257385, 0.19253677129745483, 0.5859078764915466, 0.18059805035591125, 0.35539230704307556, 1.247407078742981]"
differentiate,"[20, 6, 22, 22, 4, 11, 4, 5, 8, 6, 2, 8, 4]",34,"[1.2832125425338745, 0.42855411767959595, 0.8532268404960632, 0.8255830407142639, 0.007000661455094814, 1.1592917442321777, 0.27196890115737915, 1.2907936573028564, 0.6330851316452026, 0.2566816806793213, 0.802323579788208, 0.9191043972969055, 0.01143079623579979, 0.5925822257995605, 0.7086723446846008, 0.4645780622959137, 1.732060432434082, 0.9007459878921509, 0.1957978904247284, -3.5331351682543755e-05, 0.9454404711723328, 0.34916043281555176, 0.393965482711792, 1.1571708917617798, 1.696439266204834, 1.9069795608520508, 1.1410213708877563, 1.3807788491249084e-05, 0.6334676146507263, 0.34797537326812744, 1.6170852184295654, 1.3402554988861084, 0.7840104103088379, 1.4929070472717285, 0.011419927701354027, 0.21256496012210846, -0.017823517322540283, 0.40434035658836365, 1.9953807592391968, 0.30507320165634155, 0.5894483327865601, 0.3652956187725067, 0.2593374252319336, 0.45346173644065857, 0.05553993582725525, 0.3421262502670288, 0.26200541853904724, 0.5625556707382202, 0.4644654393196106, 1.6812403202056885, 0.3513878285884857, 1.6599839925765991, 0.32413262128829956, 0.3689045310020447, 1.04758882522583, 0.23100703954696655, 0.2435908317565918, 0.35404786467552185, 1.150309443473816, 1.1126768589019775, 1.06281578540802, 0.3145470917224884, 1.3671021461486816, 0.14647677540779114]"
economic,"[4, 18, 12, 5, 12, 19, 6, 18]",34,"[0.2576236128807068, 1.656166434288025, 0.1320568025112152, 0.12652692198753357, 0.007361803203821182, 0.16101256012916565, 1.3337757587432861, 0.7997493743896484, 0.5401361584663391, 0.3265346884727478, 0.37226632237434387, 0.3981142044067383, 0.03818550705909729, 0.6130052208900452, 1.2022528648376465, 0.8516125679016113, 0.21053636074066162, 0.6398813724517822, 0.7480301856994629, 0.0006769337924197316, 0.14730888605117798, 0.13524283468723297, 1.3383408784866333, 0.186975359916687, 0.31835290789604187, 0.23458930850028992, 0.3605573773384094, 0.003573186695575714, 0.36619994044303894, 1.64667546749115, 0.5077729821205139, 0.23303908109664917, 0.3433854579925537, 0.531436562538147, 0.009045129641890526, 1.3909244537353516, -0.0033076265826821327, 0.22802747786045074, 0.9823673367500305, 1.503690242767334, 0.7032824158668518, 1.0181275606155396, -0.001797916367650032, 1.4223339557647705, 0.06662331521511078, 0.6193846464157104, 0.8354731798171997, 1.4832156896591187, 0.3737148940563202, 0.5671651363372803, 0.3634702265262604, 0.6941995024681091, 1.804006814956665, 1.142081379890442, 0.6677209734916687, 0.2031732201576233, 0.9096816778182983, 0.7651572227478027, 0.675182580947876, 0.28940877318382263, 0.7284442782402039, 0.2274875044822693, 0.24593585729599, 0.8321837782859802]"
elaboration,"[4, 14, 2, 10, 12, 11, 2, 8, 6, 12, 5]",34,"[0.2276785969734192, 1.3985110521316528, -0.044866323471069336, 0.005695760250091553, 0.022247133776545525, 0.1091867983341217, 1.0628267526626587, 1.0493146181106567, 0.5609288811683655, 0.4463365077972412, 0.484636127948761, 0.2393222153186798, 0.05685459077358246, 0.42332780361175537, 0.9302617311477661, 1.1401498317718506, 0.18269604444503784, 0.5039036273956299, 0.5084978938102722, 0.0006310163298621774, 0.18690042197704315, 0.020705722272396088, 1.3656481504440308, 0.3029734492301941, 0.26159968972206116, 0.19880473613739014, 0.4472087025642395, 0.0017973175272345543, 0.4058447480201721, 1.2874248027801514, 0.6216413974761963, 0.22372518479824066, 0.1372358202934265, 0.5308864712715149, 0.013498496264219284, 1.089481234550476, 0.017403459176421165, 0.28863030672073364, 1.0948643684387207, 1.0639123916625977, 0.6449679136276245, 0.7494351863861084, 0.018118510022759438, 1.2961838245391846, -0.045964643359184265, 0.394650399684906, 0.6380108594894409, 1.1102439165115356, 0.4800291955471039, 0.6833263039588928, 0.5825008153915405, 0.833656907081604, 1.4736168384552002, 1.396432638168335, 0.6244792938232422, 0.11879304051399231, 0.9994117617607117, 0.6594628095626831, 0.8972734808921814, 0.3277660310268402, 0.5244286060333252, 0.36868759989738464, 0.0037498511373996735, 0.517045795917511]"
empathy,"[4, 19, 3, 2, 8, 9, 21]",34,"[0.4579642415046692, 0.9166163206100464, 0.2074723094701767, 0.2641001343727112, -0.001193201169371605, 0.35526931285858154, 0.6047419309616089, 1.2205560207366943, 0.7990583181381226, 0.3614376187324524, 0.6580974459648132, 0.6201033592224121, 0.021623939275741577, 0.6457503437995911, 1.1209005117416382, 0.7639538645744324, 0.4994485676288605, 0.626561164855957, 0.44108593463897705, -0.0018824785947799683, 0.2934565544128418, -4.626065492630005e-05, 0.9268755316734314, 0.45899415016174316, 0.7354189157485962, 0.6760153770446777, 0.6986080408096313, 0.010208459571003914, 0.30923300981521606, 1.0572962760925293, 0.9862730503082275, 0.549120306968689, 0.3516724109649658, 1.0095975399017334, -0.0005356003530323505, 0.7506586313247681, -0.01309343334287405, 0.2452288419008255, 1.4438191652297974, 0.7647495865821838, 0.5476648807525635, 0.6810789704322815, 0.028923308476805687, 0.9276732802391052, 0.054149314761161804, 0.24483329057693481, 0.5121800303459167, 1.0604597330093384, 0.31069880723953247, 0.9259035587310791, 0.42208346724510193, 1.0940316915512085, 1.2055070400238037, 0.9620255827903748, 1.053536057472229, 0.10669030994176865, 0.6077022552490234, 0.5264648199081421, 1.0596826076507568, 0.5356009602546692, 0.9976990818977356, 0.37926730513572693, 0.48291534185409546, 0.4500725269317627]"
generalize,"[17, 4, 5, 4, 11, 2, 14, 6, 15, 4]",34,"[0.24132996797561646, 2.72247052192688, 0.44837823510169983, 0.5057504773139954, -0.005557490512728691, 0.2900375723838806, 2.593780040740967, 0.09370004385709763, 0.3608195185661316, 0.04661379009485245, -0.04912431538105011, 0.577336311340332, 0.0157422237098217, 0.8764603137969971, 1.689371109008789, 0.2371353656053543, 0.21842342615127563, 1.04619300365448, 1.5472644567489624, -0.0008948653703555465, -0.00018700212240219116, 0.4962827265262604, 1.4914950132369995, 0.023561954498291016, 0.2542419135570526, 0.35162436962127686, 0.15990659594535828, -0.0021499544382095337, 0.500173032283783, 2.6691055297851562, 0.19131088256835938, 0.2329811453819275, 0.7404538989067078, 0.30573832988739014, 0.0015301364473998547, 2.49307918548584, -0.015364840626716614, 0.10976314544677734, 0.24552811682224274, 2.786062002182007, 0.8172406554222107, 1.7156537771224976, 0.05405421555042267, 1.8855433464050293, 0.24483633041381836, 1.562757134437561, 1.5512479543685913, 2.3607120513916016, 0.2147369533777237, 0.07236215472221375, -0.04316618666052818, 0.19790518283843994, 2.788226366043091, 0.49565035104751587, 0.3925167918205261, 0.613457441329956, 0.433606892824173, 1.1826809644699097, 0.0571499802172184, 0.0696573555469513, 0.8813647031784058, -0.07237102836370468, 0.5980128049850464, 1.6915028095245361]"
implication,"[6, 19, 3, 14, 6, 18, 2, 8, 6, 12, 5]",34,"[0.6410890817642212, 0.6144329905509949, 0.13948625326156616, 0.0248195081949234, 0.006053846329450607, 0.3152545392513275, 0.4658270478248596, 1.712397813796997, 0.6218122243881226, 0.8003792762756348, 1.096869707107544, 0.3606557250022888, 0.06209280341863632, 0.23245137929916382, 0.729910671710968, 1.3050421476364136, 0.6005159616470337, 0.42384809255599976, 0.287007212638855, -0.000782713876105845, 0.4887933135032654, 0.11112368106842041, 0.9864506721496582, 0.712946355342865, 0.7402947545051575, 0.6765322089195251, 0.8666690587997437, 0.0007422305643558502, 0.33389875292778015, 0.5657692551612854, 1.1859402656555176, 0.5118909478187561, 0.11096140742301941, 0.981559157371521, 0.011577192693948746, 0.4069918394088745, -0.005998237989842892, 0.5210995674133301, 1.811229944229126, 0.4770793914794922, 0.5665342211723328, 0.3061526417732239, -0.07092779129743576, 0.8839481472969055, 0.0011095106601715088, 0.3759114146232605, 0.503632664680481, 0.4823272228240967, 0.6258493065834045, 1.507023811340332, 1.058345913887024, 1.4615013599395752, 0.7401734590530396, 1.413914680480957, 0.8513151407241821, 0.21958398818969727, 0.9115968942642212, 0.3021581470966339, 1.397645115852356, 0.779589831829071, 0.6868206858634949, 0.7814139127731323, 0.236329585313797, 0.1076609194278717]"
incorporate,"[6, 5, 18, 12, 11, 3, 12, 11, 2, 8, 4]",34,"[0.19168412685394287, 1.6620968580245972, 0.15641923248767853, 0.16833727061748505, 0.012790999375283718, 0.025358524173498154, 1.2769079208374023, 1.0061253309249878, 0.8518528938293457, 0.28530681133270264, 0.3911623954772949, 0.5630154609680176, 0.03597394376993179, 0.8521626591682434, 1.579203724861145, 1.017676830291748, 0.2023155689239502, 0.4461793601512909, 0.7149973511695862, 0.0015087953070178628, 0.10778605937957764, 0.11413834989070892, 1.4828006029129028, 0.08782119303941727, 0.2945667803287506, 0.19968754053115845, 0.435759961605072, -0.005835318937897682, 0.1822015345096588, 1.7703838348388672, 0.5742826461791992, 0.1886955201625824, 0.2428598403930664, 0.7961820363998413, 0.008631201460957527, 1.3444044589996338, -0.002260892651975155, 0.21515673398971558, 1.2378859519958496, 1.4402625560760498, 0.5055044889450073, 1.1252009868621826, -0.05859073996543884, 1.7281705141067505, 0.05349745601415634, 0.5650047659873962, 0.891387403011322, 1.6091057062149048, 0.28273671865463257, 0.5304059982299805, 0.3233583867549896, 0.8082717657089233, 2.000951051712036, 1.3281843662261963, 1.0655103921890259, 0.22090305387973785, 1.0114634037017822, 0.6541728377342224, 0.7757554054260254, 0.1797856092453003, 1.109825611114502, 0.16943702101707458, 0.24829596281051636, 0.7875275015830994]"
objective,"[12, 10, 23, 4, 18, 8, 6, 28, 4]",34,"[1.1655999422073364, 0.6990800499916077, 0.9273989796638489, 0.7884786128997803, 0.0013703443109989166, 0.7689686417579651, 0.5469386577606201, 1.2204766273498535, 0.7723848223686218, 0.2507074475288391, 0.7344999313354492, 0.980979323387146, -0.004751482978463173, 0.6882155537605286, 1.0394376516342163, 0.4858887195587158, 1.4208256006240845, 0.6847118139266968, 0.433188796043396, -0.001639375346712768, 0.6719509363174438, 0.5675506591796875, 0.5252091884613037, 0.8041994571685791, 1.4229516983032227, 1.519998550415039, 1.0657885074615479, 0.008987967856228352, 0.3543672263622284, 0.7043322324752808, 1.2769336700439453, 1.066064476966858, 0.6797530055046082, 1.3986165523529053, -0.006882061250507832, 0.5430575609207153, -0.0419958233833313, 0.45191526412963867, 1.8637640476226807, 0.7062808275222778, 0.40928736329078674, 0.5670724511146545, 0.11065466701984406, 0.7853047847747803, 0.19232222437858582, 0.6421879529953003, 0.46865585446357727, 0.8641632199287415, 0.2969006597995758, 1.4024790525436401, 0.27341151237487793, 1.4016680717468262, 0.752597451210022, 0.45990195870399475, 1.0561935901641846, 0.4019521474838257, 0.27188971638679504, 0.32890328764915466, 0.9613442420959473, 0.8265019655227661, 1.2489161491394043, 0.22748927772045135, 1.2839713096618652, 0.3729652166366577]"
political,"[3, 12, 14, 6, 8, 6, 18, 2, 14]",34,"[0.7215538024902344, 1.0138713121414185, 0.35847175121307373, 0.28172457218170166, 0.0020119566470384598, 0.46977949142456055, 0.8905079960823059, 1.327594518661499, 0.5334663987159729, 0.6732628345489502, 0.9215272665023804, 0.49663200974464417, 0.05464453995227814, 0.39985179901123047, 0.9128189086914062, 0.9242970943450928, 0.7225092053413391, 0.7327327728271484, 0.6093371510505676, 0.000894249533303082, 0.4825587272644043, 0.27601248025894165, 0.9645508527755737, 0.6675025820732117, 0.8361996412277222, 0.8186544179916382, 0.7966632843017578, 0.00847543589770794, 0.4494929015636444, 1.0046871900558472, 1.0538958311080933, 0.6178555488586426, 0.4692690670490265, 0.9119438529014587, 0.006607854273170233, 0.8631793260574341, -0.008441431447863579, 0.4639661908149719, 1.5152571201324463, 1.0107985734939575, 0.6796795129776001, 0.6449199318885803, -0.03886979818344116, 0.9603953957557678, 0.10056827962398529, 0.647063136100769, 0.6881409883499146, 0.9410420060157776, 0.5670406818389893, 1.3316795825958252, 0.8667744994163513, 1.2503931522369385, 1.1874293088912964, 1.063352346420288, 0.7604125738143921, 0.31296616792678833, 0.7227585315704346, 0.555848240852356, 1.1318069696426392, 0.8164477348327637, 0.6959920525550842, 0.6507089734077454, 0.5683104395866394, 0.5282937288284302]"
problem and solution,"[3, 11, 12, 10, 14, 4, 19, 31, 2, 5, 20, 31, 7, 12, 14, 13, 8, 6, 12, 5]",34,"[1.1604173183441162, 0.45277923345565796, 0.6618508696556091, 0.7374496459960938, -0.0007851887494325638, 1.6147950887680054, 0.07190900295972824, 1.6146471500396729, 0.5777154564857483, 0.6151495575904846, 0.9040395617485046, 1.094588041305542, 0.03636269271373749, 0.792108952999115, 0.6921627521514893, 0.6319713592529297, 1.6934608221054077, 1.5290907621383667, 0.027085132896900177, -0.0012760241515934467, 1.0689913034439087, 0.06622111052274704, 0.4498160779476166, 1.6552433967590332, 1.952191948890686, 2.2677812576293945, 1.2351994514465332, -0.01702311262488365, 1.1501007080078125, 0.44797825813293457, 2.0670015811920166, 1.6723003387451172, 1.0893889665603638, 1.7213256359100342, 0.01362985372543335, 0.3458721935749054, -0.01069865096360445, 0.09323903918266296, 2.298405170440674, 0.19106559455394745, 1.1952875852584839, 0.6340991854667664, 0.40821564197540283, 0.22511136531829834, -0.03108157217502594, -0.010001689195632935, -0.07808667421340942, 0.8759163618087769, 0.9630612730979919, 1.9806877374649048, 0.8149321675300598, 2.1140427589416504, 0.3172719180583954, 0.43268197774887085, 1.178074836730957, -0.10302393138408661, 0.4083986282348633, 0.8234298825263977, 1.8148508071899414, 1.5393781661987305, 0.9946322441101074, 0.6119892597198486, 1.566495656967163, 0.16990689933300018]"
reasoning,"[11, 4, 2, 7, 12, 5, 6, 5, 17]",34,"[1.0700451135635376, 0.7256986498832703, 1.03385329246521, 0.9919424653053284, 0.012150052934885025, 1.0377424955368042, 0.6272549629211426, 0.7147603631019592, 0.6298179626464844, 0.055292438715696335, 0.3984302282333374, 1.0655665397644043, -0.008700422942638397, 0.8306077718734741, 1.0219314098358154, 0.0760311633348465, 1.4605430364608765, 0.9591516256332397, 0.4588230848312378, -0.0003497941652312875, 0.6679592132568359, 0.5752346515655518, 0.2821645736694336, 0.7943943738937378, 1.513722538948059, 1.6722338199615479, 0.9649262428283691, 0.008775198832154274, 0.5207587480545044, 0.7131941318511963, 1.1602783203125, 1.2152193784713745, 0.9874714612960815, 1.2869470119476318, -0.0028588688001036644, 0.6111491322517395, -0.017772193998098373, 0.32126566767692566, 1.4488219022750854, 0.7519758343696594, 0.46992000937461853, 0.6949458122253418, 0.21837542951107025, 0.576399028301239, 0.2509804666042328, 0.552821695804596, 0.43078458309173584, 1.0577698945999146, 0.24515217542648315, 1.1164884567260742, 0.039389390498399734, 1.1538188457489014, 0.8242460489273071, 0.06653928756713867, 0.9753721952438354, 0.36462968587875366, 0.04803594574332237, 0.510434627532959, 0.705608069896698, 0.8144333958625793, 1.1423038244247437, 0.08177364617586136, 1.562645435333252, 0.4855598211288452]"
refute,"[11, 4, 22, 13, 8, 4]",34,"[1.1581467390060425, 0.5399286150932312, 1.127421498298645, 1.0646251440048218, 0.01306650135666132, 0.9712665677070618, 0.4801425039768219, 0.6954314708709717, 0.7011306881904602, 0.007305663079023361, 0.3292158842086792, 1.0570204257965088, -0.006583957001566887, 0.7636840343475342, 0.9116400480270386, 0.10347787290811539, 1.5943406820297241, 0.7405407428741455, 0.32083994150161743, -0.0009049085201695561, 0.7020891904830933, 0.5685233473777771, 0.23203811049461365, 0.7779744863510132, 1.5247684717178345, 1.7411859035491943, 1.0532952547073364, 0.006492271088063717, 0.3548024892807007, 0.4865477681159973, 1.0897901058197021, 1.2288639545440674, 0.8975771069526672, 1.330546259880066, 0.00037186918780207634, 0.44601163268089294, -0.006727134343236685, 0.2755086421966553, 1.4718648195266724, 0.5709373354911804, 0.2390749603509903, 0.5513450503349304, 0.211905837059021, 0.5013630986213684, 0.26535436511039734, 0.4518742859363556, 0.3260161578655243, 0.8774210214614868, 0.10256381332874298, 1.0771205425262451, -0.029879163950681686, 1.1121748685836792, 0.5977425575256348, 0.075050950050354, 0.993236780166626, 0.3214030861854553, 0.0028978046029806137, 0.3169807195663452, 0.6271552443504333, 0.6893603801727295, 1.178681492805481, 0.014112859964370728, 1.577101707458496, 0.3250557780265808]"
reliability,"[11, 4, 14, 6, 2, 10, 6, 14, 6, 8, 21]",34,"[0.40997862815856934, 2.0594687461853027, 0.483767569065094, 0.4920470118522644, 0.005178583785891533, 0.23025144636631012, 1.8380036354064941, 0.3463236689567566, 0.376938134431839, 0.1471756398677826, 0.20316630601882935, 0.5378066301345825, 0.026905223727226257, 0.658230721950531, 1.4023821353912354, 0.38807550072669983, 0.3611430823802948, 0.8023688793182373, 1.1483619213104248, -0.00015537720173597336, 0.12830163538455963, 0.4733591377735138, 1.1943000555038452, 0.1068795695900917, 0.31186020374298096, 0.39486366510391235, 0.2581489384174347, 0.002137058414518833, 0.3366415798664093, 1.9272176027297974, 0.3144487738609314, 0.2354165017604828, 0.6161877512931824, 0.3760616183280945, 0.011003250256180763, 1.7481591701507568, -0.009911167435348034, 0.3004723787307739, 0.5376078486442566, 2.0308713912963867, 0.6185598373413086, 1.264604926109314, 0.015293197706341743, 1.5183717012405396, 0.2489994466304779, 1.207755446434021, 1.2466201782226562, 1.7436202764511108, 0.21641618013381958, 0.35806170105934143, 0.13949784636497498, 0.4120556712150574, 2.1329405307769775, 0.6869147419929504, 0.48177292943000793, 0.5236650705337524, 0.5309503674507141, 0.8150864243507385, 0.20809297263622284, 0.1948479861021042, 0.7730374336242676, 0.06450502574443817, 0.5480844974517822, 1.2094125747680664]"
revision,"[11, 4, 28, 6, 7, 6, 12, 5]",34,"[0.3974846601486206, 0.9734504818916321, 0.46521198749542236, 0.5564783811569214, 0.006024566479027271, 0.6300649642944336, 0.6349126100540161, 0.9645252823829651, 0.9326717257499695, 0.21890804171562195, 0.44975852966308594, 1.0764977931976318, 0.024282194674015045, 1.1027861833572388, 1.643251657485962, 0.44818657636642456, 0.6038005948066711, 0.8837324380874634, 0.5049944519996643, -0.0015191682614386082, 0.2660267949104309, 0.09583607316017151, 0.8110736608505249, 0.47705578804016113, 0.9930712580680847, 1.0692267417907715, 0.7282150983810425, 0.006886417977511883, 0.34140852093696594, 1.3404181003570557, 1.1029441356658936, 0.7497270703315735, 0.7358239889144897, 1.374901294708252, 0.0011617331765592098, 0.9078370928764343, -0.018277611583471298, 0.030058294534683228, 1.4751791954040527, 0.9659100770950317, 0.652618408203125, 1.0974044799804688, 0.07924780994653702, 0.9902058839797974, 0.24258965253829956, 0.21460114419460297, 0.577783465385437, 1.5500361919403076, 0.27264437079429626, 0.750884473323822, 0.23774170875549316, 1.1186752319335938, 1.5445568561553955, 0.6525933742523193, 1.4211701154708862, 0.11333421617746353, 0.49538251757621765, 0.6648898124694824, 0.9731650352478027, 0.5623568892478943, 1.450112223625183, 0.2536174952983856, 1.0266140699386597, 0.6107957363128662]"
social,"[7, 12, 18, 6, 2, 14]",34,"[0.5494223237037659, 1.4388409852981567, 0.48983752727508545, 0.5064879655838013, 0.004583405330777168, 0.3673099875450134, 1.2615025043487549, 0.7444401383399963, 0.6408534049987793, 0.20930974185466766, 0.3912644386291504, 0.7525486350059509, 0.013790157623589039, 0.7027256488800049, 1.3608150482177734, 0.394045889377594, 0.5640086531639099, 0.7815968990325928, 0.7532006502151489, -4.039343912154436e-05, 0.23663252592086792, 0.28804171085357666, 0.9402959942817688, 0.3074592351913452, 0.6552896499633789, 0.7221707701683044, 0.5721431970596313, 0.003739873878657818, 0.3007694184780121, 1.4840021133422852, 0.7180810570716858, 0.5261257290840149, 0.6458951234817505, 0.8107694983482361, 0.007523896638303995, 1.2382011413574219, 0.00782540999352932, 0.2691178321838379, 1.0020774602890015, 1.4707733392715454, 0.5260968804359436, 1.0223361253738403, 0.002287687733769417, 1.1605321168899536, 0.19286911189556122, 0.7377849817276001, 0.8809703588485718, 1.4429186582565308, 0.21204796433448792, 0.7088316679000854, 0.22243408858776093, 0.7794276475906372, 1.6688485145568848, 0.626435399055481, 0.8647302985191345, 0.3754860758781433, 0.37947598099708557, 0.665332555770874, 0.5729093551635742, 0.4088868498802185, 0.9738679528236389, 0.18879321217536926, 0.7579402923583984, 0.878774881362915]"
subjective,"[7, 13, 10, 23, 4, 18, 8, 6, 28, 4]",34,"[0.8200947046279907, 1.2588804960250854, 0.5256129503250122, 0.4791805148124695, 0.0018436536192893982, 0.6393358707427979, 0.9750761389732361, 1.154890775680542, 0.5931864976882935, 0.39491117000579834, 0.7169528603553772, 0.6962875723838806, 0.0069547477178275585, 0.628878116607666, 0.9734125137329102, 0.6979325413703918, 1.0025372505187988, 0.8880630731582642, 0.6203545928001404, -0.003598093055188656, 0.5716359615325928, 0.325643926858902, 0.8900861740112305, 0.8063951730728149, 1.0704927444458008, 1.1471374034881592, 0.843809962272644, 0.013291820883750916, 0.5930421948432922, 1.2219911813735962, 1.0952684879302979, 0.8689544796943665, 0.5957408547401428, 1.061605453491211, -0.0018122789915651083, 1.0075418949127197, -0.03192008659243584, 0.34074217081069946, 1.5995129346847534, 1.13792085647583, 0.7557386159896851, 0.7517375349998474, 0.10958419740200043, 1.0576246976852417, 0.05940847843885422, 0.6813682317733765, 0.5699599981307983, 1.1183429956436157, 0.48174723982810974, 1.2492165565490723, 0.46908578276634216, 1.247837781906128, 1.212000846862793, 0.722719132900238, 0.7983790040016174, 0.272922158241272, 0.5768370032310486, 0.6903145909309387, 1.0340099334716797, 0.8162458539009094, 0.9362292289733887, 0.3488534092903137, 0.8949002027511597, 0.6657159328460693]"
text structure,"[8, 4, 27, 8, 31, 7, 8, 11, 13, 18, 8, 13, 11, 4]",34,"[1.2559177875518799, 0.5530686378479004, 0.8818507790565491, 0.9119085669517517, 0.017086366191506386, 1.379008412361145, 0.3125428557395935, 1.2022700309753418, 0.606514573097229, 0.2142019420862198, 0.6328424215316772, 1.047048807144165, 0.012710991315543652, 0.7497575283050537, 0.7499942779541016, 0.3005063533782959, 1.7697113752365112, 1.179190754890442, 0.20618346333503723, -0.000722179189324379, 0.9482246041297913, 0.38705259561538696, 0.36886951327323914, 1.251164436340332, 1.7899242639541626, 2.0255353450775146, 1.0787352323532104, -0.005312120541930199, 0.8167986273765564, 0.4505842626094818, 1.6226017475128174, 1.471515417098999, 1.0018219947814941, 1.4997135400772095, 0.010185446590185165, 0.3889409899711609, -0.022722285240888596, 0.2897210419178009, 1.8870160579681396, 0.3305874466896057, 0.7315738797187805, 0.6019995212554932, 0.36131221055984497, 0.3859988749027252, 0.08333634585142136, 0.2540709972381592, 0.1609288454055786, 0.8393890857696533, 0.5080092549324036, 1.6372020244598389, 0.2930801212787628, 1.6456761360168457, 0.435989648103714, 0.22454926371574402, 1.0429637432098389, 0.14045549929141998, 0.18826475739479065, 0.5807562470436096, 1.2007211446762085, 1.2004567384719849, 1.0430482625961304, 0.26541784405708313, 1.5642638206481934, 0.25984543561935425]"
thesis,"[8, 9, 4, 7, 6, 7]",34,"[0.3044789135456085, 1.3832310438156128, 0.366818368434906, 0.4426999092102051, 0.006632124073803425, 0.32672545313835144, 1.265078067779541, 0.5238431692123413, 0.6842617988586426, 0.01634635403752327, 0.3239801228046417, 0.7177170515060425, 0.023983795195817947, 0.7486624717712402, 1.4726020097732544, 0.16767984628677368, 0.31804731488227844, 0.6774677038192749, 0.75270015001297, 0.00028596294578164816, 0.17213088274002075, 0.16510286927223206, 0.8823422789573669, 0.17370179295539856, 0.4482889771461487, 0.5418001413345337, 0.3968884348869324, 0.004226972348988056, 0.21077720820903778, 1.575214147567749, 0.5470561981201172, 0.4079829752445221, 0.5071240663528442, 0.770633339881897, -0.010501045733690262, 1.258195161819458, -0.008329866454005241, 0.25449493527412415, 0.73412024974823, 1.378067970275879, 0.47423502802848816, 1.0047695636749268, 0.0029474329203367233, 1.1783300638198853, 0.2110614776611328, 0.5888784527778625, 0.8885769844055176, 1.45829439163208, 0.025126013904809952, 0.38083893060684204, 0.04406236484646797, 0.47591978311538696, 1.7732679843902588, 0.5004563927650452, 0.9384640455245972, 0.27234122157096863, 0.2625199556350708, 0.6575502157211304, 0.3764132261276245, 0.24453310668468475, 0.9770009517669678, 0.1522858738899231, 0.6529895663261414, 0.911375105381012]"
validity,"[28, 2, 14, 6, 20, 6, 8, 21]",34,"[0.3864400386810303, 1.2322291135787964, 0.2455378770828247, 0.260312557220459, 0.001869523897767067, 0.30876919627189636, 0.9081965684890747, 1.0676462650299072, 0.6653375029563904, 0.4128047823905945, 0.5292722582817078, 0.6711527109146118, 0.038929589092731476, 0.6815798282623291, 1.3446823358535767, 0.845072865486145, 0.3805498480796814, 0.7058218717575073, 0.599114179611206, 0.0004461138742044568, 0.2140081226825714, 0.1060604676604271, 1.1047123670578003, 0.36941099166870117, 0.5726760029792786, 0.5711941719055176, 0.5739814639091492, 0.003690943121910095, 0.30257371068000793, 1.3136951923370361, 0.884378969669342, 0.42728498578071594, 0.45743048191070557, 0.917457103729248, 0.004340325016528368, 1.0223212242126465, -0.0013535632751882076, 0.18872064352035522, 1.2716017961502075, 1.1054383516311646, 0.6186890602111816, 0.9212453961372375, -0.011298971250653267, 1.162498950958252, 0.10358032584190369, 0.4300122857093811, 0.7103931307792664, 1.3625904321670532, 0.37860023975372314, 0.7904943823814392, 0.45305365324020386, 0.9848318696022034, 1.5319381952285767, 1.0554476976394653, 0.965943455696106, 0.16336330771446228, 0.7330156564712524, 0.6039999723434448, 0.952056348323822, 0.4554123282432556, 0.9749945402145386, 0.36159366369247437, 0.46585115790367126, 0.6314326524734497]"
verify,"[28, 4, 11, 6, 22, 21]",34,"[0.9972666501998901, 0.5434185862541199, 0.9343314170837402, 0.7673470377922058, 0.00431659072637558, 0.48895418643951416, 0.5572543144226074, 0.8083123564720154, 0.8168913125991821, 0.099564328789711, 0.5210198760032654, 1.0088694095611572, -0.00040964409708976746, 0.6426301002502441, 1.253119707107544, 0.20680207014083862, 1.059017539024353, 0.35784539580345154, 0.4972890615463257, 0.0007065861718729138, 0.43898165225982666, 0.6595984697341919, 0.3693296015262604, 0.37584471702575684, 1.027230978012085, 1.0463908910751343, 0.8720040321350098, -0.00020653940737247467, -0.00529257208108902, 0.6656090021133423, 0.8797529339790344, 0.7301193475723267, 0.5490930676460266, 1.1295565366744995, 0.004577310290187597, 0.43576937913894653, -0.005134202539920807, 0.49145185947418213, 1.3096835613250732, 0.7978155612945557, 0.0867510512471199, 0.5311858654022217, -0.0246713999658823, 0.7398346066474915, 0.43073493242263794, 0.7071232795715332, 0.7512913942337036, 0.8150673508644104, 0.03295622020959854, 0.938418447971344, 0.11920973658561707, 0.9066943526268005, 0.8987751007080078, 0.33798888325691223, 1.0745993852615356, 0.6489521861076355, 0.10593095421791077, 0.12537594139575958, 0.528648853302002, 0.37871283292770386, 1.2313216924667358, 0.15217918157577515, 1.0615688562393188, 0.43238139152526855]"
Content Words,"[18, 12, 5, 8, 4, 5, 8, 31, 26, 12, 11, 20, 7]",34,"[1.2262221574783325, 0.2878902852535248, 1.0992658138275146, 0.9890914559364319, 0.009898466058075428, 1.2056938409805298, 0.2728077173233032, 0.9243262410163879, 0.5654746890068054, 0.08832526206970215, 0.486034631729126, 1.0828514099121094, 0.010726419277489185, 0.7369258999824524, 0.7853013277053833, 0.205216184258461, 1.7423361539840698, 0.8896588087081909, 0.13744708895683289, 0.001337895286269486, 0.8640910387039185, 0.4301966726779938, 0.2425726354122162, 1.0033729076385498, 1.6620163917541504, 1.9278676509857178, 1.0534863471984863, -0.00867803581058979, 0.49853262305259705, 0.3145159184932709, 1.3645329475402832, 1.2901172637939453, 0.8931922316551208, 1.3826380968093872, -0.004348588176071644, 0.32528814673423767, -0.038279939442873, 0.3689602315425873, 1.6789875030517578, 0.3025124967098236, 0.3858678638935089, 0.47211408615112305, 0.30534160137176514, 0.46974799036979675, 0.18586905300617218, 0.31752723455429077, 0.21521423757076263, 0.7326090335845947, 0.25445467233657837, 1.3394696712493896, 0.0799034833908081, 1.3466840982437134, 0.29782935976982117, 0.18823885917663574, 0.9853036403656006, 0.14277280867099762, 0.019701115787029266, 0.3423284590244293, 0.8426724672317505, 0.8958675861358643, 1.0125877857208252, 0.13672634959220886, 1.510974645614624, 0.17212288081645966]"
abolition,"[2, 10, 12, 14, 6, 8, 6, 12, 5]",34,"[0.396088570356369, 1.3045889139175415, 0.17193393409252167, 0.1533651500940323, 0.007342635653913021, 0.2105768620967865, 1.1362041234970093, 0.9134147763252258, 0.4233224093914032, 0.44010764360427856, 0.5698692202568054, 0.24152538180351257, 0.039647966623306274, 0.3419624865055084, 0.8517673015594482, 0.8753892779350281, 0.37388691306114197, 0.5149084329605103, 0.6535598039627075, 0.0001226036110892892, 0.27663928270339966, 0.19139300286769867, 1.0786632299423218, 0.3262139558792114, 0.38450607657432556, 0.31653153896331787, 0.4813578128814697, 0.005104309879243374, 0.3753860890865326, 1.1972793340682983, 0.5956538915634155, 0.2832169532775879, 0.2519153654575348, 0.4423116445541382, 0.003911007661372423, 1.0494030714035034, -0.01753535494208336, 0.428550660610199, 1.0127747058868408, 1.21622633934021, 0.5786386132240295, 0.6920294165611267, 0.0033329110592603683, 1.1505824327468872, 0.08554746955633163, 0.6666982173919678, 0.7808676958084106, 0.9858426451683044, 0.431501179933548, 0.7922831773757935, 0.5648419857025146, 0.7677015066146851, 1.3593695163726807, 1.1222070455551147, 0.48202142119407654, 0.2933785915374756, 0.749631404876709, 0.5648876428604126, 0.7281606793403625, 0.4008656442165375, 0.4963187277317047, 0.3892395496368408, 0.19167855381965637, 0.6288371086120605]"
amendment,"[2, 19, 4, 5, 20, 19, 4, 5, 8]",34,"[0.3754522204399109, 1.3769795894622803, 0.2660727798938751, 0.41279685497283936, 0.007933318614959717, 0.5644594430923462, 1.1393096446990967, 0.7291733622550964, 0.4546036124229431, 0.22053146362304688, 0.34179258346557617, 0.5267214179039001, 0.02222488448023796, 0.6617913246154785, 0.9794228076934814, 0.4681939482688904, 0.5651321411132812, 0.9603474140167236, 0.6357039213180542, -0.000114410649985075, 0.29784470796585083, 0.06355103105306625, 0.9535992741584778, 0.4902675747871399, 0.6893030405044556, 0.749335765838623, 0.537132203578949, 0.0026053311303257942, 0.6284553408622742, 1.3547629117965698, 0.7794877290725708, 0.6228546500205994, 0.6193568706512451, 0.6986051797866821, 0.002022386062890291, 1.25933837890625, -0.01046014204621315, 0.1178470104932785, 0.9436664581298828, 1.225989818572998, 0.7670788764953613, 0.9135167598724365, 0.11022420227527618, 0.9329909086227417, 0.024981364607810974, 0.4844309687614441, 0.6202333569526672, 1.3199714422225952, 0.4199131429195404, 0.6363447904586792, 0.2599635720252991, 0.8010266423225403, 1.4724652767181396, 0.5682392716407776, 0.6809486150741577, 0.13685265183448792, 0.4759795665740967, 0.8336138725280762, 0.7213451266288757, 0.5236602425575256, 0.7089720368385315, 0.19217053055763245, 0.6211618185043335, 0.7750097513198853]"
atmosphere,"[2, 8, 19, 12, 7, 3, 9, 4, 11, 4]",34,"[0.665607213973999, 0.9869439601898193, 0.6041692495346069, 0.6686921715736389, 0.005714815109968185, 0.7923817038536072, 0.6624587178230286, 1.0172686576843262, 0.8432461023330688, 0.22518177330493927, 0.4631848931312561, 0.9960706233978271, 0.007072928827255964, 0.985975980758667, 1.340428113937378, 0.44892552495002747, 0.942895233631134, 0.956315279006958, 0.47392910718917847, -0.0017202186863869429, 0.4368129372596741, 0.2533779740333557, 0.7196125388145447, 0.6594271659851074, 1.171106219291687, 1.2759007215499878, 0.8332926034927368, 0.003984374925494194, 0.50433349609375, 1.1178849935531616, 1.181671142578125, 0.954899787902832, 0.7970948815345764, 1.3401806354522705, 0.0041240607388317585, 0.8175331354141235, -0.010954282246530056, 0.10353998839855194, 1.5668147802352905, 0.8733558058738708, 0.6493653655052185, 0.9452309012413025, 0.16757576167583466, 0.8822896480560303, 0.14633655548095703, 0.30811941623687744, 0.45145711302757263, 1.3863978385925293, 0.327552855014801, 0.9916274547576904, 0.21718601882457733, 1.247941255569458, 1.236096978187561, 0.5355961918830872, 1.2317111492156982, 0.16977524757385254, 0.42475810647010803, 0.6592633128166199, 1.0058947801589966, 0.7195163369178772, 1.2791600227355957, 0.21080166101455688, 1.1781998872756958, 0.5719437003135681]"
atom,"[2, 8, 12, 19]",34,"[0.10762070119380951, 1.7601944208145142, 0.16974826157093048, 0.23656360805034637, 0.00566941499710083, 0.2356671690940857, 1.3910040855407715, 0.5474092364311218, 0.5782749056816101, 0.20419947803020477, 0.17121733725070953, 0.5787063241004944, 0.024283673614263535, 0.8517327308654785, 1.4090343713760376, 0.5218395590782166, 0.1400323063135147, 0.833167314529419, 0.793397068977356, -0.0005691403057426214, 0.0680118203163147, 0.02290996164083481, 1.2422438859939575, 0.15872076153755188, 0.29765263199806213, 0.31939345598220825, 0.34969738125801086, 0.0010987389832735062, 0.36635643243789673, 1.8917120695114136, 0.4819474518299103, 0.31060415506362915, 0.49912336468696594, 0.584993839263916, 0.0047265528701245785, 1.5949833393096924, 0.010753277689218521, -0.023350298404693604, 0.711708664894104, 1.6290113925933838, 0.7056499123573303, 1.230412483215332, -0.0038715116679668427, 1.3815757036209106, 0.08636994659900665, 0.5150299072265625, 0.8198885321617126, 1.766571044921875, 0.24301326274871826, 0.2443956434726715, 0.19576747715473175, 0.5232465863227844, 2.020660877227783, 0.7958430051803589, 0.7995689511299133, 0.11820068955421448, 0.6569195985794067, 0.8899905681610107, 0.5499691367149353, 0.1913876235485077, 0.8323017358779907, 0.165269136428833, 0.37461480498313904, 1.0283308029174805]"
Bill of Rights,"[10, 6, 14, 14, 31, 12, 22, 31, 11, 6, 17, 9, 8, 7]",34,"[1.2661789655685425, 0.2303554117679596, 1.0861194133758545, 1.1819334030151367, -0.0015461724251508713, 1.9037535190582275, 0.03667642921209335, 1.193425178527832, 0.6052119135856628, 0.32533204555511475, 0.6531187295913696, 1.374502420425415, -0.0006143487989902496, 1.1005955934524536, 0.849202036857605, 0.15526917576789856, 2.019193649291992, 1.6649881601333618, -0.004720062017440796, -0.00025779742281883955, 1.1007943153381348, 0.11332596093416214, 0.03773486986756325, 1.6734800338745117, 2.3710644245147705, 2.6836297512054443, 1.2848230600357056, -0.007808186113834381, 1.133626937866211, 0.3409702777862549, 2.086571455001831, 1.9845448732376099, 1.4279370307922363, 1.9477641582489014, -0.0002871723845601082, 0.2465486228466034, -0.02071295492351055, 0.0024570226669311523, 2.2708609104156494, 0.1474858522415161, 1.054882526397705, 0.7479053139686584, 0.597259521484375, 0.09609143435955048, 0.10745123028755188, -0.04331234097480774, -0.12642136216163635, 1.0937577486038208, 0.7823821902275085, 1.8007962703704834, 0.40545526146888733, 2.0767693519592285, 0.28623780608177185, -0.009901419281959534, 1.4167506694793701, -0.1494302600622177, 0.04406933858990669, 0.7770216464996338, 1.5397628545761108, 1.502538800239563, 1.2494076490402222, 0.3184323012828827, 2.193844795227051, 0.15251244604587555]"
biosphere,"[10, 6, 12, 7, 3, 9, 4, 11, 4]",34,"[1.049851417541504, 0.8077218532562256, 0.9405287504196167, 0.9064795970916748, 0.0006709024310112, 0.7666548490524292, 0.7171955108642578, 0.8395348191261292, 0.8102076649665833, 0.07232969254255295, 0.5759599208831787, 1.0430221557617188, -0.005806872621178627, 0.7973434925079346, 1.2785354852676392, 0.16221347451210022, 1.3167822360992432, 0.7042863368988037, 0.5860788822174072, -0.0011952705681324005, 0.5966691970825195, 0.6124271750450134, 0.4980677664279938, 0.6585932970046997, 1.2653926610946655, 1.436627984046936, 0.9290977716445923, 0.00507116224616766, 0.29184040427207947, 0.9385567903518677, 1.0742170810699463, 0.961258053779602, 0.7928642630577087, 1.2925399541854858, 0.0034702899865806103, 0.672537624835968, -0.01433878019452095, 0.43078261613845825, 1.4865442514419556, 0.9662066102027893, 0.352358877658844, 0.7215297222137451, 0.13261224329471588, 0.8554930090904236, 0.33298030495643616, 0.7071682214736938, 0.6949607729911804, 1.0298563241958618, 0.08250828087329865, 1.123035192489624, 0.050307776778936386, 1.1228512525558472, 1.047667384147644, 0.3066447675228119, 1.074979543685913, 0.5036451816558838, 0.1318957507610321, 0.3816576600074768, 0.655445396900177, 0.6715013980865479, 1.3038922548294067, 0.16168180108070374, 1.352036714553833, 0.5583240389823914]"
cellular respiration,"[18, 4, 14, 14, 13, 14, 2, 11, 31, 11, 4, 7, 3, 6, 11, 2, 8, 6, 12, 5]",34,"[0.9984570145606995, 0.5392929911613464, 0.532533586025238, 0.6388013362884521, 0.015735682100057602, 1.1492998600006104, 0.21069127321243286, 1.4330763816833496, 0.5889348983764648, 0.551536500453949, 0.8130118250846863, 0.9100615978240967, 0.025890596210956573, 0.7164084315299988, 0.8150758743286133, 0.5824221968650818, 1.2779264450073242, 1.1717450618743896, 0.16222062706947327, -0.00022843212354928255, 0.8031549453735352, 0.16254934668540955, 0.5134244561195374, 1.2824389934539795, 1.4992849826812744, 1.6525661945343018, 1.037505865097046, -0.003733983263373375, 0.8664509057998657, 0.543459415435791, 1.6184730529785156, 1.278791904449463, 0.8539679646492004, 1.3888232707977295, 0.006698812823742628, 0.424081027507782, -0.011976653710007668, 0.17140963673591614, 1.9274251461029053, 0.294450581073761, 0.900280237197876, 0.5969091653823853, 0.2736704349517822, 0.42307305335998535, 0.0311422199010849, 0.07803173363208771, 0.11827528476715088, 0.8169813752174377, 0.7425857186317444, 1.5922126770019531, 0.7034255266189575, 1.7668406963348389, 0.5907995700836182, 0.5242497324943542, 1.0440382957458496, 0.026394158601760864, 0.39824163913726807, 0.669511079788208, 1.4995720386505127, 1.2072081565856934, 0.9575676321983337, 0.5392754673957825, 1.1954723596572876, 0.20337557792663574]"
checks and balances,"[18, 9, 4, 18, 16, 7, 31, 2, 5, 20, 31, 10, 2, 14, 2, 5, 18, 4, 7]",34,"[1.1413371562957764, 0.43067270517349243, 0.8405642509460449, 0.7608649134635925, -0.0048285480588674545, 1.0734864473342896, 0.31433868408203125, 1.2421178817749023, 0.5571819543838501, 0.2891053557395935, 0.6096944212913513, 0.950957715511322, 0.022319182753562927, 0.592336118221283, 0.7422853708267212, 0.42989009618759155, 1.474178671836853, 0.8961386680603027, 0.14190243184566498, -0.00022060517221689224, 0.8429840207099915, 0.2967202067375183, 0.45933279395103455, 1.0398149490356445, 1.45493483543396, 1.7538163661956787, 0.994692325592041, -0.02278498187661171, 0.5656872987747192, 0.35215097665786743, 1.4825732707977295, 1.1526589393615723, 0.772468090057373, 1.3019052743911743, 0.006048515904694796, 0.32908374071121216, -0.01225392147898674, 0.3569265604019165, 1.748590350151062, 0.2964743971824646, 0.5770660638809204, 0.4764907658100128, 0.2783016264438629, 0.4958482086658478, 0.08831772208213806, 0.36579084396362305, 0.3126200735569, 0.708965539932251, 0.4444422721862793, 1.5200115442276, 0.331119567155838, 1.5303335189819336, 0.33465254306793213, 0.42794927954673767, 0.9303445219993591, 0.17389850318431854, 0.14150455594062805, 0.39428195357322693, 1.0973145961761475, 0.9176601767539978, 0.9490373730659485, 0.27679112553596497, 1.2141867876052856, 0.16908425092697144]"
chemical reaction,"[18, 9, 4, 19, 6, 18, 2, 14, 31, 11, 4, 2, 18, 8, 6, 12, 5]",34,"[1.2863082885742188, 0.521665632724762, 0.8974400162696838, 0.9173156023025513, 0.0016324687749147415, 1.3070063591003418, 0.2069014012813568, 1.4606592655181885, 0.7737622261047363, 0.415630578994751, 0.8179692625999451, 1.2334233522415161, 0.011144212447106838, 0.8926330208778381, 1.017859697341919, 0.5233155488967896, 1.7710882425308228, 1.1552672386169434, 0.18361309170722961, -0.00166369101498276, 0.9447089433670044, 0.3096829056739807, 0.43423497676849365, 1.2852039337158203, 1.8621256351470947, 2.1319539546966553, 1.2758108377456665, -0.011507105082273483, 0.7093198895454407, 0.5465306043624878, 1.8379237651824951, 1.4750516414642334, 1.0108131170272827, 1.7765800952911377, 0.015002736821770668, 0.40116700530052185, -0.030389677733182907, 0.1602446734905243, 2.260896682739258, 0.4071234464645386, 0.753621518611908, 0.6732921600341797, 0.2564919888973236, 0.46404963731765747, 0.09101786464452744, 0.2232009768486023, 0.14883649349212646, 0.9101385474205017, 0.6105766296386719, 1.755399465560913, 0.4844667911529541, 1.937706470489502, 0.5281844139099121, 0.3633817434310913, 1.3052284717559814, 0.09523812681436539, 0.30507200956344604, 0.5170012712478638, 1.4217278957366943, 1.2763601541519165, 1.348737359046936, 0.3764322102069855, 1.640220284461975, 0.2129317969083786]"
Civil War,"[18, 6, 28, 6, 14, 31, 26, 2, 11]",34,"[0.5565367341041565, 0.8420266509056091, 0.7906409502029419, 0.8454828858375549, 0.001285456120967865, 0.9779757857322693, 0.547726035118103, 0.8315877914428711, 0.8521666526794434, 0.13479265570640564, 0.26200491189956665, 1.3939919471740723, 0.0071449074894189835, 1.3438256978988647, 1.7638429403305054, 0.21927030384540558, 0.911998450756073, 1.232059121131897, 0.3817800283432007, 0.0004895929014310241, 0.3673256039619446, 0.1050865650177002, 0.5966444611549377, 0.6381692290306091, 1.3208986520767212, 1.5093040466308594, 0.804893970489502, -0.0019677411764860153, 0.4987064301967621, 1.292934536933899, 1.264892578125, 1.0679240226745605, 1.099942684173584, 1.5478745698928833, -0.013929618522524834, 0.9247247576713562, -0.03348618745803833, -0.04305097460746765, 1.5773237943649292, 0.8653686046600342, 0.6932983994483948, 1.2342183589935303, 0.22702156007289886, 0.9121220707893372, 0.23893797397613525, 0.14716459810733795, 0.44313716888427734, 1.7514663934707642, 0.31804051995277405, 0.7770524621009827, 0.05515992268919945, 1.2387967109680176, 1.373596429824829, 0.34005576372146606, 1.5349291563034058, 0.016720488667488098, 0.27892589569091797, 0.761959433555603, 0.9562013745307922, 0.6913978457450867, 1.5457992553710938, 0.11049845069646835, 1.4753237962722778, 0.6051936149597168]"
colonization,"[18, 12, 14, 12, 5, 6, 15, 2, 8, 6, 12, 5]",34,"[0.4125136137008667, 1.2447490692138672, 0.06552337855100632, -0.01698152720928192, 0.012750202789902687, 0.05945213884115219, 1.119921088218689, 1.124230146408081, 0.5286368131637573, 0.5296554565429688, 0.6774265170097351, 0.19304543733596802, 0.05485051870346069, 0.27965599298477173, 0.866407036781311, 1.1350464820861816, 0.2870449125766754, 0.3710724115371704, 0.5434696674346924, 0.00265690591186285, 0.26292556524276733, 0.1687583327293396, 1.2936478853225708, 0.271781861782074, 0.3094079792499542, 0.1533975452184677, 0.4953058958053589, -0.001470375806093216, 0.27722758054733276, 1.1668051481246948, 0.5665984153747559, 0.18075287342071533, 0.11021627485752106, 0.4883582293987274, 0.015561399981379509, 1.0272622108459473, 0.012325135990977287, 0.5371021032333374, 1.2011858224868774, 1.1340687274932861, 0.52203369140625, 0.6472733616828918, -0.047303471714258194, 1.2522242069244385, 0.040943488478660583, 0.6439592838287354, 0.8140031099319458, 0.9161125421524048, 0.48333463072776794, 0.924407422542572, 0.7226650714874268, 0.8795004487037659, 1.3612598180770874, 1.452572226524353, 0.5887791514396667, 0.3057960569858551, 1.016357660293579, 0.5025640726089478, 0.8446723818778992, 0.38964971899986267, 0.4803663492202759, 0.47431889176368713, 0.024648530408740044, 0.45025020837783813]"
controlled experiment,"[18, 12, 5, 8, 11, 12, 14, 14, 4, 20, 31, 4, 27, 3, 4, 11, 6, 19, 4, 5, 8]",34,"[1.1643764972686768, 0.6655499935150146, 0.8300630450248718, 0.7976416945457458, 0.0030706096440553665, 1.1184089183807373, 0.3924778401851654, 1.2435712814331055, 0.6017090082168579, 0.3928995728492737, 0.6693654656410217, 0.9514940977096558, 0.006305356975644827, 0.6879626512527466, 0.8051533699035645, 0.5068161487579346, 1.4822652339935303, 1.056882619857788, 0.2415323257446289, -0.00041435426101088524, 0.8380598425865173, 0.39720600843429565, 0.45832696557044983, 1.1223598718643188, 1.5892306566238403, 1.749070167541504, 1.084568738937378, -0.004041675478219986, 0.7332383394241333, 0.5458606481552124, 1.49821138381958, 1.2782883644104004, 0.8807365894317627, 1.3394927978515625, 0.0009421175345778465, 0.4516575038433075, -0.016077186912298203, 0.3569021224975586, 1.828847885131836, 0.4627637267112732, 0.7095656991004944, 0.5851985216140747, 0.27728116512298584, 0.5150699615478516, 0.08239369094371796, 0.411836177110672, 0.25109121203422546, 0.8265494108200073, 0.5996631979942322, 1.5474094152450562, 0.4822514057159424, 1.58829665184021, 0.5612565279006958, 0.44172966480255127, 0.9778252243995667, 0.22360315918922424, 0.25474461913108826, 0.5578849911689758, 1.250090479850769, 1.0402930974960327, 1.0070068836212158, 0.33371612429618835, 1.3439122438430786, 0.26304957270622253]"
coordinate plane,"[18, 12, 12, 11, 20, 6, 5, 2, 8, 4, 31, 3, 14, 2, 5, 4]",34,"[1.0242847204208374, 0.4773736000061035, 0.7714219093322754, 0.6985201239585876, 0.004135271534323692, 0.8875347971916199, 0.20915088057518005, 1.5341863632202148, 0.8378155827522278, 0.3700736165046692, 0.6521621942520142, 1.1943145990371704, 0.008396105840802193, 0.8577749133110046, 1.1520195007324219, 0.7396538853645325, 1.3744304180145264, 0.8272991180419922, 0.0917091891169548, -0.0026568409521132708, 0.7149025797843933, 0.2029094249010086, 0.6155253052711487, 0.9572581052780151, 1.4407017230987549, 1.705613374710083, 1.1506896018981934, -0.00950949639081955, 0.436992883682251, 0.6248258352279663, 1.6023368835449219, 1.1170047521591187, 0.7005393505096436, 1.6550679206848145, 0.00393672613427043, 0.34787535667419434, -0.037567783147096634, 0.22956523299217224, 2.1761646270751953, 0.3106469213962555, 0.5066716074943542, 0.6122048497200012, 0.15211991965770721, 0.7820758819580078, 0.0486537367105484, 0.19058825075626373, 0.23660516738891602, 0.9343230128288269, 0.47863873839378357, 1.5005457401275635, 0.3633476197719574, 1.7085635662078857, 0.6019535660743713, 0.6256206035614014, 1.314091444015503, 0.07157333940267563, 0.3965895175933838, 0.3587057590484619, 1.3371487855911255, 0.907932460308075, 1.336771011352539, 0.30563589930534363, 1.1767622232437134, 0.1695382297039032]"
data,"[20, 2, 8, 2]",34,"[0.3230125308036804, 1.2487386465072632, 0.38861483335494995, 0.39426904916763306, 0.009177280589938164, 0.2705916166305542, 0.9837515950202942, 0.7744951248168945, 0.7375030517578125, 0.17873138189315796, 0.2807309627532959, 0.7243217825889587, 0.01482340507209301, 0.7936049103736877, 1.4018235206604004, 0.48369187116622925, 0.3726315200328827, 0.607656717300415, 0.6259121894836426, -0.0014980356208980083, 0.11777190119028091, 0.16212202608585358, 0.9309595227241516, 0.1886700689792633, 0.51332026720047, 0.5518038272857666, 0.5522693395614624, 0.005224894732236862, 0.2122412472963333, 1.3806326389312744, 0.6920615434646606, 0.43378955125808716, 0.4576279819011688, 0.8722733855247498, 0.0037053017877042294, 1.0635645389556885, 0.001012127846479416, 0.11040070652961731, 1.0078723430633545, 1.197130560874939, 0.44974446296691895, 0.9548991918563843, -0.031415000557899475, 1.15725576877594, 0.1603279411792755, 0.467716246843338, 0.7611842155456543, 1.4433696269989014, 0.16676034033298492, 0.4862399697303772, 0.16467680037021637, 0.7304628491401672, 1.6035642623901367, 0.6757370829582214, 0.9938089847564697, 0.271456778049469, 0.4590268135070801, 0.5493482351303101, 0.6191239953041077, 0.2350328415632248, 1.061645269393921, 0.1652776300907135, 0.5443803668022156, 0.7395840883255005]"
federalism,"[22, 4, 20, 4, 11, 2, 14, 6, 7, 19]",34,"[0.21836939454078674, 2.0680153369903564, 0.34469854831695557, 0.4645419120788574, 0.001927204430103302, 0.3642135262489319, 1.7011451721191406, 0.464357852935791, 0.5316791534423828, 0.14275285601615906, 0.12229742854833603, 0.6859545707702637, 0.028012558817863464, 0.9160633087158203, 1.5658395290374756, 0.4199112355709076, 0.2695229649543762, 0.9982250928878784, 1.0274665355682373, -0.0018105442868545651, 0.059235744178295135, 0.17527294158935547, 1.2604773044586182, 0.1670895367860794, 0.38408106565475464, 0.5002787709236145, 0.30556705594062805, -0.0006555728614330292, 0.47506406903266907, 2.1064984798431396, 0.500096321105957, 0.39670127630233765, 0.7004441618919373, 0.6332271695137024, 0.0013720509596168995, 1.8955175876617432, -0.003736827988177538, 0.017709583044052124, 0.6164968013763428, 1.9594151973724365, 0.797516942024231, 1.4195516109466553, 0.0488443598151207, 1.5101078748703003, 0.14606869220733643, 0.8573737144470215, 1.0253522396087646, 2.021733283996582, 0.2608644366264343, 0.2551470398902893, 0.09343744814395905, 0.47939005494117737, 2.2687973976135254, 0.6163979768753052, 0.7556602358818054, 0.25007957220077515, 0.5185787677764893, 1.0261690616607666, 0.43601828813552856, 0.20217227935791016, 0.9844087958335876, 0.035073935985565186, 0.632935643196106, 1.2521660327911377]"
force,"[22, 12, 11, 18, 4]",34,"[1.250028133392334, 0.5043829679489136, 1.2322578430175781, 1.008644700050354, 0.00980608444660902, 0.6481019854545593, 0.5110863447189331, 0.6834832429885864, 0.7318493723869324, 0.06943325698375702, 0.4615340828895569, 1.1131322383880615, 0.0007978007197380066, 0.6532726883888245, 1.156895399093628, 0.10458043962717056, 1.4566947221755981, 0.4392476975917816, 0.45769989490509033, 0.0008188908686861396, 0.5869579911231995, 0.8887659311294556, 0.21581172943115234, 0.4943496584892273, 1.2292675971984863, 1.3791059255599976, 0.9793186187744141, -0.004878733307123184, 0.04342202469706535, 0.5523619651794434, 0.9282000064849854, 0.939792811870575, 0.6924514770507812, 1.2199898958206177, -0.0008367719128727913, 0.46605488657951355, -0.0025020907633006573, 0.5001539587974548, 1.322218418121338, 0.7914867997169495, 0.061058055609464645, 0.5336476564407349, 0.012789135798811913, 0.6259608864784241, 0.4634435772895813, 0.7857251167297363, 0.622005045413971, 0.7726974487304688, 0.0447339229285717, 0.9937440156936646, 0.06050059571862221, 0.9245409369468689, 0.6967301368713379, 0.12324420362710953, 0.9766070246696472, 0.6929042339324951, -0.003832654096186161, 0.1365562528371811, 0.4337266683578491, 0.434491366147995, 1.2032274007797241, 0.08606019616127014, 1.38657808303833, 0.409015953540802]"
geosphere,"[17, 4, 12, 7, 3, 9, 4, 11, 4]",34,"[0.8810621500015259, 0.9542924761772156, 0.9267464876174927, 0.8675881028175354, 0.006627370603382587, 0.6866582632064819, 0.7726424932479858, 0.720849871635437, 0.8285213112831116, 0.08623839914798737, 0.37331682443618774, 1.066471815109253, -0.005198735743761063, 0.9287886619567871, 1.382230520248413, 0.21064572036266327, 1.1022247076034546, 0.6956666707992554, 0.608605146408081, -0.001542721875011921, 0.4461086392402649, 0.5592609643936157, 0.551414430141449, 0.4699220657348633, 1.1653389930725098, 1.2802672386169434, 0.8725329637527466, 0.005688321776688099, 0.24170748889446259, 1.062613606452942, 0.966683566570282, 0.905544102191925, 0.7901391386985779, 1.2461066246032715, -0.00024360790848731995, 0.796660840511322, -0.01282692514359951, 0.23631854355335236, 1.344538927078247, 1.043028712272644, 0.35304754972457886, 0.8532333970069885, 0.082407146692276, 0.9231650829315186, 0.33139568567276, 0.6300307512283325, 0.6793545484542847, 1.2603200674057007, 0.10654883086681366, 0.838435173034668, 0.03625379502773285, 0.990098774433136, 1.2381863594055176, 0.30848562717437744, 1.136690378189087, 0.4468006491661072, 0.20685280859470367, 0.4358638823032379, 0.5929497480392456, 0.4983912706375122, 1.3615330457687378, 0.07345257699489594, 1.2907272577285767, 0.6233627200126648]"
gravity,"[17, 11, 2, 28, 6, 8, 21]",34,"[0.46501457691192627, 1.0955791473388672, 0.4925519526004791, 0.5015302896499634, 0.005184179171919823, 0.5767220854759216, 0.7917648553848267, 0.7071401476860046, 0.7061813473701477, 0.16052556037902832, 0.3294733762741089, 0.9230054616928101, 0.018846282735466957, 0.9298355579376221, 1.454498529434204, 0.3349568545818329, 0.5787034034729004, 0.8773247003555298, 0.5623900294303894, 0.0014385116519406438, 0.2747642993927002, 0.18443414568901062, 0.8361510634422302, 0.3908848166465759, 0.8346137404441833, 0.876625120639801, 0.5793838500976562, 0.003394600935280323, 0.3395042419433594, 1.3387929201126099, 0.8308544754981995, 0.6583263278007507, 0.7231306433677673, 1.0219595432281494, -0.006859830114990473, 1.046475887298584, -0.008013550192117691, 0.09568832814693451, 1.1327699422836304, 1.0773708820343018, 0.6008852124214172, 1.041298747062683, 0.0742490366101265, 0.9388507604598999, 0.22406244277954102, 0.3432214856147766, 0.6452591419219971, 1.4786125421524048, 0.24901655316352844, 0.5948159098625183, 0.15237519145011902, 0.8393452763557434, 1.479849100112915, 0.5613098740577698, 1.097010850906372, 0.18060806393623352, 0.48953190445899963, 0.6811437606811523, 0.7437846660614014, 0.47571003437042236, 1.1318936347961426, 0.17731934785842896, 0.8871141672134399, 0.6613198518753052]"
hydrosphere,"[9, 21, 20, 11, 12, 7, 3, 9, 4, 11, 4]",34,"[1.0433735847473145, 0.9281018972396851, 0.8107554316520691, 0.811913013458252, 0.0035485904663801193, 0.8609501719474792, 0.7308495044708252, 0.9534087181091309, 0.7443041205406189, 0.1445389688014984, 0.6010600924491882, 0.9231414794921875, -0.005197562277317047, 0.7459543347358704, 1.078338623046875, 0.28020811080932617, 1.3369050025939941, 0.8339035511016846, 0.5019130706787109, -0.00021351396571844816, 0.6517804265022278, 0.495890349149704, 0.5241535902023315, 0.7676651477813721, 1.3064067363739014, 1.4453957080841064, 0.9702316522598267, 0.0046302154660224915, 0.4536626636981964, 0.9116985201835632, 1.1634376049041748, 1.062612771987915, 0.7813978791236877, 1.2617034912109375, 0.0036166696809232235, 0.7477405071258545, -0.013095114380121231, 0.34770312905311584, 1.5466362237930298, 0.9256996512413025, 0.48158901929855347, 0.7101143002510071, 0.14275021851062775, 0.7178795337677002, 0.18041634559631348, 0.5654144287109375, 0.48902690410614014, 1.027541160583496, 0.24932712316513062, 1.193519949913025, 0.17953456938266754, 1.214086651802063, 0.968673586845398, 0.34746986627578735, 1.0004428625106812, 0.35442984104156494, 0.2233441323041916, 0.486652672290802, 0.8222287893295288, 0.8063819408416748, 1.1230902671813965, 0.21547439694404602, 1.2816450595855713, 0.52647864818573]"
indigenous,"[6, 5, 20, 6, 17, 4, 5, 12, 13, 7]",34,"[0.2541504204273224, 1.4480235576629639, 0.1506640762090683, 0.2521347403526306, -0.0024384669959545135, 0.5050077438354492, 0.9945363998413086, 0.8783749341964722, 0.551562488079071, 0.3630475401878357, 0.38899677991867065, 0.5689758062362671, 0.03935445100069046, 0.8079938888549805, 1.1951727867126465, 0.7454950213432312, 0.3823627233505249, 0.9462543725967407, 0.5982219576835632, -0.0002605728805065155, 0.29628217220306396, -0.05929669737815857, 1.1654149293899536, 0.5010377168655396, 0.6021106839179993, 0.6015673875808716, 0.4808115065097809, -0.002590920776128769, 0.5907112956047058, 1.5375688076019287, 0.8536721467971802, 0.5391538739204407, 0.5373903512954712, 0.7753360867500305, -0.0035499893128871918, 1.2716660499572754, -0.005614789202809334, 0.026621609926223755, 1.1095476150512695, 1.1706652641296387, 0.8983094096183777, 1.0573800802230835, 0.13037806749343872, 1.168595314025879, 0.018427595496177673, 0.3310990035533905, 0.5867040753364563, 1.5313925743103027, 0.4934024512767792, 0.6439660787582397, 0.41339269280433655, 0.9096524119377136, 1.635347843170166, 0.9494603872299194, 0.8614283204078674, -0.0213690847158432, 0.7537647485733032, 0.8927711248397827, 0.9558550715446472, 0.4663766026496887, 0.8218048810958862, 0.28584611415863037, 0.4740128517150879, 0.7599517107009888]"
molecule,"[19, 12, 14, 4, 18, 13, 14, 4]",34,"[1.0345542430877686, 1.2389203310012817, 1.154643177986145, 0.9511837363243103, -0.006041929125785828, 0.6257625818252563, 1.1824564933776855, 0.5643948316574097, 0.6641882061958313, 0.12716475129127502, 0.2855708599090576, 1.0397143363952637, -0.0005023740231990814, 0.8201494812965393, 1.2934430837631226, 0.16258381307125092, 1.2139610052108765, 0.7387570142745972, 0.7669081687927246, -0.0009098184527829289, 0.46845316886901855, 0.7652202248573303, 0.6246715784072876, 0.3950762152671814, 1.1258418560028076, 1.3211432695388794, 0.8889675140380859, -0.0004334002733230591, 0.21397612988948822, 1.234723687171936, 0.757616400718689, 0.8467938899993896, 0.8878881335258484, 1.0516961812973022, -0.0013707790058106184, 1.1690688133239746, -0.010713106952607632, 0.3380405306816101, 1.1604704856872559, 1.4457035064697266, 0.3201838731765747, 0.9523010849952698, 0.019924500957131386, 1.034673810005188, 0.36314040422439575, 1.0275603532791138, 0.8072078227996826, 1.412074089050293, 0.09615331888198853, 0.8355311751365662, 0.045048024505376816, 0.825787365436554, 1.36692476272583, 0.22114631533622742, 0.8400385975837708, 0.5589700937271118, 0.11597670614719391, 0.5065897107124329, 0.3900502920150757, 0.4337538778781891, 1.1743208169937134, 0.022760383784770966, 1.372450828552246, 0.8391241431236267]"
motion,"[19, 12, 8, 6, 12, 5]",34,"[0.23541852831840515, 1.2572375535964966, 0.10649356245994568, 0.07425838708877563, -0.0055663809180259705, 0.2290842980146408, 0.9599760174751282, 1.007474422454834, 0.6430692672729492, 0.4081541895866394, 0.5352132320404053, 0.44160038232803345, 0.027383865788578987, 0.5759420394897461, 1.0668882131576538, 0.8644024729728699, 0.24040749669075012, 0.556795597076416, 0.5862480401992798, -0.0012177418684586883, 0.21896637976169586, 0.06434772163629532, 1.0969938039779663, 0.28188228607177734, 0.41042980551719666, 0.33926066756248474, 0.4953078627586365, -0.013172715902328491, 0.3102039098739624, 1.2906638383865356, 0.703403115272522, 0.3384207487106323, 0.27200254797935486, 0.7006282210350037, -0.007088848389685154, 1.0510995388031006, 0.004229681566357613, 0.21560733020305634, 1.1283154487609863, 1.0799082517623901, 0.6006866693496704, 0.8179258108139038, -0.044983673840761185, 1.099899411201477, 0.06271587312221527, 0.4061092138290405, 0.6803956031799316, 1.2131037712097168, 0.3675949275493622, 0.6816270351409912, 0.49714529514312744, 0.8106188178062439, 1.4387173652648926, 1.0812517404556274, 0.7847264409065247, 0.14019693434238434, 0.7774317264556885, 0.6248618960380554, 0.8478288650512695, 0.35185545682907104, 0.7504990100860596, 0.4034901559352875, 0.24379459023475647, 0.6449954509735107]"
ordered pair,"[12, 11, 20, 4, 11, 4, 20, 31, 3, 2, 6, 11]",34,"[1.1147271394729614, 0.7092607021331787, 1.013026475906372, 1.0114914178848267, 0.005121031776070595, 1.1834299564361572, 0.41600093245506287, 1.09152352809906, 0.9370441436767578, 0.1711953729391098, 0.49111855030059814, 1.4293323755264282, 0.004544911906123161, 1.2213560342788696, 1.495033621788025, 0.2783085107803345, 1.5912818908691406, 1.1176234483718872, 0.3139134347438812, 0.0009760357206687331, 0.7441754341125488, 0.36512744426727295, 0.5384844541549683, 0.954383373260498, 1.738463044166565, 1.988267183303833, 1.1200509071350098, -0.01119273155927658, 0.5367175340652466, 0.9700971841812134, 1.5586578845977783, 1.403546690940857, 1.1183167695999146, 1.8185172080993652, 0.003430634271353483, 0.6946626305580139, -0.008679035119712353, 0.044990330934524536, 1.9931740760803223, 0.7181655168533325, 0.6336550712585449, 0.9971513748168945, 0.2351386696100235, 0.7562235593795776, 0.21531818807125092, 0.20809872448444366, 0.30800530314445496, 1.4035977125167847, 0.3537183403968811, 1.3000266551971436, 0.1280045062303543, 1.604841709136963, 1.013514518737793, 0.2746146023273468, 1.5224164724349976, 0.1170557290315628, 0.2884819507598877, 0.607896089553833, 1.106218934059143, 0.9650959968566895, 1.6195590496063232, 0.15196546912193298, 1.7621955871582031, 0.43815183639526367]"
organism,"[12, 11, 17, 2, 5, 6, 7, 19]",34,"[0.3576332926750183, 1.2580560445785522, 0.29912102222442627, 0.4041726589202881, 0.0025871973484754562, 0.646240770816803, 0.8223918080329895, 0.8547518849372864, 0.5980676412582397, 0.3380889296531677, 0.35532480478286743, 0.7142139077186584, 0.027795245870947838, 0.8510515689849854, 1.2007359266281128, 0.5641477108001709, 0.46392786502838135, 1.0597776174545288, 0.5004643797874451, -0.0005863170372322202, 0.26008540391921997, 0.011718198657035828, 0.8981913328170776, 0.489921510219574, 0.8164343237876892, 0.824789822101593, 0.575909435749054, 0.0035630548372864723, 0.5984527468681335, 1.3108984231948853, 0.9398795366287231, 0.7104869484901428, 0.727319598197937, 0.9226394295692444, -0.007069363258779049, 1.127711296081543, -0.015492767095565796, 0.013611435890197754, 1.162297248840332, 1.0369495153427124, 0.8510794043540955, 1.0385876893997192, 0.1303091049194336, 0.8892561197280884, 0.04968390613794327, 0.258772611618042, 0.4787209630012512, 1.4711750745773315, 0.4845280945301056, 0.6996825337409973, 0.35877156257629395, 0.9695006012916565, 1.412743330001831, 0.7052541375160217, 0.9603359699249268, 0.022478193044662476, 0.5707228779792786, 0.8451955318450928, 0.9276895523071289, 0.5857176184654236, 0.9342880845069885, 0.23669198155403137, 0.7718992829322815, 0.6473494172096252]"
percent,"[3, 4, 11, 18, 4, 5, 8]",34,"[0.4359440207481384, 1.3285014629364014, 0.5909083485603333, 0.5349879860877991, 0.00473683699965477, 0.25744137167930603, 1.1635546684265137, 0.5982483625411987, 0.8127530813217163, 0.10498884320259094, 0.26227906346321106, 0.8281939625740051, 0.007499679923057556, 0.8528578877449036, 1.5811243057250977, 0.380730003118515, 0.4717700183391571, 0.5492823123931885, 0.7845895290374756, -0.004410296678543091, 0.13484543561935425, 0.456165075302124, 0.9536044597625732, 0.11031650751829147, 0.5623682737350464, 0.6129925847053528, 0.51179039478302, 0.0005272403359413147, 0.1369449943304062, 1.5325690507888794, 0.5820217132568359, 0.42228248715400696, 0.5039921998977661, 0.9114416837692261, 0.004078650381416082, 1.1708221435546875, -0.009245996363461018, 0.2535620331764221, 0.9005143046379089, 1.41153883934021, 0.4140055477619171, 1.0695552825927734, 0.011239735409617424, 1.323246717453003, 0.34438490867614746, 0.7456265687942505, 0.9981748461723328, 1.5525641441345215, 0.09073342382907867, 0.42122167348861694, 0.06012282520532608, 0.6117866039276123, 1.7772794961929321, 0.6546908617019653, 1.0062904357910156, 0.4887614846229553, 0.43232429027557373, 0.5709569454193115, 0.43123680353164673, 0.1528240591287613, 1.1602270603179932, 0.08216255903244019, 0.7332496047019958, 0.8329888582229614]"
photosynthesis,"[3, 9, 12, 8, 12, 7, 21, 5, 8, 9, 4, 7, 6, 7]",34,"[0.29345428943634033, 1.4524970054626465, 0.309806764125824, 0.37812477350234985, -0.006246959790587425, 0.49210864305496216, 1.0552027225494385, 0.8616512417793274, 0.7901927828788757, 0.22806036472320557, 0.35393980145454407, 0.6756678819656372, 0.034624919295310974, 0.882054328918457, 1.4117549657821655, 0.6514615416526794, 0.3891962766647339, 0.9040049314498901, 0.6517519354820251, -0.0007306218612939119, 0.16964605450630188, 0.043156955391168594, 1.176512360572815, 0.3279099464416504, 0.6912223100662231, 0.7133922576904297, 0.5124332308769226, 0.01125844195485115, 0.48849186301231384, 1.6257197856903076, 0.7731316089630127, 0.5206252932548523, 0.5741084814071655, 0.9253655672073364, -0.002987990155816078, 1.3172173500061035, -0.017043117433786392, 0.1564769595861435, 1.1148171424865723, 1.308539628982544, 0.7755717635154724, 1.1286256313323975, 0.13821493089199066, 1.2576289176940918, 0.1179274320602417, 0.3908362090587616, 0.6892863512039185, 1.6827882528305054, 0.2663533687591553, 0.5742479562759399, 0.24267639219760895, 0.8272824883460999, 1.7696573734283447, 0.9477869272232056, 1.0151712894439697, 0.0930648148059845, 0.6489747166633606, 0.8591850399971008, 0.8728477954864502, 0.41185659170150757, 1.0457878112792969, 0.21057918667793274, 0.6662381291389465, 0.7903791666030884]"
physical change,"[3, 9, 21, 7, 6, 18, 2, 14, 31, 18, 9, 2, 5, 17, 4]",34,"[1.2982265949249268, 0.22811003029346466, 0.7831970453262329, 0.7713301181793213, -0.000568365678191185, 1.3811280727386475, 0.06592926383018494, 1.4837779998779297, 0.5067974328994751, 0.4059157371520996, 0.8988874554634094, 0.9881885647773743, 0.006856080610305071, 0.5925419926643372, 0.5498964786529541, 0.4935615658760071, 1.7925580739974976, 1.2034575939178467, 0.038135677576065063, 0.000943373772315681, 1.0798733234405518, 0.19445139169692993, 0.28718942403793335, 1.5435025691986084, 1.8715168237686157, 2.137969493865967, 1.2047134637832642, -0.00063328817486763, 0.9069268703460693, 0.215215265750885, 1.8770194053649902, 1.5390968322753906, 0.91023850440979, 1.5914275646209717, 0.007417138200253248, 0.08392733335494995, -0.01690567098557949, 0.3365858495235443, 2.2233800888061523, 0.06621212512254715, 0.8426869511604309, 0.33489564061164856, 0.37821194529533386, 0.24917948246002197, -0.02034619450569153, 0.1589139699935913, 0.03182736039161682, 0.5506240129470825, 0.7079136967658997, 1.934766173362732, 0.5502184629440308, 1.960214376449585, 0.10440254956483841, 0.3530876636505127, 1.0185236930847168, 0.05168530344963074, 0.2315620630979538, 0.49145224690437317, 1.532375693321228, 1.4097634553909302, 0.9226387739181519, 0.49451935291290283, 1.422680377960205, 0.06433901190757751]"
proportion,"[3, 11, 12, 3, 12, 11, 8, 6, 12, 5]",34,"[0.42468130588531494, 0.8746541142463684, 0.06516370177268982, 0.00912591814994812, 0.006255987100303173, 0.2393604964017868, 0.5914320349693298, 1.5299718379974365, 0.7819011211395264, 0.6648697257041931, 0.8690710663795471, 0.4139953553676605, 0.05602515488862991, 0.4979483485221863, 1.048763394355774, 1.2349215745925903, 0.3189573884010315, 0.4378349184989929, 0.3723843991756439, 0.0020644208416342735, 0.3219321370124817, 0.0512608103454113, 1.1740825176239014, 0.4762795567512512, 0.6082514524459839, 0.4701526165008545, 0.7013975977897644, 0.001074429601430893, 0.3147343397140503, 0.953275203704834, 0.9888004064559937, 0.40067341923713684, 0.15931013226509094, 0.9451084733009338, -0.004239692352712154, 0.6861676573753357, -0.016451846808195114, 0.37847232818603516, 1.6111115217208862, 0.6796489357948303, 0.5907423496246338, 0.593231201171875, -0.05737636610865593, 1.0963499546051025, 0.029468059539794922, 0.24421155452728271, 0.560265064239502, 0.8913872838020325, 0.5370360612869263, 1.1026448011398315, 0.8603140115737915, 1.231533408164978, 1.1713424921035767, 1.4455450773239136, 0.9764451384544373, 0.13194075226783752, 0.9720826148986816, 0.46601811051368713, 1.299227237701416, 0.6078363060951233, 0.8837177157402039, 0.6134294867515564, 0.21417611837387085, 0.26295018196105957]"
quadrant,"[24, 13, 2, 20, 11, 2, 5, 8]",34,"[0.5829445719718933, 0.9234684109687805, 0.4533355236053467, 0.47876524925231934, -0.007831444963812828, 0.6023231744766235, 0.687760055065155, 1.084758996963501, 0.7345010638237, 0.2949974536895752, 0.5091974139213562, 0.8189071416854858, 0.004547967575490475, 0.8390621542930603, 1.1379857063293457, 0.5277354717254639, 0.7824898362159729, 0.8287562131881714, 0.3730190396308899, 0.0011300478363409638, 0.461875319480896, 0.04864509031176567, 0.7557376623153687, 0.6294779181480408, 0.9404882192611694, 1.024237871170044, 0.8456554412841797, 0.000802699476480484, 0.452604204416275, 1.078492522239685, 1.1207365989685059, 0.8044912815093994, 0.6588276624679565, 1.14329993724823, -0.005614223890006542, 0.8417476415634155, 0.00501872505992651, 0.15183280408382416, 1.5003795623779297, 0.8122419118881226, 0.5707828402519226, 0.7848055958747864, 0.099366694688797, 0.837183952331543, 0.016277700662612915, 0.30368363857269287, 0.4750463664531708, 1.2362388372421265, 0.3801795542240143, 0.9773757457733154, 0.32467588782310486, 1.2183926105499268, 1.1829776763916016, 0.647700846195221, 1.0787996053695679, 0.08653347194194794, 0.3815351128578186, 0.5745020508766174, 1.0037862062454224, 0.6733096837997437, 1.0166003704071045, 0.306695818901062, 0.8137724995613098, 0.5028954148292542]"
ratio,"[11, 2, 8, 6, 12]",34,"[0.2197054624557495, 1.6102021932601929, 0.2266680896282196, 0.2505054473876953, 0.0027619600296020508, 0.19788973033428192, 1.3831851482391357, 0.5622454881668091, 0.5345652103424072, 0.22731558978557587, 0.274318128824234, 0.4901890754699707, 0.019322536885738373, 0.6820700168609619, 1.319868803024292, 0.5193095803260803, 0.19563402235507965, 0.6689598560333252, 0.816502571105957, 0.0027652718126773834, 0.10910062491893768, 0.15486428141593933, 1.1700009107589722, 0.1480107307434082, 0.2799701690673828, 0.30163806676864624, 0.3610505759716034, 0.0010457634925842285, 0.29386478662490845, 1.6971876621246338, 0.4538182020187378, 0.24765148758888245, 0.4330151379108429, 0.513801634311676, 0.00016460521146655083, 1.4119493961334229, -0.002246889751404524, 0.1811218559741974, 0.708824634552002, 1.5769063234329224, 0.5977623462677002, 1.0689234733581543, -0.010424895212054253, 1.3308104276657104, 0.16302640736103058, 0.6323676109313965, 0.9407036304473877, 1.4952119588851929, 0.2258305549621582, 0.3546302616596222, 0.24732163548469543, 0.5267187356948853, 1.8623051643371582, 0.8326961398124695, 0.7008087635040283, 0.28138309717178345, 0.6333982944488525, 0.7305936813354492, 0.47270268201828003, 0.20273634791374207, 0.7651504278182983, 0.21977536380290985, 0.3267730474472046, 0.9209489822387695]"
Reconstruction,"[11, 4, 18, 12, 5, 7, 8, 11, 13, 18, 8, 6, 12, 5]",34,"[0.8556047081947327, 0.7011503577232361, 0.374673992395401, 0.40259480476379395, -0.006453752517700195, 0.7705369591712952, 0.450819194316864, 1.426034688949585, 0.6876036524772644, 0.41702091693878174, 0.8336747884750366, 0.7044737935066223, 0.011839287355542183, 0.5654458403587341, 0.8025041818618774, 0.7262840867042542, 1.0364646911621094, 0.8099968433380127, 0.2000749558210373, 0.0012796696973964572, 0.6721845269203186, 0.08982257544994354, 0.6954184770584106, 0.9388165473937988, 1.1813974380493164, 1.243172287940979, 0.9381868839263916, -0.0027305129915475845, 0.5907387137413025, 0.7092467546463013, 1.404606819152832, 0.9607499241828918, 0.534591555595398, 1.2140311002731323, 0.00862625241279602, 0.4821193516254425, -0.00029708072543144226, 0.35026657581329346, 1.8603761196136475, 0.5233022570610046, 0.7112277746200562, 0.5082985162734985, 0.1733311265707016, 0.6332210302352905, -0.039105817675590515, 0.2879617512226105, 0.27519118785858154, 0.7550477385520935, 0.5732889771461487, 1.472278356552124, 0.5653907656669617, 1.5231972932815552, 0.660008430480957, 0.7536109685897827, 1.001662015914917, 0.1045364961028099, 0.4594951868057251, 0.5126370191574097, 1.285186767578125, 0.9330255389213562, 0.9007186889648438, 0.44577014446258545, 0.829905092716217, 0.2583100199699402]"
settlement,"[7, 4, 8, 8, 14, 4, 19, 4, 5, 8]",34,"[0.5817795395851135, 0.7704293727874756, 0.4914490282535553, 0.6069219708442688, 0.008826995268464088, 0.744289219379425, 0.5663312673568726, 0.991675078868866, 0.6840284466743469, 0.24268917739391327, 0.4125005006790161, 0.8666546940803528, 0.006422861944884062, 0.8170225620269775, 1.0339171886444092, 0.44485437870025635, 0.8335033059120178, 0.919235348701477, 0.3179953694343567, -0.0015135470312088728, 0.38565897941589355, 0.09996062517166138, 0.5906297564506531, 0.6735671162605286, 1.1094411611557007, 1.202563762664795, 0.8211315870285034, 0.007167298346757889, 0.5684057474136353, 0.854120671749115, 1.1638071537017822, 0.9028635025024414, 0.7387475371360779, 1.1836963891983032, 0.001615614164620638, 0.6689266562461853, -0.01410202868282795, 0.08600883185863495, 1.474095106124878, 0.6370355486869812, 0.6436787247657776, 0.7481548190116882, 0.18687333166599274, 0.6625540852546692, 0.07162657380104065, 0.1981343924999237, 0.2909570634365082, 1.1532189846038818, 0.42156195640563965, 0.9358038306236267, 0.23165392875671387, 1.2153191566467285, 0.9860330820083618, 0.43820318579673767, 1.0406447649002075, 0.06273511052131653, 0.278316468000412, 0.6241585612297058, 0.9942273497581482, 0.6917511224746704, 1.044977068901062, 0.18474248051643372, 1.0222375392913818, 0.4420012831687927]"
Literary Words,"[14, 6, 8, 4, 11, 2, 11, 21, 31, 26, 12, 11, 20, 7]",34,"[1.248170018196106, 0.4231054186820984, 1.0537590980529785, 1.0086348056793213, 0.005201371386647224, 1.255979061126709, 0.32603275775909424, 1.0127582550048828, 0.690178394317627, 0.11127641797065735, 0.5721819400787354, 1.2028443813323975, -0.0043344032019376755, 0.8905584812164307, 1.0081541538238525, 0.13445687294006348, 1.7186322212219238, 1.043095588684082, 0.22645971179008484, 0.0005330491112545133, 0.8447394967079163, 0.43314605951309204, 0.2822725772857666, 1.0550490617752075, 1.759690284729004, 2.007936477661133, 1.097808837890625, -0.004195589572191238, 0.5605076551437378, 0.5292929410934448, 1.5196173191070557, 1.3786133527755737, 1.0003328323364258, 1.5560256242752075, 0.0010367035865783691, 0.4228876829147339, -0.027106840163469315, 0.30454641580581665, 1.8211337327957153, 0.44143807888031006, 0.5232711434364319, 0.6404421925544739, 0.3241763114929199, 0.47697368264198303, 0.1928142011165619, 0.3366416096687317, 0.27162840962409973, 0.9129673838615417, 0.30086371302604675, 1.410683274269104, 0.10197636485099792, 1.5219991207122803, 0.49780115485191345, 0.13426242768764496, 1.1731728315353394, 0.18678483366966248, 0.020338229835033417, 0.44330617785453796, 0.9645074605941772, 1.008269190788269, 1.217521071434021, 0.18407076597213745, 1.6488726139068604, 0.254547119140625]"
allegory,"[2, 14, 14, 4, 17, 12, 11, 21]",34,"[0.16049689054489136, 1.8031425476074219, 0.1712220311164856, 0.2468128502368927, 0.009541277773678303, 0.34542137384414673, 1.4127206802368164, 0.7243700623512268, 0.5597010850906372, 0.31202834844589233, 0.23219043016433716, 0.5062077641487122, 0.039465129375457764, 0.8016142845153809, 1.308911919593811, 0.766775369644165, 0.21704907715320587, 0.9088398218154907, 0.7418192028999329, -0.001019222429022193, 0.13317441940307617, 0.01770623028278351, 1.352179765701294, 0.26530271768569946, 0.41886085271835327, 0.42770832777023315, 0.39663517475128174, -0.00023129954934120178, 0.5607673525810242, 1.8274778127670288, 0.6003155708312988, 0.4059261679649353, 0.5200499892234802, 0.6313275098800659, -0.0022760271094739437, 1.6099185943603516, 0.0019382704049348831, 0.06356021761894226, 0.8886294960975647, 1.5615565776824951, 0.8591387271881104, 1.19720458984375, 0.07549388706684113, 1.470746397972107, 0.014551788568496704, 0.5250908136367798, 0.7806660532951355, 1.7418278455734253, 0.4283629357814789, 0.4437015652656555, 0.32491475343704224, 0.6946294903755188, 1.9725910425186157, 1.0061489343643188, 0.7523536682128906, 0.09801404923200607, 0.7973735332489014, 0.9802644848823547, 0.7229717373847961, 0.29835209250450134, 0.7706194519996643, 0.1739969551563263, 0.422545850276947, 0.9324558973312378]"
archetype,"[2, 11, 18, 9, 4, 8, 21, 3, 4]",34,"[1.312423825263977, 0.5671047568321228, 1.177067518234253, 0.9604704976081848, 0.004335882142186165, 0.7130903005599976, 0.5603024959564209, 1.0038342475891113, 0.8477001190185547, 0.11347563564777374, 0.6101313233375549, 1.0782896280288696, -0.009652582928538322, 0.6426362991333008, 1.1645617485046387, 0.2479953020811081, 1.5539969205856323, 0.4825594425201416, 0.4926248788833618, -0.001227336237207055, 0.6485063433647156, 0.8645327687263489, 0.32831358909606934, 0.5990991592407227, 1.364234209060669, 1.4487630128860474, 1.0966506004333496, 0.004280777648091316, 0.18590933084487915, 0.6202534437179565, 1.1531122922897339, 1.0407053232192993, 0.6507778167724609, 1.3522300720214844, -0.003217507153749466, 0.417495995759964, -0.01745954528450966, 0.5998891592025757, 1.6366509199142456, 0.7865850329399109, 0.17899727821350098, 0.509149968624115, 0.06514199823141098, 0.7411869764328003, 0.4142266511917114, 0.8526674509048462, 0.6988475918769836, 0.7818320393562317, 0.14489732682704926, 1.3017158508300781, 0.1525268703699112, 1.2020822763442993, 0.7756712436676025, 0.2929062247276306, 1.0723133087158203, 0.7707729935646057, 0.09541153907775879, 0.15425296127796173, 0.6731723546981812, 0.590338945388794, 1.3106573820114136, 0.17019379138946533, 1.3594590425491333, 0.3983280658721924]"
characterization,"[18, 9, 2, 11, 2, 18, 8, 4, 11, 6, 15, 2, 8, 6, 12, 5]",34,"[0.8004105091094971, 0.9422519207000732, 0.3587547242641449, 0.3185795843601227, -0.003405708819627762, 0.4851526618003845, 0.6100575923919678, 1.4640898704528809, 0.6698518395423889, 0.4668939709663391, 0.8484405875205994, 0.5678521394729614, 0.028648529201745987, 0.4527343809604645, 0.9032599925994873, 1.0208547115325928, 0.8675405979156494, 0.6492934226989746, 0.35808396339416504, 0.0009253396419808269, 0.5271602869033813, 0.2409978061914444, 0.9469874501228333, 0.7292179465293884, 0.9413200616836548, 0.9914613366127014, 0.8316694498062134, 0.003490491770207882, 0.4574298560619354, 0.8372388482093811, 1.1945197582244873, 0.6563999056816101, 0.35814446210861206, 1.0722854137420654, 0.015841949731111526, 0.6036771535873413, -0.020804649218916893, 0.5059239268302917, 1.798686146736145, 0.7083993554115295, 0.6366687417030334, 0.5396909713745117, 0.06759035587310791, 0.9392953515052795, -0.03888276219367981, 0.5216353535652161, 0.4523819088935852, 0.7713958024978638, 0.5233218669891357, 1.367871880531311, 0.5970878005027771, 1.4117374420166016, 0.8353025913238525, 1.0709753036499023, 0.8853312134742737, 0.2463194727897644, 0.6931502819061279, 0.42805901169776917, 1.210351586341858, 0.7815315127372742, 0.9104065299034119, 0.42483967542648315, 0.5734589099884033, 0.2965426445007324]"
denouement,"[20, 4, 5, 12, 13, 4, 19, 4, 5, 8]",34,"[0.4107310175895691, 1.1983284950256348, 0.4599657952785492, 0.5174494981765747, 0.008606349118053913, 0.670703113079071, 0.770279049873352, 0.6926251649856567, 0.5445826053619385, 0.2624785602092743, 0.18706992268562317, 0.7305096387863159, 0.023883314803242683, 0.8931822180747986, 1.1154557466506958, 0.5667649507522583, 0.6313726305961609, 1.0142639875411987, 0.43686187267303467, -0.0013918435433879495, 0.29177606105804443, 0.11085447669029236, 0.8895375728607178, 0.5411902070045471, 0.8936647772789001, 0.9460588693618774, 0.6253926753997803, 0.013150779530405998, 0.6349470019340515, 1.248568058013916, 0.856442391872406, 0.7540889382362366, 0.7381874918937683, 0.9273813962936401, -0.0032240496948361397, 1.0636404752731323, -0.010770821012556553, -0.013775944709777832, 1.1612213850021362, 0.9176602363586426, 0.8063952326774597, 0.9795491099357605, 0.20707213878631592, 0.9557301998138428, 0.06649374216794968, 0.25606662034988403, 0.3859247863292694, 1.4530624151229858, 0.4341772198677063, 0.5928999781608582, 0.22935162484645844, 0.9318277835845947, 1.341694951057434, 0.6245041489601135, 0.896950900554657, 0.005301445722579956, 0.5629109144210815, 0.802832305431366, 0.8503059148788452, 0.4727630615234375, 0.9321617484092712, 0.12078867852687836, 0.8585954904556274, 0.6009368896484375]"
dramatic irony,"[20, 11, 2, 19, 2, 8, 6, 18, 31, 6, 11, 12, 5, 21]",34,"[0.9122931957244873, 0.5270053148269653, 0.49223268032073975, 0.4853968620300293, 0.006545796059072018, 0.9107627272605896, 0.23222072422504425, 1.3998584747314453, 0.5567997694015503, 0.42826783657073975, 0.7965896725654602, 0.7676100730895996, 0.022452227771282196, 0.5622379183769226, 0.768831729888916, 0.6669858694076538, 1.1411995887756348, 0.893064022064209, 0.1592254936695099, 0.0001450147246941924, 0.7235921025276184, 0.1765061616897583, 0.5735409259796143, 1.0641720294952393, 1.2690973281860352, 1.4435831308364868, 0.9303566217422485, -0.0071176569908857346, 0.6536913514137268, 0.4579332768917084, 1.4744231700897217, 1.044533610343933, 0.5914447903633118, 1.2829054594039917, 0.006116315256804228, 0.3332028388977051, -0.018849512562155724, 0.28635144233703613, 1.8492052555084229, 0.2852923274040222, 0.736540675163269, 0.42477351427078247, 0.1768275648355484, 0.5462692379951477, -0.05096212029457092, 0.20419326424598694, 0.22828751802444458, 0.6240727305412292, 0.5932349562644958, 1.4745872020721436, 0.5282425880432129, 1.5897822380065918, 0.4172379672527313, 0.5973001718521118, 0.9450996518135071, 0.13061580061912537, 0.428739458322525, 0.4511023163795471, 1.307145357131958, 1.0173578262329102, 0.9292190074920654, 0.4290415942668915, 0.9169574975967407, 0.13942484557628632]"
dynamic character,"[20, 21, 5, 2, 19, 6, 18, 31, 18, 9, 2, 11, 2, 18, 8, 4, 11]",34,"[1.0138232707977295, 0.724937915802002, 0.6298682689666748, 0.670080840587616, -0.004531390964984894, 0.9853202104568481, 0.346727192401886, 1.5395240783691406, 0.8413103222846985, 0.37196505069732666, 0.8201537132263184, 1.032542109489441, 0.007115368265658617, 0.8186296820640564, 1.136670470237732, 0.6625085473060608, 1.3270751237869263, 0.9767276048660278, 0.24271582067012787, -0.002310224110260606, 0.6907517313957214, 0.19744345545768738, 0.6438637375831604, 1.0339806079864502, 1.516467571258545, 1.6795330047607422, 1.0784263610839844, -0.004135396331548691, 0.5951604247093201, 0.7176241874694824, 1.6519031524658203, 1.1736122369766235, 0.7563223242759705, 1.6296778917312622, 0.016038965433835983, 0.49649757146835327, -0.03214084357023239, 0.20104211568832397, 2.180884599685669, 0.5413908958435059, 0.7460088133811951, 0.7103254199028015, 0.20081841945648193, 0.6690980792045593, 0.024449199438095093, 0.27935951948165894, 0.276924192905426, 0.9898154735565186, 0.5352712869644165, 1.5968915224075317, 0.4308686852455139, 1.8129546642303467, 0.7260633707046509, 0.6167415976524353, 1.3101627826690674, 0.1223333328962326, 0.4421834647655487, 0.4704350531101227, 1.377571940422058, 1.0728280544281006, 1.3734347820281982, 0.33625900745391846, 1.2660616636276245, 0.24353069067001343]"
epilogue,"[4, 3, 6, 14, 12, 17, 13, 4]",34,"[0.08896183967590332, 2.0411643981933594, 0.25503009557724, 0.2999747693538666, 0.004889247938990593, 0.30594590306282043, 1.4643874168395996, 0.6189455986022949, 0.6403822302818298, 0.22930000722408295, 0.022558584809303284, 0.7856975793838501, 0.02959453873336315, 1.1582609415054321, 1.799007534980774, 0.651766836643219, 0.11794992536306381, 1.0237873792648315, 0.8633084297180176, 0.0004527257988229394, 0.08207126706838608, 0.04984486103057861, 1.495402455329895, 0.1656230092048645, 0.30744093656539917, 0.4293457865715027, 0.2780952453613281, -0.006233721971511841, 0.4797472059726715, 2.3082034587860107, 0.5147584080696106, 0.35228800773620605, 0.6804919838905334, 0.7230408787727356, -0.011204716749489307, 1.8628766536712646, -0.015642549842596054, -0.08465486764907837, 0.8458186984062195, 1.7570568323135376, 0.8614494800567627, 1.5838021039962769, 0.05550716817378998, 1.7486974000930786, 0.09134233742952347, 0.5133277773857117, 0.9211745262145996, 2.181417942047119, 0.34231337904930115, 0.17849427461624146, 0.16769304871559143, 0.6061870455741882, 2.347773551940918, 0.9163818359375, 0.9570505619049072, 0.0820426493883133, 0.8480632901191711, 1.0736931562423706, 0.6758809685707092, 0.1862630546092987, 1.142068862915039, 0.09025591611862183, 0.4780258238315582, 1.171472191810608]"
exposition,"[4, 27, 3, 12, 7, 6, 8, 6, 12, 5]",34,"[0.5649091005325317, 0.8565632700920105, 0.16427652537822723, 0.12237370759248734, 0.006172729656100273, 0.3508821129798889, 0.6743093132972717, 1.4082822799682617, 0.7009803652763367, 0.5955660343170166, 0.9373531937599182, 0.48559215664863586, 0.032822176814079285, 0.4666996896266937, 0.9853469133377075, 0.9888749718666077, 0.5469642877578735, 0.5150442719459534, 0.44656866788864136, -0.0002036484656855464, 0.4050455689430237, 0.10180330276489258, 0.9627078175544739, 0.5791860818862915, 0.7365522980690002, 0.6358202695846558, 0.7449910640716553, 0.003782450221478939, 0.2982560992240906, 0.9424581527709961, 1.0789422988891602, 0.5191816091537476, 0.24999749660491943, 0.9452924132347107, 0.001937867607921362, 0.6666237711906433, -0.025834891945123672, 0.39852285385131836, 1.5750296115875244, 0.829609751701355, 0.5572442412376404, 0.5799117684364319, -0.011307420209050179, 0.9919548034667969, 0.08559131622314453, 0.39445197582244873, 0.5978458523750305, 0.7892599701881409, 0.4690321683883667, 1.2169803380966187, 0.7770264744758606, 1.235366702079773, 1.050635814666748, 1.1819250583648682, 0.9368147850036621, 0.20150822401046753, 0.7313174605369568, 0.4323605000972748, 1.1456434726715088, 0.6886628866195679, 0.8441256880760193, 0.6040902733802795, 0.39323660731315613, 0.37000328302383423]"
falling action,"[22, 2, 14, 14, 6, 5, 17, 31, 2, 18, 8, 6, 12, 5]",34,"[1.4522786140441895, -0.0819362998008728, 0.9027290344238281, 0.9163340330123901, 0.004541944712400436, 1.8290818929672241, -0.18935170769691467, 1.6593177318572998, 0.5006704926490784, 0.6593162417411804, 1.0171148777008057, 1.1338919401168823, 0.028301164507865906, 0.7019546031951904, 0.3860790729522705, 0.5530751943588257, 2.1567418575286865, 1.4237228631973267, -0.18371926248073578, -0.0011085504665970802, 1.361768126487732, 0.04415955767035484, 0.09336908161640167, 1.9116523265838623, 2.2910256385803223, 2.6523098945617676, 1.5146362781524658, -0.012208780273795128, 1.1334900856018066, -0.03427112102508545, 2.2819149494171143, 1.984674334526062, 1.1589381694793701, 1.9254493713378906, 0.008249340578913689, -0.08057256042957306, -0.005448845215141773, 0.1247573047876358, 2.5467894077301025, -0.20751498639583588, 1.0224599838256836, 0.29242396354675293, 0.44550642371177673, -0.05109309405088425, -0.007056623697280884, -0.12413519620895386, -0.20186465978622437, 0.49385470151901245, 1.0069396495819092, 2.2755517959594727, 0.9014030694961548, 2.3240296840667725, -0.12825819849967957, 0.23580121994018555, 1.2129027843475342, -0.14576832950115204, 0.26224520802497864, 0.5704989433288574, 1.8412611484527588, 1.7053669691085815, 0.9479535818099976, 0.6868670582771301, 1.818375587463379, -0.10509078204631805]"
foil,"[22, 12, 6, 14]",34,"[0.8407235145568848, 0.7211495637893677, 1.0735063552856445, 1.0437654256820679, 0.005729386582970619, 0.8181374669075012, 0.6319300532341003, 0.5562514662742615, 0.7606624364852905, 0.05764053761959076, 0.26371002197265625, 1.28788161277771, 0.008321362547576427, 1.0231386423110962, 1.513642430305481, 0.022337324917316437, 1.1449249982833862, 0.859533429145813, 0.5024859309196472, 0.00020963407587260008, 0.4117346405982971, 0.48487281799316406, 0.32299062609672546, 0.47048497200012207, 1.2613041400909424, 1.453312873840332, 0.8327656984329224, -0.005309250205755234, 0.2224147766828537, 0.9363133311271667, 1.0028796195983887, 0.9759688973426819, 1.0036559104919434, 1.3186604976654053, -0.004921484272927046, 0.7542734742164612, -0.01035402063280344, 0.18279330432415009, 1.2407667636871338, 0.9482461214065552, 0.32286038994789124, 0.957126796245575, 0.10956016182899475, 0.746161699295044, 0.4094638526439667, 0.507570743560791, 0.5874024629592896, 1.3624520301818848, 0.09885847568511963, 0.7429367899894714, -0.028048280626535416, 0.924777090549469, 1.1475201845169067, 0.10533690452575684, 1.2343398332595825, 0.3472500741481781, -0.012927914038300514, 0.48166316747665405, 0.5328094363212585, 0.48730504512786865, 1.368506908416748, 0.016449972987174988, 1.5510634183883667, 0.616624116897583]"
indirect characterization,"[6, 5, 20, 6, 11, 4, 18, 8, 31, 18, 9, 2, 11, 2, 18, 8, 4, 11, 6, 15, 2, 8, 6, 12, 5]",34,"[0.9986229538917542, 0.5621892213821411, 0.4664422571659088, 0.4557254910469055, -0.00757523812353611, 0.9131056666374207, 0.1813342571258545, 1.701500415802002, 0.686451256275177, 0.47204214334487915, 0.9311333298683167, 0.7966848611831665, 0.02344755455851555, 0.5749970078468323, 0.7880865335464478, 0.8927948474884033, 1.25620698928833, 0.864067554473877, 0.07537196576595306, 0.0013708710903301835, 0.8051990270614624, 0.08718059957027435, 0.7024747133255005, 1.1714134216308594, 1.3926807641983032, 1.5562762022018433, 1.0308177471160889, -0.00876549817621708, 0.6745641231536865, 0.49645182490348816, 1.6635186672210693, 1.1059939861297607, 0.5522876977920532, 1.4492089748382568, 0.00862802006304264, 0.27700114250183105, -0.018581360578536987, 0.3530224561691284, 2.232755422592163, 0.2368936389684677, 0.7866119742393494, 0.4460565447807312, 0.21509206295013428, 0.6182858943939209, -0.11782790720462799, 0.18970611691474915, 0.12492474913597107, 0.6596667170524597, 0.6837193369865417, 1.7166701555252075, 0.6196778416633606, 1.8420531749725342, 0.40048450231552124, 0.8261542320251465, 1.1019760370254517, 0.04006430506706238, 0.5355692505836487, 0.44263675808906555, 1.5593584775924683, 1.097867488861084, 1.0540910959243774, 0.45691969990730286, 0.9176759719848633, 0.09292761236429214]"
limited narrator,"[14, 6, 19, 6, 8, 4, 20, 31, 5, 2, 11, 11, 2, 8, 12, 11]",34,"[0.4731851816177368, 1.2544760704040527, 0.2784629762172699, 0.35094761848449707, 0.0006357301026582718, 0.5703466534614563, 0.7040917277336121, 1.4332551956176758, 0.9093266725540161, 0.4335123300552368, 0.5853714942932129, 0.8488714098930359, 0.040827035903930664, 0.9569673538208008, 1.4496574401855469, 0.9945142865180969, 0.611910879611969, 0.9308915138244629, 0.49498897790908813, 0.00033402221743017435, 0.3089008331298828, 0.04688852280378342, 1.236234188079834, 0.5508584976196289, 0.9292774200439453, 0.9442406296730042, 0.729266881942749, -0.0031594056636095047, 0.5307710766792297, 1.38865327835083, 1.2046420574188232, 0.7146228551864624, 0.584815502166748, 1.3053793907165527, -0.0011140804272145033, 1.0706745386123657, -0.03124484233558178, 0.08309878408908844, 1.7744849920272827, 0.9352640509605408, 0.8249149918556213, 1.0654003620147705, 0.0669834092259407, 1.210260033607483, -0.024000972509384155, 0.22996103763580322, 0.46988409757614136, 1.5541749000549316, 0.5214113593101501, 1.028841257095337, 0.4544457793235779, 1.3554580211639404, 1.484641671180725, 1.083085298538208, 1.263463020324707, 0.01321391761302948, 0.8673151731491089, 0.7766874432563782, 1.314611554145813, 0.7141985893249512, 1.2708449363708496, 0.3104039430618286, 0.7207267880439758, 0.5698345303535461]"
motif,"[19, 12, 8, 6, 22]",34,"[0.6843289732933044, 0.5596667528152466, 0.4079478085041046, 0.4005622863769531, -0.0009468421339988708, 0.539210319519043, 0.45625776052474976, 1.179142713546753, 0.6871219873428345, 0.3000200390815735, 0.7353434562683105, 0.7012559175491333, 0.012278318405151367, 0.5066456198692322, 0.898280143737793, 0.5205737948417664, 0.8011465072631836, 0.5786155462265015, 0.3034956753253937, -0.00038288673385977745, 0.4763503670692444, 0.16321687400341034, 0.5723019242286682, 0.6251533031463623, 0.893303394317627, 0.9298454523086548, 0.7821493148803711, -0.007327679544687271, 0.3001551926136017, 0.6465333104133606, 1.065786361694336, 0.7046300768852234, 0.4357793629169464, 1.052620768547058, -0.0013711119536310434, 0.46556106209754944, -0.00787310115993023, 0.38107144832611084, 1.4976167678833008, 0.5266081094741821, 0.4101775288581848, 0.4662253260612488, 0.03453055024147034, 0.6160218715667725, 0.09207287430763245, 0.3149935007095337, 0.4469425678253174, 0.73647540807724, 0.30211034417152405, 1.1173491477966309, 0.37835341691970825, 1.130646824836731, 0.7264391183853149, 0.615765392780304, 0.9457260370254517, 0.20078487694263458, 0.32366758584976196, 0.35478925704956055, 0.9370912313461304, 0.659706175327301, 0.8625494241714478, 0.3841094970703125, 0.693268895149231, 0.3313289284706116]"
prologue,"[3, 11, 12, 14, 12, 17, 13, 4]",34,"[0.30557966232299805, 1.3029632568359375, 0.32266008853912354, 0.3613653779029846, 0.00873470213264227, 0.44270098209381104, 0.8690424561500549, 0.8617117404937744, 0.6316720247268677, 0.283704936504364, 0.22231484949588776, 0.6679806709289551, 0.030006906017661095, 0.8599961996078491, 1.2503794431686401, 0.6899285316467285, 0.41289523243904114, 0.8252583742141724, 0.4891434907913208, -0.00015874335076659918, 0.23577222228050232, 0.07258956879377365, 1.039547324180603, 0.37714940309524536, 0.5842698216438293, 0.6666808724403381, 0.5286040306091309, 0.0013199429959058762, 0.4921458661556244, 1.408272624015808, 0.7444090843200684, 0.5675776600837708, 0.5618135333061218, 0.8532896041870117, -0.010514944791793823, 1.1453595161437988, -0.009018022567033768, 0.0819467306137085, 1.1193547248840332, 1.0169761180877686, 0.6901434063911438, 1.0129380226135254, 0.08272600173950195, 1.1783748865127563, 0.027280211448669434, 0.28254544734954834, 0.5155383348464966, 1.4909257888793945, 0.37992405891418457, 0.5569486021995544, 0.2724330723285675, 0.8339099884033203, 1.4925084114074707, 0.8299611210823059, 0.901147723197937, 0.05484384298324585, 0.6567027568817139, 0.766252875328064, 0.8644346594810486, 0.3715367615222931, 0.948055624961853, 0.1784203052520752, 0.5620788931846619, 0.6798154711723328]"
rising action,"[11, 6, 7, 6, 5, 17, 31, 2, 18, 8, 6, 12, 5]",34,"[1.2133458852767944, 0.02720184624195099, 0.7571419477462769, 0.7619463801383972, 0.015679804608225822, 1.4704540967941284, -0.08312222361564636, 1.4182801246643066, 0.4851249158382416, 0.48377174139022827, 0.8761122822761536, 0.9599558711051941, 0.02261965535581112, 0.6082656383514404, 0.46571508049964905, 0.48204514384269714, 1.7730686664581299, 1.1415544748306274, -0.0355309396982193, -0.0009922506287693977, 1.0752812623977661, 0.13861186802387238, 0.18852564692497253, 1.5137006044387817, 1.859849214553833, 2.124781608581543, 1.2073577642440796, -0.010182857513427734, 0.8849210143089294, 0.04287140071392059, 1.861494779586792, 1.5672162771224976, 0.8975162506103516, 1.5758817195892334, 0.008446261286735535, 0.0008613467216491699, -0.028865167871117592, 0.20108547806739807, 2.1151182651519775, -0.06641197204589844, 0.8044025897979736, 0.2917580306529999, 0.35264310240745544, 0.12525217235088348, 0.042418256402015686, -0.020822346210479736, -0.012021899223327637, 0.42842400074005127, 0.7408729791641235, 1.848258376121521, 0.6567986607551575, 1.8937499523162842, -0.02277962863445282, 0.27735382318496704, 1.032836675643921, -0.0016496479511260986, 0.25117793679237366, 0.45350393652915955, 1.4738222360610962, 1.3907244205474854, 0.8896225690841675, 0.5368718504905701, 1.4482256174087524, -0.03628838062286377]"
situational irony,"[7, 6, 8, 13, 2, 8, 6, 12, 5, 2, 14, 31, 6, 11, 12, 5, 21]",34,"[0.8119061589241028, 0.49435514211654663, 0.2942650318145752, 0.4200201630592346, 0.0016258955001831055, 1.125948429107666, 0.07762007415294647, 1.8003008365631104, 0.6425924301147461, 0.8068913817405701, 0.9962812662124634, 0.8223685622215271, 0.04718955606222153, 0.7199752926826477, 0.7194349765777588, 0.9698320031166077, 1.118152141571045, 1.2169469594955444, 0.04662078619003296, -0.001531838672235608, 0.8129532337188721, -0.14536727964878082, 0.6462873220443726, 1.364660620689392, 1.493651270866394, 1.6581733226776123, 1.1439706087112427, -0.005434678867459297, 0.9588204026222229, 0.5398575067520142, 1.9043567180633545, 1.3216041326522827, 0.7631542086601257, 1.5768852233886719, 0.005031891632825136, 0.34497934579849243, 0.0008719237521290779, 0.038687512278556824, 2.262449026107788, 0.12794077396392822, 1.1116677522659302, 0.5786742568016052, 0.22103174030780792, 0.3862643539905548, -0.139237180352211, -0.10822141170501709, -0.04068863391876221, 0.8380414843559265, 1.0196740627288818, 1.7690958976745605, 1.0425268411636353, 2.048072099685669, 0.5471761226654053, 0.8051869869232178, 1.2033467292785645, -0.1705026775598526, 0.6522854566574097, 0.7278260588645935, 1.895990014076233, 1.3422595262527466, 0.9482308030128479, 0.7355809211730957, 1.0268417596817017, 0.11182840168476105]"
static character,"[7, 8, 2, 8, 6, 18, 31, 18, 9, 2, 11, 2, 18, 8, 4, 11]",34,"[1.2413330078125, 0.49975526332855225, 0.8734182715415955, 0.8389168977737427, 0.004293899983167648, 1.0582170486450195, 0.28460097312927246, 1.3425507545471191, 0.7623491883277893, 0.17556187510490417, 0.743044912815094, 1.0835092067718506, 0.009755261242389679, 0.6951586008071899, 1.0133655071258545, 0.3990180194377899, 1.608346700668335, 0.8645908832550049, 0.18254251778125763, 0.0003383505390956998, 0.8308843374252319, 0.3645869493484497, 0.46318939328193665, 1.0817480087280273, 1.5725123882293701, 1.8520184755325317, 1.084495186805725, -0.005988327786326408, 0.5006818771362305, 0.4959680438041687, 1.5538334846496582, 1.25180184841156, 0.7768640518188477, 1.5812742710113525, 0.016623761504888535, 0.3142894506454468, -0.010862418450415134, 0.39803898334503174, 2.0208699703216553, 0.38485187292099, 0.5124070644378662, 0.5283145308494568, 0.23718295991420746, 0.5708106160163879, 0.10025496035814285, 0.3753637671470642, 0.3249413073062897, 0.7644090056419373, 0.3507058918476105, 1.5923861265182495, 0.2540004849433899, 1.640879511833191, 0.4688560366630554, 0.3771837651729584, 1.2095168828964233, 0.25575655698776245, 0.20011909306049347, 0.3177141547203064, 1.1328492164611816, 0.9939936399459839, 1.2651439905166626, 0.26591041684150696, 1.3606045246124268, 0.18405836820602417]"
suspense,"[7, 13, 7, 3, 4, 5, 7, 4]",34,"[0.7632753849029541, 0.9711110591888428, 0.5706285834312439, 0.5730528831481934, 0.006460200995206833, 0.39838165044784546, 0.9078353643417358, 0.8095572590827942, 0.7071493864059448, 0.08393195271492004, 0.5371584296226501, 0.6590595841407776, 0.006325068883597851, 0.5099976062774658, 1.008445382118225, 0.34621483087539673, 0.8694601655006409, 0.4415207505226135, 0.6310465335845947, -0.0017305531073361635, 0.43260592222213745, 0.48010796308517456, 0.691848874092102, 0.41235411167144775, 0.7788584232330322, 0.8337746262550354, 0.7083529233932495, -0.0012135785073041916, 0.1915484070777893, 0.9610076546669006, 0.7389925122261047, 0.582899808883667, 0.44198736548423767, 0.8765836954116821, -0.0007467418909072876, 0.7479451894760132, -0.0023819315247237682, 0.5035326480865479, 1.1294293403625488, 0.9531139135360718, 0.23276038467884064, 0.5929709672927856, 0.011243091896176338, 0.9213247299194336, 0.2266124039888382, 0.7187447547912598, 0.7628373503684998, 0.8499847650527954, 0.06540064513683319, 0.8757457733154297, 0.10423114895820618, 0.7839043736457825, 1.118607997894287, 0.5286775827407837, 0.7912567257881165, 0.4849804639816284, 0.2547086179256439, 0.3698565661907196, 0.5427767634391785, 0.4210340082645416, 0.9626325368881226, 0.18846717476844788, 0.7452578544616699, 0.5909601449966431]"
unreliable narrator,"[13, 5, 11, 4, 14, 6, 2, 10, 14, 4, 31, 5, 2, 11, 11, 2, 8, 12, 11]",34,"[0.6317525506019592, 1.2242255210876465, 0.5226778984069824, 0.5948797464370728, 0.004164930433034897, 0.9046804904937744, 0.757705807685852, 1.194385051727295, 0.6761881113052368, 0.3877484202384949, 0.3635771870613098, 0.8700640201568604, 0.01922745630145073, 0.916664719581604, 1.0742584466934204, 0.6814835071563721, 0.9061470627784729, 1.2171595096588135, 0.3878949284553528, -0.0022810555528849363, 0.4371229410171509, 0.17969359457492828, 0.8730779886245728, 0.7856511473655701, 1.1973775625228882, 1.3245514631271362, 0.8624541759490967, 0.0013356637209653854, 0.816400408744812, 1.1447924375534058, 1.2136766910552979, 1.0085713863372803, 0.878057599067688, 1.2187743186950684, -0.005026422906666994, 1.0755560398101807, -0.04220364987850189, 0.013352006673812866, 1.611462950706482, 0.8668452501296997, 0.9142919778823853, 1.024041771888733, 0.19609728455543518, 0.8583496809005737, -0.024379923939704895, 0.26971516013145447, 0.23400570452213287, 1.5187609195709229, 0.6007893681526184, 1.0887689590454102, 0.3782067894935608, 1.3508942127227783, 1.2111961841583252, 0.6395177245140076, 0.9694937467575073, -0.02728419005870819, 0.544019877910614, 0.8686484694480896, 1.2191213369369507, 0.8641669154167175, 1.0330216884613037, 0.21870756149291992, 1.0831506252288818, 0.5768415927886963]"
verbal irony,"[28, 4, 11, 10, 2, 14, 31, 6, 11, 12, 5, 21]",34,"[0.9590283036231995, 0.3141516149044037, 0.7217663526535034, 0.8165085315704346, 0.0031249113380908966, 1.391336441040039, 0.06236682087182999, 1.2906074523925781, 0.6668709516525269, 0.37080568075180054, 0.6813185214996338, 1.2675609588623047, 0.006107286550104618, 1.0233039855957031, 1.005180835723877, 0.3308814764022827, 1.4525375366210938, 1.3375630378723145, 0.015228413045406342, -0.0006628604605793953, 0.8584951758384705, 0.018952280282974243, 0.2452922761440277, 1.3402650356292725, 1.8156036138534546, 2.056166172027588, 1.1219029426574707, -0.011977924033999443, 0.8607253432273865, 0.5039995312690735, 1.879906415939331, 1.5313650369644165, 1.087979793548584, 1.7492997646331787, -0.00032300129532814026, 0.2832908630371094, -0.013876602984964848, -0.0045212507247924805, 2.133729934692383, 0.18476316332817078, 0.9356254935264587, 0.7172543406486511, 0.3638781011104584, 0.2900429666042328, 0.04476001858711243, -0.07090094685554504, -0.018541604280471802, 1.0161867141723633, 0.7339046597480774, 1.5632823705673218, 0.4402579367160797, 1.8950221538543701, 0.4699610769748688, 0.2204124629497528, 1.3823710680007935, -0.1094570904970169, 0.20669402182102203, 0.6836737394332886, 1.4771808385849, 1.265998125076294, 1.2427068948745728, 0.35749897360801697, 1.622828722000122, 0.17689043283462524]"
adjacent,"[2, 20, 23, 2, 18, 4, 5, 8]",34,"[1.3452763557434082, 0.5102717876434326, 1.0248512029647827, 0.9293447732925415, 0.0006606243550777435, 1.0644993782043457, 0.5268547534942627, 1.1382598876953125, 0.6587816476821899, 0.23172159492969513, 0.7534012198448181, 0.9827346801757812, 0.0029644034802913666, 0.6412205100059509, 0.8510807752609253, 0.2758422791957855, 1.6952030658721924, 0.8764845132827759, 0.3571103811264038, 0.0032148147001862526, 0.8848435282707214, 0.5534794330596924, 0.3855557441711426, 1.0149660110473633, 1.6356992721557617, 1.8309929370880127, 1.1552002429962158, -0.0040381550788879395, 0.5106669664382935, 0.5045177340507507, 1.4121744632720947, 1.2605161666870117, 0.8543053865432739, 1.3953425884246826, 0.0023586489260196686, 0.46248698234558105, -0.012065458111464977, 0.5009230375289917, 1.7934523820877075, 0.5864402055740356, 0.43643051385879517, 0.46532630920410156, 0.1864648163318634, 0.5373459458351135, 0.15640175342559814, 0.5955435633659363, 0.43149644136428833, 0.7313851118087769, 0.34164556860923767, 1.5470588207244873, 0.2968903183937073, 1.4892363548278809, 0.5438965559005737, 0.27495452761650085, 0.978591799736023, 0.37831175327301025, 0.08849392831325531, 0.36691489815711975, 0.9620763659477234, 1.0250872373580933, 1.0239193439483643, 0.30838561058044434, 1.429549217224121, 0.2869585156440735]"
anticipate,"[2, 5, 8, 6, 18, 6, 3, 2, 8, 4]",34,"[0.657522976398468, 0.8816662430763245, 0.3897249698638916, 0.26340922713279724, 0.005303170531988144, 0.18432514369487762, 0.642693817615509, 1.4478564262390137, 0.7821041941642761, 0.42458319664001465, 0.7456348538398743, 0.5972542762756348, 0.03888598829507828, 0.4917494058609009, 1.1175392866134644, 1.104519248008728, 0.6652480363845825, 0.3512990474700928, 0.4422609806060791, 0.0005358163034543395, 0.3651149868965149, 0.27903562784194946, 1.065717101097107, 0.40748244524002075, 0.6751931309700012, 0.6658543944358826, 0.7503359317779541, 0.00606965459883213, 0.14256471395492554, 0.8962947130203247, 0.9659805297851562, 0.4136492908000946, 0.18348020315170288, 1.0236865282058716, 0.005496561992913485, 0.5891968011856079, -0.025748558342456818, 0.5660380125045776, 1.6885062456130981, 0.6984280347824097, 0.32691219449043274, 0.5455533862113953, -0.052676595747470856, 1.224320650100708, 0.047127075493335724, 0.5811547636985779, 0.6808381080627441, 0.8556039333343506, 0.32800012826919556, 1.166771411895752, 0.5219250917434692, 1.2044265270233154, 1.0557827949523926, 1.286386251449585, 0.9852316379547119, 0.3400864601135254, 0.8065162301063538, 0.26213690638542175, 1.0649287700653076, 0.52295982837677, 1.014690637588501, 0.3967758119106293, 0.34049591422080994, 0.2967471778392792]"
antithesis,"[2, 5, 8, 6, 8, 9, 4, 7, 6, 7]",34,"[0.585048496723175, 1.0575120449066162, 0.3379891514778137, 0.3589556813240051, 0.0029747728258371353, 0.4480524957180023, 0.8472588658332825, 0.9966723322868347, 0.6342107057571411, 0.2594989538192749, 0.6286764740943909, 0.5753127336502075, 0.020723335444927216, 0.5384605526924133, 1.0509238243103027, 0.5430635213851929, 0.6472761034965515, 0.670905590057373, 0.5616214275360107, -0.0010680663399398327, 0.3956696391105652, 0.14574973285198212, 0.8398669958114624, 0.4912921190261841, 0.7336043119430542, 0.7648523449897766, 0.6205945014953613, 0.009692991152405739, 0.3593749403953552, 1.1193602085113525, 0.8837467432022095, 0.5920270085334778, 0.45490607619285583, 0.8694045543670654, -0.005643416196107864, 0.8689972162246704, -0.01815182715654373, 0.3758313059806824, 1.2087230682373047, 0.9893303513526917, 0.5449134707450867, 0.6930263042449951, 0.054176390171051025, 0.9558362364768982, 0.0968637764453888, 0.4546196460723877, 0.6657125949859619, 1.008371353149414, 0.2501443028450012, 0.9310653209686279, 0.32623082399368286, 0.9185580015182495, 1.2055963277816772, 0.756123960018158, 0.8336638808250427, 0.25192990899086, 0.44287624955177307, 0.5484501123428345, 0.8168291449546814, 0.5593847036361694, 0.8673202395439148, 0.3161868751049042, 0.6065708994865417, 0.6120039224624634]"
assonance,"[2, 7, 7, 12, 5, 2, 5, 18, 4]",34,"[0.882670521736145, 0.7402136325836182, 0.5757609605789185, 0.5452153086662292, 0.011538437567651272, 0.587090015411377, 0.6064256429672241, 0.9473203420639038, 0.522892951965332, 0.17715278267860413, 0.5847421884536743, 0.5985227823257446, 0.00837724283337593, 0.36920738220214844, 0.6868772506713867, 0.42098233103752136, 0.9901753664016724, 0.597669243812561, 0.37695854902267456, 0.001094352570362389, 0.5596654415130615, 0.39618992805480957, 0.5235414505004883, 0.6410468220710754, 0.9374085664749146, 1.0205106735229492, 0.7522969245910645, 0.0037803351879119873, 0.3844958245754242, 0.5816638469696045, 0.9327267408370972, 0.760278582572937, 0.4830130934715271, 0.8233721852302551, -0.0007156780920922756, 0.5052685737609863, -0.00991581380367279, 0.5455477237701416, 1.2389066219329834, 0.6132131814956665, 0.3719547390937805, 0.37793904542922974, 0.09944494068622589, 0.6337887644767761, 0.08541479706764221, 0.5776684284210205, 0.49487632513046265, 0.5780382752418518, 0.2703022360801697, 1.0880204439163208, 0.26908281445503235, 0.9631288647651672, 0.6240273714065552, 0.4891778230667114, 0.6402419209480286, 0.38589197397232056, 0.20147667825222015, 0.3643352687358856, 0.7212514877319336, 0.644895076751709, 0.7141980528831482, 0.23325848579406738, 0.7550483345985413, 0.34004920721054077]"
cliché,"[18, 14, 6, 18, 9, 0]",34,"[1.0221538543701172, 0.5147103667259216, 0.8149224519729614, 0.6378195881843567, -0.003514133393764496, 0.3025745153427124, 0.6763508915901184, 0.8454013466835022, 0.5831037759780884, 0.14106278121471405, 0.7110018730163574, 0.6375494599342346, 0.0024833232164382935, 0.2633267045021057, 0.8871285915374756, 0.2522890865802765, 1.0034531354904175, 0.2077208161354065, 0.5340616703033447, 0.0037960046902298927, 0.49622154235839844, 0.70051509141922, 0.40567564964294434, 0.37056541442871094, 0.7918319702148438, 0.8203994631767273, 0.7336673736572266, -0.0005129463970661163, -0.027207229286432266, 0.5028049349784851, 0.7137820720672607, 0.5063773989677429, 0.3503134846687317, 0.7509688138961792, -0.0004739747382700443, 0.38930097222328186, -0.003344734665006399, 0.8333898782730103, 1.147921085357666, 0.7838557362556458, 0.015616263262927532, 0.29564031958580017, -0.0451197624206543, 0.7117530107498169, 0.3332194685935974, 0.9603711366653442, 0.8423250913619995, 0.4248471260070801, 0.018132351338863373, 1.0706932544708252, 0.2168227583169937, 0.800814151763916, 0.6515456438064575, 0.4741370677947998, 0.6588113903999329, 0.7491304278373718, 0.0546783022582531, 0.038148585706949234, 0.42127078771591187, 0.41689711809158325, 0.8159102201461792, 0.255833238363266, 0.7271820902824402, 0.3666386008262634]"
consonance,"[18, 12, 5, 7, 12, 5, 2, 5, 18, 4]",34,"[0.46762776374816895, 1.2223271131515503, 0.3828047513961792, 0.28864404559135437, 0.015108512714505196, 0.07383386790752411, 1.0985000133514404, 0.7290018200874329, 0.5265060663223267, 0.2060181349515915, 0.3751041293144226, 0.3467610478401184, 0.021503612399101257, 0.40003272891044617, 0.9252852201461792, 0.7341331243515015, 0.44254910945892334, 0.2787521481513977, 0.6199865341186523, 0.0010104539105668664, 0.23242108523845673, 0.38466694951057434, 0.9821871519088745, 0.11535420268774033, 0.3300800919532776, 0.2945256531238556, 0.46984362602233887, 0.003711322322487831, 0.14586594700813293, 1.1002817153930664, 0.42066988348960876, 0.22146283090114594, 0.20165479183197021, 0.46696436405181885, -0.0003749593161046505, 0.9389623403549194, -0.010713396593928337, 0.5215486884117126, 0.882577121257782, 1.1153420209884644, 0.2603411376476288, 0.6197929382324219, -0.04105544462800026, 1.2399184703826904, 0.09689611941576004, 0.7776937484741211, 0.8283420205116272, 0.9232224822044373, 0.18688443303108215, 0.579654335975647, 0.2402961701154709, 0.5510779619216919, 1.2575275897979736, 0.9424432516098022, 0.5227465629577637, 0.44137078523635864, 0.5792040824890137, 0.37418919801712036, 0.4324014186859131, 0.18597769737243652, 0.6345237493515015, 0.13869190216064453, 0.2538871169090271, 0.5697560906410217]"
diction,"[20, 6, 18, 8, 6, 12, 5]",34,"[0.61326664686203, 1.067076563835144, 0.3768971562385559, 0.24647915363311768, -0.00024712271988391876, 0.3165395259857178, 0.9847037196159363, 1.043461561203003, 0.4998531639575958, 0.4397881031036377, 0.7766281366348267, 0.4289343059062958, 0.023906376212835312, 0.3109298348426819, 0.8934396505355835, 0.7537856698036194, 0.6089528799057007, 0.4765339493751526, 0.6990815997123718, -0.0010830196551978588, 0.38530099391937256, 0.37763336300849915, 0.8617430925369263, 0.4646284580230713, 0.6031025052070618, 0.5958466529846191, 0.5998204946517944, -0.0014490708708763123, 0.285335510969162, 0.977127194404602, 0.7810166478157043, 0.4328073263168335, 0.27228617668151855, 0.7072141766548157, -0.002467651152983308, 0.8437553644180298, -0.01172874215990305, 0.5177582502365112, 1.1918697357177734, 1.1123456954956055, 0.4868837296962738, 0.5492256283760071, -0.04713418334722519, 1.0080832242965698, 0.16579152643680573, 0.7445898056030273, 0.8164036273956299, 0.834467351436615, 0.32067084312438965, 1.0432273149490356, 0.5687828660011292, 0.9026920795440674, 1.1515264511108398, 0.9256486296653748, 0.5585508346557617, 0.42180484533309937, 0.5747446417808533, 0.4359307289123535, 0.759836733341217, 0.5386977195739746, 0.6356506943702698, 0.49751657247543335, 0.4274991452693939, 0.5873197317123413]"
diligent,"[20, 6, 14, 6, 17, 4, 5, 8]",34,"[-0.019215092062950134, 2.345477342605591, 0.1800568699836731, 0.1936110556125641, 0.0017410442233085632, 0.11931653320789337, 1.980140209197998, 0.19706544280052185, 0.38950902223587036, 0.11223545670509338, -0.036667585372924805, 0.48827704787254333, 0.027164552360773087, 0.8760197758674622, 1.569682002067566, 0.4885547161102295, -0.06527816504240036, 0.892388105392456, 1.165785789489746, 1.6113044694066048e-06, -0.03333655744791031, 0.18534249067306519, 1.4983395338058472, -0.023759789764881134, 0.05209263414144516, 0.0712437629699707, 0.07419300079345703, -0.005861224606633186, 0.42101871967315674, 2.3919544219970703, 0.14110872149467468, 0.10583429038524628, 0.5092296004295349, 0.26281803846359253, 0.0010306821204721928, 2.1228621006011963, -0.0014583668671548367, 0.014421284198760986, 0.34749630093574524, 2.206383466720581, 0.8141669034957886, 1.492013931274414, 0.02988472767174244, 1.7876678705215454, 0.151749387383461, 1.0012211799621582, 1.224714756011963, 2.1161069869995117, 0.2787311375141144, -0.032175540924072266, 0.0799800232052803, 0.19686493277549744, 2.4850287437438965, 0.8046595454216003, 0.5212997198104858, 0.3184947371482849, 0.7647643685340881, 1.0818092823028564, 0.2603951692581177, -0.023576024919748306, 0.7680076360702515, 0.009073205292224884, 0.23581096529960632, 1.3680237531661987]"
ethos,"[4, 8, 9, 12, 7]",34,"[0.1357930600643158, 1.6472753286361694, 0.2664083242416382, 0.36079126596450806, 0.001078050583600998, 0.36462879180908203, 1.4485993385314941, 0.4963386356830597, 0.6322538256645203, 0.11897257715463638, 0.20169341564178467, 0.7084488272666931, 0.013136287219822407, 0.8909647464752197, 1.5160393714904785, 0.2631000876426697, 0.18297579884529114, 0.8862787485122681, 0.7526408433914185, 0.0013393686385825276, 0.11002706736326218, -0.020856395363807678, 0.9835074543952942, 0.14055946469306946, 0.41643017530441284, 0.49904003739356995, 0.37473559379577637, 0.003507203422486782, 0.3724979758262634, 1.828489065170288, 0.536970853805542, 0.4659229516983032, 0.5753058195114136, 0.6842561960220337, -0.016922272741794586, 1.5301880836486816, -0.018388405442237854, 0.0631006509065628, 0.7380001544952393, 1.5643006563186646, 0.6689092516899109, 1.1654733419418335, 0.031448960304260254, 1.2187563180923462, 0.09379632025957108, 0.4506649374961853, 0.7502303719520569, 1.703848123550415, 0.16550585627555847, 0.24136458337306976, 0.1322566419839859, 0.5130095481872559, 1.9550999402999878, 0.5179977416992188, 0.9328480958938599, 0.08587180823087692, 0.36091873049736023, 0.8806976675987244, 0.42937612533569336, 0.2530082166194916, 0.9064226150512695, 0.1655062735080719, 0.6536856293678284, 1.0467784404754639]"
euphemism,"[4, 13, 3, 9, 4, 19, 6, 7, 19]",34,"[0.0646052435040474, 1.82988703250885, 0.19970469176769257, 0.4094047248363495, 0.003326626494526863, 0.5802246928215027, 1.2128963470458984, 0.6925646662712097, 0.8175473809242249, 0.22383782267570496, 0.1658874750137329, 0.9614181518554688, 0.03896581754088402, 1.2719475030899048, 1.850874900817871, 0.5240888595581055, 0.19752319157123566, 1.3116451501846313, 0.8194944858551025, -0.002726223785430193, 0.09689952433109283, -0.10008880496025085, 1.3435529470443726, 0.3103518486022949, 0.6635896563529968, 0.7623780965805054, 0.3725384771823883, 0.006952731870114803, 0.6242812871932983, 2.236788511276245, 0.793296754360199, 0.5665866136550903, 0.8636693954467773, 1.037398338317871, -0.007888387888669968, 1.7497999668121338, -0.026336440816521645, -0.16773134469985962, 0.9788137078285217, 1.6211330890655518, 1.0675044059753418, 1.6288623809814453, 0.1368226557970047, 1.3954017162322998, 0.17916542291641235, 0.23614375293254852, 0.7780116200447083, 2.245115041732788, 0.37068238854408264, 0.2991816997528076, 0.19483351707458496, 0.7527499794960022, 2.3481791019439697, 0.8176389336585999, 1.2209994792938232, -0.05102097988128662, 0.7952505946159363, 1.2510826587677002, 0.9025489091873169, 0.4380435049533844, 1.2813724279403687, 0.1728018820285797, 0.824138343334198, 1.1189101934432983]"
exempt,"[4, 27, 4, 19, 3, 8]",34,"[0.45180147886276245, 1.0012925863265991, 0.33329665660858154, 0.3822949528694153, 0.0006988383829593658, 0.38867831230163574, 0.6943880915641785, 1.11854887008667, 0.9295487999916077, 0.22722384333610535, 0.5323452353477478, 0.809567928314209, 0.0062942299991846085, 0.8245973587036133, 1.3682397603988647, 0.6634538769721985, 0.5821774005889893, 0.6053255796432495, 0.4900839924812317, -0.001434768782928586, 0.2825482487678528, 0.06735879182815552, 0.9321730732917786, 0.4312093257904053, 0.8048190474510193, 0.7992981672286987, 0.7064974308013916, 0.004786362871527672, 0.2609138786792755, 1.2028547525405884, 1.022458791732788, 0.630407989025116, 0.4321366250514984, 1.1591616868972778, 0.0001824372448027134, 0.7614424824714661, -0.006086329463869333, 0.1563248336315155, 1.4746659994125366, 0.9173710942268372, 0.4936007857322693, 0.819336473941803, 0.06395294517278671, 1.0948748588562012, 0.1281922161579132, 0.3096572458744049, 0.6071035265922546, 1.2626196146011353, 0.23334625363349915, 0.8492977619171143, 0.2532361149787903, 1.0709012746810913, 1.351780891418457, 0.8614821434020996, 1.221773624420166, 0.1773611456155777, 0.5512412190437317, 0.5148049592971802, 0.9559412598609924, 0.4688722789287567, 1.2418291568756104, 0.24560093879699707, 0.66932612657547, 0.5479556918144226]"
free verse,"[22, 11, 4, 4, 31, 28, 4, 11, 7, 4]",34,"[1.8037195205688477, 0.159769207239151, 1.7949979305267334, 1.6315721273422241, 0.010203229263424873, 1.4190633296966553, 0.12012355029582977, 0.735053539276123, 0.9111379384994507, -0.08867304027080536, 0.4570288062095642, 1.5907036066055298, -0.014110345393419266, 0.9816287159919739, 1.1067075729370117, -0.17267927527427673, 2.4554669857025146, 0.8867799043655396, 0.2630319595336914, -0.003859550692141056, 1.039493441581726, 0.9236125349998474, -0.12753808498382568, 1.1033748388290405, 2.279519557952881, 2.637606382369995, 1.4557325839996338, 0.020300328731536865, 0.3782721757888794, 0.2748567461967468, 1.5408706665039062, 1.8364564180374146, 1.2768428325653076, 1.9939004182815552, 0.0009244442917406559, 0.10881727188825607, 0.01014832966029644, 0.40886199474334717, 2.0019662380218506, 0.3824976086616516, 0.22402049601078033, 0.517134964466095, 0.35930338501930237, 0.3086521327495575, 0.5496456623077393, 0.5604426860809326, 0.29945775866508484, 0.855116605758667, 0.06539463996887207, 1.5337319374084473, -0.12216340005397797, 1.5225695371627808, 0.39624518156051636, -0.24954567849636078, 1.4321550130844116, 0.5398964285850525, -0.1646086573600769, 0.21656008064746857, 0.7105579376220703, 0.9001203775405884, 1.7062877416610718, -0.006017208099365234, 2.465815305709839, 0.20711448788642883]"
jargon,"[23, 2, 11, 17, 12, 5]",34,"[0.5616080164909363, 0.575029730796814, 0.6641470789909363, 0.742114782333374, 0.012524658814072609, 0.9911743402481079, 0.3536604642868042, 0.5704781413078308, 0.5047414302825928, 0.14544996619224548, 0.2161175012588501, 0.9996752738952637, 0.007456619292497635, 0.92477947473526, 1.0278400182724, 0.13975557684898376, 0.8987904191017151, 1.1213014125823975, 0.1598663628101349, 0.0015792363556101918, 0.4245392680168152, 0.16971907019615173, 0.30811750888824463, 0.7905030250549316, 1.1924580335617065, 1.3850436210632324, 0.6944166421890259, -0.0037599653005599976, 0.6394109129905701, 0.7051442861557007, 1.0594661235809326, 0.9921625852584839, 0.9190460443496704, 1.114198923110962, 0.006440697703510523, 0.5987467765808105, -0.00909892376512289, 0.019449084997177124, 1.199296236038208, 0.5339162945747375, 0.6912950873374939, 0.8331634402275085, 0.30361518263816833, 0.42531678080558777, 0.17124903202056885, 0.10296379774808884, 0.16074465215206146, 1.143221378326416, 0.404119074344635, 0.6995553970336914, 0.1405518651008606, 1.0412180423736572, 0.7196948528289795, 0.15102875232696533, 0.9926158785820007, 0.012640029191970825, 0.12551480531692505, 0.6580860018730164, 0.8201184272766113, 0.6837751269340515, 0.9245275259017944, 0.12688502669334412, 1.2552928924560547, 0.35106170177459717]"
logos,"[14, 12, 17, 12, 7]",34,"[0.03257705271244049, 1.9149901866912842, 0.14740118384361267, 0.2435799539089203, 0.016469856724143028, 0.2853085398674011, 1.547731637954712, 0.32189851999282837, 0.4195927679538727, 0.15982955694198608, 0.08940786123275757, 0.41701212525367737, 0.026653893291950226, 0.7722435593605042, 1.2687963247299194, 0.4707450866699219, 0.07670371234416962, 0.9379072189331055, 0.8511698246002197, -0.0012280120281502604, 0.06820602715015411, 0.030019961297512054, 1.2440192699432373, 0.1497115194797516, 0.19297289848327637, 0.25745221972465515, 0.20446011424064636, 0.009531557559967041, 0.5143701434135437, 1.987641453742981, 0.2708178162574768, 0.2871171832084656, 0.5384441614151001, 0.35956335067749023, -0.0032215313985943794, 1.7525389194488525, -0.010265691205859184, 0.06631633639335632, 0.4546026587486267, 1.732283115386963, 0.8211593627929688, 1.253627061843872, 0.06889412552118301, 1.389652132987976, 0.0986739844083786, 0.5712379217147827, 0.8852883577346802, 1.7537120580673218, 0.28788071870803833, 0.11141568422317505, 0.18569521605968475, 0.31629690527915955, 2.0659708976745605, 0.7906931638717651, 0.5736397504806519, 0.11959479004144669, 0.7170141339302063, 1.0335530042648315, 0.37508559226989746, 0.1836424469947815, 0.6089770793914795, 0.10889358073472977, 0.34498149156570435, 1.0746430158615112]"
meter,"[19, 4, 8, 4, 11]",34,"[0.36743593215942383, 1.3933535814285278, 0.420160710811615, 0.40705013275146484, 0.0009789951145648956, 0.2555829882621765, 1.2561545372009277, 0.6985862851142883, 0.7595853209495544, 0.07034176588058472, 0.2589395046234131, 0.7176117300987244, -0.0012014256790280342, 0.7973554730415344, 1.4395396709442139, 0.3488627076148987, 0.3936207890510559, 0.5428369045257568, 0.7854928374290466, -0.00053171266335994, 0.15188834071159363, 0.23836059868335724, 0.9427842497825623, 0.15993008017539978, 0.5343278050422668, 0.5078072547912598, 0.5381722450256348, 0.001490594819188118, 0.1557217836380005, 1.5137754678726196, 0.6426831483840942, 0.4248141646385193, 0.42663806676864624, 0.8208167552947998, -0.0039193653501570225, 1.1931416988372803, 0.005350654944777489, 0.18457765877246857, 0.9668894410133362, 1.3744646310806274, 0.37844526767730713, 0.9812901616096497, -0.009854087606072426, 1.2689471244812012, 0.16485637426376343, 0.7188847064971924, 0.9132432341575623, 1.5175992250442505, 0.0879637598991394, 0.49137264490127563, 0.04271043464541435, 0.6559053063392639, 1.7048077583312988, 0.5798633694648743, 0.9487962126731873, 0.38138818740844727, 0.31340157985687256, 0.5769914984703064, 0.525682270526886, 0.1857190728187561, 1.0995768308639526, 0.088814876973629, 0.5497283339500427, 0.8551652431488037]"
morpheme,"[19, 12, 11, 3, 9, 4, 19, 4]",34,"[0.7111228704452515, 1.1100863218307495, 0.7040703892707825, 0.7238746285438538, 0.0028827693313360214, 0.6353743076324463, 0.8319810032844543, 0.8194636106491089, 0.830910861492157, 0.1319732367992401, 0.3603839874267578, 1.0189392566680908, 0.003416033461689949, 0.9710909724235535, 1.4318543672561646, 0.2583335041999817, 0.8872158527374268, 0.8059400320053101, 0.5796123743057251, -0.0013108262792229652, 0.37840092182159424, 0.35363614559173584, 0.7081361413002014, 0.49541157484054565, 1.026677131652832, 1.148504614830017, 0.7942168712615967, 0.0014051496982574463, 0.31163352727890015, 1.2479608058929443, 0.9644655585289001, 0.8372448086738586, 0.7676790952682495, 1.2181892395019531, 0.007700498681515455, 0.9775159358978271, 0.004879559390246868, 0.10901214182376862, 1.3294388055801392, 1.092574954032898, 0.4973084032535553, 0.9802632331848145, 0.07202289253473282, 0.9545662999153137, 0.22616419196128845, 0.517106294631958, 0.6104209423065186, 1.448280692100525, 0.17000076174736023, 0.8070539832115173, 0.09871482849121094, 1.0190576314926147, 1.4054272174835205, 0.37369677424430847, 1.172521710395813, 0.2806575894355774, 0.27644893527030945, 0.585014283657074, 0.7295748591423035, 0.49786078929901123, 1.3280569314956665, 0.12033682316541672, 1.1302096843719482, 0.6888811588287354]"
oxymoron,"[12, 27, 21, 19, 12, 11, 12, 5]",34,"[0.004091888666152954, 1.9832897186279297, -0.021500974893569946, -0.02696835994720459, 0.0016193054616451263, 0.038972169160842896, 1.4840524196624756, 0.7937712669372559, 0.7072349786758423, 0.3206714391708374, 0.24533775448799133, 0.40287113189697266, 0.04711247235536575, 0.8847194314002991, 1.5136197805404663, 1.0983467102050781, -0.048505447804927826, 0.6583958864212036, 0.8189489841461182, 0.004040461964905262, 0.050013523548841476, 0.020648397505283356, 1.7831759452819824, 0.04034044221043587, 0.14825163781642914, 0.00792832300066948, 0.24070917069911957, 0.0001829247921705246, 0.3856581449508667, 2.1743245124816895, 0.3818853497505188, 0.0841788575053215, 0.2711901366710663, 0.5730367302894592, -0.004958822391927242, 1.7815303802490234, -0.0005525699816644192, 0.12052121758460999, 0.9477893114089966, 1.7187347412109375, 0.8216670751571655, 1.3200346231460571, 0.006483228877186775, 1.8523683547973633, 0.0023841559886932373, 0.5249289274215698, 0.917900562286377, 1.9140101671218872, 0.3902161419391632, 0.26484787464141846, 0.33543187379837036, 0.5751027464866638, 2.3000905513763428, 1.484696388244629, 0.8193598985671997, 0.07008244097232819, 1.230811595916748, 0.9681298136711121, 0.7904514074325562, 0.13904570043087006, 0.8494935035705566, 0.1908310055732727, 0.04871710017323494, 0.9472658634185791]"
paradox,"[3, 2, 11, 2, 20, 12, 27]",34,"[0.19105622172355652, 1.9850993156433105, 0.23497232794761658, 0.23977020382881165, 0.011780384927988052, 0.11781519651412964, 1.6881427764892578, 0.4209831953048706, 0.43890827894210815, 0.16602149605751038, 0.1983187347650528, 0.3344537615776062, 0.023748496547341347, 0.6906613707542419, 1.3099020719528198, 0.6285536289215088, 0.15099501609802246, 0.6740416288375854, 0.9730689525604248, 0.0037502534687519073, 0.0841277539730072, 0.2609839141368866, 1.3799915313720703, 0.03752418980002403, 0.1624647080898285, 0.11807377636432648, 0.21736431121826172, 0.00430240947753191, 0.35025808215141296, 1.9689511060714722, 0.23157483339309692, 0.13437096774578094, 0.388884961605072, 0.2878904938697815, 0.002158532850444317, 1.698850393295288, -0.014403224922716618, 0.2568339705467224, 0.5878268480300903, 1.8598995208740234, 0.6189265847206116, 1.1773653030395508, -0.008908681571483612, 1.618084192276001, 0.09919305145740509, 0.890963077545166, 1.0761626958847046, 1.6506084203720093, 0.25942543148994446, 0.18442244827747345, 0.19764113426208496, 0.3644677400588989, 2.0872974395751953, 0.9495318531990051, 0.5226259231567383, 0.3372240364551544, 0.7936179041862488, 0.8151975274085999, 0.30035829544067383, 0.14027747511863708, 0.6587468385696411, 0.10937434434890747, 0.20722928643226624, 1.0510177612304688]"
pathos,"[3, 2, 8, 9, 12, 7]",34,"[0.18465064465999603, 1.7124614715576172, 0.278016060590744, 0.39102703332901, 0.007820838131010532, 0.43568503856658936, 1.4417321681976318, 0.5078659057617188, 0.5760669708251953, 0.1500641107559204, 0.2158518135547638, 0.6381322145462036, 0.02114270254969597, 0.8927322626113892, 1.419580101966858, 0.30461227893829346, 0.2690328359603882, 0.9908238649368286, 0.8215782642364502, -0.0025014332495629787, 0.12776686251163483, 0.04402822628617287, 1.0458955764770508, 0.22591884434223175, 0.49736732244491577, 0.5677143931388855, 0.39662277698516846, 0.009950285777449608, 0.48366090655326843, 1.889060616493225, 0.5573505163192749, 0.4950331449508667, 0.6425988674163818, 0.6837536692619324, -0.005330839194357395, 1.6089162826538086, -0.016078965738415718, 0.05346734821796417, 0.7161237001419067, 1.6480029821395874, 0.7736655473709106, 1.2360577583312988, 0.04660627245903015, 1.2482326030731201, 0.132167786359787, 0.5279849767684937, 0.8086825609207153, 1.7768272161483765, 0.23033350706100464, 0.3225138187408447, 0.1518632173538208, 0.539270281791687, 2.0067100524902344, 0.5640853643417358, 0.8412021398544312, 0.1301131397485733, 0.4794187545776367, 0.9638212323188782, 0.4973102807998657, 0.3108048141002655, 0.876185953617096, 0.16667592525482178, 0.6500931978225708, 1.080336093902588]"
pun,"[3, 13, 5]",34,"[0.23811444640159607, 1.345987319946289, 0.2546781003475189, 0.29059118032455444, -0.004157807677984238, 0.25579825043678284, 1.1892988681793213, 0.5098886489868164, 0.5460500717163086, 0.19101101160049438, 0.2821196913719177, 0.465938538312912, 0.018883856013417244, 0.6338395476341248, 1.119779109954834, 0.35661759972572327, 0.2654469907283783, 0.6091064214706421, 0.7415509223937988, -0.004754374735057354, 0.18216663599014282, 0.17426280677318573, 0.9214213490486145, 0.1705855131149292, 0.3280983865261078, 0.37517157196998596, 0.4230040907859802, -0.0019373781979084015, 0.2783196270465851, 1.4755922555923462, 0.44419774413108826, 0.3462424576282501, 0.4550633728504181, 0.5545625686645508, 0.006718593183904886, 1.2630648612976074, 0.00032479967921972275, 0.17459499835968018, 0.6256721019744873, 1.369653582572937, 0.5464040637016296, 0.9120849370956421, -0.03156440332531929, 1.09048593044281, 0.18240879476070404, 0.5891985893249512, 0.8487206697463989, 1.3417731523513794, 0.17138636112213135, 0.408142626285553, 0.1923227310180664, 0.4582638740539551, 1.6414333581924438, 0.6287290453910828, 0.6627672910690308, 0.269399493932724, 0.4294513463973999, 0.6819127798080444, 0.4160259962081909, 0.23086516559123993, 0.7231007218360901, 0.22465729713439941, 0.38935911655426025, 0.8696579933166504]"
register,"[11, 4, 17, 6, 7, 8, 4, 11]",34,"[0.14918465912342072, 2.3472607135772705, 0.5145930647850037, 0.6242934465408325, 0.01031599659472704, 0.45490503311157227, 2.030911922454834, 0.09364471584558487, 0.5974240303039551, -0.081541046500206, -0.05018173158168793, 0.8918452858924866, 0.021912768483161926, 1.1766571998596191, 1.9824273586273193, 0.06266997754573822, 0.27969488501548767, 1.1580727100372314, 1.2656294107437134, -0.0020357456523925066, 0.02805953100323677, 0.2950746417045593, 1.2863776683807373, 0.09048005938529968, 0.44326096773147583, 0.6299854516983032, 0.16901135444641113, -0.0007823426276445389, 0.4340671896934509, 2.555302858352661, 0.3248046636581421, 0.3981715440750122, 0.8714746236801147, 0.6816170811653137, 0.005572882015258074, 2.1909115314483643, -0.015611313283443451, -0.010069131851196289, 0.40265536308288574, 2.3727447986602783, 0.8056417107582092, 1.791624665260315, 0.08518776297569275, 1.7391177415847778, 0.3322735130786896, 0.9947726726531982, 1.301487684249878, 2.4461419582366943, 0.07327805459499359, -0.021300658583641052, -0.1395808607339859, 0.26843586564064026, 2.7251334190368652, 0.41092830896377563, 0.8869262933731079, 0.3658784031867981, 0.46151676774024963, 1.162503957748413, 0.1650591790676117, 0.13352230191230774, 1.1815630197525024, -0.08189209550619125, 0.9084144234657288, 1.5344533920288086]"
repetition,"[11, 4, 3, 4, 8, 6, 8, 6, 12, 5]",34,"[0.736272931098938, 0.42544108629226685, 0.2892040014266968, 0.2407286912202835, 0.002928204834461212, 0.5699081420898438, 0.24644023180007935, 1.7091889381408691, 0.7799839973449707, 0.5810254216194153, 1.0855213403701782, 0.6101142168045044, 0.028489327058196068, 0.41647249460220337, 0.8182187080383301, 0.9616129398345947, 0.8744383454322815, 0.47480493783950806, 0.2771732807159424, -0.0019855427090078592, 0.5975746512413025, 0.11225982010364532, 0.7342031002044678, 0.8404749035835266, 1.0112303495407104, 1.01100754737854, 0.9391002655029297, -0.004623692482709885, 0.3707089424133301, 0.47280919551849365, 1.4159417152404785, 0.7704747319221497, 0.23767033219337463, 1.274324893951416, -0.005584487691521645, 0.2552732229232788, -0.021082524210214615, 0.43673840165138245, 1.9274314641952515, 0.3062972128391266, 0.5277409553527832, 0.30764976143836975, 0.0033347997814416885, 0.7066186666488647, 0.036870598793029785, 0.20715585350990295, 0.39371752738952637, 0.5028496980667114, 0.4961862862110138, 1.527417778968811, 0.7764147520065308, 1.538381814956665, 0.6252267360687256, 0.9903852939605713, 1.0326378345489502, 0.18086184561252594, 0.578777015209198, 0.2966102957725525, 1.3724933862686157, 0.8727338314056396, 0.941155195236206, 0.6713356375694275, 0.5690608024597168, 0.14428050816059113]"
retrieve,"[11, 4, 8, 11, 6, 4, 28, 4]",34,"[1.5098096132278442, 0.23952782154083252, 1.4964035749435425, 1.2737845182418823, 0.013145921751856804, 1.0077753067016602, 0.19065287709236145, 0.8439303636550903, 0.9013246893882751, 0.06322896480560303, 0.49347901344299316, 1.444267749786377, -0.0034235194325447083, 0.8651500940322876, 1.256181240081787, 0.04627399146556854, 1.9204564094543457, 0.636582612991333, 0.34386321902275085, -0.0019219884416088462, 0.765061616897583, 0.9394010901451111, 0.06323029845952988, 0.7897914052009583, 1.7876874208450317, 1.995403528213501, 1.2723802328109741, 0.008431913331151009, 0.1998828649520874, 0.3954276442527771, 1.333554744720459, 1.3876022100448608, 0.9567211270332336, 1.733476996421814, 0.004942041356116533, 0.1715153157711029, 0.0024934103712439537, 0.38885223865509033, 1.836280345916748, 0.5185382962226868, 0.17764471471309662, 0.536169171333313, 0.13905513286590576, 0.45079463720321655, 0.5514115691184998, 0.5850802063941956, 0.4394550919532776, 0.8538838028907776, 0.13266006112098694, 1.3114542961120605, 0.042407020926475525, 1.3413867950439453, 0.571777880191803, -0.04083670675754547, 1.3396527767181396, 0.6590296030044556, 0.008495362475514412, 0.1513407826423645, 0.7188277840614319, 0.6655137538909912, 1.5725356340408325, 0.09475916624069214, 1.9090756177902222, 0.30250677466392517]"
rhetoric,"[11, 9, 4, 8, 12, 11, 6, 18]",34,"[0.4134974777698517, 1.7071682214736938, 0.3880355656147003, 0.39805713295936584, 0.011475799605250359, 0.20857077836990356, 1.4703314304351807, 0.6113852262496948, 0.6371884942054749, 0.17545071244239807, 0.315643846988678, 0.6228670477867126, 0.02163708582520485, 0.7419832944869995, 1.4707951545715332, 0.474404901266098, 0.3540366590023041, 0.6460270881652832, 0.9019576907157898, 0.0012889831559732556, 0.1406659036874771, 0.3073287010192871, 1.1750750541687012, 0.13665667176246643, 0.4237510859966278, 0.4141921401023865, 0.39320439100265503, -0.004166692495346069, 0.23355711996555328, 1.7257697582244873, 0.5232830047607422, 0.33450472354888916, 0.4904572069644928, 0.6418402791023254, 0.01161404512822628, 1.4558687210083008, 0.02027742750942707, 0.20989036560058594, 0.8002377152442932, 1.6773470640182495, 0.5410875082015991, 1.1249654293060303, -0.03314972668886185, 1.4557850360870361, 0.18125952780246735, 0.7984499931335449, 1.0218524932861328, 1.5966581106185913, 0.16807210445404053, 0.4420204758644104, 0.17891930043697357, 0.6096024513244629, 1.963718295097351, 0.7533386945724487, 0.8069347143173218, 0.40115228295326233, 0.5159593224525452, 0.7259987592697144, 0.4313027858734131, 0.20738308131694794, 0.9580363631248474, 0.1184057891368866, 0.5439707636833191, 0.9904813170433044]"
rhyme scheme,"[11, 9, 21, 19, 4, 31, 7, 18, 9, 4, 19, 4]",34,"[1.45528244972229, 0.43925678730010986, 1.405225396156311, 1.3867992162704468, -0.0013128295540809631, 1.6020176410675049, 0.3399425745010376, 0.7729308009147644, 0.6007771492004395, 0.03640156611800194, 0.43021532893180847, 1.2607121467590332, -0.005244221538305283, 0.9182160496711731, 0.8001763820648193, -0.0975923240184784, 2.0807948112487793, 1.2942806482315063, 0.2952873408794403, -0.0011615743860602379, 0.9579782485961914, 0.5824500322341919, 0.024796877056360245, 1.2061196565628052, 2.1580326557159424, 2.477309226989746, 1.1900020837783813, 0.005697434768080711, 0.7598223686218262, 0.32943421602249146, 1.5542049407958984, 1.7359098196029663, 1.3507170677185059, 1.6205646991729736, -0.004876089282333851, 0.4308184087276459, -0.026584280654788017, 0.2492068111896515, 1.7821038961410522, 0.43330180644989014, 0.6212328672409058, 0.669087290763855, 0.4856193959712982, 0.19344298541545868, 0.281383216381073, 0.43805885314941406, 0.16903388500213623, 1.030934453010559, 0.31564152240753174, 1.4631462097167969, 0.01294335350394249, 1.5621153116226196, 0.3938460946083069, -0.14238275587558746, 1.0793063640594482, 0.19860020279884338, -0.147250697016716, 0.5422346591949463, 0.8758337497711182, 1.1481153964996338, 1.2433992624282837, 0.046049028635025024, 2.1997666358947754, 0.2652336657047272]"
scarce,"[7, 18, 2, 11, 18, 4]",34,"[1.3372102975845337, 0.420038640499115, 1.199255347251892, 0.9518781900405884, 0.0076630571857094765, 0.6202487945556641, 0.49011045694351196, 0.8172276020050049, 0.749829888343811, 0.07800998538732529, 0.5931206345558167, 1.052286148071289, -0.009985433891415596, 0.5493443012237549, 1.0749497413635254, 0.10550197958946228, 1.4899235963821411, 0.3849402964115143, 0.4405975937843323, 0.0015125138452276587, 0.6334912180900574, 0.9169453382492065, 0.18384626507759094, 0.5487926006317139, 1.2709782123565674, 1.36146080493927, 1.0290008783340454, 0.0010938607156276703, 0.04763660207390785, 0.4681573510169983, 0.996012270450592, 0.9662809371948242, 0.6187646389007568, 1.2256394624710083, -0.0031225187703967094, 0.33969640731811523, -0.0022358251735568047, 0.6264858245849609, 1.4340649843215942, 0.7283666133880615, 0.04210979491472244, 0.40645793080329895, 0.011509032920002937, 0.5712289214134216, 0.45381420850753784, 0.8497668504714966, 0.6594932675361633, 0.6113743782043457, 0.068584144115448, 1.1659355163574219, 0.11902372539043427, 1.017019510269165, 0.5966622829437256, 0.15560729801654816, 0.9687154293060303, 0.7798582315444946, -0.014391624368727207, 0.0649181380867958, 0.49229586124420166, 0.5076718926429749, 1.1739293336868286, 0.15847432613372803, 1.3190124034881592, 0.3395485281944275]"
slang,"[7, 14, 2, 5, 17]",34,"[0.28545480966567993, 1.3447378873825073, 0.3002772033214569, 0.3629257380962372, 0.009074562229216099, 0.39135468006134033, 1.2672631740570068, 0.5393562316894531, 0.4616849422454834, 0.1481688916683197, 0.22413785755634308, 0.5783625841140747, 0.015452232211828232, 0.6574822664260864, 1.1292805671691895, 0.3123928904533386, 0.36080193519592285, 0.7785474061965942, 0.7365673184394836, -0.0001941649243235588, 0.1833869218826294, 0.10262921452522278, 0.8641586303710938, 0.3166086673736572, 0.46581602096557617, 0.5365367531776428, 0.4066218137741089, -0.0005983561277389526, 0.4080795347690582, 1.4168723821640015, 0.5483914017677307, 0.4713936746120453, 0.5273255109786987, 0.5901675224304199, 0.0010710163041949272, 1.283010482788086, 0.0035224128514528275, 0.14979076385498047, 0.729600191116333, 1.3554911613464355, 0.5729729533195496, 0.9317349791526794, 0.08071082085371017, 1.0455448627471924, 0.1410611867904663, 0.6226906776428223, 0.827734112739563, 1.3938376903533936, 0.26043209433555603, 0.4752020835876465, 0.16349850594997406, 0.5688964128494263, 1.5460076332092285, 0.50932377576828, 0.6533492803573608, 0.25728267431259155, 0.3262243866920471, 0.7676569223403931, 0.5168743133544922, 0.30246827006340027, 0.7176684141159058, 0.15661638975143433, 0.5035449266433716, 0.8603866696357727]"
style,"[7, 8, 21, 14, 4]",34,"[1.2699172496795654, 0.6936637163162231, 1.3364644050598145, 1.209641456604004, 0.0033752117305994034, 0.9377584457397461, 0.7334294319152832, 0.6523306965827942, 0.7426539659500122, 0.06073668971657753, 0.3524399399757385, 1.2551159858703613, -0.012968521565198898, 0.8723297119140625, 1.1921416521072388, 0.03934573009610176, 1.6437441110610962, 0.8031654357910156, 0.5232671499252319, -0.0001626851735636592, 0.6373359560966492, 0.7658967971801758, 0.24356883764266968, 0.638953685760498, 1.5661503076553345, 1.7896556854248047, 1.1169918775558472, 0.007099632173776627, 0.29486244916915894, 0.7486739754676819, 1.1121609210968018, 1.2228665351867676, 1.0634105205535889, 1.4053653478622437, -0.003622947260737419, 0.6657842993736267, -0.008035494014620781, 0.33498433232307434, 1.465658187866211, 0.9830340147018433, 0.24577198922634125, 0.7315871715545654, 0.13516342639923096, 0.6166498064994812, 0.4232831597328186, 0.7341210842132568, 0.5489341020584106, 1.139827013015747, 0.128308966755867, 1.0772734880447388, -0.015181828290224075, 1.1094166040420532, 0.9455022811889648, 0.019746169447898865, 1.0739200115203857, 0.5038262605667114, -0.037457361817359924, 0.38838085532188416, 0.5445045232772827, 0.6645014882087708, 1.3456830978393555, 0.029614895582199097, 1.7822426557540894, 0.5534194707870483]"
syntax,"[7, 21, 5, 8, 2, 27]",34,"[0.11583389341831207, 1.531184434890747, 0.22380441427230835, 0.20556581020355225, 0.0028443802148103714, 0.10807502269744873, 1.1964986324310303, 0.6947118043899536, 0.7347350120544434, 0.20819520950317383, 0.21012796461582184, 0.5600155591964722, 0.018562015146017075, 0.8476991653442383, 1.4738987684249878, 0.7177874445915222, 0.10294608771800995, 0.5580724477767944, 0.7130745649337769, -5.585991311818361e-05, 0.04814569652080536, 0.10714511573314667, 1.2686996459960938, 0.026781145483255386, 0.29300621151924133, 0.23278935253620148, 0.3849516212940216, 0.0067805517464876175, 0.22134409844875336, 1.7151470184326172, 0.4635442793369293, 0.21778656542301178, 0.34855735301971436, 0.6706116199493408, -0.012325761839747429, 1.322991132736206, -0.01805386319756508, 0.14044497907161713, 0.8870079517364502, 1.3989828824996948, 0.5196139812469482, 1.0965012311935425, -0.004420934244990349, 1.48048734664917, 0.13599789142608643, 0.5039618015289307, 0.8975278735160828, 1.613739252090454, 0.20595262944698334, 0.2738063931465149, 0.18391500413417816, 0.553076982498169, 1.9009264707565308, 1.0502266883850098, 0.906510055065155, 0.21134032309055328, 0.7867461442947388, 0.6693834066390991, 0.605802059173584, 0.11763618886470795, 0.9907339811325073, 0.1392214000225067, 0.2952350676059723, 0.8027819395065308]"
voice,"[28, 12, 6, 18, 4]",34,"[1.1879069805145264, 0.9594265818595886, 1.2489622831344604, 0.9790631532669067, 0.0029414035379886627, 0.5194774866104126, 1.0373873710632324, 0.5229498147964478, 0.6670137643814087, 0.0355798602104187, 0.4028962254524231, 1.0770487785339355, 0.0010680761188268661, 0.6581185460090637, 1.3844126462936401, 0.058653779327869415, 1.2894574403762817, 0.509076714515686, 0.8525935411453247, 0.001232484937645495, 0.4701947569847107, 1.0326011180877686, 0.47233954071998596, 0.3349709212779999, 1.0522710084915161, 1.2041218280792236, 0.7895888090133667, -0.003481430932879448, 0.05701914802193642, 1.0309966802597046, 0.7173197865486145, 0.7356873750686646, 0.7335379719734192, 1.0090664625167847, 0.00978231430053711, 0.8502457141876221, -0.009130227379500866, 0.6002737879753113, 1.1117284297943115, 1.3764234781265259, 0.15636567771434784, 0.7896672487258911, 0.0029929373413324356, 0.986609935760498, 0.5890787839889526, 1.2304242849349976, 1.0911014080047607, 1.1036854982376099, 0.017240773886442184, 0.878903329372406, 0.032668258994817734, 0.7788828611373901, 1.2186031341552734, 0.19951282441616058, 0.8381328582763672, 0.9517303109169006, 0.08117720484733582, 0.2595445513725281, 0.23887403309345245, 0.3466610610485077, 1.2233868837356567, 0.07200625538825989, 1.2808915376663208, 0.7607947587966919]"
acknowledge,"[2, 18, 16, 5, 12, 26, 14, 4, 20, 17, 4]",34,"[1.4835753440856934, 0.24535918235778809, 1.0558955669403076, 0.8987196087837219, 0.00036744028329849243, 1.2330355644226074, 0.16396521031856537, 1.2200109958648682, 0.5571889877319336, 0.28958413004875183, 0.7694986462593079, 0.9896175861358643, 0.008224965073168278, 0.5265094041824341, 0.5302635431289673, 0.4156550168991089, 1.9401354789733887, 0.8676332235336304, 0.09155374020338058, 0.0006045015761628747, 1.079782247543335, 0.44108936190605164, 0.2288227081298828, 1.217176079750061, 1.8315305709838867, 2.0709691047668457, 1.2725683450698853, -0.000799151137471199, 0.562505841255188, 0.14434155821800232, 1.6176607608795166, 1.4456219673156738, 0.8553224802017212, 1.5062726736068726, 0.0075071449391543865, 0.09798084199428558, -0.006086451467126608, 0.4579281806945801, 2.012488842010498, 0.18806949257850647, 0.4804634153842926, 0.2458191215991974, 0.25230953097343445, 0.2700437605381012, 0.0904122143983841, 0.36957699060440063, 0.15717512369155884, 0.4469010829925537, 0.4710640609264374, 1.767516016960144, 0.37768882513046265, 1.6406466960906982, 0.08184381574392319, 0.2687384784221649, 0.976083517074585, 0.22227559983730316, 0.15189747512340546, 0.2686132788658142, 1.1330013275146484, 1.1180404424667358, 0.9645678997039795, 0.32580238580703735, 1.494594693183899, 0.057614050805568695]"
annotate,"[2, 5, 5, 12, 8, 2, 8, 4]",34,"[0.41433295607566833, 0.7462736368179321, 0.2975478768348694, 0.28613293170928955, 0.009539734572172165, 0.3871181011199951, 0.4175410866737366, 1.322998046875, 0.7560393810272217, 0.34518760442733765, 0.49333834648132324, 0.6194502115249634, 0.02870906889438629, 0.6428593993186951, 0.9894304275512695, 0.9404646158218384, 0.5635315775871277, 0.5035194754600525, 0.23958051204681396, -0.0010869915131479502, 0.3057823181152344, 0.024746976792812347, 0.8721877336502075, 0.4799037575721741, 0.7242137789726257, 0.7708548903465271, 0.7385769486427307, 0.0058681052178144455, 0.31933990120887756, 0.7640367150306702, 1.0353599786758423, 0.5880463123321533, 0.29281601309776306, 1.096632480621338, -0.004197100643068552, 0.49645593762397766, -0.022724565118551254, 0.2126903086900711, 1.592971682548523, 0.40500956773757935, 0.4386598467826843, 0.578447163105011, 0.040918417274951935, 0.952660083770752, -0.05671714246273041, 0.14289610087871552, 0.3249000310897827, 0.9989966154098511, 0.3806796371936798, 0.9198006391525269, 0.3808611035346985, 1.1547924280166626, 0.903577446937561, 0.9786714315414429, 1.034724473953247, 0.03542356193065643, 0.6374536752700806, 0.36702659726142883, 1.131316065788269, 0.49896448850631714, 0.9734094738960266, 0.2860625684261322, 0.43263259530067444, 0.26793181896209717]"
appraise,"[2, 3, 3, 11, 2, 6, 7, 4]",34,"[0.895761251449585, 0.6688865423202515, 0.663674533367157, 0.7412143349647522, 0.012793279252946377, 0.9100123047828674, 0.4211658239364624, 1.074826717376709, 0.7730318307876587, 0.2973965108394623, 0.6699265837669373, 1.057187557220459, 0.005156407132744789, 0.8954068422317505, 1.1929470300674438, 0.3357457220554352, 1.1812256574630737, 1.0056337118148804, 0.40522414445877075, -0.0027485054451972246, 0.6110762357711792, 0.21504777669906616, 0.4691188931465149, 0.8486573100090027, 1.3884180784225464, 1.4744127988815308, 0.9742543697357178, 0.014055000618100166, 0.5132596492767334, 0.9040336608886719, 1.3477537631988525, 1.1378346681594849, 0.8644760847091675, 1.4329135417938232, -0.0006681233644485474, 0.6107679605484009, -0.01687793806195259, 0.19355937838554382, 1.679192066192627, 0.6642975807189941, 0.628473162651062, 0.7501714825630188, 0.15386426448822021, 0.6187860369682312, 0.18088863790035248, 0.2199157178401947, 0.37739643454551697, 1.0668609142303467, 0.37723517417907715, 1.2149220705032349, 0.33885902166366577, 1.3730714321136475, 0.9982531070709229, 0.37144410610198975, 1.250851035118103, 0.16910551488399506, 0.30322685837745667, 0.6012311577796936, 1.0801336765289307, 0.9056253433227539, 1.2538248300552368, 0.3381892740726471, 1.3054440021514893, 0.44940292835235596]"
coherence,"[18, 12, 9, 4, 11, 4, 5, 18, 4]",34,"[0.8650864362716675, 1.081835150718689, 0.78631991147995, 0.6383383274078369, 0.004911167547106743, 0.3650793135166168, 0.9649379253387451, 0.7311616539955139, 0.6011143922805786, 0.11922551691532135, 0.43907850980758667, 0.6835861206054688, -0.0011149700731039047, 0.5270522832870483, 1.0636744499206543, 0.47828105092048645, 0.9138033390045166, 0.41925621032714844, 0.630982518196106, 0.00045381311792880297, 0.4034867286682129, 0.6252111196517944, 0.7183761596679688, 0.3426213264465332, 0.7669001817703247, 0.8303542733192444, 0.7004115581512451, 0.010100485756993294, 0.15380162000656128, 0.9877021312713623, 0.6834625601768494, 0.5571964383125305, 0.4490967392921448, 0.8102681040763855, -0.0014989881310611963, 0.8175868988037109, -0.018658477813005447, 0.534221887588501, 1.1520668268203735, 1.0877546072006226, 0.23808369040489197, 0.6099279522895813, 0.04049871861934662, 1.0796626806259155, 0.22827640175819397, 0.9279917478561401, 0.8171661496162415, 0.9643818140029907, 0.1292066127061844, 0.802278995513916, 0.11621665954589844, 0.7775734663009644, 1.100826382637024, 0.5961427092552185, 0.6898126006126404, 0.5551739931106567, 0.32701385021209717, 0.2912233769893646, 0.4314615726470947, 0.34809163212776184, 0.9312391877174377, 0.0935625359416008, 0.7783952951431274, 0.5401939749717712]"
criterion,"[18, 11, 6, 8, 4, 11, 6, 12, 5]",34,"[0.46612364053726196, 1.0319833755493164, 0.4285609722137451, 0.3692692816257477, -0.0004519224166870117, 0.23766954243183136, 0.814181387424469, 0.9436765313148499, 0.8386538624763489, 0.19895051419734955, 0.46923017501831055, 0.7907074689865112, 0.01478276215493679, 0.7524976134300232, 1.423027515411377, 0.5995180010795593, 0.5115789175033569, 0.41237887740135193, 0.5508151054382324, -0.0008733602007851005, 0.23979143798351288, 0.24140937626361847, 0.9239292144775391, 0.24404145777225494, 0.6135822534561157, 0.6121724843978882, 0.6214755773544312, -0.002737954258918762, 0.057205166667699814, 1.1934075355529785, 0.796097993850708, 0.40585702657699585, 0.37842869758605957, 0.9943096041679382, 0.0063275727443397045, 0.8320092558860779, -0.007295999675989151, 0.2686574161052704, 1.27157461643219, 1.0436762571334839, 0.3338872790336609, 0.8380356431007385, -0.028074435889720917, 1.163725733757019, 0.21277639269828796, 0.5236932039260864, 0.7845906615257263, 1.2228468656539917, 0.13630545139312744, 0.721134603023529, 0.2004949003458023, 0.8789492249488831, 1.3998610973358154, 0.8452193140983582, 1.0976197719573975, 0.3204492926597595, 0.510283350944519, 0.37467318773269653, 0.7126583456993103, 0.29519030451774597, 1.1965407133102417, 0.18998393416404724, 0.589085042476654, 0.5727763772010803]"
derive,"[20, 4, 11, 6, 28, 4]",34,"[0.6843824982643127, 1.3293259143829346, 0.9069470167160034, 0.8113290071487427, 0.00199836865067482, 0.5359048247337341, 1.2584311962127686, 0.4410456120967865, 0.832444965839386, -0.0016772076487541199, 0.18447107076644897, 1.1710585355758667, 0.004420817829668522, 1.0369694232940674, 1.7242751121520996, 0.0971653163433075, 0.7542460560798645, 0.672440767288208, 0.9101229906082153, -0.0018198010511696339, 0.20797815918922424, 0.5406709909439087, 0.6837481260299683, 0.186481773853302, 0.895702064037323, 1.0008482933044434, 0.6918076276779175, -0.0014376137405633926, 0.08646978437900543, 1.5132132768630981, 0.6893125772476196, 0.6824716329574585, 0.7798477411270142, 1.1355448961257935, 0.01350131444633007, 1.200101375579834, -0.0044402871280908585, 0.11334387958049774, 0.9975038170814514, 1.57764732837677, 0.31968557834625244, 1.1270681619644165, -0.01610697992146015, 1.1931699514389038, 0.4886395335197449, 0.8816474676132202, 1.0513262748718262, 1.6964508295059204, 0.003675336018204689, 0.45930129289627075, -0.05338265374302864, 0.6640604734420776, 1.8078299760818481, 0.25372183322906494, 1.1993807554244995, 0.566122829914093, 0.2295350581407547, 0.4972337484359741, 0.3371659517288208, 0.1999691128730774, 1.4536347389221191, -0.005965076386928558, 1.1468112468719482, 0.9943544268608093]"
explicit,"[4, 27, 3, 14, 6, 18, 6, 8]",34,"[1.021923542022705, 0.48201680183410645, 0.644428014755249, 0.45243680477142334, -0.002126738429069519, 0.27896031737327576, 0.6155238151550293, 1.3610715866088867, 0.6880711317062378, 0.3668023347854614, 1.0025323629379272, 0.5417298078536987, 0.016890978440642357, 0.222776859998703, 0.8527930974960327, 0.7150480151176453, 1.0252004861831665, 0.1624067723751068, 0.49490493535995483, 0.0005793595919385552, 0.5647087097167969, 0.5385050177574158, 0.6261066794395447, 0.5074336528778076, 0.8981072306632996, 0.8467589616775513, 0.8677836656570435, 0.005456734448671341, 0.031971823424100876, 0.4729149341583252, 0.9972743988037109, 0.5369616746902466, 0.18931198120117188, 0.9461988806724548, -0.00097875134088099, 0.28288912773132324, -0.03270990401506424, 0.8991984128952026, 1.6295627355575562, 0.6473917365074158, 0.10802870243787766, 0.21259760856628418, -0.04230344295501709, 0.8976826071739197, 0.22221341729164124, 0.8791515827178955, 0.8220106363296509, 0.3341771960258484, 0.19906340539455414, 1.4549397230148315, 0.5013489723205566, 1.1860703229904175, 0.6462993621826172, 0.9311586022377014, 0.8140073418617249, 0.6448023319244385, 0.36177530884742737, 0.015635104849934578, 0.8333444595336914, 0.6011894941329956, 0.8869171738624573, 0.4407365322113037, 0.5845057368278503, 0.23003095388412476]"
implicit,"[6, 19, 3, 14, 6, 18, 6, 8]",34,"[0.9041497707366943, 0.5882886648178101, 0.49389198422431946, 0.30958715081214905, -0.001032395288348198, 0.24927711486816406, 0.6212663650512695, 1.4513113498687744, 0.6754831075668335, 0.48186880350112915, 1.045756459236145, 0.47467318177223206, 0.035187069326639175, 0.2120487093925476, 0.8481031656265259, 0.9285374283790588, 0.9002813100814819, 0.21661894023418427, 0.49233943223953247, -0.00060763128567487, 0.5529178977012634, 0.4198037385940552, 0.8141801357269287, 0.5214772820472717, 0.803778350353241, 0.7443853616714478, 0.8306236267089844, 0.0029014702886343002, 0.09762656688690186, 0.5797675848007202, 1.00809645652771, 0.48009660840034485, 0.15356165170669556, 0.9226663112640381, -0.0010760913137346506, 0.3586636185646057, -0.019064687192440033, 0.8355720639228821, 1.6545801162719727, 0.6354820132255554, 0.2359042465686798, 0.25305041670799255, -0.06381908804178238, 0.9804341793060303, 0.16713663935661316, 0.7795675992965698, 0.817493736743927, 0.38983970880508423, 0.2890196442604065, 1.4662573337554932, 0.647441029548645, 1.2225440740585327, 0.7669335603713989, 1.1610634326934814, 0.8264434933662415, 0.5539077520370483, 0.6091437935829163, 0.1135360598564148, 0.9647126197814941, 0.6204426884651184, 0.8284451365470886, 0.5402300953865051, 0.4402928054332733, 0.23602363467216492]"
objectivity,"[12, 10, 23, 4, 18, 8, 6, 28, 6, 8, 21]",34,"[0.762019157409668, 0.9806407690048218, 0.41000455617904663, 0.42291194200515747, 0.004735119640827179, 0.6117627620697021, 0.6720462441444397, 1.361689805984497, 0.742162823677063, 0.37003862857818604, 0.7919967174530029, 0.8230512142181396, 0.00819910503923893, 0.7111797332763672, 1.136838436126709, 0.7459750771522522, 0.9221256971359253, 0.8164514303207397, 0.46234792470932007, -0.003530634567141533, 0.5156519412994385, 0.18495148420333862, 0.8814634680747986, 0.7753928899765015, 1.0873640775680542, 1.1050891876220703, 0.8571239709854126, 0.009656084701418877, 0.47055789828300476, 1.0685206651687622, 1.2521781921386719, 0.8216318488121033, 0.5280799865722656, 1.2539464235305786, -0.0018151758704334497, 0.8113933205604553, -0.042924754321575165, 0.3086499869823456, 1.8091249465942383, 0.8178891539573669, 0.6802924871444702, 0.7272002696990967, 0.11011587083339691, 0.9769917130470276, 0.04079119861125946, 0.43233630061149597, 0.4892139434814453, 1.0592787265777588, 0.45038074254989624, 1.2842936515808105, 0.4173069894313812, 1.4035087823867798, 1.0993001461029053, 0.8078120946884155, 1.057236671447754, 0.1604984551668167, 0.5865610241889954, 0.5732249617576599, 1.1743417978286743, 0.8246443867683411, 1.111037015914917, 0.34738245606422424, 0.8449001908302307, 0.453826367855072]"
rebuttal,"[11, 4, 10, 13, 8, 8, 2, 14]",34,"[1.124945044517517, 0.5415942668914795, 0.9322575926780701, 0.9022575616836548, 0.00012651272118091583, 1.0520638227462769, 0.4597648084163666, 0.9858887195587158, 0.60709547996521, 0.27347809076309204, 0.5469647645950317, 1.0139540433883667, -0.0011713560670614243, 0.7088639736175537, 0.8079358339309692, 0.21675248444080353, 1.4831082820892334, 0.995585560798645, 0.30455368757247925, -0.002136439085006714, 0.7650775909423828, 0.4170941114425659, 0.25670701265335083, 0.9526419639587402, 1.5519508123397827, 1.7446274757385254, 1.1192883253097534, 0.003368610516190529, 0.5818495154380798, 0.5237799882888794, 1.340559959411621, 1.2666347026824951, 0.9746600389480591, 1.336506724357605, -0.003464298788458109, 0.4960213303565979, -0.016594678163528442, 0.2533319592475891, 1.6236467361450195, 0.562662661075592, 0.55206698179245, 0.5672509670257568, 0.18976804614067078, 0.3653847873210907, 0.183040589094162, 0.40748777985572815, 0.28083541989326477, 0.8871963620185852, 0.4067913591861725, 1.3744853734970093, 0.286739319562912, 1.3800922632217407, 0.6193822026252747, 0.17048907279968262, 0.9412810802459717, 0.2348431944847107, 0.08512485027313232, 0.48169973492622375, 0.9599071145057678, 0.9622479677200317, 1.0250740051269531, 0.24921908974647522, 1.4776980876922607, 0.3546884059906006]"
subjectivity,"[7, 13, 10, 23, 4, 18, 8, 6, 28, 6, 8, 21]",34,"[0.5449051856994629, 1.5095622539520264, 0.19169312715530396, 0.2095240354537964, -0.0012631174176931381, 0.5030555129051208, 1.0998890399932861, 1.2813279628753662, 0.596200704574585, 0.5316617488861084, 0.7709735631942749, 0.5574249625205994, 0.030227674171328545, 0.6434781551361084, 1.1211111545562744, 1.007724642753601, 0.6194663643836975, 0.9511669874191284, 0.7006199955940247, -0.003380357753485441, 0.43537187576293945, 0.07752034813165665, 1.2788714170455933, 0.7175374031066895, 0.8156121373176575, 0.8083658218383789, 0.6733204126358032, 0.012253678403794765, 0.6364722847938538, 1.546902060508728, 1.0668206214904785, 0.6419041156768799, 0.46282708644866943, 0.9534868001937866, 0.0017515192739665508, 1.2486622333526611, -0.028704842552542686, 0.2502211034297943, 1.562126636505127, 1.2894291877746582, 0.9689992070198059, 0.9066389799118042, 0.10074715316295624, 1.2999258041381836, -0.003223419189453125, 0.5668002367019653, 0.6735349893569946, 1.35198175907135, 0.5935050845146179, 1.1395273208618164, 0.6325849294662476, 1.2448610067367554, 1.5698398351669312, 1.1330759525299072, 0.8309316635131836, 0.11973176151514053, 0.9128509759902954, 0.8651196360588074, 1.1936495304107666, 0.747111439704895, 0.8711630702018738, 0.46539774537086487, 0.5440621972084045, 0.7351214289665222]"
substantiate,"[7, 13, 10, 7, 8, 2, 5, 8, 6, 2, 8, 4]",34,"[1.0089346170425415, 0.5513837933540344, 0.5459192991256714, 0.5323380827903748, 0.013365901075303555, 0.950410008430481, 0.34559115767478943, 1.3206658363342285, 0.5181487202644348, 0.44030338525772095, 0.7785719037055969, 0.6872715950012207, 0.028731457889080048, 0.4317479729652405, 0.5135946273803711, 0.6726115942001343, 1.3015031814575195, 0.9163994789123535, 0.24546930193901062, -0.0011017684591934085, 0.7913070321083069, 0.2728186845779419, 0.5397398471832275, 1.0676655769348145, 1.3642587661743164, 1.4709092378616333, 0.9962769746780396, 0.007098679430782795, 0.7243740558624268, 0.42841142416000366, 1.3739573955535889, 1.1218472719192505, 0.6602148413658142, 1.1487231254577637, 0.00015997188165783882, 0.3602662980556488, -0.023450713604688644, 0.37854841351509094, 1.7586066722869873, 0.36699414253234863, 0.7149149179458618, 0.3391154408454895, 0.1818343549966812, 0.47105327248573303, 0.03273943066596985, 0.2325945347547531, 0.17933955788612366, 0.5811807513237, 0.5705603957176208, 1.5779129266738892, 0.5729097723960876, 1.472028374671936, 0.46263495087623596, 0.6430106163024902, 0.7408748865127563, 0.14007079601287842, 0.4699876010417938, 0.5555020570755005, 1.2610535621643066, 1.0957401990890503, 0.733725905418396, 0.4714486598968506, 0.9983199834823608, 0.2438429445028305]"
sufficient,"[7, 13, 22, 22, 6, 18, 6, 4, 5, 8]",34,"[0.8641091585159302, 0.33089280128479004, 0.35902559757232666, 0.450064480304718, 0.004957176744937897, 0.9218710660934448, 0.14334452152252197, 1.609269142150879, 0.7306258082389832, 0.49067002534866333, 0.9719645977020264, 0.8497655391693115, 0.022755246609449387, 0.6366595029830933, 0.8391079902648926, 0.6784072518348694, 1.1732888221740723, 0.9067621231079102, 0.10719342529773712, -0.0007201594999060035, 0.7436013221740723, -0.03659479320049286, 0.589862048625946, 1.1509742736816406, 1.391581416130066, 1.497085452079773, 1.0331465005874634, -0.003749679774045944, 0.6667280793190002, 0.5127207040786743, 1.6814391613006592, 1.133082628250122, 0.5860068798065186, 1.492692470550537, 0.011353868991136551, 0.22018513083457947, -0.0064643993973731995, 0.24288403987884521, 2.125347375869751, 0.21598471701145172, 0.776533842086792, 0.4454662799835205, 0.20508736371994019, 0.48119840025901794, -0.01765310764312744, 0.030784055590629578, 0.18877993524074554, 0.652679443359375, 0.6631698608398438, 1.6537268161773682, 0.6445680260658264, 1.7915523052215576, 0.5048155784606934, 0.6601270437240601, 1.2223936319351196, 0.03436368703842163, 0.45834213495254517, 0.4950500726699829, 1.5243383646011353, 1.1126869916915894, 1.0001301765441895, 0.5573340058326721, 0.9484525918960571, 0.14331045746803284]"
transfer,"[8, 11, 2, 5, 7, 22, 4, 11]",34,"[0.7605570554733276, 0.7232415080070496, 0.6441078186035156, 0.7521293759346008, 0.018963567912578583, 0.9272676706314087, 0.5820193886756897, 0.6736502647399902, 0.5341577529907227, 0.08164170384407043, 0.4346601963043213, 0.8605272173881531, 0.014262380078434944, 0.7025306224822998, 0.9221177101135254, 0.07803105562925339, 1.0585709810256958, 1.0076656341552734, 0.38236862421035767, 6.12438889220357e-05, 0.5422443747520447, 0.268903911113739, 0.381357342004776, 0.7644305229187012, 1.203275203704834, 1.3364938497543335, 0.7466015815734863, 0.008325539529323578, 0.6052632331848145, 0.7807320356369019, 1.0374616384506226, 1.0068622827529907, 0.8512734770774841, 1.0365794897079468, -0.0020925470162183046, 0.6757121682167053, -0.014035245403647423, 0.27483275532722473, 1.1746869087219238, 0.6811538934707642, 0.610802948474884, 0.6748926639556885, 0.22053273022174835, 0.4839455187320709, 0.1786767691373825, 0.315322607755661, 0.3810918927192688, 0.9566043615341187, 0.29992425441741943, 0.9190991520881653, 0.13505084812641144, 0.9743011593818665, 0.8597716093063354, 0.14995162189006805, 0.8684124946594238, 0.20684291422367096, 0.09118226170539856, 0.6471499800682068, 0.7196295261383057, 0.7564301490783691, 0.8671736121177673, 0.16696421802043915, 1.1989964246749878, 0.49170035123825073]"
validate,"[28, 2, 14, 6, 20, 2, 8, 4]",34,"[0.5577243566513062, 0.8419829607009888, 0.3042031526565552, 0.32369399070739746, 0.00040761567652225494, 0.4937386214733124, 0.5557819604873657, 1.480133056640625, 0.8436882495880127, 0.48385125398635864, 0.7090547680854797, 0.8594620227813721, 0.021465366706252098, 0.7980279922485352, 1.273011326789856, 0.9748187065124512, 0.7050427794456482, 0.6976488828659058, 0.3275778591632843, 0.00044072361197322607, 0.3893944025039673, 0.020365752279758453, 0.970988929271698, 0.6380132436752319, 0.9320918917655945, 0.9658233523368835, 0.8847122192382812, 5.33275306224823e-05, 0.36429551243782043, 1.018587350845337, 1.3081486225128174, 0.723927915096283, 0.48023301362991333, 1.3481833934783936, 0.002344018779695034, 0.6811264157295227, -0.012438572011888027, 0.14939437806606293, 1.8616600036621094, 0.7114655375480652, 0.5881824493408203, 0.763014554977417, 0.027424925938248634, 0.9782562255859375, 0.014967471361160278, 0.21176081895828247, 0.43248921632766724, 1.1642272472381592, 0.5238578915596008, 1.156361699104309, 0.5441272258758545, 1.4453033208847046, 1.1680089235305786, 1.0222810506820679, 1.2661508321762085, 0.04611486196517944, 0.7252336144447327, 0.497742623090744, 1.3252017498016357, 0.7209664583206177, 1.2096811532974243, 0.4309071898460388, 0.6761114001274109, 0.3610694408416748]"
ambiguous,"[2, 19, 10, 6, 17, 13, 12, 13, 7]",34,"[0.894283652305603, 0.2824817895889282, 0.3567878305912018, 0.43153560161590576, 0.007241273298859596, 1.008621335029602, 0.029969647526741028, 1.6897156238555908, 0.5898995399475098, 0.7002931833267212, 0.9972692131996155, 0.7845689654350281, 0.03849521279335022, 0.5289202928543091, 0.6214564442634583, 0.8509074449539185, 1.2307442426681519, 0.9606881141662598, 0.004505813121795654, 0.0003011048538610339, 0.869683563709259, -0.06927227973937988, 0.5289866328239441, 1.3765344619750977, 1.4310297966003418, 1.558942437171936, 1.1164288520812988, -0.009517518803477287, 0.8178102970123291, 0.30803313851356506, 1.7589435577392578, 1.2395559549331665, 0.6270124912261963, 1.411986231803894, 0.006108719389885664, 0.09304343163967133, 0.015332495793700218, 0.17892038822174072, 2.1745588779449463, 0.06676585227251053, 0.8712421655654907, 0.3627292215824127, 0.22075028717517853, 0.35339435935020447, -0.03948470950126648, -0.07090303301811218, 0.007801532745361328, 0.5522623658180237, 0.8909685015678406, 1.796909213066101, 0.944288432598114, 1.926744818687439, 0.3963155150413513, 0.8144121766090393, 1.0903940200805664, -0.05266186594963074, 0.5649551153182983, 0.5400428175926208, 1.7721048593521118, 1.2276393175125122, 0.8066974878311157, 0.709590494632721, 0.9191370010375977, 0.060026295483112335]"
antecedent,"[2, 5, 8, 4, 18, 4, 20, 4, 5, 8]",34,"[0.18327312171459198, 1.8603612184524536, 0.28861337900161743, 0.30733636021614075, 0.0029175393283367157, 0.18589536845684052, 1.5626626014709473, 0.5548149347305298, 0.5308510065078735, 0.17639467120170593, 0.12765192985534668, 0.46871456503868103, 0.01579992286860943, 0.7378337383270264, 1.2687803506851196, 0.6114321947097778, 0.20885750651359558, 0.7191388607025146, 0.9036514759063721, -0.0020846629049628973, 0.05267416685819626, 0.2025173306465149, 1.248761534690857, 0.11944863200187683, 0.3071433901786804, 0.32294654846191406, 0.3794133961200714, 0.009607028216123581, 0.3909718990325928, 1.8201688528060913, 0.4154632091522217, 0.2847004532814026, 0.4284344017505646, 0.524919331073761, -0.0020826670806854963, 1.6083006858825684, -0.007512835785746574, 0.1044490784406662, 0.7293685674667358, 1.669417381286621, 0.6423503756523132, 1.1259151697158813, 0.02587086148560047, 1.488366961479187, 0.06706977635622025, 0.8252105712890625, 0.9189184904098511, 1.7269582748413086, 0.2570175230503082, 0.28209298849105835, 0.13739196956157684, 0.4952837824821472, 1.9732505083084106, 0.7920492887496948, 0.6100137233734131, 0.2707970440387726, 0.613630473613739, 0.8164094090461731, 0.47838151454925537, 0.1378769874572754, 0.7982644438743591, 0.0657331794500351, 0.3508876860141754, 1.0188034772872925]"
appositive,"[2, 3, 3, 12, 7, 6, 8, 6, 28, 4]",34,"[0.996792733669281, 0.4097484350204468, 0.4935957193374634, 0.508298933506012, 0.010257559828460217, 0.8862573504447937, 0.21942201256752014, 1.5360007286071777, 0.7279698848724365, 0.5676273703575134, 1.0307976007461548, 0.777590274810791, 0.009148997254669666, 0.6017085313796997, 0.7801189422607422, 0.6816484928131104, 1.2489906549453735, 0.8415414094924927, 0.2938781976699829, -0.001034026499837637, 0.8019148111343384, 0.2121908813714981, 0.5178223252296448, 1.0810457468032837, 1.4130758047103882, 1.3931647539138794, 1.1121342182159424, 0.015436211600899696, 0.5734221339225769, 0.5127586126327515, 1.5290744304656982, 1.1491198539733887, 0.6413429379463196, 1.4078028202056885, -0.011488172225654125, 0.32970955967903137, -0.034821510314941406, 0.35169610381126404, 1.980893611907959, 0.358319491147995, 0.6305310130119324, 0.4140865206718445, 0.10646951198577881, 0.5070898532867432, 0.10158810019493103, 0.1621307134628296, 0.26970571279525757, 0.5879683494567871, 0.5763094425201416, 1.6528798341751099, 0.7296220064163208, 1.6586828231811523, 0.606957197189331, 0.6930118203163147, 1.0872423648834229, 0.16503435373306274, 0.49892929196357727, 0.45782849192619324, 1.414945363998413, 1.1658867597579956, 1.0364580154418945, 0.6486424803733826, 1.063418984413147, 0.21256817877292633]"
cognate,"[18, 12, 17, 5, 2, 8, 4]",34,"[0.6775913238525391, 0.7016991376876831, 0.48227858543395996, 0.4167328476905823, 0.005946436896920204, 0.42150938510894775, 0.5531865954399109, 1.219794511795044, 0.7051765322685242, 0.3166353702545166, 0.5980585217475891, 0.6595590710639954, 0.007650729268789291, 0.5850102305412292, 0.934280276298523, 0.7657573223114014, 0.8068318367004395, 0.5032600164413452, 0.32674962282180786, -0.00022958533372730017, 0.43516355752944946, 0.22631025314331055, 0.7116285562515259, 0.5279817581176758, 0.8923628330230713, 0.8847041130065918, 0.8288050889968872, 0.01166900247335434, 0.28212136030197144, 0.7331560254096985, 0.9929611086845398, 0.6747255325317383, 0.3911118805408478, 1.0644941329956055, -0.009743597358465195, 0.5217035412788391, -0.03309505805373192, 0.3939673900604248, 1.6095043420791626, 0.5661358833312988, 0.3492978811264038, 0.4950850009918213, 0.04234842211008072, 0.8891080021858215, 0.04340410232543945, 0.38009753823280334, 0.4368888735771179, 0.8533216118812561, 0.3295936584472656, 1.0933825969696045, 0.34608355164527893, 1.1577967405319214, 0.8545048236846924, 0.8515973091125488, 0.9344217777252197, 0.19401033222675323, 0.5311288237571716, 0.3229219913482666, 0.9803019165992737, 0.6041457056999207, 0.9464839100837708, 0.2863840162754059, 0.648235023021698, 0.29168522357940674]"
comprehensive,"[18, 12, 19, 3, 11, 4, 9, 4, 5, 7, 6, 28, 4]",34,"[0.41217976808547974, 1.7257024049758911, 0.46703338623046875, 0.46069055795669556, -0.0004734545946121216, 0.3406802713871002, 1.4098467826843262, 0.740001916885376, 0.7844673991203308, 0.1494695544242859, 0.32597288489341736, 0.7973920702934265, 0.008638966828584671, 0.9584065079689026, 1.6707978248596191, 0.5053341388702393, 0.48812711238861084, 0.758561372756958, 0.8703351616859436, -0.0004197537200525403, 0.1941693127155304, 0.2751530408859253, 1.2126708030700684, 0.22512881457805634, 0.5689986348152161, 0.6421056389808655, 0.5216665267944336, -0.0008576568216085434, 0.2699010968208313, 1.894083857536316, 0.6763312220573425, 0.4516196548938751, 0.5768491625785828, 0.9053549766540527, 0.006341179367154837, 1.4990417957305908, -0.006702958140522242, 0.17183168232440948, 1.0686265230178833, 1.694905400276184, 0.5745663046836853, 1.2595627307891846, 0.01905221678316593, 1.5427225828170776, 0.17402848601341248, 0.776139497756958, 0.9980463981628418, 1.7847280502319336, 0.16037331521511078, 0.5250990986824036, 0.12561506032943726, 0.7562842965126038, 2.0095784664154053, 0.7671599388122559, 1.039960503578186, 0.3423231840133667, 0.5736532807350159, 0.729102373123169, 0.5789493322372437, 0.2845989167690277, 1.1981362104415894, 0.12665633857250214, 0.6941326260566711, 1.0051918029785156]"
coordinating conjunction,"[18, 12, 12, 11, 20, 6, 5, 2, 8, 6, 5, 17, 31, 18, 12, 5, 23, 13, 5, 18, 8, 6, 12, 5]",34,"[1.1182725429534912, 0.279069721698761, 0.536394476890564, 0.5615207552909851, -0.006819052621722221, 1.433488130569458, -0.02208346128463745, 1.8786637783050537, 0.6109609603881836, 0.7441476583480835, 1.049063801765442, 0.9441443681716919, 0.02290670946240425, 0.6596384644508362, 0.5893638134002686, 0.8468039631843567, 1.5979113578796387, 1.2325050830841064, -0.050573527812957764, -0.0011222509201616049, 1.1086803674697876, -0.020143471658229828, 0.45157918334007263, 1.7166508436203003, 1.8544498682022095, 2.074948787689209, 1.2832660675048828, -0.02054399624466896, 1.061139464378357, 0.23825010657310486, 2.1556308269500732, 1.6072386503219604, 0.8261182904243469, 1.7076011896133423, 0.004110244568437338, 0.04451635479927063, 0.006867994554340839, 0.13647420704364777, 2.4677114486694336, -0.010419607162475586, 1.0843477249145508, 0.4172484278678894, 0.38728371262550354, 0.3135453462600708, -0.08567772805690765, -0.07732589542865753, -0.09636792540550232, 0.6612577438354492, 1.009386420249939, 2.137568473815918, 0.9715672731399536, 2.2597031593322754, 0.2038402557373047, 0.6827300786972046, 1.1814731359481812, -0.11188067495822906, 0.42940303683280945, 0.6429333686828613, 2.03794002532959, 1.476285457611084, 0.9479830265045166, 0.731835663318634, 1.3003026247024536, 0.05464741587638855]"
correlative conjunction,"[18, 12, 11, 11, 4, 14, 2, 8, 6, 28, 4, 31, 18, 12, 5, 23, 13, 5, 18, 8, 6, 12, 5]",34,"[1.4094995260238647, 0.10430631041526794, 0.8158397078514099, 0.7505010366439819, -0.00893959030508995, 1.6388330459594727, -0.1823948621749878, 1.9064228534698486, 0.6419723033905029, 0.6352646350860596, 1.0675431489944458, 1.0951979160308838, 0.017403025180101395, 0.6880959868431091, 0.5521733164787292, 0.7986317276954651, 2.040976047515869, 1.2432063817977905, -0.15256060659885406, -0.0014692400582134724, 1.315704107284546, 0.08182895183563232, 0.3366183936595917, 1.8803186416625977, 2.171517848968506, 2.4924395084381104, 1.4466662406921387, -0.014927830547094345, 1.0594135522842407, 0.08588513731956482, 2.30659556388855, 1.8531749248504639, 0.9296703934669495, 1.9724104404449463, 0.005936761852353811, -0.13365834951400757, 0.0024726781994104385, 0.23031026124954224, 2.7266087532043457, -0.18268875777721405, 1.0153244733810425, 0.3084622323513031, 0.45358049869537354, 0.26276516914367676, -0.07888287305831909, -0.0485573410987854, -0.15333640575408936, 0.5520195960998535, 0.9496903419494629, 2.3481292724609375, 0.8450080752372742, 2.3853843212127686, -0.0585455596446991, 0.5277295708656311, 1.3017427921295166, -0.07775895297527313, 0.37808680534362793, 0.5168373584747314, 2.0387914180755615, 1.5600264072418213, 1.1147655248641968, 0.650116503238678, 1.601030707359314, -0.05694819986820221]"
figurative language,"[22, 6, 17, 13, 11, 2, 8, 6, 28, 4, 31, 14, 2, 5, 17, 13, 2, 17, 4]",34,"[0.9806663990020752, 0.5596923232078552, 0.6076233386993408, 0.6684080958366394, 0.005715873092412949, 1.2718759775161743, 0.10507656633853912, 1.654252052307129, 0.7488713264465332, 0.6512525081634521, 0.7435639500617981, 1.1034108400344849, 0.012673677876591682, 0.9815653562545776, 0.9538329839706421, 0.757533609867096, 1.3423837423324585, 1.3844375610351562, 0.07997612655162811, -0.0022410869132727385, 0.8467212915420532, 0.05325104668736458, 0.5934268236160278, 1.3513895273208618, 1.7362604141235352, 1.911019206047058, 1.2061296701431274, 0.0019582966342568398, 1.021308422088623, 0.7100081443786621, 1.8173158168792725, 1.5269757509231567, 1.0355411767959595, 1.724971890449524, -0.007232268340885639, 0.46203354001045227, -0.02040015533566475, 0.04156246781349182, 2.327876091003418, 0.2258753776550293, 1.0723401308059692, 0.7471863627433777, 0.3059934675693512, 0.4874017834663391, -0.04758425056934357, -0.05774717032909393, 0.016943126916885376, 1.09926438331604, 0.9401983618736267, 1.7301393747329712, 0.7664796710014343, 2.0261752605438232, 0.6746218204498291, 0.5789579153060913, 1.3292489051818848, -0.05477119982242584, 0.6143812537193298, 0.8128783106803894, 1.8204554319381714, 1.342046856880188, 1.2448524236679077, 0.5248171091079712, 1.4170994758605957, 0.18626004457473755]"
inevitable,"[6, 5, 4, 28, 6, 8, 2, 10, 14, 4]",34,"[-0.002623260021209717, 2.1604208946228027, 0.16421623528003693, 0.210067018866539, 0.002627391368150711, 0.08762498199939728, 1.691366195678711, 0.7608808875083923, 0.7898762822151184, 0.18115247786045074, 0.1219417080283165, 0.7824031710624695, 0.025107622146606445, 1.0928962230682373, 2.002800464630127, 0.8311866521835327, -0.010514579713344574, 0.7891275882720947, 1.0175690650939941, -0.0008201155578717589, -0.08891135454177856, 0.045656949281692505, 1.647782564163208, -0.014623291790485382, 0.21263372898101807, 0.2239380180835724, 0.2863696217536926, -0.0019614603370428085, 0.27768808603286743, 2.3560125827789307, 0.5213189125061035, 0.18830697238445282, 0.4834049642086029, 0.8254279494285583, 0.0031650466844439507, 1.8748385906219482, -0.00973451416939497, -0.053617119789123535, 0.986384391784668, 1.976464033126831, 0.710724413394928, 1.5396891832351685, -0.023618750274181366, 1.9463739395141602, 0.11555171012878418, 0.7261784076690674, 1.164881706237793, 2.2567684650421143, 0.2770356833934784, 0.22190022468566895, 0.11496351659297943, 0.6361761093139648, 2.582845687866211, 1.117348551750183, 1.1097221374511719, 0.22235554456710815, 0.9662265777587891, 0.9295119643211365, 0.6768660545349121, 0.07068830728530884, 1.3407829999923706, 0.05835074558854103, 0.3398858904838562, 1.187121868133545]"
interjection,"[6, 5, 8, 4, 11, 23, 4, 18, 8, 6, 12, 5]",34,"[0.5805171132087708, 1.1985063552856445, 0.34929704666137695, 0.384427011013031, -0.005826083943247795, 0.5224313139915466, 0.8332997560501099, 1.3258838653564453, 0.8637961745262146, 0.3264697194099426, 0.6382938027381897, 0.764681875705719, 0.002826984040439129, 0.832563579082489, 1.2494874000549316, 0.8482017517089844, 0.7740224003791809, 0.7597099542617798, 0.48444807529449463, -0.002254989231005311, 0.4182831048965454, 0.11234484612941742, 1.03733491897583, 0.6409228444099426, 0.9677221775054932, 0.9959099292755127, 0.8491271734237671, 0.004664837382733822, 0.4852454960346222, 1.2971534729003906, 1.1812894344329834, 0.7573769688606262, 0.4584594666957855, 1.245985746383667, 0.0025641219690442085, 0.9402279257774353, -0.02063029631972313, 0.19547173380851746, 1.763621211051941, 0.9925153255462646, 0.704059362411499, 0.8345341682434082, 0.09251204878091812, 1.1660926342010498, -0.013524457812309265, 0.4194769561290741, 0.4825746417045593, 1.3124140501022339, 0.43390771746635437, 1.0915225744247437, 0.3554535508155823, 1.3260676860809326, 1.3408660888671875, 0.9055857062339783, 1.127706527709961, 0.11495336890220642, 0.6620856523513794, 0.6376129984855652, 1.1653919219970703, 0.6546536087989807, 1.1789616346359253, 0.28104180097579956, 0.7374904155731201, 0.5617469549179077]"
linguistic,"[14, 6, 5, 17, 13, 6, 7, 8, 6, 18]",34,"[0.995599627494812, 0.6385261416435242, 0.6637223958969116, 0.5988709926605225, 0.012631701305508614, 0.5829162001609802, 0.6785246133804321, 0.9076118469238281, 0.4159201383590698, 0.2688382565975189, 0.7591872215270996, 0.6291005611419678, 0.02196727879345417, 0.3051578998565674, 0.7184716463088989, 0.29749393463134766, 1.1094229221343994, 0.615622878074646, 0.5273585319519043, -0.000191784230992198, 0.6429015398025513, 0.5119850039482117, 0.4407917857170105, 0.6874780654907227, 0.9560724496841431, 1.041763186454773, 0.7487603425979614, 0.004575176164507866, 0.3294391930103302, 0.5858303904533386, 0.8994506597518921, 0.7546820640563965, 0.5525628328323364, 0.8065633177757263, -0.00563843222334981, 0.5635871887207031, -0.019821010529994965, 0.6557519435882568, 1.2013624906539917, 0.742020845413208, 0.35232922434806824, 0.3697104752063751, 0.041926801204681396, 0.6227076649665833, 0.21075457334518433, 0.7202363014221191, 0.672111988067627, 0.4829908609390259, 0.24002498388290405, 1.2434601783752441, 0.36080366373062134, 0.9589210152626038, 0.6779923439025879, 0.4463549256324768, 0.5740451812744141, 0.5076350569725037, 0.19542469084262848, 0.35328409075737, 0.6601276993751526, 0.740867555141449, 0.6506229639053345, 0.3573724627494812, 0.8609016537666321, 0.44096946716308594]"
meticulous,"[19, 4, 8, 6, 18, 13, 14, 12, 13, 7]",34,"[0.30882471799850464, 1.3138107061386108, 0.16398578882217407, 0.18562178313732147, 0.00045803003013134, 0.2577505111694336, 0.9237782955169678, 1.0410465002059937, 0.6144556999206543, 0.412309467792511, 0.48144620656967163, 0.522631824016571, 0.044231120496988297, 0.6890485286712646, 1.1904821395874023, 0.9101566076278687, 0.3191762864589691, 0.6722425222396851, 0.5507916212081909, 0.0015289412112906575, 0.22441647946834564, 0.04784204810857773, 1.2109096050262451, 0.3488447666168213, 0.4667667746543884, 0.432233601808548, 0.4695000648498535, -0.0055022817105054855, 0.3870445191860199, 1.3860247135162354, 0.7646896839141846, 0.35432177782058716, 0.3718779683113098, 0.7401610612869263, -0.004127363208681345, 1.1253845691680908, -0.015115144662559032, 0.19253824651241302, 1.218061923980713, 1.0814363956451416, 0.6837591528892517, 0.941493809223175, 0.022863062098622322, 1.2671308517456055, 0.022812098264694214, 0.4078328311443329, 0.6299013495445251, 1.3230540752410889, 0.4233897924423218, 0.7057110667228699, 0.4568805396556854, 0.9212521314620972, 1.4999932050704956, 1.1399072408676147, 0.841923177242279, 0.07573633641004562, 0.807455837726593, 0.6871619820594788, 0.9136603474617004, 0.41056981682777405, 0.8392502069473267, 0.3025379478931427, 0.3073224723339081, 0.6452665328979492]"
modifier,"[19, 12, 20, 6, 22, 6, 4, 11]",34,"[0.5115293860435486, 1.3184912204742432, 0.4188893437385559, 0.45276010036468506, 0.0005790125578641891, 0.4613153338432312, 0.9689462780952454, 0.9167134165763855, 0.8149821162223816, 0.15998461842536926, 0.45462214946746826, 0.8906314969062805, 0.0063572898507118225, 0.9140754342079163, 1.5137438774108887, 0.5069999098777771, 0.6426957249641418, 0.7715938091278076, 0.6337677836418152, -0.0007106055272743106, 0.31774774193763733, 0.17079739272594452, 1.0032410621643066, 0.4514794945716858, 0.8022317886352539, 0.8670706748962402, 0.6430288553237915, -0.0005158986896276474, 0.29312631487846375, 1.4880884885787964, 0.9400410652160645, 0.6266247034072876, 0.570815920829773, 1.1165846586227417, 0.007895233109593391, 1.1045724153518677, -0.00345440162345767, 0.12337300181388855, 1.345913052558899, 1.2312356233596802, 0.5871450901031494, 1.0529941320419312, 0.06223926693201065, 1.1729812622070312, 0.1493382751941681, 0.48357298970222473, 0.7180255055427551, 1.5079600811004639, 0.2375170886516571, 0.7355757355690002, 0.16930855810642242, 1.006615161895752, 1.6045087575912476, 0.7183125019073486, 1.1550252437591553, 0.2037001997232437, 0.5507532358169556, 0.6317377686500549, 0.8212656378746033, 0.4734434187412262, 1.2475032806396484, 0.18327394127845764, 0.7879191040992737, 0.7192198634147644]"
parallel structure,"[3, 2, 11, 2, 14, 14, 4, 14, 31, 7, 8, 11, 13, 18, 8, 13, 11, 4]",34,"[1.2563529014587402, 0.6565446853637695, 0.9525148868560791, 1.0695465803146362, 0.005792280659079552, 1.6571742296218872, 0.31931209564208984, 1.2632856369018555, 0.6371535062789917, 0.335965096950531, 0.6469880938529968, 1.2447535991668701, 0.022874049842357635, 0.9821470379829407, 0.9122408628463745, 0.3095656633377075, 1.8467774391174316, 1.6118429899215698, 0.2219582498073578, -0.0012566754594445229, 0.9983884692192078, 0.2647980749607086, 0.36692294478416443, 1.4537447690963745, 2.0667121410369873, 2.4099934101104736, 1.189398169517517, -0.002559937536716461, 1.088934063911438, 0.6597595810890198, 1.9191851615905762, 1.7411158084869385, 1.3073062896728516, 1.75491464138031, 0.00434804568067193, 0.528467059135437, -0.015877865254878998, 0.12449680268764496, 2.048811197280884, 0.415651798248291, 1.0569310188293457, 0.8155001997947693, 0.45067495107650757, 0.35130250453948975, 0.07448796927928925, 0.15720121562480927, 0.062029242515563965, 1.1803631782531738, 0.6940419673919678, 1.7394964694976807, 0.4135577380657196, 1.878060221672058, 0.6134849786758423, 0.18479540944099426, 1.231252908706665, -0.013740912079811096, 0.1952601969242096, 0.8744876980781555, 1.435805082321167, 1.4058290719985962, 1.1657246351242065, 0.35106006264686584, 1.8849941492080688, 0.3758116364479065]"
phrase,"[3, 9, 11, 2, 7, 4]",34,"[0.721615195274353, 1.0957481861114502, 0.7463650703430176, 0.7893826365470886, 0.017229435965418816, 0.7010061740875244, 0.934352695941925, 0.5485152006149292, 0.6102284789085388, 0.0388803631067276, 0.2945917546749115, 0.8988165259361267, 0.0037588318809866905, 0.8385239243507385, 1.21771240234375, 0.04334356263279915, 0.9428964853286743, 0.877808690071106, 0.6297574043273926, -0.001016712049022317, 0.397930383682251, 0.4172186851501465, 0.5580685138702393, 0.4923766851425171, 0.9794166088104248, 1.128204345703125, 0.7086004018783569, 0.008898071944713593, 0.41748619079589844, 1.2005953788757324, 0.8107864260673523, 0.8388856649398804, 0.8140403032302856, 0.959795355796814, -0.0023408401757478714, 1.0256626605987549, -0.01603679731488228, 0.23160690069198608, 1.0033752918243408, 1.125547170639038, 0.47878268361091614, 0.8956623673439026, 0.09248668700456619, 0.8672760128974915, 0.23960524797439575, 0.5988185405731201, 0.6445677280426025, 1.2738559246063232, 0.13954943418502808, 0.6755852103233337, 0.02236507274210453, 0.7827149629592896, 1.3179622888565063, 0.14998899400234222, 0.879482090473175, 0.3489392399787903, 0.1077544242143631, 0.6263576149940491, 0.4691941738128662, 0.5211624503135681, 1.0447558164596558, 0.08435052633285522, 1.1129566431045532, 0.7480857968330383]"
rhetorical question,"[11, 9, 4, 8, 12, 11, 6, 18, 2, 14, 31, 24, 13, 4, 7, 8, 6, 12, 5]",34,"[1.0324922800064087, 0.7285482287406921, 0.6030328273773193, 0.6619419455528259, -0.00384652242064476, 1.152113676071167, 0.3973570168018341, 1.4302453994750977, 0.6627429723739624, 0.37335270643234253, 0.7365580797195435, 0.9912247657775879, 0.016069361940026283, 0.7777924537658691, 0.9120935201644897, 0.6101877689361572, 1.4361963272094727, 1.1842845678329468, 0.18369512259960175, 0.00039570301305502653, 0.8257896900177002, 0.16259968280792236, 0.670137345790863, 1.1921640634536743, 1.5432463884353638, 1.808481216430664, 1.0279771089553833, -0.018927380442619324, 0.8048819303512573, 0.708375871181488, 1.681142807006836, 1.222123146057129, 0.8490768671035767, 1.4640998840332031, 0.01816190779209137, 0.5610157251358032, -0.02100779116153717, 0.20728540420532227, 2.0234832763671875, 0.49803411960601807, 0.8835549354553223, 0.7177220582962036, 0.3042691946029663, 0.5972221493721008, -0.033161357045173645, 0.21368208527565002, 0.17938637733459473, 0.9315173029899597, 0.6223207116127014, 1.6061797142028809, 0.4493038058280945, 1.7951277494430542, 0.5917671918869019, 0.5674613118171692, 1.0851002931594849, 0.035574063658714294, 0.3779650926589966, 0.6497336030006409, 1.3956489562988281, 1.1732218265533447, 1.0636723041534424, 0.3695133924484253, 1.2504924535751343, 0.29063308238983154]"
semantic,"[7, 4, 19, 2, 5, 8, 6, 18]",34,"[0.5311604142189026, 1.2846403121948242, 0.413291871547699, 0.3132086396217346, 0.00040385499596595764, 0.15240360796451569, 1.1236002445220947, 0.7732290625572205, 0.5133213996887207, 0.24877700209617615, 0.46588021516799927, 0.41003847122192383, 0.023145249113440514, 0.40895360708236694, 1.030881643295288, 0.668466329574585, 0.46723830699920654, 0.43608102202415466, 0.72499680519104, 9.444833267480135e-05, 0.2283993363380432, 0.39379358291625977, 0.9970248937606812, 0.20583820343017578, 0.44882166385650635, 0.41292649507522583, 0.49750757217407227, 0.010530395433306694, 0.21729283034801483, 1.1888669729232788, 0.5280278921127319, 0.2831243574619293, 0.2944011986255646, 0.5300388932228088, 0.0012319441884756088, 1.012008547782898, -0.015673182904720306, 0.5067196488380432, 0.9670279622077942, 1.2430410385131836, 0.4069950580596924, 0.6784095764160156, -0.006028754636645317, 1.215038537979126, 0.152428537607193, 0.8794052600860596, 0.9159963130950928, 1.0133053064346313, 0.21500195562839508, 0.7085890173912048, 0.28536906838417053, 0.6727653741836548, 1.3402597904205322, 0.9186223745346069, 0.5585769414901733, 0.493929386138916, 0.5532963275909424, 0.43372681736946106, 0.5261873602867126, 0.27588045597076416, 0.7384485602378845, 0.20968768000602722, 0.3411206901073456, 0.6431422829627991]"
subordinating conjunction,"[7, 13, 10, 12, 11, 20, 6, 5, 2, 8, 6, 5, 17, 31, 18, 12, 5, 23, 13, 5, 18, 8, 6, 12, 5]",34,"[0.8666265606880188, 0.6610689759254456, 0.25395452976226807, 0.2999762296676636, -0.0061747971922159195, 1.0176582336425781, 0.15895259380340576, 1.9227843284606934, 0.6634587049484253, 0.8726237416267395, 1.0573548078536987, 0.6750813126564026, 0.05011807382106781, 0.5116510987281799, 0.6487053036689758, 1.1870906352996826, 1.0702284574508667, 1.030484914779663, 0.09637506306171417, -0.004052278120070696, 0.8339202404022217, -0.06812690198421478, 0.8188384771347046, 1.377776861190796, 1.3787627220153809, 1.508550763130188, 1.097278356552124, -0.013251371681690216, 0.9316167831420898, 0.5088205337524414, 1.845733880996704, 1.2079039812088013, 0.5474172234535217, 1.4046708345413208, 0.006521903444081545, 0.30715128779411316, 0.014137361198663712, 0.1710951030254364, 2.1968398094177246, 0.2327108234167099, 1.1098906993865967, 0.4508668780326843, 0.2493191808462143, 0.5928173065185547, -0.11175785958766937, 0.025462038815021515, 0.05591003596782684, 0.7184848785400391, 0.9729044437408447, 1.8929541110992432, 1.1177847385406494, 1.9914928674697876, 0.5387316942214966, 1.089139699935913, 1.0481191873550415, -0.0627654641866684, 0.6991433501243591, 0.7150166034698486, 1.9706488847732544, 1.182140588760376, 0.8855852484703064, 0.7615553140640259, 0.8387914896011353, 0.1535855233669281]"
biodiversity,"[10, 6, 12, 20, 6, 28, 4, 11, 7, 6, 8, 21]",34,"[0.8740698099136353, 0.7552068829536438, 0.573918879032135, 0.4817247986793518, -0.004717132076621056, 0.5196698307991028, 0.6508625745773315, 1.1701806783676147, 0.7417517900466919, 0.3243059515953064, 0.8169476389884949, 0.8358361124992371, 0.0032384423539042473, 0.6117792129516602, 1.1744831800460815, 0.5688414573669434, 0.9826083779335022, 0.5781632661819458, 0.5228754281997681, 0.00099796277936548, 0.5580371618270874, 0.3950507640838623, 0.716122031211853, 0.6514732241630554, 1.0084799528121948, 1.0165486335754395, 0.8379745483398438, -0.002646869048476219, 0.2512083649635315, 0.9035316705703735, 1.1228365898132324, 0.7230383157730103, 0.4963192045688629, 1.1218926906585693, -0.002452767686918378, 0.5860781669616699, -0.015157456509768963, 0.48176810145378113, 1.6326932907104492, 0.8605964183807373, 0.4164588451385498, 0.6007043123245239, 0.04457775503396988, 0.9205210208892822, 0.22004304826259613, 0.583979606628418, 0.6971451044082642, 0.8620090484619141, 0.2850968837738037, 1.23957359790802, 0.3949572741985321, 1.2532862424850464, 1.0140984058380127, 0.7890749573707581, 0.9971430897712708, 0.3960767686367035, 0.45261913537979126, 0.35888347029685974, 0.9410651326179504, 0.7274826169013977, 1.0722031593322754, 0.41870954632759094, 0.8234029412269592, 0.4430924654006958]"
cell,"[18, 4, 14, 14]",34,"[0.8801679611206055, 0.5087018609046936, 0.8346544504165649, 0.7587617635726929, 0.004167128354310989, 0.5074085593223572, 0.5997449159622192, 0.754798412322998, 0.6659822463989258, 0.13338586688041687, 0.47480273246765137, 0.8907523155212402, -0.0006110686808824539, 0.5658481121063232, 1.0057793855667114, 0.17307394742965698, 1.0487040281295776, 0.4492170512676239, 0.4297318458557129, -0.00038177077658474445, 0.45032423734664917, 0.4881505072116852, 0.3059167265892029, 0.44156622886657715, 0.9741721749305725, 1.082444667816162, 0.8773648738861084, 0.0035395165905356407, 0.10533124208450317, 0.5940967202186584, 0.8873986601829529, 0.7691165804862976, 0.6015239953994751, 1.0279865264892578, -0.004193393047899008, 0.47169309854507446, 0.0026571881026029587, 0.41295313835144043, 1.1907165050506592, 0.7520248293876648, 0.1256360113620758, 0.47145479917526245, 0.0029851440340280533, 0.5839953422546387, 0.3194003403186798, 0.5888798236846924, 0.5830127596855164, 0.7710855603218079, 0.08762574195861816, 0.9175156950950623, 0.11994494497776031, 0.8647326231002808, 0.812453031539917, 0.2702891230583191, 0.8943772912025452, 0.45361846685409546, 0.00792255811393261, 0.2318185716867447, 0.5386984348297119, 0.44377315044403076, 0.9914939403533936, 0.17703039944171906, 1.032801628112793, 0.4435574412345886]"
civilization,"[18, 6, 28, 6, 14, 6, 15, 2, 8, 6, 12, 5]",34,"[0.3009222149848938, 1.4121360778808594, -0.05576939880847931, -0.10950641334056854, 0.0185942891985178, 0.1329997032880783, 1.1235853433609009, 1.2463111877441406, 0.49740833044052124, 0.6748200058937073, 0.756559431552887, 0.2304774522781372, 0.07803983241319656, 0.3689059019088745, 1.0284950733184814, 1.3042231798171997, 0.17712461948394775, 0.5532869100570679, 0.6206051111221313, 0.0020635323598980904, 0.24583517014980316, 0.1055123582482338, 1.4708181619644165, 0.4110070466995239, 0.31713616847991943, 0.21247555315494537, 0.4603843092918396, -0.002605995163321495, 0.4066830277442932, 1.336043357849121, 0.7167049050331116, 0.21162158250808716, 0.1439313292503357, 0.5886983275413513, 0.01800299808382988, 1.1481890678405762, 0.004545616917312145, 0.37829580903053284, 1.290953278541565, 1.1956239938735962, 0.7554560899734497, 0.799675703048706, -0.043432608246803284, 1.372437596321106, 0.02344776690006256, 0.5805965065956116, 0.8255867958068848, 1.074786901473999, 0.6394050717353821, 0.9561262726783752, 0.9181388020515442, 1.0167981386184692, 1.5141934156417847, 1.5677179098129272, 0.6652261018753052, 0.23946520686149597, 1.2074980735778809, 0.6464294195175171, 1.0642062425613403, 0.4969690442085266, 0.575419545173645, 0.5982310175895691, -0.0022134464234113693, 0.5174902081489563]"
climate zone,"[18, 14, 6, 19, 2, 8, 4, 31, 15, 12, 5, 4]",34,"[1.3303724527359009, 0.041453227400779724, 0.9302571415901184, 0.7701764106750488, 0.02042052149772644, 1.0968737602233887, -0.2060384452342987, 1.5789194107055664, 0.738258957862854, 0.35692518949508667, 0.7507857084274292, 1.1653422117233276, 0.01786991022527218, 0.6384089589118958, 0.7614803314208984, 0.7605001330375671, 1.8076367378234863, 0.7216041088104248, -0.1364242285490036, -0.0036196953151375055, 0.9956416487693787, 0.2600376307964325, 0.4190828800201416, 1.2540957927703857, 1.6985843181610107, 2.049875497817993, 1.2695448398590088, -0.0062679871916770935, 0.48085644841194153, 0.10280326008796692, 1.7437121868133545, 1.3779020309448242, 0.6425955295562744, 1.7562425136566162, 0.014684256166219711, -0.14662587642669678, -0.018705978989601135, 0.36234912276268005, 2.3616621494293213, -0.1732373684644699, 0.4297429025173187, 0.2264198660850525, 0.2508782148361206, 0.5183135867118835, 0.0532512441277504, 0.09144189953804016, 0.10468034446239471, 0.4033568501472473, 0.5270897746086121, 1.7788455486297607, 0.4436173141002655, 1.8402138948440552, -0.007687613368034363, 0.5317236185073853, 1.2673048973083496, 0.13747990131378174, 0.4144156277179718, 0.1596764624118805, 1.4108479022979736, 1.0280892848968506, 1.2470784187316895, 0.35418641567230225, 1.2810330390930176, -0.1683441549539566]"
coefficient,"[18, 12, 4, 22, 22, 6, 18, 6, 4, 5, 8]",34,"[1.0123950242996216, 0.3977981209754944, 0.5772527456283569, 0.6278182864189148, 0.004595210775732994, 1.0238934755325317, 0.24448058009147644, 1.4592680931091309, 0.7177157998085022, 0.3834053874015808, 0.8989001512527466, 0.9114562273025513, 0.020179998129606247, 0.6629027724266052, 0.8995069265365601, 0.5414630174636841, 1.363448977470398, 0.9273126125335693, 0.17275168001651764, 0.0004109073197469115, 0.7855214476585388, 0.1264178454875946, 0.5438360571861267, 1.119266152381897, 1.5160568952560425, 1.6487199068069458, 1.0571749210357666, -0.005670974031090736, 0.6373903155326843, 0.5128120183944702, 1.6292612552642822, 1.1898350715637207, 0.6928799152374268, 1.4995583295822144, 0.011227527633309364, 0.29506468772888184, -0.014097447507083416, 0.3098446726799011, 2.040304660797119, 0.32266128063201904, 0.6957027316093445, 0.481377512216568, 0.22444774210453033, 0.508699357509613, 0.04010272026062012, 0.18415378034114838, 0.2780681848526001, 0.6936100721359253, 0.5600194334983826, 1.6210057735443115, 0.50295490026474, 1.709221363067627, 0.5172672867774963, 0.5153388977050781, 1.2074804306030273, 0.13301806151866913, 0.33469653129577637, 0.45610976219177246, 1.344712734222412, 1.0717836618423462, 1.064307689666748, 0.44200101494789124, 1.1454110145568848, 0.18289496004581451]"
control group,"[18, 12, 5, 8, 11, 12, 14, 31, 17, 11, 12, 13, 3]",34,"[0.25584468245506287, 1.5995607376098633, 0.19901737570762634, 0.3145156502723694, 0.007682517170906067, 0.47697946429252625, 1.1002910137176514, 0.8847945332527161, 0.6516422033309937, 0.34151339530944824, 0.32239437103271484, 0.6126001477241516, 0.0642503947019577, 0.8404276371002197, 1.3681700229644775, 0.7552582025527954, 0.3086400628089905, 0.9678927659988403, 0.6330248117446899, 0.0009531393880024552, 0.20410645008087158, 0.03755772113800049, 1.333162546157837, 0.3560514450073242, 0.5030953288078308, 0.5815275311470032, 0.3609708845615387, -0.011075783520936966, 0.5774125456809998, 1.6789591312408447, 0.7041198015213013, 0.42877233028411865, 0.58784419298172, 0.7413474321365356, -0.005816362798213959, 1.4792661666870117, -0.02595168724656105, 0.12026996910572052, 0.9683403372764587, 1.3253681659698486, 0.8646792769432068, 1.2457321882247925, 0.12161201238632202, 1.328239917755127, 0.08089960366487503, 0.3780483603477478, 0.7237781286239624, 1.6565550565719604, 0.4207412004470825, 0.5573857426643372, 0.3940183222293854, 0.7848966121673584, 1.7961198091506958, 1.0730185508728027, 0.8622941374778748, 0.050841525197029114, 0.7981370091438293, 0.9619786143302917, 0.867531955242157, 0.4453771114349365, 0.8707893490791321, 0.23434856534004211, 0.5042036175727844, 0.8082420825958252]"
convection,"[18, 12, 5, 28, 4, 18, 8, 6, 12, 5]",34,"[0.5329176187515259, 0.859778106212616, 0.2330944538116455, 0.17197494208812714, 0.0007879789918661118, 0.29024532437324524, 0.6563807725906372, 1.3724894523620605, 0.6893304586410522, 0.48851579427719116, 0.7529090046882629, 0.4946024715900421, 0.02851935476064682, 0.4726182520389557, 0.918691873550415, 1.0371925830841064, 0.5605351328849792, 0.4274890422821045, 0.3873205780982971, -0.001035219058394432, 0.3917989730834961, 0.12951432168483734, 0.9635508060455322, 0.498974084854126, 0.6440328359603882, 0.6202154159545898, 0.7336616516113281, -0.0024901237338781357, 0.279685914516449, 0.8782564401626587, 0.9932151436805725, 0.4706574082374573, 0.19383159279823303, 0.9206286668777466, -0.0028607891872525215, 0.6362951993942261, -0.01972852274775505, 0.4034973382949829, 1.5592764616012573, 0.6883204579353333, 0.4743505120277405, 0.5140861868858337, -0.013869339600205421, 1.0443633794784546, 0.01592448353767395, 0.4037197530269623, 0.5309907793998718, 0.8419415950775146, 0.42004889249801636, 1.0928384065628052, 0.5888842940330505, 1.1595559120178223, 0.9919604063034058, 1.1621757745742798, 0.8459000587463379, 0.15991614758968353, 0.7184761166572571, 0.39201468229293823, 1.076297640800476, 0.5523616671562195, 0.8101819157600403, 0.4627269208431244, 0.3225773274898529, 0.3401142954826355]"
dependent variable,"[20, 4, 3, 4, 5, 20, 4, 5, 8, 31, 28, 2, 11, 6, 2, 10, 14, 4]",34,"[0.7572535276412964, 0.7324621677398682, 0.5564272403717041, 0.601868212223053, 0.012471330352127552, 0.953510046005249, 0.35704123973846436, 1.3874444961547852, 0.7513507008552551, 0.37776482105255127, 0.5853122472763062, 1.0037927627563477, 0.018042465671896935, 0.8895393013954163, 1.1259857416152954, 0.7224555015563965, 1.0832948684692383, 1.0427613258361816, 0.22808697819709778, -0.003187506925314665, 0.5894818902015686, 0.1279716044664383, 0.7389445304870605, 0.9583527445793152, 1.3576655387878418, 1.4970593452453613, 0.946747899055481, -0.0034204311668872833, 0.6793493628501892, 0.7745496034622192, 1.4920907020568848, 1.0874234437942505, 0.745603084564209, 1.4706916809082031, -0.0023111344780772924, 0.5634663105010986, -0.04374420642852783, 0.09786777198314667, 1.916540503501892, 0.4220578074455261, 0.7787959575653076, 0.748248279094696, 0.23832638561725616, 0.7997288703918457, 0.023511365056037903, 0.1445097029209137, 0.28165432810783386, 1.1281818151474, 0.5777925848960876, 1.3223867416381836, 0.4022247791290283, 1.6012216806411743, 0.8506215810775757, 0.6827138066291809, 1.2155722379684448, 0.02690558135509491, 0.5427159070968628, 0.6086731553077698, 1.3394545316696167, 0.9346737265586853, 1.224838137626648, 0.288393497467041, 1.1085689067840576, 0.25943315029144287]"
empire,"[4, 19, 3, 6, 11, 4]",34,"[1.2402639389038086, 0.5057463049888611, 1.2451251745224, 1.0634185075759888, 0.003328140825033188, 0.7295770049095154, 0.4063107967376709, 0.9422800540924072, 1.0638980865478516, 0.09988804906606674, 0.5059414505958557, 1.3676623106002808, -0.009479118511080742, 1.0064141750335693, 1.598447322845459, 0.19356802105903625, 1.4968349933624268, 0.5148830413818359, 0.5085511803627014, 0.0002077004173770547, 0.5731203556060791, 0.7853360772132874, 0.3896218538284302, 0.492522656917572, 1.4964518547058105, 1.568061113357544, 1.1000462770462036, 0.0006185732781887054, 0.016460243612527847, 0.7723504304885864, 1.2192611694335938, 1.0603041648864746, 0.8353099822998047, 1.6281951665878296, 0.0006746486760675907, 0.40119948983192444, -0.012102795764803886, 0.3399334251880646, 1.7604632377624512, 0.7826669216156006, 0.12804445624351501, 0.7788986563682556, 0.06018967181444168, 0.8060009479522705, 0.5246894359588623, 0.5931565165519714, 0.6930230855941772, 1.1141223907470703, 0.045702677220106125, 1.1286507844924927, 0.04393589124083519, 1.281695008277893, 1.0260478258132935, 0.303006112575531, 1.4892877340316772, 0.6249370574951172, 0.15940290689468384, 0.16495487093925476, 0.7198781371116638, 0.5332267880439758, 1.7526872158050537, 0.1007266491651535, 1.5999666452407837, 0.4223426580429077]"
energy transfer,"[4, 5, 4, 11, 17, 21, 31, 8, 11, 2, 5, 7, 22, 4, 11]",34,"[1.13901948928833, 0.5919924974441528, 0.9563020467758179, 1.045682668685913, 0.009464731439948082, 1.5210741758346558, 0.46962302923202515, 0.6970638632774353, 0.3930625915527344, 0.056261755526065826, 0.48162949085235596, 0.9565203189849854, 0.013815604150295258, 0.7203227877616882, 0.5980780124664307, -0.05075988173484802, 1.689713478088379, 1.430050015449524, 0.28079870343208313, 0.0009888244094327092, 0.8791824579238892, 0.3843103051185608, 0.19648662209510803, 1.2453945875167847, 1.8008919954299927, 2.050727367401123, 0.9245811700820923, 0.006351911462843418, 0.9908220767974854, 0.5026628971099854, 1.3641445636749268, 1.4858424663543701, 1.1935293674468994, 1.219894528388977, -0.00019838055595755577, 0.6137350797653198, -0.028210600838065147, 0.32894468307495117, 1.4397557973861694, 0.4980706572532654, 0.8594682812690735, 0.6380274295806885, 0.49715402722358704, 0.20138674974441528, 0.1560586541891098, 0.3579104542732239, 0.1649707853794098, 0.9028708338737488, 0.43820253014564514, 1.3346002101898193, 0.1414819061756134, 1.3287630081176758, 0.4552779495716095, -0.03597487509250641, 0.7802825570106506, 0.13259117305278778, -0.029773682355880737, 0.7786181569099426, 0.8902886509895325, 1.1763030290603638, 0.7797278761863708, 0.1655741184949875, 1.7368266582489014, 0.35910046100616455]"
equation,"[4, 24, 13, 2, 8, 6, 12, 5]",34,"[0.26105934381484985, 1.219732642173767, 0.12742334604263306, 0.152168869972229, 0.003957856446504593, 0.3505212962627411, 0.8112629652023315, 1.1144084930419922, 0.6609492897987366, 0.4695478677749634, 0.4978601336479187, 0.5158976316452026, 0.03556521236896515, 0.6553343534469604, 1.0990910530090332, 0.9324839115142822, 0.31390175223350525, 0.7011994123458862, 0.46284639835357666, -0.0014459668891504407, 0.2224966138601303, -0.018953941762447357, 1.090024709701538, 0.4345424175262451, 0.5386543869972229, 0.5694193243980408, 0.6111295223236084, 0.004436214454472065, 0.44775089621543884, 1.263871669769287, 0.882343590259552, 0.4981147348880768, 0.38363736867904663, 0.8568618297576904, 0.002035575918853283, 0.9771789312362671, -0.008004490286111832, 0.09473761916160583, 1.2953014373779297, 0.9951030015945435, 0.7142109274864197, 0.8512163162231445, 0.017971886321902275, 1.0736511945724487, 0.017470642924308777, 0.29414528608322144, 0.533574104309082, 1.2544409036636353, 0.4922596514225006, 0.7616068720817566, 0.5776234269142151, 0.9897342920303345, 1.3550506830215454, 1.0413024425506592, 0.8913022875785828, 0.07400545477867126, 0.7849346995353699, 0.6442711353302002, 1.0206128358840942, 0.48187190294265747, 0.8692872524261475, 0.4008079469203949, 0.3662048280239105, 0.5636975765228271]"
expression,"[4, 27, 3, 11, 4, 7, 7, 6, 12, 5]",34,"[1.3661812543869019, 0.010208487510681152, 0.6921916604042053, 0.7101747393608093, 0.0006468109786510468, 1.3227568864822388, 0.0632953867316246, 1.5214102268218994, 0.6344377994537354, 0.3826879858970642, 1.1849937438964844, 0.8570939302444458, 0.013012148439884186, 0.4426852762699127, 0.48116111755371094, 0.34184056520462036, 1.8019438982009888, 0.8736295700073242, 0.10580950975418091, 0.0037238141521811485, 1.1659547090530396, 0.26971906423568726, 0.17445650696754456, 1.4789903163909912, 1.8326621055603027, 1.9979240894317627, 1.2623339891433716, -0.012908654287457466, 0.6866616010665894, 0.06704699993133545, 1.8497557640075684, 1.494489073753357, 0.756813108921051, 1.5753103494644165, -0.003361033508554101, -0.06496317684650421, -0.010519292205572128, 0.4914345443248749, 2.141498327255249, 0.06766421347856522, 0.6065150499343872, 0.1419641673564911, 0.2331661432981491, 0.15560978651046753, 0.08414261043071747, 0.1704409420490265, 0.1337212473154068, 0.20389437675476074, 0.5463079810142517, 2.0460829734802246, 0.6098414659500122, 1.8253191709518433, 0.029844015836715698, 0.3147282898426056, 1.0429797172546387, 0.16276492178440094, 0.08823949098587036, 0.3190964162349701, 1.414169192314148, 1.4269579648971558, 0.9074429869651794, 0.6328340172767639, 1.3678274154663086, 0.0439041331410408]"
feudalism,"[22, 4, 13, 20, 2, 14, 6, 7, 19]",34,"[0.42613160610198975, 1.289939522743225, 0.4458123743534088, 0.49464136362075806, -0.002461971715092659, 0.4875102937221527, 0.9693599939346313, 0.8041870594024658, 0.6444203853607178, 0.27308911085128784, 0.3515012562274933, 0.7554996609687805, 0.024979522451758385, 0.8170467019081116, 1.3047544956207275, 0.5044552087783813, 0.5571462512016296, 0.841834306716919, 0.6321954131126404, -0.0006236651679500937, 0.2635485529899597, 0.20152828097343445, 0.9004492163658142, 0.40166908502578735, 0.6919068694114685, 0.7818681597709656, 0.5941213369369507, -0.0006181541830301285, 0.4142761826515198, 1.3790626525878906, 0.8063228726387024, 0.5946235060691833, 0.6486771702766418, 0.8952971696853638, 0.0003146934323012829, 1.1376302242279053, -0.010183895006775856, 0.11706918478012085, 1.1064624786376953, 1.2096693515777588, 0.6414470076560974, 1.0208526849746704, 0.04388272017240524, 1.0566056966781616, 0.15522335469722748, 0.5333384871482849, 0.6708976030349731, 1.4697370529174805, 0.32187071442604065, 0.6683841347694397, 0.28519123792648315, 0.8479586243629456, 1.5170114040374756, 0.6470290422439575, 0.9190480709075928, 0.20898011326789856, 0.48762890696525574, 0.6945484280586243, 0.74555903673172, 0.44750481843948364, 0.9997597932815552, 0.21290653944015503, 0.7497437000274658, 0.7755224108695984]"
geological,"[17, 4, 12, 14, 12, 17, 6, 18, 2, 14]",34,"[0.24013708531856537, 1.6846269369125366, 0.13673390448093414, 0.19012805819511414, 0.006015750579535961, 0.36210885643959045, 1.2451763153076172, 1.0347352027893066, 0.5977827310562134, 0.4922783374786377, 0.37530821561813354, 0.5657258033752441, 0.04519365727901459, 0.8055471181869507, 1.3599001169204712, 0.9539727568626404, 0.23534277081489563, 0.9243146181106567, 0.6834225058555603, 0.0017753891879692674, 0.18399271368980408, -0.012894980609416962, 1.3898006677627563, 0.37044066190719604, 0.5061060786247253, 0.4948790967464447, 0.47390925884246826, -0.005263933911919594, 0.5689860582351685, 1.7297227382659912, 0.7952170968055725, 0.4440620541572571, 0.5390845537185669, 0.7604706883430481, 0.0024555884301662445, 1.4445252418518066, -0.004546499345451593, 0.03331214189529419, 1.2092598676681519, 1.43571937084198, 0.9051573872566223, 1.1901435852050781, 0.02197411097586155, 1.4282475709915161, 0.0058807432651519775, 0.43121278285980225, 0.7315109372138977, 1.7171707153320312, 0.5871731042861938, 0.6825224161148071, 0.5511875152587891, 0.9807364344596863, 1.9056637287139893, 1.1548328399658203, 0.8656855225563049, 0.05711187422275543, 0.9376722574234009, 0.9279693365097046, 0.9975413084030151, 0.47690850496292114, 0.8841293454170227, 0.327619731426239, 0.3918079137802124, 0.840901792049408]"
independent variable,"[6, 5, 20, 4, 3, 4, 5, 20, 4, 5, 8, 31, 28, 2, 11, 6, 2, 10, 14, 4]",34,"[0.7455359101295471, 0.7871852517127991, 0.4623986780643463, 0.5012019872665405, 0.008921319618821144, 0.8689463138580322, 0.37818071246147156, 1.4702606201171875, 0.7653504014015198, 0.4330035448074341, 0.6564237475395203, 0.9362295866012573, 0.019207511097192764, 0.8319301605224609, 1.1011250019073486, 0.8374688625335693, 1.016221046447754, 0.9947670698165894, 0.2343013882637024, -0.0031283507123589516, 0.5887793898582458, 0.10715732723474503, 0.8339393138885498, 0.9622801542282104, 1.2849754095077515, 1.400993824005127, 0.9379734992980957, -0.0037788860499858856, 0.6706446409225464, 0.8158382773399353, 1.4963765144348145, 1.0174640417099, 0.6578602194786072, 1.4318217039108276, 0.00244913250207901, 0.5652696490287781, -0.035366982221603394, 0.12761272490024567, 1.9523835182189941, 0.4537670612335205, 0.8103427290916443, 0.7215915322303772, 0.22169016301631927, 0.8487201929092407, -0.005058392882347107, 0.167016863822937, 0.29646989703178406, 1.0826835632324219, 0.6109362244606018, 1.370129108428955, 0.4814649224281311, 1.634734034538269, 0.8694648742675781, 0.8136301636695862, 1.191003680229187, 0.036959245800971985, 0.6272206902503967, 0.609844982624054, 1.4059092998504639, 0.9297763109207153, 1.1914855241775513, 0.34282028675079346, 0.9808908104896545, 0.2552376985549927]"
kinetic energy,"[16, 6, 5, 4, 8, 6, 18, 31, 4, 5, 4, 11, 17, 21]",34,"[1.168086290359497, 0.6417620182037354, 0.9226661324501038, 0.7758757472038269, -0.003072937950491905, 0.8128349184989929, 0.5794724225997925, 1.063430905342102, 0.6026427745819092, 0.19409920275211334, 0.6191095113754272, 0.7690496444702148, -0.00014785118401050568, 0.5226420164108276, 0.7848048210144043, 0.4304250478744507, 1.3877285718917847, 0.6467313766479492, 0.40961140394210815, 0.0014914904022589326, 0.7261089086532593, 0.5767439007759094, 0.4798183739185333, 0.7665194272994995, 1.3154702186584473, 1.4303703308105469, 0.9540547132492065, 0.004328794777393341, 0.42685723304748535, 0.5261034369468689, 1.1204688549041748, 1.0263340473175049, 0.6591492891311646, 1.1289563179016113, -0.01092233881354332, 0.4783891439437866, -0.02683955989778042, 0.5573578476905823, 1.6101486682891846, 0.6172030568122864, 0.39274951815605164, 0.39704638719558716, 0.1643083393573761, 0.7037265300750732, 0.15486282110214233, 0.672448992729187, 0.5176588296890259, 0.7146425247192383, 0.2798667550086975, 1.3475667238235474, 0.21832241117954254, 1.2424468994140625, 0.5872491598129272, 0.4633641242980957, 0.7760267853736877, 0.4338840842247009, 0.23382925987243652, 0.31202271580696106, 0.8169340491294861, 0.7823020815849304, 0.9852831363677979, 0.19815495610237122, 1.1566845178604126, 0.2964366674423218]"
latitude,"[14, 2, 8, 6, 8, 13, 20, 4]",34,"[0.46955347061157227, 1.1280947923660278, 0.25936126708984375, 0.2623633146286011, 0.004981404170393944, 0.27402424812316895, 0.8987376093864441, 1.1465537548065186, 0.6016421318054199, 0.36787861585617065, 0.6164848208427429, 0.48800522089004517, 0.03249257802963257, 0.4970293343067169, 1.024458646774292, 0.8466109037399292, 0.5069785118103027, 0.5705306529998779, 0.5483483076095581, -0.0017848270945250988, 0.27452510595321655, 0.16009238362312317, 1.0026955604553223, 0.4251556396484375, 0.576617956161499, 0.6030126214027405, 0.615810751914978, 0.011762971058487892, 0.3468173146247864, 1.115825891494751, 0.8388413786888123, 0.45720577239990234, 0.33249431848526, 0.8451310992240906, -0.005395051557570696, 0.9155492782592773, -0.028012767434120178, 0.36822742223739624, 1.3313212394714355, 0.9636560678482056, 0.5329789519309998, 0.7015328407287598, 0.015674980357289314, 1.0915310382843018, 0.0448908656835556, 0.5426698327064514, 0.6533403396606445, 1.0458709001541138, 0.3657561242580414, 0.9187450408935547, 0.43776702880859375, 0.9866418242454529, 1.2485548257827759, 1.0145231485366821, 0.781335711479187, 0.22168777883052826, 0.6635770797729492, 0.4911319613456726, 0.896682620048523, 0.4973517060279846, 0.8370077013969421, 0.34370875358581543, 0.390029639005661, 0.5369076132774353]"
longitude,"[14, 12, 5, 17, 6, 8, 13, 20, 4]",34,"[0.34076786041259766, 1.498195767402649, 0.15832237899303436, 0.19984972476959229, 0.0042024701833724976, 0.2849586308002472, 1.1528987884521484, 1.0357303619384766, 0.520568311214447, 0.3921082019805908, 0.5132200717926025, 0.4173462688922882, 0.033296942710876465, 0.5787912607192993, 1.0913023948669434, 0.9037821292877197, 0.34076887369155884, 0.7733361721038818, 0.696331799030304, -0.001695855869911611, 0.20884428918361664, 0.08384545892477036, 1.1898939609527588, 0.3858417868614197, 0.4921252727508545, 0.49373310804367065, 0.4823387861251831, 0.014048745855689049, 0.4941157400608063, 1.4764323234558105, 0.7278105020523071, 0.4197099208831787, 0.39196377992630005, 0.7229215502738953, -0.006589141208678484, 1.2645397186279297, -0.03500954806804657, 0.2633294463157654, 1.190412998199463, 1.248814344406128, 0.7391647100448608, 0.9065537452697754, 0.042312271893024445, 1.2591646909713745, 6.890296936035156e-05, 0.5967020392417908, 0.735489010810852, 1.3459975719451904, 0.4645139276981354, 0.7630773186683655, 0.4542825520038605, 0.8854034543037415, 1.5610202550888062, 1.0596576929092407, 0.6986652612686157, 0.1579437255859375, 0.8194151520729065, 0.7243494391441345, 0.8786069750785828, 0.47809091210365295, 0.7818089723587036, 0.3179486095905304, 0.3160969316959381, 0.7206128835678101]"
membrane,"[19, 4, 19, 10, 11, 2, 5, 4]",34,"[0.07297317683696747, 2.2207233905792236, 0.15094062685966492, 0.19028271734714508, 0.004293851554393768, 0.13945287466049194, 1.8243236541748047, 0.3489140272140503, 0.33321577310562134, 0.1776942014694214, 0.034440308809280396, 0.29934704303741455, 0.03121066652238369, 0.6854568719863892, 1.1999783515930176, 0.6226741075515747, -0.0012037232518196106, 0.8222470283508301, 1.0640181303024292, -0.0008643073961138725, -0.0017497166991233826, 0.20355375111103058, 1.423359990119934, 0.053638141602277756, 0.0847325325012207, 0.0993562638759613, 0.1592709720134735, 0.00581741239875555, 0.4991433322429657, 2.0825154781341553, 0.17478413879871368, 0.14468975365161896, 0.4176284372806549, 0.2101513147354126, -0.0013534382451325655, 1.9656665325164795, -0.011245124973356724, 0.07510027289390564, 0.42545244097709656, 1.9414668083190918, 0.8043376803398132, 1.248547077178955, 0.03270401805639267, 1.5991712808609009, 0.03168053925037384, 0.946736216545105, 1.004861831665039, 1.8518565893173218, 0.3249610960483551, 0.075965017080307, 0.1532217562198639, 0.2769869863986969, 2.167386531829834, 0.8226830363273621, 0.32462286949157715, 0.26087257266044617, 0.73147052526474, 1.0153745412826538, 0.3503912091255188, 0.07542894780635834, 0.5963071584701538, 0.03752344846725464, 0.16215750575065613, 1.1906863451004028]"
monarchy,"[19, 12, 5, 2, 11, 18, 9, 21]",34,"[0.2802410125732422, 1.4553924798965454, 0.1440306454896927, 0.17739780247211456, 0.006972013972699642, 0.16168738901615143, 1.148305892944336, 0.6387786269187927, 0.4645238518714905, 0.21058586239814758, 0.3591045141220093, 0.27706989645957947, 0.021601777523756027, 0.4617323577404022, 0.9484438896179199, 0.6952381730079651, 0.23775652050971985, 0.5624042749404907, 0.6528095006942749, -7.363385520875454e-06, 0.1623307466506958, 0.11949872225522995, 1.0874276161193848, 0.18334192037582397, 0.27947255969047546, 0.22803136706352234, 0.33006465435028076, 0.011620521545410156, 0.31203028559684753, 1.3663184642791748, 0.4221563935279846, 0.24898648262023926, 0.27832290530204773, 0.4191078245639801, -0.0023209620267152786, 1.2047624588012695, -0.00626425351947546, 0.2948930561542511, 0.7406094670295715, 1.2677243947982788, 0.5600453019142151, 0.791183352470398, 0.033046655356884, 1.1667475700378418, 0.04107798635959625, 0.5752121806144714, 0.7422034740447998, 1.1596636772155762, 0.2275899350643158, 0.4481460452079773, 0.24883797764778137, 0.4973057806491852, 1.4456102848052979, 0.951969563961029, 0.5194887518882751, 0.20538736879825592, 0.6787638068199158, 0.6205776929855347, 0.4912582039833069, 0.23626236617565155, 0.5881914496421814, 0.1738000214099884, 0.2141059935092926, 0.6840910911560059]"
natural selection,"[5, 2, 8, 13, 11, 2, 14, 31, 7, 4, 14, 4, 18, 8, 6, 12, 5]",34,"[1.0454967021942139, 0.5597967505455017, 0.4611334204673767, 0.5955923199653625, 0.008390389382839203, 1.2346941232681274, 0.2308282107114792, 1.650198221206665, 0.6368181109428406, 0.5205146074295044, 0.9437733292579651, 0.9267527461051941, 0.03384540602564812, 0.6462108492851257, 0.7095332145690918, 0.6826982498168945, 1.4434148073196411, 1.2398532629013062, 0.1324245184659958, -0.002574688522145152, 0.9129875898361206, 0.019904300570487976, 0.5951796174049377, 1.3958500623703003, 1.603706955909729, 1.84182608127594, 1.105684518814087, -0.007776349782943726, 0.9241230487823486, 0.5535134673118591, 1.8584387302398682, 1.3606010675430298, 0.8183128237724304, 1.52848219871521, 0.011513648554682732, 0.4002669155597687, -0.016442786902189255, 0.21359214186668396, 2.1186118125915527, 0.25147828459739685, 0.9806763529777527, 0.5484606623649597, 0.3025982677936554, 0.4252825975418091, -0.06371158361434937, 0.07694725692272186, 0.0899389386177063, 0.7625272274017334, 0.7639883756637573, 1.8329545259475708, 0.7058449983596802, 1.9085676670074463, 0.4923498034477234, 0.5820445418357849, 1.0899770259857178, -0.043679818511009216, 0.39859867095947266, 0.7033401727676392, 1.6189144849777222, 1.3427314758300781, 0.936543345451355, 0.5643088221549988, 1.1905231475830078, 0.2214868813753128]"
nucleus,"[5, 13, 18, 14, 4, 13, 7]",34,"[0.36540740728378296, 1.418724536895752, 0.4103756248950958, 0.4258391857147217, 0.008296729996800423, 0.3919534981250763, 1.1051133871078491, 0.6171818375587463, 0.5790778398513794, 0.21846581995487213, 0.32360637187957764, 0.6743878722190857, 0.030370116233825684, 0.7328513860702515, 1.2856262922286987, 0.5213038921356201, 0.47358137369155884, 0.8034074306488037, 0.707768440246582, -0.0025151900481432676, 0.2341027557849884, 0.2628270387649536, 0.9841007590293884, 0.3356712758541107, 0.5447500944137573, 0.6477009654045105, 0.4667249321937561, 0.001280544325709343, 0.3784361481666565, 1.480129599571228, 0.6324820518493652, 0.45565280318260193, 0.5508646368980408, 0.7488113045692444, 0.0037084645591676235, 1.203686237335205, -0.002161904238164425, 0.2112688422203064, 0.8644241690635681, 1.3229645490646362, 0.6180300712585449, 1.0098129510879517, 0.048315130174160004, 1.1835438013076782, 0.18742574751377106, 0.6108934879302979, 0.7957038879394531, 1.4255940914154053, 0.23860019445419312, 0.5169810056686401, 0.2354201227426529, 0.6376433372497559, 1.6040303707122803, 0.7347795963287354, 0.8013995289802551, 0.28022265434265137, 0.5689165592193604, 0.7255953550338745, 0.5871950387954712, 0.32891833782196045, 0.8620977401733398, 0.20330992341041565, 0.6277884840965271, 0.8335584998130798]"
organelle,"[12, 11, 17, 2, 5, 4, 14, 14, 4]",34,"[0.8406193256378174, 0.5303026437759399, 0.7380358576774597, 0.7501576542854309, -0.0011296365410089493, 1.0094798803329468, 0.31772178411483765, 1.1105271577835083, 0.6676688194274902, 0.31081557273864746, 0.47971194982528687, 1.027949333190918, -0.0026555676013231277, 0.8788522481918335, 0.9815398454666138, 0.4294153153896332, 1.2097622156143188, 0.9840531349182129, 0.17653729021549225, -0.0007749771466478705, 0.6062841415405273, 0.15824127197265625, 0.39705196022987366, 0.8854382038116455, 1.4451485872268677, 1.5867410898208618, 1.0399527549743652, 0.0023603448644280434, 0.6019594073295593, 0.6108145713806152, 1.4139153957366943, 1.200077772140503, 0.881456732749939, 1.4299976825714111, -0.010139044374227524, 0.4788851737976074, -0.024579988792538643, 0.06823316216468811, 1.779036045074463, 0.4475255012512207, 0.6302062273025513, 0.6641894578933716, 0.21250168979167938, 0.4806121587753296, 0.07605638355016708, 0.1253904104232788, 0.159444659948349, 1.0518851280212402, 0.5106053948402405, 1.1960300207138062, 0.28868526220321655, 1.457390308380127, 0.692054033279419, 0.3440374732017517, 1.152672529220581, 0.02225397527217865, 0.2505619525909424, 0.520325243473053, 1.1588420867919922, 0.879252552986145, 1.1598567962646484, 0.2367953658103943, 1.3062723875045776, 0.2811620831489563]"
plate tectonics,"[3, 14, 2, 8, 4, 31, 8, 4, 18, 8, 12, 5, 6, 18, 7]",34,"[1.2400016784667969, 0.46142178773880005, 0.8504757285118103, 0.8468720316886902, 0.004950016736984253, 1.1038621664047241, 0.27799493074417114, 1.379384994506836, 0.6980740427970886, 0.20419439673423767, 0.7413409352302551, 1.0385407209396362, 0.01178231742233038, 0.6944652795791626, 0.8821970224380493, 0.4593223035335541, 1.6377352476119995, 0.9242438077926636, 0.18141978979110718, 0.0012108172522857785, 0.8773784041404724, 0.2669806480407715, 0.45078417658805847, 1.0717488527297974, 1.6003351211547852, 1.884147047996521, 1.042796015739441, -0.008391732349991798, 0.5255458354949951, 0.4605408012866974, 1.565462350845337, 1.2675163745880127, 0.8193302154541016, 1.5166343450546265, -0.0011656379792839289, 0.3451910614967346, -0.04421697556972504, 0.3834533393383026, 1.9970519542694092, 0.3173938989639282, 0.499746173620224, 0.5101749300956726, 0.2532058358192444, 0.5600665211677551, 0.05763854831457138, 0.2424865961074829, 0.23563189804553986, 0.745785117149353, 0.34405410289764404, 1.6015170812606812, 0.24296393990516663, 1.6162214279174805, 0.3915095925331116, 0.43391644954681396, 1.1086444854736328, 0.0828791931271553, 0.19671796262264252, 0.3876933157444, 1.133266806602478, 1.0836763381958008, 1.1584821939468384, 0.2640175521373749, 1.3644660711288452, 0.20545753836631775]"
potential energy,"[3, 12, 8, 4, 5, 8, 6, 2, 14, 31, 4, 5, 4, 11, 17, 21]",34,"[1.086814045906067, 0.6124745607376099, 0.7608920931816101, 0.7239632606506348, 0.0021061431616544724, 0.998566746711731, 0.3801730275154114, 1.186357021331787, 0.628065824508667, 0.33653318881988525, 0.6416188478469849, 0.8436734676361084, 0.01489242259413004, 0.6442379355430603, 0.7242623567581177, 0.5554982423782349, 1.407548427581787, 0.9457120895385742, 0.25183922052383423, -0.0009987324010580778, 0.7682400345802307, 0.3206881582736969, 0.5451261401176453, 0.9973257780075073, 1.4928932189941406, 1.6508879661560059, 1.0424739122390747, 0.0064607830718159676, 0.6524247527122498, 0.553939163684845, 1.3788459300994873, 1.1979765892028809, 0.785687267780304, 1.3296990394592285, 0.004719957243651152, 0.4623083770275116, -0.008619601838290691, 0.2964460849761963, 1.7798322439193726, 0.43922221660614014, 0.6736077070236206, 0.4907878041267395, 0.23867155611515045, 0.5423455238342285, 0.055635713040828705, 0.3273833394050598, 0.24034127593040466, 0.8048884272575378, 0.47590669989585876, 1.4383877515792847, 0.38778257369995117, 1.4760475158691406, 0.5552541613578796, 0.4754364490509033, 0.9486949443817139, 0.16479384899139404, 0.3584860563278198, 0.518488883972168, 1.1364707946777344, 0.9572073817253113, 0.993185818195343, 0.29411691427230835, 1.2493818998336792, 0.24928534030914307]"
rate,"[11, 2, 8, 4]",34,"[1.0244338512420654, 0.6377630829811096, 0.9553091526031494, 0.808286190032959, 0.007167493924498558, 0.5108498930931091, 0.7090837359428406, 0.8502823114395142, 0.8249715566635132, 0.07085800170898438, 0.4354528784751892, 1.0035617351531982, 0.0008511105552315712, 0.6491196155548096, 1.2066924571990967, 0.2582131624221802, 1.164095401763916, 0.3663327991962433, 0.5336565375328064, 0.0002100564306601882, 0.447709858417511, 0.683961033821106, 0.4512895941734314, 0.39540553092956543, 1.060720682144165, 1.1464210748672485, 0.9384269714355469, 0.0006530918180942535, 0.04470594599843025, 0.7421656250953674, 0.9168832302093506, 0.797339916229248, 0.5536024570465088, 1.2076138257980347, -0.0011757982429116964, 0.5415949821472168, -0.00781132560223341, 0.43458494544029236, 1.3631126880645752, 0.8674939870834351, 0.06596753746271133, 0.5781043767929077, -0.009466545656323433, 0.8056102395057678, 0.39738231897354126, 0.7376704216003418, 0.7269713878631592, 0.9107649922370911, 0.05997977778315544, 0.962689995765686, 0.05971129983663559, 0.9359578490257263, 0.9612065553665161, 0.3402002453804016, 1.0344407558441162, 0.6279436349868774, 0.12401899695396423, 0.16844028234481812, 0.569032609462738, 0.3890198767185211, 1.2579734325408936, 0.12731830775737762, 1.0770337581634521, 0.4710804224014282]"
Reformation,"[11, 4, 22, 12, 11, 19, 2, 8, 6, 12, 5]",34,"[0.29713839292526245, 1.5769151449203491, -0.003784671425819397, 0.14351916313171387, 0.008377248421311378, 0.36761224269866943, 0.9807098507881165, 1.0964192152023315, 0.6273165345191956, 0.4558027386665344, 0.48476630449295044, 0.40134909749031067, 0.04955523461103439, 0.6373185515403748, 1.062563419342041, 1.0560473203659058, 0.2826738655567169, 0.8566828966140747, 0.5668838024139404, -0.0010986761189997196, 0.23003126680850983, -0.03693845868110657, 1.3430761098861694, 0.4562050700187683, 0.5398645401000977, 0.4923909902572632, 0.5045048594474792, 0.006383068859577179, 0.6118497252464294, 1.447288155555725, 0.8724722266197205, 0.46170055866241455, 0.3807639479637146, 0.7538700103759766, 0.011422941461205482, 1.2091736793518066, 0.015998441725969315, 0.10428328812122345, 1.2132854461669922, 1.0940020084381104, 0.9259063005447388, 0.9305365681648254, 0.09971535205841064, 1.1878381967544556, -0.09701533615589142, 0.30182546377182007, 0.5073817372322083, 1.386384129524231, 0.5573627352714539, 0.7431106567382812, 0.5326148271560669, 1.004226803779602, 1.57853364944458, 1.2082805633544922, 0.8008391857147217, 0.003085613250732422, 0.9250883460044861, 0.891370415687561, 1.092869520187378, 0.4778624475002289, 0.752295970916748, 0.321690171957016, 0.305738627910614, 0.6382712125778198]"
Renaissance,"[11, 4, 5, 2, 6, 7, 7, 2, 5, 18, 4]",34,"[0.6265447735786438, 1.25663423538208, 0.524666428565979, 0.5675114393234253, 0.015434512868523598, 0.491702675819397, 0.9760452508926392, 0.7441684007644653, 0.5900323390960693, 0.1374760866165161, 0.395155131816864, 0.718580961227417, 0.012741108424961567, 0.6485735177993774, 1.1500459909439087, 0.4252517819404602, 0.7246994376182556, 0.7681926488876343, 0.6500875353813171, -0.001793189556337893, 0.31883829832077026, 0.36112236976623535, 0.807224452495575, 0.41211575269699097, 0.7630436420440674, 0.8432144522666931, 0.5851011276245117, 0.008558232337236404, 0.37126457691192627, 1.203719973564148, 0.7571234703063965, 0.6122978925704956, 0.5978410243988037, 0.8339124321937561, 0.003465368878096342, 1.0390896797180176, -0.022571295499801636, 0.32673653960227966, 1.0489420890808105, 1.1272287368774414, 0.5125423073768616, 0.8400965929031372, 0.06910202652215958, 0.9989427328109741, 0.1514921635389328, 0.6730175018310547, 0.7198166847229004, 1.1879633665084839, 0.22803965210914612, 0.7225196957588196, 0.14834925532341003, 0.7782780528068542, 1.3076093196868896, 0.5217338800430298, 0.7727391719818115, 0.3553486764431, 0.3717353641986847, 0.5933327078819275, 0.5733373761177063, 0.47224724292755127, 0.9334020018577576, 0.11225322633981705, 0.7971919775009155, 0.671549379825592]"
thermal energy,"[8, 9, 4, 11, 19, 2, 14, 31, 4, 5, 4, 11, 17, 21]",34,"[1.0535084009170532, 0.7108513116836548, 0.9390301704406738, 0.9864381551742554, 0.0014794059097766876, 1.2605968713760376, 0.5405067205429077, 0.9408831596374512, 0.6157455444335938, 0.2223331779241562, 0.4668009281158447, 1.049975872039795, 0.00841632392257452, 0.9097850322723389, 0.9023149013519287, 0.2507224678993225, 1.5360441207885742, 1.2456424236297607, 0.33249524235725403, -0.00018611305858939886, 0.7724228501319885, 0.32669833302497864, 0.406525582075119, 1.0327955484390259, 1.6826063394546509, 1.9131195545196533, 1.0486646890640259, 0.0008637961000204086, 0.803429126739502, 0.7355998754501343, 1.4106931686401367, 1.400812029838562, 1.1123753786087036, 1.421958565711975, -0.007007056847214699, 0.7150160670280457, -0.021705448627471924, 0.15699376165866852, 1.6846551895141602, 0.6374422907829285, 0.770488977432251, 0.7626684308052063, 0.3269255757331848, 0.5097898244857788, 0.12270261347293854, 0.3252559304237366, 0.23645645380020142, 1.161021113395691, 0.47611626982688904, 1.3007786273956299, 0.225258469581604, 1.454947590827942, 0.7728052139282227, 0.20764395594596863, 1.0205225944519043, 0.1003565639257431, 0.18794535100460052, 0.7162632942199707, 1.0177067518234253, 1.0488029718399048, 1.077020287513733, 0.1825476586818695, 1.637125015258789, 0.4129633903503418]"
topography,"[8, 12, 3, 12, 17, 11, 2, 3, 9, 21]",34,"[0.013796642422676086, 2.0519073009490967, 0.014776214957237244, 0.11325719207525253, -0.002129489555954933, 0.26632142066955566, 1.4875941276550293, 0.6942446231842041, 0.6500382423400879, 0.30753636360168457, 0.22163325548171997, 0.473371297121048, 0.04578272998332977, 0.9339314699172974, 1.4917819499969482, 0.8127171397209167, 0.010208167135715485, 0.946738600730896, 0.8483383059501648, -0.00021953321993350983, 0.08736904710531235, -0.03587545454502106, 1.610195279121399, 0.19273069500923157, 0.27918320894241333, 0.22944097220897675, 0.2977982759475708, 0.0019582901149988174, 0.5639548897743225, 2.200143575668335, 0.47298240661621094, 0.25741785764694214, 0.472175270318985, 0.5827503800392151, -0.0024215190205723047, 1.8649203777313232, -0.0023373523727059364, -0.0026391446590423584, 0.8111957311630249, 1.7358665466308594, 0.9802418947219849, 1.3882747888565063, 0.058868587017059326, 1.5908327102661133, 0.03316432237625122, 0.48724856972694397, 0.8527824878692627, 1.9924756288528442, 0.416959673166275, 0.2572188675403595, 0.33791443705558777, 0.5845674872398376, 2.3223183155059814, 1.1381875276565552, 0.8253868818283081, 0.0361495316028595, 1.008083701133728, 1.128671646118164, 0.7950878143310547, 0.22074849903583527, 0.8586118221282959, 0.20282813906669617, 0.27375340461730957, 1.0673986673355103]"
external conflict,"[4, 27, 8, 4, 11, 5, 2, 14, 31, 18, 12, 5, 22, 14, 6, 18, 8]",34,"[1.4371860027313232, -0.007753968238830566, 0.85972660779953, 0.7563756704330444, -0.002199944108724594, 1.3848638534545898, -0.04530422389507294, 1.6316249370574951, 0.4824928343296051, 0.5408268570899963, 1.0838496685028076, 0.8781188726425171, 0.019937369972467422, 0.41136959195137024, 0.3491330146789551, 0.5680853128433228, 1.9163029193878174, 0.987869381904602, 0.001337483525276184, -0.0004606988513842225, 1.2528517246246338, 0.2568435072898865, 0.15385222434997559, 1.6455578804016113, 1.8916109800338745, 2.1449666023254395, 1.3138595819473267, -0.0014589335769414902, 0.8488083481788635, -0.03846447169780731, 1.9306964874267578, 1.612074851989746, 0.8039695024490356, 1.601521372795105, -0.003462353954091668, -0.16915908455848694, -0.002937781624495983, 0.5152947902679443, 2.2625226974487305, -0.1316053420305252, 0.734026312828064, 0.0826416164636612, 0.3347874879837036, 0.196437269449234, 0.01695072650909424, 0.2512250542640686, 0.07696756720542908, 0.26444607973098755, 0.7417983412742615, 2.184014081954956, 0.7740830183029175, 1.9662853479385376, -0.09766224026679993, 0.3839157223701477, 0.9822186827659607, 0.15728333592414856, 0.1758091300725937, 0.3437342643737793, 1.611340880393982, 1.3942803144454956, 0.8402270078659058, 0.6340440511703491, 1.3865199089050293, -0.013002142310142517]"
internal conflict,"[6, 5, 8, 4, 11, 5, 2, 14, 31, 18, 12, 5, 22, 14, 6, 18, 8]",34,"[1.4983196258544922, -0.1379876583814621, 0.9419345855712891, 0.8320237398147583, -0.004215879365801811, 1.5005706548690796, -0.1449459195137024, 1.6376562118530273, 0.47864875197410583, 0.5790808200836182, 1.085132360458374, 0.9336465001106262, 0.027905143797397614, 0.47385233640670776, 0.3297130763530731, 0.5530557036399841, 2.0661654472351074, 1.0443105697631836, -0.05787254869937897, 7.352500688284636e-05, 1.329291582107544, 0.2532085180282593, 0.10325807332992554, 1.7347493171691895, 2.0277342796325684, 2.3376779556274414, 1.3860583305358887, -0.005242455750703812, 0.8942680358886719, -0.11083053797483444, 2.019252061843872, 1.7267839908599854, 0.8926794528961182, 1.709606409072876, -0.003220618236809969, -0.2234894335269928, -0.0023440904915332794, 0.4469267427921295, 2.353210926055908, -0.20852558314800262, 0.767899751663208, 0.08928641676902771, 0.3599514067173004, 0.12325003743171692, 0.04496975243091583, 0.14872413873672485, -0.01076805591583252, 0.2601674795150757, 0.765892505645752, 2.250058650970459, 0.8042083382606506, 2.062614917755127, -0.18492233753204346, 0.34828758239746094, 1.0343674421310425, 0.08886902034282684, 0.18569032847881317, 0.34703683853149414, 1.6609015464782715, 1.4627156257629395, 0.876409113407135, 0.66524338722229, 1.5289111137390137, -0.04885663092136383]"
outcome,"[12, 13, 8, 18, 12, 19, 4]",34,"[0.9370896816253662, 0.6215741038322449, 0.7085994482040405, 0.6421652436256409, -0.004622377455234528, 0.6921624541282654, 0.4383442997932434, 1.1466805934906006, 0.7401091456413269, 0.24692124128341675, 0.6113189458847046, 0.8441130518913269, 0.0034960750490427017, 0.644123911857605, 0.8826977014541626, 0.5246990323066711, 1.1965227127075195, 0.6371986865997314, 0.2836408019065857, -0.0010684598237276077, 0.5846914649009705, 0.3546231985092163, 0.5320838689804077, 0.7275751233100891, 1.2121005058288574, 1.2978228330612183, 0.987873911857605, 0.008110253140330315, 0.3531082570552826, 0.6305658221244812, 1.1605212688446045, 0.9293013215065002, 0.5988930463790894, 1.24744713306427, 0.003470094408839941, 0.49374547600746155, -0.017168033868074417, 0.34575310349464417, 1.7205376625061035, 0.5664240717887878, 0.41622230410575867, 0.5311774015426636, 0.1219421774148941, 0.6345183849334717, 0.1178024411201477, 0.4124537706375122, 0.2862584888935089, 0.862912118434906, 0.2943553328514099, 1.2430174350738525, 0.26980701088905334, 1.287677526473999, 0.6917126178741455, 0.5531560182571411, 0.9884907007217407, 0.19732898473739624, 0.3184124231338501, 0.34258580207824707, 0.9840480089187622, 0.7310346364974976, 1.04866361618042, 0.24438565969467163, 1.0467305183410645, 0.302196741104126]"
pacing,"[3, 2, 18, 6, 5, 17]",34,"[0.4876992702484131, 1.421845555305481, 0.2733082175254822, 0.2659739851951599, 0.005248507484793663, 0.2175845205783844, 1.3282890319824219, 0.6580878496170044, 0.44733279943466187, 0.20185497403144836, 0.45042818784713745, 0.3771762251853943, 0.02700968086719513, 0.37918969988822937, 1.0213687419891357, 0.48327627778053284, 0.3900548219680786, 0.5700849294662476, 0.870842456817627, -0.0003810686757788062, 0.24250441789627075, 0.33777791261672974, 0.9701009392738342, 0.26969844102859497, 0.4229213297367096, 0.380365252494812, 0.40288400650024414, 0.009708059020340443, 0.27706536650657654, 1.339794397354126, 0.49564942717552185, 0.31518158316612244, 0.31855177879333496, 0.45408767461776733, 0.0033376473002135754, 1.170706033706665, -0.001360069029033184, 0.455170601606369, 0.7685847878456116, 1.3829420804977417, 0.46857261657714844, 0.7604637742042542, 0.02538318745791912, 1.1290404796600342, 0.15807390213012695, 0.8968175649642944, 0.98036128282547, 1.0889800786972046, 0.19563701748847961, 0.6737564206123352, 0.2664179801940918, 0.560504674911499, 1.4417483806610107, 0.7632488012313843, 0.4796024560928345, 0.5008915662765503, 0.43821650743484497, 0.5941519737243652, 0.5043381452560425, 0.2989433705806732, 0.6319035887718201, 0.2574332058429718, 0.31180813908576965, 0.8053961992263794]"
sarcasm,"[7, 2, 11, 18, 2, 7, 19]",34,"[0.7874882221221924, 0.7012537121772766, 0.606441855430603, 0.6995888948440552, 0.012547386810183525, 0.9282063245773315, 0.5786337852478027, 0.8197177648544312, 0.5403097867965698, 0.2083628922700882, 0.5065132975578308, 0.8272073268890381, 0.011011629365384579, 0.661613404750824, 0.8300211429595947, 0.19446051120758057, 1.0919411182403564, 1.007647156715393, 0.33420974016189575, -0.00040849437937140465, 0.5760531425476074, 0.22888371348381042, 0.37766706943511963, 0.8048162460327148, 1.2023582458496094, 1.344641089439392, 0.8266692161560059, 0.0004595853388309479, 0.598078191280365, 0.7002206444740295, 1.1160469055175781, 1.0378303527832031, 0.8223873972892761, 1.0738208293914795, 0.003914093133062124, 0.6653239727020264, -0.006596175022423267, 0.2189040333032608, 1.2894476652145386, 0.6821754574775696, 0.6112950444221497, 0.6413784027099609, 0.18826007843017578, 0.418142706155777, 0.12115970253944397, 0.29918837547302246, 0.32275059819221497, 0.9142528176307678, 0.37463313341140747, 1.064610242843628, 0.26950064301490784, 1.099175214767456, 0.756544828414917, 0.23332421481609344, 0.8665466904640198, 0.1634087711572647, 0.15230613946914673, 0.6123764514923096, 0.8280965685844421, 0.8367905616760254, 0.7893568873405457, 0.2608092129230499, 1.1695473194122314, 0.44095784425735474]"
subgenre,"[7, 13, 10, 17, 4, 5, 11, 4]",34,"[0.7480862140655518, 1.256956934928894, 0.6945585608482361, 0.6380284428596497, 0.0064547061920166016, 0.7364218831062317, 1.1271352767944336, 0.5997774600982666, 0.3808133602142334, 0.18418210744857788, 0.2643600404262543, 0.6264922618865967, 0.002757873386144638, 0.6427944302558899, 0.8475017547607422, 0.3288574814796448, 0.9755125045776367, 0.9084264039993286, 0.6645905375480652, -0.0006321673281490803, 0.5064566731452942, 0.46526914834976196, 0.675049364566803, 0.590950071811676, 0.9930053949356079, 1.0672001838684082, 0.7041487693786621, 0.005948938429355621, 0.6220454573631287, 1.102994680404663, 0.7524001598358154, 0.8415061831474304, 0.7481918334960938, 0.731700599193573, -0.010730690322816372, 1.1019771099090576, -0.030420050024986267, 0.2715734839439392, 1.0533045530319214, 1.1763867139816284, 0.623354971408844, 0.7780977487564087, 0.17017848789691925, 0.9017359018325806, 0.15249869227409363, 0.7269023656845093, 0.6248422861099243, 1.2128061056137085, 0.37855324149131775, 0.8594093918800354, 0.17686328291893005, 0.8501902222633362, 1.2037771940231323, 0.41742902994155884, 0.5046472549438477, 0.3282926678657532, 0.3601205348968506, 0.6916860938072205, 0.6169149875640869, 0.6032938361167908, 0.7222955822944641, 0.13005857169628143, 0.9449588656425476, 0.7091580629348755]"
amalgamate,"[2, 19, 2, 14, 17, 2, 19, 2, 8, 4]",34,"[0.7569851279258728, 0.6316871047019958, 0.469035804271698, 0.5157553553581238, 0.007693517953157425, 0.9666303992271423, 0.2586936950683594, 1.4165821075439453, 0.6526272892951965, 0.5916329026222229, 0.6889441013336182, 0.856992244720459, 0.029501898214221, 0.7526559233665466, 0.8488322496414185, 0.7554590106010437, 1.0444750785827637, 1.0790332555770874, 0.17911869287490845, -0.0017889864975586534, 0.6420527696609497, 0.06548072397708893, 0.580474317073822, 1.0018986463546753, 1.3377699851989746, 1.4536981582641602, 1.0449579954147339, 0.001867588609457016, 0.7542965412139893, 0.6568654775619507, 1.4823195934295654, 1.1770739555358887, 0.7919631600379944, 1.3972606658935547, -0.005033776164054871, 0.5178486108779907, -0.01965002343058586, 0.04886288940906525, 1.871962070465088, 0.3848569691181183, 0.8444517850875854, 0.627851128578186, 0.10937254130840302, 0.48541927337646484, -0.028050526976585388, 0.021919704973697662, 0.09794817864894867, 0.9675609469413757, 0.7350990176200867, 1.4040855169296265, 0.6982301473617554, 1.5626842975616455, 0.708510160446167, 0.5875083804130554, 1.0903438329696655, -0.022253260016441345, 0.556930422782898, 0.6597018837928772, 1.4577274322509766, 1.0597550868988037, 0.9976670742034912, 0.4909241199493408, 1.0736383199691772, 0.2873879671096802]"
articulate,"[2, 11, 8, 6, 18, 13, 14, 2, 8, 4]",34,"[0.7395614385604858, 1.3251467943191528, 0.5530921220779419, 0.4735524654388428, -2.568773925304413e-05, 0.32721641659736633, 1.1690194606781006, 0.934468686580658, 0.5649493932723999, 0.2701844573020935, 0.5773624181747437, 0.6277430653572083, 0.020267916843295097, 0.5056866407394409, 1.100655198097229, 0.6259006261825562, 0.7734491229057312, 0.5997927188873291, 0.7535573244094849, -0.0007613193010911345, 0.3800286650657654, 0.4677090644836426, 0.9184551239013672, 0.4352158308029175, 0.7022062540054321, 0.7884846925735474, 0.659848690032959, 0.006049511954188347, 0.2816007733345032, 1.2203099727630615, 0.7560296654701233, 0.508836030960083, 0.4412901699542999, 0.7946875095367432, 0.007797264028340578, 1.0552239418029785, -0.01661739870905876, 0.49636876583099365, 1.2591108083724976, 1.2820605039596558, 0.4329134225845337, 0.7467359900474548, 0.020748967304825783, 1.182352900505066, 0.15640270709991455, 0.9608075618743896, 0.8566218614578247, 1.09873628616333, 0.268850177526474, 0.9828087687492371, 0.3284851610660553, 0.9207005500793457, 1.3160523176193237, 0.797417402267456, 0.6712028980255127, 0.4809063673019409, 0.4861922562122345, 0.49257779121398926, 0.687430202960968, 0.49751871824264526, 0.8575179576873779, 0.26851263642311096, 0.623823344707489, 0.7076072692871094]"
assert,"[2, 7, 7, 4, 11, 8]",34,"[1.050371527671814, 0.4577130079269409, 0.705367922782898, 0.8213011622428894, 0.009723851457238197, 0.8591477870941162, 0.46794939041137695, 0.9936980605125427, 0.7850258350372314, 0.06301305443048477, 0.7359032034873962, 0.9089400172233582, 0.011168869212269783, 0.5513401627540588, 0.9358994960784912, 0.05605774372816086, 1.267302393913269, 0.6860568523406982, 0.34416741132736206, -0.000355255207978189, 0.6888508796691895, 0.435575395822525, 0.2896777391433716, 0.8189657926559448, 1.2732871770858765, 1.4518673419952393, 0.9586517810821533, -0.005976598709821701, 0.3687846064567566, 0.5421732664108276, 1.2049322128295898, 1.0091837644577026, 0.7038856744766235, 1.314452886581421, 0.00018534250557422638, 0.35239744186401367, -0.006060273386538029, 0.4742531478404999, 1.4402759075164795, 0.5162957310676575, 0.3467303216457367, 0.4636414647102356, 0.09265957772731781, 0.4358684718608856, 0.2733050286769867, 0.41204744577407837, 0.4885018467903137, 0.6381731629371643, 0.16236642003059387, 1.2859710454940796, 0.14393509924411774, 1.1394797563552856, 0.701661229133606, 0.1863681674003601, 1.033776044845581, 0.3697088956832886, -0.008054131641983986, 0.32581034302711487, 0.7762730717658997, 0.8306397199630737, 1.0714046955108643, 0.281016081571579, 1.2316607236862183, 0.33431774377822876]"
authenticate,"[2, 13, 8, 9, 4, 5, 8, 6, 18, 2, 8, 4]",34,"[0.5295600295066833, 1.2523313760757446, 0.26064980030059814, 0.19428138434886932, 0.001984303817152977, 0.34788379073143005, 0.8929959535598755, 1.2583415508270264, 0.6256934404373169, 0.45034265518188477, 0.6017963886260986, 0.4501717984676361, 0.030387723818421364, 0.4922517240047455, 0.9449629783630371, 1.0316563844680786, 0.5328400731086731, 0.6680722236633301, 0.5023508667945862, -0.0005125228781253099, 0.3347840905189514, 0.1592172384262085, 1.1775872707366943, 0.5128346085548401, 0.6817131638526917, 0.6884171962738037, 0.6838902235031128, 0.010844774544239044, 0.49389007687568665, 1.1491281986236572, 0.9085271954536438, 0.5390014052391052, 0.32161033153533936, 0.8418848514556885, -0.0020291656255722046, 0.9433143734931946, -0.012607796117663383, 0.352081835269928, 1.4794018268585205, 0.9706026911735535, 0.6934807896614075, 0.6632289290428162, 0.050438933074474335, 1.1874468326568604, -0.05782321095466614, 0.49874186515808105, 0.5763115882873535, 1.0797080993652344, 0.4851142466068268, 1.022727370262146, 0.5252796411514282, 1.1243942975997925, 1.2157155275344849, 1.1643022298812866, 0.7360264658927917, 0.21277138590812683, 0.8213660717010498, 0.6137890815734863, 1.0812629461288452, 0.5808526873588562, 0.7853186726570129, 0.3694998323917389, 0.3740881681442261, 0.48897218704223633]"
bibliography,"[10, 6, 10, 14, 6, 12, 17, 11, 2, 3, 9, 21]",34,"[0.15793700516223907, 1.9015322923660278, -0.045230522751808167, -0.008968248963356018, 0.01354870107024908, 0.24119243025779724, 1.39164137840271, 0.8069974184036255, 0.3686408996582031, 0.5455781817436218, 0.4161776900291443, 0.2022889107465744, 0.058766454458236694, 0.5576523542404175, 1.0458605289459229, 1.053576946258545, 0.06663478910923004, 0.8859968185424805, 0.8268949389457703, -0.001252128859050572, 0.1663200408220291, 0.018909931182861328, 1.5249378681182861, 0.2926677465438843, 0.25353914499282837, 0.13072402775287628, 0.2767297923564911, 0.00802775751799345, 0.6129864454269409, 1.8195163011550903, 0.4956202805042267, 0.25190868973731995, 0.3688894808292389, 0.33266037702560425, -0.004595565143972635, 1.6469130516052246, -0.016465933993458748, 0.1626977026462555, 0.790018618106842, 1.5731103420257568, 0.9875813722610474, 1.1000837087631226, 0.04418271780014038, 1.4628005027770996, 0.0022957921028137207, 0.5653523206710815, 0.8410696983337402, 1.5055005550384521, 0.5850847363471985, 0.5279160737991333, 0.6568182706832886, 0.6538676619529724, 1.9314292669296265, 1.331253170967102, 0.48216792941093445, 0.10793942958116531, 1.114980936050415, 1.0180565118789673, 0.8225233554840088, 0.37346845865249634, 0.5073747634887695, 0.38031503558158875, 0.08825381845235825, 0.8813789486885071]"
concession,"[18, 12, 5, 18, 4, 7, 7, 6, 12, 5]",34,"[0.8958582878112793, 0.687739372253418, 0.588103175163269, 0.4991416931152344, -0.0024947356432676315, 0.4458182454109192, 0.711217999458313, 1.0266766548156738, 0.6213289499282837, 0.18162621557712555, 0.7623249888420105, 0.5913702249526978, 0.005846905522048473, 0.3155139982700348, 0.7778393030166626, 0.4546915292739868, 1.001340389251709, 0.4212743043899536, 0.48668724298477173, 0.0008225435158237815, 0.5770238637924194, 0.47862303256988525, 0.5711443424224854, 0.5437503457069397, 0.8891503810882568, 0.9224390387535095, 0.7427221536636353, -0.014758508652448654, 0.21979652345180511, 0.612162709236145, 0.9113667011260986, 0.6231117844581604, 0.38016295433044434, 0.8415517210960388, -0.007021049968898296, 0.4729875922203064, -0.010381259024143219, 0.6994949579238892, 1.2990942001342773, 0.7162705659866333, 0.2459842562675476, 0.3594900071620941, 0.01345139555633068, 0.7493841052055359, 0.1744397133588791, 0.7134823799133301, 0.6935875415802002, 0.5178322792053223, 0.1572934091091156, 1.1710909605026245, 0.26560959219932556, 0.9627063870429993, 0.7112159729003906, 0.6523076295852661, 0.6907109022140503, 0.49043500423431396, 0.23324087262153625, 0.2603156268596649, 0.6477998495101929, 0.5983814597129822, 0.759987473487854, 0.30370044708251953, 0.6901966333389282, 0.40567201375961304]"
contend,"[18, 12, 5, 8, 4, 5, 20]",34,"[0.6329362988471985, 1.4157813787460327, 0.5668416023254395, 0.43731921911239624, 0.00044867023825645447, 0.13444386422634125, 1.6045730113983154, 0.5488519668579102, 0.47522321343421936, 0.08307328820228577, 0.3688100278377533, 0.4770095944404602, 0.0057297563180327415, 0.3812769651412964, 1.067979335784912, 0.3983393609523773, 0.6214104890823364, 0.3008955121040344, 0.9467049241065979, 0.0003945025382563472, 0.27883654832839966, 0.5994747877120972, 0.8766071200370789, 0.1514432728290558, 0.423652708530426, 0.42658236622810364, 0.5034401416778564, -0.0011650677770376205, 0.057942260056734085, 1.2988868951797485, 0.38851070404052734, 0.2539990246295929, 0.27231985330581665, 0.4467601478099823, -0.0006221472285687923, 1.1885981559753418, -0.019400354474782944, 0.6027184724807739, 0.7681515216827393, 1.5896899700164795, 0.11784078180789948, 0.7292680740356445, -0.011297130957245827, 1.3123189210891724, 0.24363964796066284, 1.2915252447128296, 1.1755551099777222, 1.0471744537353516, 0.049241628497838974, 0.6706989407539368, 0.09014010429382324, 0.4678536057472229, 1.419726848602295, 0.6674057841300964, 0.41889405250549316, 0.7162735462188721, 0.24309682846069336, 0.37074726819992065, 0.23710429668426514, 0.17458216845989227, 0.6908313035964966, 0.11708325147628784, 0.41516274213790894, 0.8481619358062744]"
convey,"[18, 12, 5, 28, 4, 21]",34,"[0.8342276215553284, 0.8761284351348877, 0.8578165769577026, 0.6253411769866943, -0.0018226299434900284, 0.22878266870975494, 0.9473881125450134, 0.6809204816818237, 0.7398782968521118, 0.06464870274066925, 0.4085361957550049, 0.7815576791763306, -0.011273322626948357, 0.5825124382972717, 1.2365927696228027, 0.34026360511779785, 0.866105318069458, 0.19952401518821716, 0.6585985422134399, 0.0014369877753779292, 0.34936606884002686, 0.662346363067627, 0.6182242035865784, 0.1277780830860138, 0.7205809354782104, 0.7264373302459717, 0.6982767581939697, -0.004597283899784088, -0.11189748346805573, 0.9328062534332275, 0.6020745038986206, 0.47942182421684265, 0.40144187211990356, 0.8471296429634094, -0.00856049358844757, 0.6999372839927673, -0.0050006746314466, 0.573336124420166, 1.095718264579773, 1.10374116897583, -0.029887855052947998, 0.6144094467163086, -0.046963732689619064, 1.0933868885040283, 0.3534267544746399, 0.9100298881530762, 0.950275719165802, 0.9566101431846619, -0.052631013095378876, 0.7401567697525024, 0.022745145484805107, 0.6721838712692261, 1.1322120428085327, 0.5915412902832031, 0.8427395820617676, 0.6542327404022217, 0.2180817574262619, 0.13919652998447418, 0.32300472259521484, 0.1939530223608017, 1.064354658126831, 0.09498756378889084, 0.7722522616386414, 0.5651208162307739]"
discern,"[20, 6, 7, 18, 4, 11, 5]",34,"[0.8504558801651001, 0.471671998500824, 0.5642974376678467, 0.5041833519935608, 0.003816083073616028, 0.45459994673728943, 0.5021287798881531, 1.0416738986968994, 0.6425864100456238, 0.21996457874774933, 0.7383760809898376, 0.6329944133758545, -0.001590890809893608, 0.40117520093917847, 0.8069043159484863, 0.41479775309562683, 0.9660547971725464, 0.3522830307483673, 0.368766725063324, -0.0012047213967889547, 0.5578789710998535, 0.3756992816925049, 0.4205004572868347, 0.5904362201690674, 0.8981021046638489, 0.9351016283035278, 0.8033332824707031, -0.001265455037355423, 0.1671314686536789, 0.4905703067779541, 0.9757431745529175, 0.7160846590995789, 0.35980215668678284, 0.9726351499557495, 0.0016931905411183834, 0.32000768184661865, -0.010818341746926308, 0.5436331629753113, 1.3722695112228394, 0.5409550666809082, 0.21496959030628204, 0.300453245639801, 0.024409746751189232, 0.6465858817100525, 0.16295082867145538, 0.537238359451294, 0.5591545104980469, 0.49243849515914917, 0.19772189855575562, 1.1432398557662964, 0.3038574159145355, 1.0342364311218262, 0.6105387210845947, 0.5297467112541199, 0.8292484879493713, 0.40681618452072144, 0.18521949648857117, 0.18112321197986603, 0.7251294255256653, 0.6033557057380676, 0.8466552495956421, 0.314468652009964, 0.7194758057594299, 0.2810891270637512]"
discrepancy,"[20, 6, 7, 18, 11, 4, 3, 2, 5, 18, 21]",34,"[0.8736802339553833, 0.7315765023231506, 0.6681825518608093, 0.5841731429100037, 0.005728341639041901, 0.3054061532020569, 0.7036816477775574, 1.0987842082977295, 0.762485146522522, 0.19833281636238098, 0.702256977558136, 0.700329065322876, 0.014633392915129662, 0.4627169966697693, 1.0988998413085938, 0.5344036817550659, 0.9071871042251587, 0.27259451150894165, 0.529357373714447, 0.0004757068818435073, 0.42086881399154663, 0.5046833157539368, 0.6304333209991455, 0.39061611890792847, 0.7902458310127258, 0.8430037498474121, 0.7642176151275635, 0.0020727738738059998, 0.015352867543697357, 0.6960378289222717, 0.889230489730835, 0.5438631176948547, 0.3161606192588806, 1.01025390625, 0.010404979810118675, 0.48533815145492554, -0.0037960372865200043, 0.6154654026031494, 1.3930385112762451, 0.7901619076728821, 0.10959681123495102, 0.455166757106781, -0.0412493497133255, 0.9567310810089111, 0.20604315400123596, 0.7808132171630859, 0.7767127752304077, 0.736285388469696, 0.07495929300785065, 1.0885229110717773, 0.24928714334964752, 1.0008727312088013, 0.9157453775405884, 0.7107614278793335, 0.9317221641540527, 0.5398471355438232, 0.2837366461753845, 0.12852473556995392, 0.657184898853302, 0.4549263119697571, 1.0307910442352295, 0.25478193163871765, 0.7030616402626038, 0.3807043731212616]"
dispute,"[20, 6, 7, 3, 13, 8, 4]",34,"[0.87180095911026, 0.7973935604095459, 0.7559242844581604, 0.6233246326446533, 0.007285332307219505, 0.3995751738548279, 0.74221271276474, 0.9340744614601135, 0.7874574661254883, 0.17846445739269257, 0.5971044301986694, 0.8198232054710388, 0.004366781562566757, 0.617409884929657, 1.1411449909210205, 0.4574199616909027, 1.0110417604446411, 0.38066667318344116, 0.5534946322441101, -0.0025479160249233246, 0.4753069281578064, 0.49647608399391174, 0.6454034447669983, 0.4329978823661804, 0.9069515466690063, 1.010117530822754, 0.8449974060058594, 0.009735101833939552, 0.05233556404709816, 0.8876433968544006, 0.8904799222946167, 0.6690759062767029, 0.4637770354747772, 1.0901809930801392, 0.0017858115024864674, 0.6016712784767151, -0.01175131555646658, 0.4638320207595825, 1.3756415843963623, 0.9055336713790894, 0.1640407294034958, 0.5686133503913879, 0.003292704001069069, 1.0069161653518677, 0.2665916681289673, 0.6893144845962524, 0.7420552372932434, 0.8749783635139465, 0.036023084074258804, 1.0085543394088745, 0.19026705622673035, 0.9644942283630371, 1.0269992351531982, 0.6286510229110718, 0.9778158664703369, 0.47354841232299805, 0.31533750891685486, 0.226084902882576, 0.6124433279037476, 0.4658870995044708, 1.1355555057525635, 0.23007535934448242, 0.8916129469871521, 0.48995304107666016]"
hypothesize,"[9, 21, 3, 12, 8, 9, 4, 7, 6, 15, 4]",34,"[0.9851700067520142, 1.1737983226776123, 0.82908695936203, 0.7296046614646912, 0.0011542495340108871, 0.7218842506408691, 1.0722565650939941, 0.9036880731582642, 0.5757234692573547, 0.22285737097263336, 0.6131399273872375, 0.78938889503479, 0.0020783301442861557, 0.6604040265083313, 1.1083648204803467, 0.3614209294319153, 1.2059478759765625, 0.8393409252166748, 0.7269405722618103, -0.0006599685875698924, 0.5886406302452087, 0.5861079692840576, 0.73194420337677, 0.711990237236023, 1.1286541223526, 1.2527995109558105, 0.8188016414642334, 0.009686214849352837, 0.4793812334537506, 1.1682476997375488, 0.9700937867164612, 0.8732044100761414, 0.7302695512771606, 1.0349200963974, 7.572304457426071e-05, 1.0132322311401367, -0.030352715402841568, 0.49348193407058716, 1.3904701471328735, 1.2391878366470337, 0.5500359535217285, 0.8069446086883545, 0.12980452179908752, 1.063784122467041, 0.20362728834152222, 0.9130517244338989, 0.7809088230133057, 1.1512796878814697, 0.26518121361732483, 1.1636284589767456, 0.25372257828712463, 1.0982738733291626, 1.2317492961883545, 0.4785534143447876, 0.7830328345298767, 0.492317259311676, 0.3006998896598816, 0.5458510518074036, 0.7296112179756165, 0.7318985462188721, 0.9897996783256531, 0.24464556574821472, 1.1071218252182007, 0.718288004398346]"
merit,"[19, 4, 11, 6, 8]",34,"[0.3938777446746826, 1.2832647562026978, 0.49060726165771484, 0.5018077492713928, 0.010642299428582191, 0.34231260418891907, 1.0713573694229126, 0.5782930254936218, 0.7025071978569031, 0.09566304832696915, 0.2649097442626953, 0.786394476890564, 0.019138716161251068, 0.8092069029808044, 1.4732282161712646, 0.3117089569568634, 0.45966991782188416, 0.6625970602035522, 0.7351903319358826, -0.0024352807085961103, 0.1455458700656891, 0.29766249656677246, 0.8799506425857544, 0.20119324326515198, 0.5925107002258301, 0.6233933568000793, 0.4773535430431366, 0.010199390351772308, 0.2188066989183426, 1.4391741752624512, 0.6298050880432129, 0.4617345929145813, 0.5585590600967407, 0.8704038858413696, 0.0029203598387539387, 1.108628273010254, -0.0038452441804111004, 0.1676180362701416, 0.8956456184387207, 1.307256817817688, 0.48057106137275696, 1.0408203601837158, 0.040753841400146484, 1.1500742435455322, 0.3029940724372864, 0.6003633737564087, 0.8966485857963562, 1.5048284530639648, 0.11641620099544525, 0.4608457684516907, 0.07910370826721191, 0.6389206051826477, 1.6984360218048096, 0.5928146243095398, 0.9755908846855164, 0.36904725432395935, 0.43416571617126465, 0.5836657881736755, 0.4943050742149353, 0.23530687391757965, 1.0987446308135986, 0.10913004726171494, 0.7311717867851257, 0.810530960559845]"
methodology,"[19, 4, 8, 9, 12, 20, 12, 14, 12, 17, 21]",34,"[0.18391525745391846, 1.751041054725647, 0.1287050098180771, 0.1695513278245926, 0.011145035736262798, 0.2066303789615631, 1.35048246383667, 0.7701869010925293, 0.5247756838798523, 0.27862876653671265, 0.23295266926288605, 0.36611470580101013, 0.0289671141654253, 0.7090847492218018, 1.1437315940856934, 0.8374809622764587, 0.1817311942577362, 0.7031325101852417, 0.7198178768157959, 0.0004954756004735827, 0.15662917494773865, 0.04672970250248909, 1.3349741697311401, 0.19183982908725739, 0.2743288576602936, 0.24784043431282043, 0.3633236885070801, 0.004958049394190311, 0.48112037777900696, 1.748489499092102, 0.4796532988548279, 0.3152478039264679, 0.35295215249061584, 0.4889163076877594, -0.013512590900063515, 1.5049622058868408, -0.016789201647043228, 0.15379877388477325, 0.8723576664924622, 1.433436393737793, 0.7146072387695312, 1.0150411128997803, 0.018191581591963768, 1.5117801427841187, -0.04567568004131317, 0.5413857698440552, 0.7521983981132507, 1.5481759309768677, 0.3762776553630829, 0.4068065881729126, 0.2906642556190491, 0.5918909311294556, 1.831375002861023, 1.0316452980041504, 0.6056625247001648, 0.10212931782007217, 0.8208543062210083, 0.8657228946685791, 0.6524391770362854, 0.25111499428749084, 0.6990926861763, 0.15851300954818726, 0.19662514328956604, 0.8791548609733582]"
plagiarize,"[3, 14, 2, 17, 6, 2, 11, 6, 15, 4]",34,"[0.33381709456443787, 1.9155941009521484, 0.3463791608810425, 0.3418004512786865, 0.007094282656908035, 0.23367518186569214, 1.5100860595703125, 0.7763795852661133, 0.49541863799095154, 0.3136320114135742, 0.31364938616752625, 0.5119858980178833, 0.04060336947441101, 0.7042836546897888, 1.3911235332489014, 0.8447959423065186, 0.3608984053134918, 0.8461011648178101, 0.9330175518989563, -0.0011784718371927738, 0.15163791179656982, 0.3136070966720581, 1.4053012132644653, 0.2564088702201843, 0.4218398332595825, 0.5026549696922302, 0.39444875717163086, 0.007229628041386604, 0.4772051274776459, 1.829493522644043, 0.551630973815918, 0.31390607357025146, 0.4999919831752777, 0.629304051399231, 0.00468468340113759, 1.5825543403625488, -0.027977053076028824, 0.25435131788253784, 0.998775839805603, 1.6793782711029053, 0.7707366347312927, 1.1882051229476929, 0.021835798397660255, 1.604169249534607, 0.09306783974170685, 0.9024642705917358, 1.0164140462875366, 1.667385220527649, 0.40023475885391235, 0.5604674816131592, 0.3273618817329407, 0.7535275220870972, 1.9802583456039429, 1.071147084236145, 0.6571985483169556, 0.3571120798587799, 0.9006295800209045, 0.8122118711471558, 0.6495479941368103, 0.33668678998947144, 0.880914568901062, 0.177556574344635, 0.4171298146247864, 0.9540126323699951]"
prejudice,"[3, 11, 4, 23, 13, 20, 6, 18, 4]",34,"[1.1426092386245728, 1.251981258392334, 0.9997543096542358, 0.9356038570404053, 0.002754935994744301, 0.7906511425971985, 1.115617036819458, 0.830916166305542, 0.7335069179534912, 0.10616929829120636, 0.5608917474746704, 1.034595251083374, -0.004684550687670708, 0.7637457251548767, 1.3006067276000977, 0.2516055107116699, 1.415054202079773, 0.8941289186477661, 0.7649936079978943, -0.000785511452704668, 0.6278690099716187, 0.7037267684936523, 0.7002391219139099, 0.7184777855873108, 1.304502010345459, 1.5180089473724365, 0.9402008056640625, 0.007203429937362671, 0.4238992929458618, 1.232524037361145, 1.0699844360351562, 1.012227177619934, 0.8723267912864685, 1.2289667129516602, 0.008980095386505127, 1.0131862163543701, -0.00890541635453701, 0.44207701086997986, 1.4588088989257812, 1.359969973564148, 0.48725882172584534, 0.8709865808486938, 0.13267110288143158, 1.0367190837860107, 0.29743140935897827, 0.9567968845367432, 0.8112692832946777, 1.2662849426269531, 0.1787090301513672, 1.175775408744812, 0.11918920278549194, 1.1347912549972534, 1.3241688013076782, 0.3631886839866638, 0.9371894001960754, 0.566045343875885, 0.23338386416435242, 0.5594951510429382, 0.6420184969902039, 0.7464627027511597, 1.2000950574874878, 0.16237419843673706, 1.3936028480529785, 0.7703481912612915]"
preliminary,"[3, 11, 4, 14, 6, 19, 6, 5, 2, 11, 21]",34,"[0.15733911097049713, 2.2423410415649414, 0.15376630425453186, 0.19276796281337738, 0.008401865139603615, 0.1898641586303711, 1.741560459136963, 0.5845943689346313, 0.5332654118537903, 0.26196515560150146, 0.20554979145526886, 0.5085374712944031, 0.0420159175992012, 0.8376336097717285, 1.5683462619781494, 0.7827725410461426, 0.12227534502744675, 0.9288188219070435, 1.0729674100875854, 0.0005706393858417869, 0.05953875184059143, 0.15923818945884705, 1.6192846298217773, 0.11151707172393799, 0.2682240605354309, 0.26141077280044556, 0.21032041311264038, 0.00104595348238945, 0.45029205083847046, 2.252655267715454, 0.4425552487373352, 0.21870523691177368, 0.5171189904212952, 0.5076830387115479, 0.011485612019896507, 1.9000022411346436, 0.003008817322552204, 0.06320330500602722, 0.7317101359367371, 2.0309062004089355, 0.9002922177314758, 1.4453308582305908, -0.0003752056509256363, 1.755051851272583, 0.10489926487207413, 0.7760913372039795, 1.0778846740722656, 2.021501302719116, 0.33896246552467346, 0.29607531428337097, 0.2672596275806427, 0.5534985065460205, 2.4135794639587402, 1.1182842254638672, 0.7083889245986938, 0.22760017216205597, 0.9915863871574402, 1.0529855489730835, 0.5591952204704285, 0.22621439397335052, 0.8859456181526184, 0.15653423964977264, 0.32243290543556213, 1.209457278251648]"
propaganda,"[3, 11, 12, 3, 2, 17, 2, 5, 20, 2]",34,"[0.2912311553955078, 1.1846119165420532, 0.13309328258037567, 0.18429803848266602, 0.0007384829223155975, 0.396344393491745, 0.6622670292854309, 1.3578851222991943, 0.8209138512611389, 0.5633414387702942, 0.527452826499939, 0.6736850738525391, 0.04574095457792282, 0.8481366634368896, 1.3382512331008911, 1.0746650695800781, 0.3068493902683258, 0.7976752519607544, 0.4456709027290344, -0.00021482107695192099, 0.2175167351961136, -0.06646329164505005, 1.1979223489761353, 0.4401124119758606, 0.6815912127494812, 0.6458688974380493, 0.6829071640968323, -0.0005907006561756134, 0.44663023948669434, 1.293152093887329, 1.077223300933838, 0.5555102229118347, 0.45224711298942566, 1.0911402702331543, -0.002976489719003439, 0.9631126523017883, -0.007567727472633123, 0.01386067271232605, 1.536643147468567, 0.8562166094779968, 0.7701382637023926, 0.9714764356613159, 0.004030195996165276, 1.1413562297821045, -0.012769877910614014, 0.11832395941019058, 0.46261391043663025, 1.46272611618042, 0.5491795539855957, 0.8641196489334106, 0.622734546661377, 1.2295503616333008, 1.4980127811431885, 1.2280696630477905, 1.1623355150222778, -0.03172291815280914, 0.908599853515625, 0.7103449702262878, 1.307517409324646, 0.5527082681655884, 1.1036155223846436, 0.43179798126220703, 0.4324372708797455, 0.506252110004425]"
scrutinize,"[7, 18, 11, 13, 8, 6, 5, 6, 15, 4]",34,"[0.936633288860321, 1.0429081916809082, 0.8356596827507019, 0.6542398929595947, 0.007028433494269848, 0.47241175174713135, 1.0053616762161255, 0.7925359010696411, 0.5127115845680237, 0.20820584893226624, 0.5514118075370789, 0.7307236194610596, 0.006101836450397968, 0.5069833993911743, 1.027688980102539, 0.4221794307231903, 1.0505709648132324, 0.5488101243972778, 0.673170804977417, -0.0010430212132632732, 0.5070358514785767, 0.6660963892936707, 0.6884836554527283, 0.5127466917037964, 0.9174232482910156, 1.016147255897522, 0.753581166267395, 0.0048524849116802216, 0.24504859745502472, 0.9428190588951111, 0.7814443111419678, 0.6495630741119385, 0.5633662939071655, 0.8538833260536194, -0.001964801922440529, 0.8423162698745728, -0.035121090710163116, 0.5530192852020264, 1.249037742614746, 1.129940152168274, 0.3312174081802368, 0.6376450657844543, 0.03829643875360489, 1.0512999296188354, 0.2548574209213257, 0.9921383857727051, 0.8528785705566406, 0.8986716866493225, 0.20671190321445465, 1.0242445468902588, 0.22297680377960205, 0.9286711812019348, 1.0634409189224243, 0.5531737804412842, 0.6521142721176147, 0.5932037830352783, 0.3292447030544281, 0.333987832069397, 0.5186507105827332, 0.5439547896385193, 0.9274013638496399, 0.16761760413646698, 0.9169750809669495, 0.572483479976654]"
speculate,"[7, 3, 4, 18, 13, 14, 2, 8, 4]",34,"[0.9366549849510193, 1.0929861068725586, 0.8976569771766663, 0.7844563126564026, -0.002279302105307579, 0.49800118803977966, 1.0451128482818604, 0.7698999047279358, 0.7338523268699646, 0.11848770081996918, 0.4045717120170593, 0.9197806119918823, 0.004994774237275124, 0.7143933176994324, 1.2253761291503906, 0.3379727005958557, 1.088621973991394, 0.5795832872390747, 0.7030882835388184, -0.00011233834084123373, 0.44637203216552734, 0.6206307411193848, 0.6947528719902039, 0.43370604515075684, 1.0291868448257446, 1.155676245689392, 0.8311214447021484, 0.0008201915770769119, 0.18056057393550873, 1.0895038843154907, 0.8255720734596252, 0.742001473903656, 0.6604700088500977, 1.0515449047088623, 0.00329825421795249, 0.9340587258338928, -0.008599556051194668, 0.3827851116657257, 1.2929344177246094, 1.2027323246002197, 0.26333630084991455, 0.7906465530395508, 0.047877855598926544, 1.0414366722106934, 0.2907232642173767, 0.9009231328964233, 0.7647042274475098, 1.1960002183914185, 0.0930497795343399, 0.9270143508911133, 0.07970015704631805, 0.9182891845703125, 1.2282872200012207, 0.44082677364349365, 0.8764150142669678, 0.5111234784126282, 0.1984780728816986, 0.4237839877605438, 0.5495312809944153, 0.44809961318969727, 1.1657428741455078, 0.07972602546215057, 1.0951337814331055, 0.6951392292976379]"
stereotype,"[7, 8, 4, 11, 4, 12, 8, 21, 3, 4]",34,"[1.3246197700500488, 0.5488770604133606, 1.2266103029251099, 1.1093778610229492, 0.003982165828347206, 0.972164511680603, 0.42896077036857605, 1.0882304906845093, 0.9959593415260315, 0.09207457304000854, 0.5832272171974182, 1.3373953104019165, -1.3306736946105957e-05, 0.903912365436554, 1.3692653179168701, 0.2152988165616989, 1.6835401058197021, 0.7039856910705566, 0.4174041152000427, -0.00042649731040000916, 0.7060487866401672, 0.724758505821228, 0.3216288089752197, 0.7426865100860596, 1.6496506929397583, 1.8112602233886719, 1.202284574508667, -0.003961838781833649, 0.2612001597881317, 0.6698673963546753, 1.4075605869293213, 1.27019202709198, 0.8922246694564819, 1.6985541582107544, -0.004050903022289276, 0.427165150642395, -0.022418366745114326, 0.36776095628738403, 1.8769853115081787, 0.7101490497589111, 0.28280091285705566, 0.6983059644699097, 0.10365298390388489, 0.696017861366272, 0.40870219469070435, 0.5769655704498291, 0.5124298930168152, 1.0545244216918945, 0.17930608987808228, 1.3702013492584229, 0.09714954346418381, 1.4040144681930542, 0.8599516153335571, 0.23340944945812225, 1.3824560642242432, 0.5225023627281189, 0.10260845720767975, 0.27527037262916565, 0.8571454882621765, 0.7682397365570068, 1.6007965803146362, 0.13452360033988953, 1.6888765096664429, 0.39440780878067017]"
unify,"[13, 5, 6, 22, 21]",34,"[0.6180862188339233, 0.8550392985343933, 0.4881362020969391, 0.4108646512031555, 0.007326044142246246, 0.41244423389434814, 0.7982211112976074, 0.6872212290763855, 0.43192237615585327, 0.2395460307598114, 0.4968719482421875, 0.5443632006645203, 0.01872473768889904, 0.41314566135406494, 0.8673088550567627, 0.34916144609451294, 0.6361785531044006, 0.5670427083969116, 0.5843132734298706, 0.0011018997756764293, 0.3632171154022217, 0.35615968704223633, 0.61264568567276, 0.39761048555374146, 0.6719047427177429, 0.6543781161308289, 0.5543161034584045, 0.0027391817420721054, 0.2718810737133026, 0.8342177271842957, 0.659658670425415, 0.5214911103248596, 0.4665662348270416, 0.6010200381278992, -0.007697266060858965, 0.748013973236084, -0.01412815973162651, 0.4113207459449768, 0.9061880111694336, 0.9347295165061951, 0.3926065266132355, 0.541994571685791, 0.012995405122637749, 0.7695538401603699, 0.2131640911102295, 0.6458232402801514, 0.7256891131401062, 0.7977463603019714, 0.232061505317688, 0.7937886118888855, 0.2936132252216339, 0.6805863380432129, 0.9697662591934204, 0.5284000039100647, 0.5822737812995911, 0.4278167486190796, 0.30502915382385254, 0.432299941778183, 0.548309326171875, 0.4566209316253662, 0.6656869649887085, 0.260415643453598, 0.5908738374710083, 0.5453665852546692]"
accumulate,"[2, 18, 18, 13, 19, 13, 14, 2, 8, 4]",34,"[0.12306386232376099, 2.179443120956421, 0.13580527901649475, 0.18587152659893036, 0.00689078401774168, 0.28244268894195557, 1.7267365455627441, 0.6177082061767578, 0.44987431168556213, 0.3568766117095947, 0.22140297293663025, 0.4610258638858795, 0.03457288444042206, 0.7879894375801086, 1.365867018699646, 0.7929580807685852, 0.14407575130462646, 0.9944181442260742, 0.9702702164649963, -0.0023942727129906416, 0.12407240271568298, 0.12693417072296143, 1.4675812721252441, 0.26453036069869995, 0.2716088593006134, 0.31066492199897766, 0.2900035083293915, 0.00042150355875492096, 0.5904541611671448, 2.134591579437256, 0.4352165758609772, 0.30990707874298096, 0.5341635346412659, 0.4624638557434082, 0.003240050282329321, 1.8855266571044922, -0.01658405363559723, 0.049617186188697815, 0.7809414267539978, 1.9528589248657227, 0.9288115501403809, 1.3581150770187378, 0.06564393639564514, 1.621474266052246, 0.08118394017219543, 0.7899229526519775, 0.979356586933136, 1.9018181562423706, 0.4817589819431305, 0.41354095935821533, 0.404353529214859, 0.5907915234565735, 2.211376428604126, 1.0644346475601196, 0.5901167988777161, 0.19658561050891876, 0.9717311859130859, 1.0792901515960693, 0.6542869806289673, 0.3151837885379791, 0.7152011394500732, 0.23064959049224854, 0.34436729550361633, 1.1587666273117065]"
adequate,"[2, 20, 4, 24, 13, 2, 8, 4]",34,"[0.5699367523193359, 1.1189717054367065, 0.5479556322097778, 0.5277690887451172, 0.00631761085242033, 0.4334246516227722, 0.8466282486915588, 0.9403722882270813, 0.760077714920044, 0.1747804582118988, 0.3764442801475525, 0.7963131666183472, 0.003381785936653614, 0.7772800326347351, 1.2419265508651733, 0.582849383354187, 0.7507752180099487, 0.6087777614593506, 0.4803852438926697, -0.001823150203563273, 0.31949132680892944, 0.25313830375671387, 0.8317652940750122, 0.40355515480041504, 0.7738307118415833, 0.9051073789596558, 0.7373012900352478, 0.0066030872985720634, 0.27810028195381165, 1.169889211654663, 0.8767304420471191, 0.6654590964317322, 0.5333430171012878, 1.0730886459350586, -0.0032790894620120525, 0.8892436027526855, -0.017434559762477875, 0.219102680683136, 1.332875370979309, 1.0089389085769653, 0.3966907262802124, 0.8273932337760925, 0.041903525590896606, 1.0775340795516968, 0.09904754161834717, 0.4983766973018646, 0.5946989059448242, 1.2307289838790894, 0.2214776873588562, 0.769976019859314, 0.1600053608417511, 0.9336197376251221, 1.2567130327224731, 0.6592586040496826, 1.0208029747009277, 0.24977338314056396, 0.45377734303474426, 0.45915189385414124, 0.7438181042671204, 0.4273693859577179, 1.1449041366577148, 0.13165505230426788, 0.7844008803367615, 0.5864149332046509]"
advocate,"[2, 20, 28, 12, 18, 2, 8, 4]",34,"[0.7314298152923584, 1.026092767715454, 0.62830650806427, 0.5718880295753479, 0.008834443986415863, 0.37070268392562866, 0.8778257966041565, 0.950474739074707, 0.7303950786590576, 0.18084126710891724, 0.48442864418029785, 0.7812259793281555, 0.0036167344078421593, 0.6514064073562622, 1.2101656198501587, 0.5406532883644104, 0.8216014504432678, 0.537059485912323, 0.5458884835243225, 9.443366434425116e-05, 0.3643491268157959, 0.38590681552886963, 0.7655435800552368, 0.4022393822669983, 0.8244898915290833, 0.9294059872627258, 0.7335695028305054, 0.004165275022387505, 0.17059719562530518, 1.0243066549301147, 0.846635639667511, 0.6262784600257874, 0.5004545450210571, 1.0194391012191772, 5.349377170205116e-05, 0.7985957264900208, -0.013655982911586761, 0.37506693601608276, 1.3316903114318848, 1.0058058500289917, 0.2843559980392456, 0.7214892506599426, 0.012087436392903328, 1.0536714792251587, 0.16420361399650574, 0.6179867386817932, 0.6801415681838989, 1.0834990739822388, 0.15123726427555084, 0.8850677609443665, 0.17621706426143646, 0.9566138982772827, 1.1659280061721802, 0.6961064338684082, 0.9283549189567566, 0.3544847071170807, 0.3900924324989319, 0.3682112991809845, 0.6724829077720642, 0.46771857142448425, 1.0681190490722656, 0.17246569693088531, 0.8035922050476074, 0.5356705784797668]"
allude,"[2, 14, 14, 13, 20, 4]",34,"[0.8581220507621765, 0.6667288541793823, 0.7925173044204712, 0.7372417449951172, -0.0014413949102163315, 0.6596052050590515, 0.6607818007469177, 0.8477357029914856, 0.5596371293067932, 0.23925304412841797, 0.4221571087837219, 0.7517915368080139, 0.007289157249033451, 0.5948433876037598, 0.8189578056335449, 0.3507777154445648, 1.099912166595459, 0.6399048566818237, 0.39031702280044556, -0.0006210773717612028, 0.5208174586296082, 0.4098356068134308, 0.4498988687992096, 0.5888839960098267, 1.0617845058441162, 1.2099536657333374, 0.8963743448257446, 0.0023200921714305878, 0.373610258102417, 0.6358802914619446, 0.9533650875091553, 0.8734546303749084, 0.6762923002243042, 1.0092943906784058, -0.009567823261022568, 0.6242944002151489, -0.012426702305674553, 0.31158459186553955, 1.2812000513076782, 0.7380712628364563, 0.3587684631347656, 0.5322039723396301, 0.09101583808660507, 0.6242748498916626, 0.18189312517642975, 0.5288897752761841, 0.45114001631736755, 0.880884051322937, 0.2695935070514679, 0.9994598627090454, 0.20932374894618988, 1.0110176801681519, 0.8000243902206421, 0.3902302086353302, 0.7654820680618286, 0.2865043580532074, 0.17484243214130402, 0.3776966631412506, 0.7073102593421936, 0.5788640379905701, 0.8824319243431091, 0.18503481149673462, 1.0314216613769531, 0.4209327697753906]"
ambivalent,"[2, 19, 10, 6, 28, 2, 14, 4, 5, 8]",34,"[0.8187400102615356, 0.665209174156189, 0.39071857929229736, 0.48320162296295166, 0.004146002233028412, 0.9362778067588806, 0.3506987690925598, 1.502347707748413, 0.6388324499130249, 0.5872503519058228, 0.8179371953010559, 0.8745114803314209, 0.0305093452334404, 0.6715469360351562, 0.885219931602478, 0.7661177515983582, 1.058489441871643, 1.1183056831359863, 0.21205490827560425, -0.0011311639100313187, 0.6685884594917297, 0.006470538675785065, 0.685012698173523, 1.0715608596801758, 1.3503754138946533, 1.4277515411376953, 1.0304665565490723, -0.0006938464939594269, 0.7471723556518555, 0.696317195892334, 1.5773465633392334, 1.0840903520584106, 0.7520629167556763, 1.3429454565048218, 0.004453312139958143, 0.5297481417655945, -0.02056305855512619, 0.14819151163101196, 1.9465581178665161, 0.4477543234825134, 0.8741514682769775, 0.6257397532463074, 0.1658543199300766, 0.5273834466934204, -0.01343238353729248, 0.09339188039302826, 0.19687876105308533, 0.9309272766113281, 0.7512103915214539, 1.5366779565811157, 0.7133678197860718, 1.6996400356292725, 0.7876222133636475, 0.7521970272064209, 1.0806636810302734, -0.02466273307800293, 0.5483390092849731, 0.6732129454612732, 1.511038899421692, 1.1210345029830933, 0.9214491248130798, 0.5434550642967224, 0.9735230803489685, 0.2755795121192932]"
apprehensive,"[2, 3, 3, 11, 4, 9, 4, 5, 7, 6, 28, 4]",34,"[0.9844568371772766, 0.9006006717681885, 0.8172451853752136, 0.8004655838012695, 0.00894201174378395, 0.9123826622962952, 0.6829143762588501, 0.9214435815811157, 0.6911157965660095, 0.24469460546970367, 0.5252285003662109, 0.9311926960945129, -0.0007478576153516769, 0.8204140067100525, 1.0481460094451904, 0.33547845482826233, 1.2891435623168945, 0.9755902290344238, 0.5008081197738647, -0.002201827010139823, 0.6241052746772766, 0.43528541922569275, 0.5425472259521484, 0.7818464040756226, 1.3825424909591675, 1.5046411752700806, 0.9690073728561401, 0.015816733241081238, 0.5608815550804138, 0.9617120623588562, 1.1718738079071045, 1.1234415769577026, 0.8834408521652222, 1.282142162322998, 0.0015679067000746727, 0.760611355304718, -0.015759646892547607, 0.2632138133049011, 1.5339900255203247, 0.8747466802597046, 0.6080300807952881, 0.7626444697380066, 0.16954192519187927, 0.7201879024505615, 0.17997093498706818, 0.46101057529449463, 0.43847373127937317, 1.1253196001052856, 0.332944393157959, 1.1643792390823364, 0.2505982220172882, 1.2289183139801025, 1.0188910961151123, 0.33080652356147766, 1.015334129333496, 0.28468361496925354, 0.29855167865753174, 0.6055962443351746, 0.9028621315956116, 0.8242641687393188, 1.1290761232376099, 0.23679640889167786, 1.3432186841964722, 0.5544372200965881]"
authentic,"[2, 13, 8, 9, 4, 5, 8, 6, 18]",34,"[0.5749466419219971, 1.3023992776870728, 0.39094215631484985, 0.28806668519973755, 6.722472608089447e-05, 0.32390332221984863, 1.1086978912353516, 0.7997082471847534, 0.42446812987327576, 0.31825006008148193, 0.5153864026069641, 0.36083006858825684, 0.027490537613630295, 0.3507779836654663, 0.8484176397323608, 0.6454159617424011, 0.5609995722770691, 0.6066887378692627, 0.6680958271026611, 0.0001364288618788123, 0.33329951763153076, 0.35781562328338623, 1.0057989358901978, 0.39209121465682983, 0.5375850796699524, 0.5467594861984253, 0.5324727296829224, 0.007770164869725704, 0.41309964656829834, 1.1717791557312012, 0.600746750831604, 0.4201227128505707, 0.3732146620750427, 0.5039716958999634, -0.00255804811604321, 1.073908805847168, -0.008549535647034645, 0.47850096225738525, 0.981525182723999, 1.2416352033615112, 0.5910855531692505, 0.6569567322731018, 0.040632858872413635, 1.0949984788894653, 0.0981244370341301, 0.7901477813720703, 0.7925679087638855, 0.9763835072517395, 0.32416239380836487, 0.8184880614280701, 0.3862311840057373, 0.732269287109375, 1.2374632358551025, 0.8688035011291504, 0.44730958342552185, 0.4179916977882385, 0.5692217946052551, 0.5818068981170654, 0.6315697431564331, 0.4291379749774933, 0.5574933290481567, 0.29207679629325867, 0.40567415952682495, 0.6633832454681396]"
biased,"[10, 6, 2, 7, 4, 20]",34,"[0.8063667416572571, 0.992328941822052, 0.6052225828170776, 0.6120858788490295, 0.004040053114295006, 0.46296513080596924, 1.1242103576660156, 0.715916097164154, 0.48747578263282776, 0.09469808638095856, 0.5619767904281616, 0.6176218390464783, 0.013733942061662674, 0.38696175813674927, 0.9333679676055908, 0.22740012407302856, 0.9385998845100403, 0.49577775597572327, 0.74837327003479, 0.0005292011192068458, 0.4446653723716736, 0.4844242036342621, 0.6027785539627075, 0.463251531124115, 0.761006772518158, 0.8338696956634521, 0.6460031867027283, 0.001342080533504486, 0.24155490100383759, 0.9386744499206543, 0.7236923575401306, 0.5979744791984558, 0.476608008146286, 0.7204269766807556, -0.0012927092611789703, 0.8865679502487183, -0.017148910090327263, 0.5461394786834717, 0.9920867681503296, 1.1848620176315308, 0.24322743713855743, 0.5545654296875, 0.04333387315273285, 0.854546308517456, 0.23453406989574432, 0.9621464014053345, 0.8983206152915955, 0.792766809463501, 0.12446607649326324, 0.9296216368675232, 0.13607731461524963, 0.7123672962188721, 1.0647298097610474, 0.366464227437973, 0.5880721807479858, 0.5857985615730286, 0.08698666095733643, 0.3986741006374359, 0.4512765407562256, 0.47295600175857544, 0.7869787216186523, 0.18901067972183228, 0.7476663589477539, 0.6956340074539185]"
compatible,"[18, 12, 19, 3, 2, 8, 6, 10, 14, 4]",34,"[0.2042062133550644, 1.7379109859466553, 0.09442160278558731, 0.07650613784790039, 0.01754760555922985, 0.03964819759130478, 1.331479787826538, 1.0809123516082764, 0.7816510796546936, 0.3598346710205078, 0.45136547088623047, 0.5433521270751953, 0.05283135175704956, 0.7570080161094666, 1.5350621938705444, 1.1406294107437134, 0.16802442073822021, 0.5536330938339233, 0.7513359785079956, 0.0011640217853710055, 0.11044999957084656, 0.08256613463163376, 1.6309489011764526, 0.1361590027809143, 0.30570828914642334, 0.19209755957126617, 0.40346986055374146, -0.001976843923330307, 0.2173255831003189, 1.7801834344863892, 0.6407893896102905, 0.15581808984279633, 0.24403178691864014, 0.7685679197311401, 0.014179244637489319, 1.3742141723632812, 0.0035708611831068993, 0.24366706609725952, 1.2583260536193848, 1.4413635730743408, 0.5935452580451965, 1.1394411325454712, -0.038314878940582275, 1.7540113925933838, 0.03329788148403168, 0.5880994200706482, 0.9575015902519226, 1.633344292640686, 0.35612034797668457, 0.6342681646347046, 0.434104859828949, 0.8788922429084778, 2.0433051586151123, 1.508778691291809, 1.0274860858917236, 0.20711354911327362, 1.1462533473968506, 0.7101951241493225, 0.8724974393844604, 0.26220446825027466, 0.9915450215339661, 0.2575876712799072, 0.16112282872200012, 0.7689706087112427]"
compelling,"[18, 12, 19, 3, 4, 14, 14, 6, 5, 17]",34,"[0.5296151638031006, 1.0841807126998901, 0.3908437490463257, 0.3753526210784912, -0.005337299779057503, 0.3538132309913635, 0.8130775690078735, 1.128149390220642, 0.7892853021621704, 0.3480706810951233, 0.6092260479927063, 0.7606134414672852, 0.026012316346168518, 0.7165276408195496, 1.3404905796051025, 0.7366344928741455, 0.6142024397850037, 0.615648627281189, 0.5732712149620056, -0.0006079166196286678, 0.32458558678627014, 0.17750899493694305, 0.994669497013092, 0.4516178369522095, 0.7292779088020325, 0.739862322807312, 0.7005793452262878, 0.002265757881104946, 0.2594420909881592, 1.2366575002670288, 0.9574558138847351, 0.5338639616966248, 0.4498024880886078, 1.0515775680541992, 0.0028641363605856895, 0.892837643623352, -0.004113233648240566, 0.282047301530838, 1.4522202014923096, 1.0398452281951904, 0.5209812521934509, 0.8453503847122192, 0.020014630630612373, 1.1562798023223877, 0.1355830430984497, 0.49785393476486206, 0.6922370195388794, 1.2589725255966187, 0.2996600866317749, 0.9400699734687805, 0.3830913305282593, 1.0760809183120728, 1.4107348918914795, 0.9582688808441162, 1.0694875717163086, 0.24903441965579987, 0.5977400541305542, 0.51812344789505, 0.9795709848403931, 0.48334670066833496, 1.0842883586883545, 0.3293338119983673, 0.6132521033287048, 0.6155937910079956]"
concise,"[18, 12, 5, 18, 6, 7, 4]",34,"[0.9976599812507629, 0.916152834892273, 0.8842318058013916, 0.6578307151794434, 0.004842061549425125, 0.06028082221746445, 1.2200534343719482, 0.6191757917404175, 0.5479040145874023, 0.041602108627557755, 0.554299533367157, 0.5186645984649658, 0.00025917496532201767, 0.19728051126003265, 0.9488736391067505, 0.23344479501247406, 0.9058138132095337, 0.046272799372673035, 0.8976839184761047, 0.0014085849979892373, 0.3669548034667969, 0.9786219000816345, 0.5293146967887878, 0.10200633108615875, 0.5687374472618103, 0.5216076970100403, 0.6001494526863098, 0.004149510525166988, -0.11580000817775726, 0.8283877372741699, 0.37916064262390137, 0.3053828775882721, 0.2318870723247528, 0.48109281063079834, -0.010782033205032349, 0.6945568919181824, -0.026738980785012245, 0.9738622903823853, 0.867987871170044, 1.2132452726364136, -0.14970295131206512, 0.4127129018306732, -0.08169832825660706, 1.0605814456939697, 0.4393361806869507, 1.429577350616455, 1.2213876247406006, 0.5622825622558594, -0.09032531082630157, 0.8557688593864441, 0.09418953210115433, 0.5000478029251099, 1.0161839723587036, 0.5197983980178833, 0.4141707718372345, 1.0546354055404663, 0.0550323911011219, 0.06069764494895935, 0.07679393142461777, 0.18082508444786072, 0.7537000179290771, 0.14725738763809204, 0.5739632248878479, 0.6466845870018005]"
conclusive,"[18, 12, 5, 18, 14, 13, 7, 6, 28, 4]",34,"[0.8671859502792358, 0.8526423573493958, 0.7764425277709961, 0.6560625433921814, 0.0017101150006055832, 0.3957195580005646, 0.8449860215187073, 0.8345616459846497, 0.6888490915298462, 0.1465250849723816, 0.5447830557823181, 0.7994243502616882, -0.00518224760890007, 0.5591427683830261, 1.115065574645996, 0.34167197346687317, 0.9654386043548584, 0.4424610733985901, 0.5749513506889343, 0.0006379174301400781, 0.4428642988204956, 0.5632792711257935, 0.5649227499961853, 0.4224989414215088, 0.867071270942688, 0.9408549666404724, 0.771491527557373, 0.0011163242161273956, 0.10569369792938232, 0.8697280883789062, 0.7946078181266785, 0.6152312755584717, 0.5154868960380554, 0.911666750907898, -0.00025694211944937706, 0.6465681195259094, -0.015969011932611465, 0.5335589647293091, 1.2418242692947388, 1.0036216974258423, 0.16061507165431976, 0.5993866324424744, 0.003214547410607338, 0.93441241979599, 0.2878178656101227, 0.7979323863983154, 0.7570499181747437, 0.886669933795929, 0.06778398156166077, 0.9576399922370911, 0.1630973070859909, 0.8819947838783264, 1.0271369218826294, 0.5431210398674011, 0.8325154781341553, 0.5197953581809998, 0.19502034783363342, 0.2610607445240021, 0.5303594470024109, 0.4691673815250397, 0.9995625615119934, 0.20066416263580322, 0.8727626204490662, 0.5543339252471924]"
contemplate,"[18, 12, 5, 8, 4, 19, 3, 14, 2, 8, 4]",34,"[0.9541399478912354, 0.6335015296936035, 0.7345173358917236, 0.5760406255722046, 0.00015996769070625305, 0.43536898493766785, 0.6158812642097473, 1.2319755554199219, 0.758800208568573, 0.28287458419799805, 0.710841953754425, 0.7387018203735352, 0.004875499755144119, 0.4839820861816406, 0.9426134824752808, 0.6672850847244263, 1.1085751056671143, 0.3422609567642212, 0.41870057582855225, -0.00168475357349962, 0.5687143802642822, 0.46670985221862793, 0.6056531071662903, 0.52887362241745, 1.0005515813827515, 1.0627533197402954, 0.9528243541717529, 0.0033514676615595818, 0.13430023193359375, 0.6247231364250183, 1.0530047416687012, 0.705657958984375, 0.37795859575271606, 1.108961582183838, -0.002906306181102991, 0.41031414270401, -0.026561960577964783, 0.6208943128585815, 1.6166783571243286, 0.6590250134468079, 0.16795870661735535, 0.3940260410308838, 0.0021183323115110397, 0.9239373207092285, 0.15795789659023285, 0.68761146068573, 0.624961256980896, 0.6646662950515747, 0.19915814697742462, 1.280288577079773, 0.32502371072769165, 1.1666128635406494, 0.7634447813034058, 0.762352705001831, 0.9197670221328735, 0.45878493785858154, 0.3252018392086029, 0.1563534140586853, 0.8512915968894958, 0.5795596241950989, 1.0251564979553223, 0.28625959157943726, 0.797061026096344, 0.3194618821144104]"
convergent,"[18, 12, 5, 28, 4, 11, 17, 4, 5, 8]",34,"[0.5323787331581116, 0.9875277876853943, 0.5130050182342529, 0.45564383268356323, -0.0013477280735969543, 0.4951820969581604, 0.8528048396110535, 0.880103349685669, 0.6846097707748413, 0.21197807788848877, 0.3814554512500763, 0.7581344246864319, -0.002720445394515991, 0.8002479076385498, 1.164200782775879, 0.5120795965194702, 0.6794880628585815, 0.6834453344345093, 0.4608093500137329, 0.0012944490881636739, 0.3265535831451416, 0.20435389876365662, 0.8084514141082764, 0.42731595039367676, 0.8562085032463074, 0.8462732434272766, 0.690096378326416, 0.00047762319445610046, 0.3480471968650818, 1.1230628490447998, 0.8851450085639954, 0.6453562378883362, 0.5651931762695312, 0.9646525979042053, -0.0054097664542496204, 0.9010434746742249, -0.015522336587309837, 0.23404355347156525, 1.3218315839767456, 0.9812261462211609, 0.4947969913482666, 0.8388638496398926, 0.11727224290370941, 1.0104752779006958, 0.11921924352645874, 0.4811481535434723, 0.5922647714614868, 1.2691538333892822, 0.3055901825428009, 0.7867677807807922, 0.19515842199325562, 0.9931814670562744, 1.2295856475830078, 0.672246515750885, 0.9554435014724731, 0.19782286882400513, 0.4020635187625885, 0.532030463218689, 0.7699754238128662, 0.4734916687011719, 0.9831709265708923, 0.16198138892650604, 0.7703419923782349, 0.5362618565559387]"
cynical,"[18, 21, 5, 6, 18, 2, 14]",34,"[0.7591816186904907, 0.9981951117515564, 0.6038470268249512, 0.5246442556381226, -0.0013753436505794525, 0.47788798809051514, 0.9972002506256104, 0.9649918079376221, 0.5903573036193848, 0.3544886112213135, 0.6322216987609863, 0.7340855002403259, 0.01616404391825199, 0.5547190308570862, 1.1378618478775024, 0.5122497081756592, 0.8430236577987671, 0.6572474241256714, 0.6442307233810425, 0.0010971190640702844, 0.44247931241989136, 0.3771136701107025, 0.7405993938446045, 0.5098749399185181, 0.861314058303833, 0.9046796560287476, 0.7438169717788696, -0.0021114517003297806, 0.2821950912475586, 1.0202525854110718, 0.9397974610328674, 0.6461012363433838, 0.5844131112098694, 0.9366430044174194, 0.005086453165858984, 0.8389220237731934, -0.0008185566402971745, 0.40349799394607544, 1.286515712738037, 1.1674304008483887, 0.44298550486564636, 0.7175371646881104, -0.0034416280686855316, 0.9823132753372192, 0.21388700604438782, 0.7557616233825684, 0.8326821327209473, 1.0667263269424438, 0.31095167994499207, 1.0875747203826904, 0.4084700345993042, 1.0356770753860474, 1.2453417778015137, 0.7018495202064514, 0.8429861664772034, 0.4383261799812317, 0.3951936662197113, 0.44783276319503784, 0.7577652931213379, 0.6144439578056335, 0.9077116847038269, 0.34852033853530884, 0.8140765428543091, 0.6254680752754211]"
deficient,"[20, 4, 22, 6, 18, 6, 4, 5, 8]",34,"[0.45448678731918335, 1.1263980865478516, 0.29153794050216675, 0.3551175594329834, 0.00620715506374836, 0.37645336985588074, 0.7752363681793213, 1.1658473014831543, 0.811342716217041, 0.31274664402008057, 0.5645511150360107, 0.7190356850624084, 0.01815633289515972, 0.7722187638282776, 1.3332949876785278, 0.7582957148551941, 0.5107453465461731, 0.7147908210754395, 0.4998583197593689, -0.0008722905768081546, 0.23633909225463867, 0.11290981620550156, 1.037136197090149, 0.45244044065475464, 0.7851152420043945, 0.779796838760376, 0.6774609088897705, 0.0075760046020150185, 0.3711191713809967, 1.2274061441421509, 0.9972389340400696, 0.5629726648330688, 0.46173495054244995, 1.080544114112854, 0.004608231130987406, 0.8912470936775208, -0.025784825906157494, 0.1899496614933014, 1.5072129964828491, 0.9503982067108154, 0.6197212934494019, 0.8733782172203064, 0.05771452188491821, 1.1028335094451904, 0.07222365587949753, 0.3817899227142334, 0.6037805080413818, 1.2533376216888428, 0.36895880103111267, 0.8701391816139221, 0.34514448046684265, 1.1590936183929443, 1.3653545379638672, 0.9231156706809998, 1.1114436388015747, 0.18218640983104706, 0.658722460269928, 0.559991180896759, 0.9797449707984924, 0.536986231803894, 1.160773754119873, 0.2558596432209015, 0.6147269606590271, 0.5057747960090637]"
definitive,"[20, 4, 22, 6, 5, 6, 8, 6, 28, 4]",34,"[0.4912456274032593, 1.2993881702423096, 0.38837742805480957, 0.43171072006225586, 0.0068724192678928375, 0.4311366677284241, 0.9485812187194824, 0.9683386087417603, 0.82433021068573, 0.19904738664627075, 0.4624449610710144, 0.8545197248458862, -0.0005629025399684906, 0.895609974861145, 1.4809778928756714, 0.553246259689331, 0.582952618598938, 0.7485982179641724, 0.6492311358451843, -0.002239358378574252, 0.2760191559791565, 0.1797056645154953, 0.9520754218101501, 0.4358058571815491, 0.7959091663360596, 0.8275542259216309, 0.6623591184616089, 0.009209275245666504, 0.33967125415802, 1.4468508958816528, 0.9478275179862976, 0.6518109440803528, 0.5598360896110535, 1.1157926321029663, 0.0039057363756000996, 1.0167677402496338, -0.015489138662815094, 0.12180432677268982, 1.4136003255844116, 1.1842142343521118, 0.5853990912437439, 0.9813641309738159, 0.06661650538444519, 1.194496750831604, 0.13786320388317108, 0.4966820180416107, 0.7317458391189575, 1.4392613172531128, 0.2897973656654358, 0.7923852205276489, 0.21019655466079712, 1.0476281642913818, 1.558415174484253, 0.7079325914382935, 1.1418097019195557, 0.2688807249069214, 0.5691888928413391, 0.6134899258613586, 0.8506094813346863, 0.5046391487121582, 1.2946010828018188, 0.1934008002281189, 0.7606374025344849, 0.7070151567459106]"
deliberate,"[20, 4, 14, 6, 10, 4, 11, 2, 8, 4]",34,"[0.49125391244888306, 1.4361274242401123, 0.45575278997421265, 0.40783920884132385, 0.0014172904193401337, 0.18580125272274017, 1.1529085636138916, 0.8593917489051819, 0.7722825407981873, 0.14043767750263214, 0.37219446897506714, 0.7540047764778137, 0.01515128929167986, 0.7289321422576904, 1.436600923538208, 0.6393029093742371, 0.472255140542984, 0.48616454005241394, 0.7885415554046631, -0.00043010921217501163, 0.17641693353652954, 0.3863444924354553, 1.060829758644104, 0.19196105003356934, 0.5407873392105103, 0.5452576279640198, 0.5374294519424438, 0.0018024994060397148, 0.14882168173789978, 1.4190369844436646, 0.6907158493995667, 0.3922891318798065, 0.39186009764671326, 0.8685842752456665, 0.0007340149022638798, 1.1052238941192627, -0.0019558463245630264, 0.31445297598838806, 1.1383070945739746, 1.3057783842086792, 0.37333428859710693, 0.9128523468971252, 0.001066865399479866, 1.3769077062606812, 0.17283961176872253, 0.8495999574661255, 0.919348955154419, 1.4099689722061157, 0.1668965220451355, 0.6569282412528992, 0.13108360767364502, 0.7547099590301514, 1.6153548955917358, 0.8311015367507935, 0.9206625819206238, 0.4490586519241333, 0.5142725110054016, 0.5247482657432556, 0.6439687013626099, 0.24112360179424286, 1.162217617034912, 0.09325340390205383, 0.5376380085945129, 0.7770161032676697]"
diminish,"[20, 6, 19, 6, 5, 6, 7, 9]",34,"[0.3284139931201935, 1.5779277086257935, 0.24835911393165588, 0.2700907588005066, 0.009599100798368454, 0.3126210868358612, 1.1745822429656982, 0.6307165622711182, 0.49647876620292664, 0.2593584358692169, 0.34659284353256226, 0.5626079440116882, 0.03727046027779579, 0.6617510318756104, 1.3106064796447754, 0.5944509506225586, 0.33511897921562195, 0.8100192546844482, 0.8233327865600586, -0.0012296668719500303, 0.17473715543746948, 0.16083572804927826, 1.1509183645248413, 0.2555277943611145, 0.42303186655044556, 0.43813320994377136, 0.33986639976501465, 0.007897332310676575, 0.360810786485672, 1.635509967803955, 0.5698099732398987, 0.3705855906009674, 0.4930529296398163, 0.6283847689628601, 0.010182790458202362, 1.3547735214233398, 0.003115873783826828, 0.1611887812614441, 0.8028880953788757, 1.479080080986023, 0.7156170010566711, 1.0516806840896606, -0.002039872109889984, 1.2598336935043335, 0.14528357982635498, 0.5886106491088867, 0.8878512382507324, 1.4770426750183105, 0.26821672916412354, 0.4832611083984375, 0.27845585346221924, 0.5879367589950562, 1.7553821802139282, 0.8135362863540649, 0.7327855229377747, 0.269184410572052, 0.7099521160125732, 0.7783482670783997, 0.603363037109375, 0.3130941689014435, 0.8383234739303589, 0.23416855931282043, 0.44127875566482544, 0.9065555930137634]"
disparate,"[20, 6, 7, 3, 2, 11, 2, 8, 4]",34,"[0.46045947074890137, 1.2682428359985352, 0.44749805331230164, 0.37700140476226807, 0.010602759197354317, 0.11095714569091797, 1.007042407989502, 0.8967583179473877, 0.8219743967056274, 0.15985500812530518, 0.40630894899368286, 0.7286074757575989, 0.011791244149208069, 0.7452573180198669, 1.4931271076202393, 0.6489350199699402, 0.43731749057769775, 0.3851165175437927, 0.7211912274360657, -0.0017764129443094134, 0.1586942970752716, 0.32598239183425903, 1.0418422222137451, 0.12653785943984985, 0.4836975634098053, 0.49454963207244873, 0.5453166365623474, 0.0081596989184618, 0.025997605174779892, 1.380056619644165, 0.6649971008300781, 0.34375274181365967, 0.3116868734359741, 0.9047391414642334, 0.0001370650716125965, 0.9709968566894531, -0.010609797202050686, 0.3317527174949646, 1.157378911972046, 1.1880898475646973, 0.2706248164176941, 0.8762547969818115, -0.047888390719890594, 1.4065665006637573, 0.19318242371082306, 0.6878854036331177, 0.9362024664878845, 1.310041904449463, 0.07127454876899719, 0.6035250425338745, 0.14459161460399628, 0.7606891989707947, 1.580937147140503, 0.9077215194702148, 1.023798942565918, 0.429090678691864, 0.5759183168411255, 0.39346614480018616, 0.6066158413887024, 0.19970068335533142, 1.2059893608093262, 0.15488535165786743, 0.46691152453422546, 0.6732578873634338]"
divergent,"[20, 6, 28, 4, 11, 17, 4, 5, 8]",34,"[0.5977439284324646, 1.0311278104782104, 0.5962721705436707, 0.6034678220748901, 0.004459908232092857, 0.7227166295051575, 0.8458212614059448, 0.8051484823226929, 0.6648911833763123, 0.17587992548942566, 0.35736995935440063, 0.9033743143081665, -0.0037680845707654953, 0.9204682111740112, 1.2144391536712646, 0.32185646891593933, 0.8565521240234375, 0.9304561614990234, 0.5016191005706787, -0.000248437630943954, 0.40981411933898926, 0.18997004628181458, 0.6925230622291565, 0.6038289666175842, 1.0660903453826904, 1.1373189687728882, 0.7454501986503601, 0.002699660137295723, 0.5112878084182739, 1.1849604845046997, 1.030104637145996, 0.8828994631767273, 0.786296546459198, 1.119890570640564, -0.0004877988249063492, 0.9592428803443909, -0.006956060416996479, 0.10180570185184479, 1.3416988849639893, 1.0330787897109985, 0.6468685865402222, 0.9343200922012329, 0.16176404058933258, 0.8910806775093079, 0.14492268860340118, 0.43376821279525757, 0.561508059501648, 1.4031693935394287, 0.35040441155433655, 0.8405468463897705, 0.1674639731645584, 1.0848690271377563, 1.3019133806228638, 0.40982136130332947, 1.0345373153686523, 0.1752956062555313, 0.31315067410469055, 0.6668437719345093, 0.7918451428413391, 0.627467155456543, 1.0922298431396484, 0.15453791618347168, 1.0535311698913574, 0.6282157897949219]"
dubious,"[20, 13, 10, 6, 12, 13, 7]",34,"[0.3323745131492615, 1.3837194442749023, 0.09908242523670197, 0.1393057405948639, -0.004052581265568733, 0.2867444157600403, 1.0211997032165527, 0.873841404914856, 0.43114641308784485, 0.43730056285858154, 0.5513697862625122, 0.3443146347999573, 0.0445704460144043, 0.47028011083602905, 0.9576202630996704, 0.8387355804443359, 0.33312317728996277, 0.7462184429168701, 0.6467361450195312, -0.0018344225827604532, 0.29020822048187256, 0.05333661288022995, 1.1353063583374023, 0.4389857053756714, 0.3894791007041931, 0.38736605644226074, 0.40592461824417114, 0.0029688579961657524, 0.4798564612865448, 1.3875411748886108, 0.682339072227478, 0.36846303939819336, 0.3515617251396179, 0.5432568788528442, -0.006453446112573147, 1.1607258319854736, 0.002100651152431965, 0.2606659233570099, 0.9560465812683105, 1.1909600496292114, 0.7821511030197144, 0.8247239589691162, 0.06138351559638977, 1.133142113685608, 0.06938378512859344, 0.480193555355072, 0.7033671736717224, 1.182775855064392, 0.4065246880054474, 0.7183985710144043, 0.5209477543830872, 0.7663307785987854, 1.4709062576293945, 1.131304383277893, 0.5722493529319763, 0.10747695714235306, 0.801911473274231, 0.7471401691436768, 0.8101885318756104, 0.4199286103248596, 0.552895188331604, 0.42897480726242065, 0.2320082187652588, 0.7238255143165588]"
empathetic,"[4, 19, 3, 2, 8, 9, 4, 8, 6, 18]",34,"[0.7718629240989685, 0.846048891544342, 0.41214442253112793, 0.3684789538383484, 0.0025635622441768646, 0.4085122346878052, 0.6631342172622681, 1.2834374904632568, 0.699174702167511, 0.3956199288368225, 0.8241862058639526, 0.6270383596420288, 0.01884615048766136, 0.4578907787799835, 0.9791175127029419, 0.7737113833427429, 0.7944527864456177, 0.5646328926086426, 0.47621995210647583, -0.000656279968097806, 0.4475908875465393, 0.26894912123680115, 0.8187780976295471, 0.5917875170707703, 0.8826715350151062, 0.858453094959259, 0.7920122146606445, 0.012022241950035095, 0.2864188849925995, 0.8471497893333435, 1.0549466609954834, 0.61159348487854, 0.3645762801170349, 1.0105259418487549, 0.007287642452865839, 0.6018092632293701, -0.017911341041326523, 0.5030302405357361, 1.5790836811065674, 0.7842310070991516, 0.4585060179233551, 0.5127366185188293, 0.028323179110884666, 0.9100216031074524, 0.09007851779460907, 0.5541555881500244, 0.5984845161437988, 0.7966321110725403, 0.3388853371143341, 1.232136607170105, 0.49039363861083984, 1.2027931213378906, 0.9577889442443848, 0.9169178605079651, 0.907880961894989, 0.32093656063079834, 0.5281374454498291, 0.3880925476551056, 1.0142160654067993, 0.6768432259559631, 0.905238926410675, 0.4168596565723419, 0.6123884916305542, 0.39139991998672485]"
evoke,"[4, 28, 12, 16, 4]",34,"[1.9439899921417236, 0.229417085647583, 2.084789991378784, 1.6490252017974854, 0.006702611222863197, 1.143397569656372, 0.3584328889846802, 0.47419238090515137, 0.8198861479759216, -0.00031851232051849365, 0.3712915778160095, 1.6020978689193726, 0.003515474498271942, 0.8316438794136047, 1.2310642004013062, -0.15762662887573242, 2.3293073177337646, 0.5695880651473999, 0.5489208102226257, -0.0009747255244292319, 0.8729541897773743, 1.489743947982788, -0.17097139358520508, 0.6889075040817261, 2.011657953262329, 2.2271347045898438, 1.409577488899231, 0.0091546680778265, 0.07159015536308289, 0.282065749168396, 1.104714274406433, 1.470344066619873, 1.1500325202941895, 1.6656715869903564, 0.0063186646439135075, 0.25266802310943604, -0.012740745209157467, 0.5920898914337158, 1.6310919523239136, 0.7710995674133301, -0.02032734826207161, 0.494579553604126, 0.0943894237279892, 0.4066948890686035, 0.8627955913543701, 1.055727243423462, 0.65909743309021, 0.8435626029968262, -0.01695764809846878, 1.2813323736190796, -0.04204624518752098, 1.1293057203292847, 0.5778636932373047, -0.2456052452325821, 1.1687712669372559, 1.0083552598953247, -0.105507031083107, 0.004795049782842398, 0.33859187364578247, 0.5608111023902893, 1.587166666984558, -0.011912666261196136, 2.288600206375122, 0.39336156845092773]"
exemplary,"[4, 27, 4, 19, 3, 14, 2, 11, 21]",34,"[0.29268309473991394, 1.6992501020431519, 0.3806456923484802, 0.3931457996368408, -0.0016014408320188522, 0.28682130575180054, 1.312354564666748, 0.7445927262306213, 0.802557647228241, 0.21864967048168182, 0.2202543020248413, 0.7832210659980774, 0.00888626929372549, 0.9955984950065613, 1.618074655532837, 0.6349994540214539, 0.33881422877311707, 0.7819921970367432, 0.7917611002922058, -0.00014998367987573147, 0.13106359541416168, 0.17889483273029327, 1.2373356819152832, 0.17877763509750366, 0.5367746353149414, 0.5678159594535828, 0.5422639846801758, -0.0002271663397550583, 0.3197794258594513, 1.862919807434082, 0.6934385895729065, 0.4467615485191345, 0.5677075386047363, 0.8777897953987122, -0.0024728321004658937, 1.4627397060394287, 0.00724826380610466, 0.05998794734477997, 1.0325357913970947, 1.580291748046875, 0.6284117102622986, 1.246274709701538, 0.01413014717400074, 1.5077087879180908, 0.12223096191883087, 0.6027051210403442, 0.8502281904220581, 1.830249547958374, 0.24381661415100098, 0.4199373722076416, 0.17261038720607758, 0.7513564229011536, 2.0197694301605225, 0.8731149435043335, 1.023810625076294, 0.23055972158908844, 0.6264065504074097, 0.8074225783348083, 0.6906051635742188, 0.24131827056407928, 1.1544275283813477, 0.12841641902923584, 0.606838583946228, 0.9534458518028259]"
fluctuate,"[22, 14, 13, 18, 8, 13, 2, 8, 4]",34,"[0.9000456929206848, 0.321559339761734, 0.5324012041091919, 0.526302695274353, 0.004214094951748848, 0.8404513597488403, 0.15756674110889435, 1.6083502769470215, 0.6722913980484009, 0.5573243498802185, 0.9037488102912903, 0.777205228805542, 0.030014602467417717, 0.5252496600151062, 0.7407757043838501, 0.8041770458221436, 1.220702886581421, 0.7335730791091919, 0.13095977902412415, -0.003243914106860757, 0.7249705791473389, 0.13173042237758636, 0.5047300457954407, 1.0380024909973145, 1.2871826887130737, 1.481418490409851, 1.1000001430511475, 0.0004532858729362488, 0.5548672676086426, 0.36903128027915955, 1.5364232063293457, 1.0700443983078003, 0.5399197340011597, 1.4072394371032715, 0.0014546425081789494, 0.18497738242149353, -0.0310173612087965, 0.3405522108078003, 2.0483148097991943, 0.1999446451663971, 0.5873757004737854, 0.3641095459461212, 0.12123306095600128, 0.5195488929748535, 0.03449183702468872, 0.17648200690746307, 0.21132728457450867, 0.5678925514221191, 0.6030742526054382, 1.6188353300094604, 0.7055829167366028, 1.6660864353179932, 0.4124230146408081, 0.7191364765167236, 1.0519092082977295, 0.11867513507604599, 0.44618144631385803, 0.32712942361831665, 1.4252166748046875, 1.006691336631775, 0.9612377285957336, 0.5690132975578308, 0.9257742762565613, 0.12153125554323196]"
heterogeneous,"[9, 4, 8, 4, 11, 12, 17, 4, 5, 4, 12, 13, 7]",34,"[0.6706787347793579, 0.70914626121521, 0.5444372892379761, 0.5615097284317017, 0.002517588436603546, 0.8659873604774475, 0.3337213397026062, 1.2303507328033447, 0.7907626032829285, 0.329065203666687, 0.45229417085647583, 1.0006725788116455, 0.007730301935225725, 0.9726347923278809, 1.1210232973098755, 0.652113676071167, 0.9724093079566956, 0.9619754552841187, 0.128745898604393, 0.000408605788834393, 0.50182044506073, 0.06448791921138763, 0.7101035714149475, 0.8415569067001343, 1.2968415021896362, 1.3773730993270874, 0.9574227333068848, -0.00280950590968132, 0.605002760887146, 0.8359675407409668, 1.3727872371673584, 1.0393098592758179, 0.730925440788269, 1.42208731174469, -0.0005453922785818577, 0.6146749258041382, -0.01252765953540802, 0.017408162355422974, 1.845636248588562, 0.442901611328125, 0.7178842425346375, 0.8022517561912537, 0.22159983217716217, 0.7396974563598633, -0.012905612587928772, 0.04708509147167206, 0.11030521988868713, 1.2251337766647339, 0.5404635667800903, 1.0916955471038818, 0.33313071727752686, 1.4863593578338623, 0.8730225563049316, 0.6070219278335571, 1.255204200744629, -0.07387347519397736, 0.4445593059062958, 0.610980749130249, 1.2924516201019287, 0.7776768803596497, 1.1890612840652466, 0.22659437358379364, 1.0658416748046875, 0.2720683217048645]"
homogeneous,"[9, 12, 19, 12, 17, 4, 5, 4, 12, 13, 7]",34,"[0.44122380018234253, 1.0420217514038086, 0.40717965364456177, 0.4254153370857239, 0.0018073897808790207, 0.690778374671936, 0.6163538694381714, 1.0808793306350708, 0.7099102735519409, 0.32297372817993164, 0.306979238986969, 0.8334715366363525, 0.019427703693509102, 0.9307852983474731, 1.195257544517517, 0.7801483869552612, 0.688047468662262, 0.9495699405670166, 0.3046048581600189, 0.00041415065061300993, 0.35105448961257935, 0.03377264738082886, 0.9585387706756592, 0.6216398477554321, 0.9428128600120544, 1.0050491094589233, 0.7397485971450806, -0.0005274005234241486, 0.5992289781570435, 1.1716502904891968, 1.0885096788406372, 0.7780628204345703, 0.6242640018463135, 1.1322309970855713, -0.0024511837400496006, 0.9086468815803528, -0.020593009889125824, 0.03228458762168884, 1.5089846849441528, 0.7579255700111389, 0.7524749636650085, 0.9331239461898804, 0.1826120913028717, 1.027984619140625, -0.004378527402877808, 0.17096486687660217, 0.32456904649734497, 1.4447789192199707, 0.5001841187477112, 0.8301002979278564, 0.3182642161846161, 1.173097848892212, 1.2233519554138184, 0.8273875117301941, 1.0732522010803223, -0.0518692284822464, 0.6363486051559448, 0.7154917120933533, 1.1376851797103882, 0.5855780839920044, 1.0261335372924805, 0.22431373596191406, 0.740925669670105, 0.47022080421447754]"
illuminate,"[6, 14, 14, 13, 19, 6, 5, 2, 8, 4]",34,"[0.31482481956481934, 1.0442408323287964, 0.09387403726577759, 0.16067419946193695, 1.6529113054275513e-05, 0.5652307868003845, 0.41489604115486145, 1.5553820133209229, 0.76728755235672, 0.765480637550354, 0.6600242853164673, 0.7016816139221191, 0.05440237373113632, 0.8374892473220825, 1.1958149671554565, 1.298357367515564, 0.4191291034221649, 0.9459024667739868, 0.3521738052368164, -0.0002246262738481164, 0.3328819274902344, -0.1081082820892334, 1.165092945098877, 0.7119933366775513, 0.8632283210754395, 0.8536501526832581, 0.7766332626342773, -0.0007832609117031097, 0.6500924825668335, 1.1264185905456543, 1.3102126121520996, 0.7378583550453186, 0.5248865485191345, 1.2330536842346191, -0.003091231919825077, 0.7823078036308289, -0.01418345794081688, -0.0732395350933075, 1.843102216720581, 0.649849534034729, 0.972521960735321, 0.9169263243675232, 0.054593540728092194, 0.9816685318946838, -0.045219600200653076, -0.018253371119499207, 0.2751959264278412, 1.374458909034729, 0.8307703137397766, 1.0850955247879028, 0.8905094265937805, 1.4935370683670044, 1.2788615226745605, 1.2977949380874634, 1.1716532707214355, -0.12097670137882233, 1.090935468673706, 0.7772760391235352, 1.6402883529663086, 0.8062679767608643, 1.0730886459350586, 0.5797036290168762, 0.5289099812507629, 0.39502447843551636]"
impartial,"[6, 19, 3, 2, 11, 8, 6, 2, 14]",34,"[0.5706175565719604, 1.1315498352050781, 0.39769983291625977, 0.3166867792606354, -0.0011707302182912827, 0.24300165474414825, 0.9298763871192932, 1.1506333351135254, 0.7747517824172974, 0.41323715448379517, 0.6749611496925354, 0.678654670715332, 0.022877279669046402, 0.6102566719055176, 1.3659417629241943, 0.8565506935119629, 0.5617908835411072, 0.4747081696987152, 0.6440689563751221, -0.0006735770730301738, 0.29602116346359253, 0.27251502871513367, 1.0325748920440674, 0.33521896600723267, 0.6376800537109375, 0.5942474007606506, 0.6868993043899536, 0.00611080601811409, 0.14302124083042145, 1.2243720293045044, 0.9144352078437805, 0.4177526831626892, 0.34422993659973145, 0.9411476850509644, 0.007023113314062357, 0.8161849975585938, -0.009464289993047714, 0.4084550142288208, 1.4140551090240479, 1.1563892364501953, 0.41225388646125793, 0.7782999277114868, -0.031208794564008713, 1.2783631086349487, 0.20599937438964844, 0.6583244800567627, 0.897532045841217, 1.1435385942459106, 0.2772488296031952, 0.9937182664871216, 0.48819079995155334, 1.0496217012405396, 1.4513423442840576, 1.1450092792510986, 1.018920660018921, 0.39486464858055115, 0.6906976699829102, 0.3945997953414917, 0.8803886771202087, 0.4465121924877167, 1.0649365186691284, 0.4142782688140869, 0.49141794443130493, 0.5822952389717102]"
indisputable,"[6, 5, 20, 6, 7, 3, 13, 8, 2, 10, 14, 4]",34,"[0.18418791890144348, 1.6680692434310913, 0.1400364190340042, 0.1428028643131256, 0.009950848296284676, 0.15565799176692963, 1.2438795566558838, 1.0248605012893677, 0.7166311144828796, 0.4020431637763977, 0.4346935749053955, 0.5422917604446411, 0.035089161247015, 0.7735341787338257, 1.48319411277771, 1.0505012273788452, 0.1863153576850891, 0.6614502668380737, 0.7479966878890991, -0.0029881263617426157, 0.12327487766742706, 0.04688192531466484, 1.4383293390274048, 0.2356281727552414, 0.37641072273254395, 0.318820059299469, 0.4549577832221985, 0.0063665397465229034, 0.33427128195762634, 1.737947702407837, 0.7034911513328552, 0.27590903639793396, 0.3219529390335083, 0.7738214135169983, -0.0031983384396880865, 1.3313369750976562, -0.031604133546352386, 0.14464953541755676, 1.1871638298034668, 1.440512776374817, 0.6870858073234558, 1.0946264266967773, 0.008754568174481392, 1.6521238088607788, 0.0852932259440422, 0.5476584434509277, 0.9205330014228821, 1.5956426858901978, 0.37686678767204285, 0.6239863634109497, 0.4411146342754364, 0.8702898025512695, 1.951083779335022, 1.3605828285217285, 0.948948860168457, 0.1740076243877411, 1.0260061025619507, 0.7170273661613464, 0.8575425744056702, 0.30805087089538574, 1.0326039791107178, 0.28213945031166077, 0.2613289952278137, 0.7808459401130676]"
legitimate,"[14, 4, 17, 6, 8, 6, 19, 2, 8, 4]",34,"[0.29399892687797546, 1.418627142906189, 0.11820238828659058, 0.10271672159433365, 0.008343812078237534, 0.2674471139907837, 0.9714758396148682, 1.3926444053649902, 0.7456645965576172, 0.5384378433227539, 0.5488826036453247, 0.6073371171951294, 0.04903370887041092, 0.7545004487037659, 1.3536512851715088, 1.2642216682434082, 0.309969425201416, 0.7401965856552124, 0.5981748104095459, -0.0007734951796010137, 0.20137529075145721, 0.0036295875906944275, 1.439241647720337, 0.40293174982070923, 0.5750468969345093, 0.551898181438446, 0.6047263741493225, 0.004871021956205368, 0.44888561964035034, 1.4937717914581299, 0.9764231443405151, 0.44058454036712646, 0.3361411988735199, 1.0211936235427856, 0.0005166945047676563, 1.1351242065429688, -0.022293929010629654, 0.1602584421634674, 1.5936381816864014, 1.081709861755371, 0.7621796727180481, 0.9724932312965393, 0.005901681259274483, 1.4786276817321777, -0.038018301129341125, 0.412036657333374, 0.7098709344863892, 1.4950461387634277, 0.5871138572692871, 0.9167122840881348, 0.6116763353347778, 1.1941547393798828, 1.657538652420044, 1.4024317264556885, 1.0377781391143799, 0.10347583144903183, 1.1108399629592896, 0.7180683612823486, 1.250136375427246, 0.5272539854049683, 1.0518791675567627, 0.40468037128448486, 0.2711409032344818, 0.5880876183509827]"
mediocre,"[19, 4, 20, 6, 12, 18, 11, 4]",34,"[1.385349154472351, 0.39874279499053955, 1.091282844543457, 0.8794479966163635, -0.000450674444437027, 0.7902958989143372, 0.39542096853256226, 0.9793486595153809, 0.5985593795776367, 0.15544167160987854, 0.6652712821960449, 0.8533226251602173, 0.0017758393660187721, 0.4435914158821106, 0.7101438045501709, 0.34930258989334106, 1.623981237411499, 0.4876302480697632, 0.2955281734466553, 0.001654473482631147, 0.8261300921440125, 0.6700083017349243, 0.33545318245887756, 0.7969739437103271, 1.4313697814941406, 1.5561045408248901, 1.0776665210723877, 0.009098728187382221, 0.23780961334705353, 0.2918343245983124, 1.13102388381958, 1.0467528104782104, 0.6433208584785461, 1.1883885860443115, 0.0029397159814834595, 0.23702862858772278, -0.0024788416922092438, 0.6761437058448792, 1.660958170890808, 0.4255533218383789, 0.17539267241954803, 0.24410638213157654, 0.15226726233959198, 0.5448458790779114, 0.21673163771629333, 0.7140798568725586, 0.4738104045391083, 0.44933420419692993, 0.18676157295703888, 1.4083553552627563, 0.1956298053264618, 1.2421972751617432, 0.3546796441078186, 0.36522507667541504, 0.8454150557518005, 0.49208641052246094, 0.10837092995643616, 0.10114829242229462, 0.7354224324226379, 0.7093793749809265, 0.9912389516830444, 0.18679550290107727, 1.2439053058624268, 0.14366385340690613]"
naive,"[5, 2, 6, 28, 4]",34,"[0.9285925626754761, 0.8380028009414673, 1.1219346523284912, 0.976669430732727, 0.005045870319008827, 0.7472695112228394, 0.7775065302848816, 0.5781108140945435, 0.8946310877799988, 0.014649342745542526, 0.280578076839447, 1.3320393562316895, 9.734556078910828e-05, 1.064806342124939, 1.6013964414596558, 0.0301508791744709, 1.1225184202194214, 0.7061259746551514, 0.6609784960746765, -0.00038229883648455143, 0.3796791434288025, 0.5794579386711121, 0.4045596122741699, 0.3826870918273926, 1.2731573581695557, 1.4031494855880737, 0.8891775608062744, -0.0013942308723926544, 0.09760703146457672, 1.0540838241577148, 0.9482147693634033, 0.935028076171875, 0.925471305847168, 1.395224928855896, 0.015224967151880264, 0.8010226488113403, -0.0035666809417307377, 0.16736838221549988, 1.3021223545074463, 1.1451780796051025, 0.2461586594581604, 0.9572789669036865, 0.03236887603998184, 0.8501197099685669, 0.5105972290039062, 0.6607469320297241, 0.8175329566001892, 1.4463666677474976, 0.008541803807020187, 0.7304951548576355, -0.030990835279226303, 0.9484958052635193, 1.3569108247756958, 0.12600168585777283, 1.350124478340149, 0.515751302242279, 0.08435624837875366, 0.3496781289577484, 0.4657754898071289, 0.4219820201396942, 1.5473477840423584, 0.02800435572862625, 1.4684478044509888, 0.6975595951080322]"
pertinent,"[3, 4, 11, 8, 6, 5, 4, 5, 8]",34,"[0.32580578327178955, 1.2190619707107544, 0.3201111853122711, 0.3364146947860718, 0.0012570228427648544, 0.35002583265304565, 0.865304172039032, 0.9238684177398682, 0.8057977557182312, 0.21093644201755524, 0.37882402539253235, 0.7655725479125977, 0.01897323504090309, 0.8536957502365112, 1.4033615589141846, 0.5998468995094299, 0.39727506041526794, 0.6837373971939087, 0.5677024126052856, -0.001887369784526527, 0.1724115014076233, 0.066391721367836, 1.043398380279541, 0.2966564893722534, 0.6397252678871155, 0.6527066826820374, 0.5726522207260132, 0.0009282957762479782, 0.28814709186553955, 1.3912509679794312, 0.8439217805862427, 0.49914976954460144, 0.479397714138031, 0.9853231906890869, 0.0004958687350153923, 1.0456814765930176, -0.004306407645344734, 0.09821575880050659, 1.2188167572021484, 1.0832136869430542, 0.5774893164634705, 0.9744209051132202, 0.03853367269039154, 1.1656193733215332, 0.11477567255496979, 0.3929986357688904, 0.7003356218338013, 1.455702543258667, 0.24109002947807312, 0.6046244502067566, 0.2049385905265808, 0.8964785933494568, 1.545478105545044, 0.7935298085212708, 1.100482702255249, 0.17216503620147705, 0.5530789494514465, 0.6205757856369019, 0.7908154129981995, 0.3407829701900482, 1.1570099592208862, 0.17637580633163452, 0.5830626487731934, 0.6634472012519836]"
plausible,"[3, 14, 2, 13, 7, 6, 10, 14, 4]",34,"[0.32651638984680176, 1.3848038911819458, 0.3304252028465271, 0.32915955781936646, 0.007809650152921677, 0.3326892852783203, 0.923321545124054, 1.0164953470230103, 0.752878725528717, 0.3395453095436096, 0.34722673892974854, 0.7587973475456238, 0.045026808977127075, 0.8195117712020874, 1.4673125743865967, 0.8637365698814392, 0.3925422728061676, 0.728927493095398, 0.616195023059845, -0.0003077513538300991, 0.18333014845848083, 0.15175044536590576, 1.2224315404891968, 0.31374379992485046, 0.5627283453941345, 0.6023712754249573, 0.5441169142723083, -0.004620911553502083, 0.3465116322040558, 1.4403278827667236, 0.8247997760772705, 0.4450398087501526, 0.4852345585823059, 0.9298005104064941, -0.0009046632330864668, 1.1179618835449219, -0.010159766301512718, 0.12216489017009735, 1.2383389472961426, 1.1419492959976196, 0.6241487860679626, 1.0479260683059692, 0.010825889185070992, 1.3620851039886475, 0.1015896424651146, 0.4375397562980652, 0.7303445339202881, 1.5417087078094482, 0.35721367597579956, 0.6653980612754822, 0.35158735513687134, 0.9184315800666809, 1.660264015197754, 1.077071189880371, 1.021240472793579, 0.19101418554782867, 0.7894061803817749, 0.6796667575836182, 0.9246193170547485, 0.37246429920196533, 1.092012643814087, 0.22913210093975067, 0.49291038513183594, 0.695770263671875]"
proficient,"[3, 11, 12, 22, 6, 18, 6, 4, 5, 8]",34,"[0.6198885440826416, 0.8135235905647278, 0.2545454502105713, 0.28321075439453125, -0.002790026366710663, 0.49131256341934204, 0.4283605217933655, 1.5702581405639648, 0.88734370470047, 0.45456039905548096, 0.8349146246910095, 0.7682332992553711, 0.024560298770666122, 0.7285600304603577, 1.235703945159912, 0.9645710587501526, 0.7001166939735413, 0.6961569786071777, 0.29450517892837524, 0.0005804848624393344, 0.4036623239517212, 0.030235357582569122, 1.0009026527404785, 0.6897590756416321, 1.004797101020813, 0.9674164056777954, 0.8591071367263794, 0.005217336118221283, 0.40682971477508545, 0.9589526057243347, 1.3303194046020508, 0.6964020729064941, 0.4002998173236847, 1.3323936462402344, 0.010230392217636108, 0.5823397636413574, -0.02065020427107811, 0.27437692880630493, 1.9871807098388672, 0.5905884504318237, 0.6666824817657471, 0.6960567831993103, 0.07358825951814651, 0.9559199213981628, -0.022157564759254456, 0.2176274210214615, 0.3956332206726074, 1.0222387313842773, 0.5109031200408936, 1.271607518196106, 0.5423076152801514, 1.5407401323318481, 1.03152334690094, 1.0610260963439941, 1.2862136363983154, 0.092699334025383, 0.7232058048248291, 0.4708681106567383, 1.3802146911621094, 0.7539018988609314, 1.2103066444396973, 0.42111921310424805, 0.6239575743675232, 0.2783575654029846]"
prosper,"[3, 11, 12, 7, 3, 4, 11]",34,"[0.33023032546043396, 1.30250883102417, 0.29892632365226746, 0.4131608307361603, 0.003234526142477989, 0.3538103699684143, 0.9458432793617249, 0.88270503282547, 0.9856664538383484, 0.10751213133335114, 0.44035962224006653, 0.8542605042457581, 0.02492952160537243, 0.9737681746482849, 1.7173542976379395, 0.49382731318473816, 0.35189077258110046, 0.6649413108825684, 0.6489837169647217, -0.001048206351697445, 0.18462419509887695, 0.11416289955377579, 1.081148386001587, 0.27457213401794434, 0.6226822137832642, 0.6908332109451294, 0.5452598333358765, 0.0070424191653728485, 0.2255639284849167, 1.6479090452194214, 0.8246597051620483, 0.4661681354045868, 0.4927900433540344, 1.173208475112915, -0.0009869839996099472, 1.1088916063308716, -0.003765211906284094, 0.17268335819244385, 1.1711043119430542, 1.22146475315094, 0.5655391216278076, 1.115291953086853, 0.024730099365115166, 1.3064332008361816, 0.21509167551994324, 0.37076157331466675, 0.8218109011650085, 1.596145749092102, 0.12060664594173431, 0.5440717935562134, 0.11217673122882843, 0.8051192164421082, 1.8421313762664795, 0.8152244091033936, 1.2972416877746582, 0.20815490186214447, 0.5677393078804016, 0.6493695378303528, 0.7915277481079102, 0.32342204451560974, 1.3740806579589844, 0.189520925283432, 0.6898494362831116, 0.7438030242919922]"
scrutiny,"[7, 18, 11, 13, 8, 6, 5, 21]",34,"[0.7057631611824036, 0.6744515299797058, 0.5384966731071472, 0.4022437334060669, -0.00039968639612197876, 0.3608197569847107, 0.6781538724899292, 0.9057745337486267, 0.536156177520752, 0.27268218994140625, 0.6063473224639893, 0.5544376373291016, 0.0077891661785542965, 0.3793886601924896, 0.8278664350509644, 0.4877740144729614, 0.7430042028427124, 0.38566190004348755, 0.446061372756958, -5.595304537564516e-05, 0.4482951760292053, 0.37610316276550293, 0.5701675415039062, 0.4640721082687378, 0.7059412002563477, 0.7353852987289429, 0.7152987718582153, 0.003981363028287888, 0.1787547916173935, 0.6688905954360962, 0.7770095467567444, 0.5551798343658447, 0.3520834743976593, 0.7607194185256958, -0.009351842105388641, 0.5350344181060791, -0.012440180405974388, 0.5133375525474548, 1.1796497106552124, 0.7541528344154358, 0.2685984969139099, 0.3887142837047577, 0.007107226178050041, 0.7892551422119141, 0.17959538102149963, 0.6316702961921692, 0.6612470149993896, 0.6443875432014465, 0.20767642557621002, 0.9717373847961426, 0.3355449438095093, 0.8580876588821411, 0.7812724113464355, 0.6598566770553589, 0.661717414855957, 0.4250026345252991, 0.31224408745765686, 0.24741564691066742, 0.6599316596984863, 0.47086772322654724, 0.7401058077812195, 0.3166519105434418, 0.5854993462562561, 0.38095733523368835]"
skeptical,"[7, 16, 4, 3, 8, 6, 18, 2, 14]",34,"[1.1641865968704224, 0.5109878182411194, 0.7074944376945496, 0.6386513113975525, 0.000912882387638092, 0.816906213760376, 0.5306684970855713, 1.4499051570892334, 0.6425530910491943, 0.4516064524650574, 1.0256612300872803, 0.8107398748397827, 0.023837510496377945, 0.43825453519821167, 0.8373168706893921, 0.5740619897842407, 1.3864469528198242, 0.6495240926742554, 0.40968602895736694, -0.0009145958465524018, 0.7952278852462769, 0.40879762172698975, 0.4778491258621216, 0.9429196119308472, 1.3254525661468506, 1.4348443746566772, 1.0794652700424194, -0.003765454515814781, 0.39715495705604553, 0.4779817461967468, 1.439274549484253, 1.0363845825195312, 0.5919410586357117, 1.3057113885879517, -0.0007465125527232885, 0.4019536077976227, -0.024539465084671974, 0.5665267705917358, 1.8471282720565796, 0.6083483695983887, 0.4396040737628937, 0.36197105050086975, 0.05353157967329025, 0.6136037707328796, 0.15432655811309814, 0.6231940984725952, 0.5550341606140137, 0.5408053994178772, 0.43676918745040894, 1.7111420631408691, 0.5995867848396301, 1.5179009437561035, 0.6152481436729431, 0.6015915274620056, 0.9576684832572937, 0.3983766436576843, 0.27633872628211975, 0.2951112687587738, 1.131101369857788, 1.0053763389587402, 1.0020062923431396, 0.5171105265617371, 1.0679349899291992, 0.291637122631073]"
subtle,"[7, 13, 10, 8, 14, 4]",34,"[0.9370988607406616, 0.9967082142829895, 0.8635147213935852, 0.7464537620544434, 0.004399500787258148, 0.6900297999382019, 0.9032802581787109, 0.6910004019737244, 0.4841473400592804, 0.21096469461917877, 0.35756903886795044, 0.7780530452728271, 0.00842718593776226, 0.5852900743484497, 0.8767826557159424, 0.34538164734840393, 1.1462265253067017, 0.7519962787628174, 0.5924964547157288, -0.0010226930025964975, 0.5415682792663574, 0.5648276805877686, 0.5605645179748535, 0.5835723280906677, 1.069010615348816, 1.238709568977356, 0.8197493553161621, 0.005946489982306957, 0.4270230233669281, 0.8864049911499023, 0.8419157862663269, 0.8667769432067871, 0.737809419631958, 0.8932691812515259, -0.007255044765770435, 0.8401706218719482, -0.021550200879573822, 0.3391155004501343, 1.1832799911499023, 1.0387519598007202, 0.4288701117038727, 0.638184666633606, 0.10845427215099335, 0.8443027138710022, 0.23132340610027313, 0.707870364189148, 0.5848015546798706, 1.0202903747558594, 0.24531874060630798, 0.9837616682052612, 0.17050586640834808, 0.8946493864059448, 0.9685522317886353, 0.39345359802246094, 0.5946596264839172, 0.38519716262817383, 0.24090081453323364, 0.5123561024665833, 0.6066319346427917, 0.6019269824028015, 0.8373537659645081, 0.1657833456993103, 1.0702712535858154, 0.6336618661880493]"
succinct,"[7, 13, 18, 18, 6, 5, 18, 8]",34,"[0.7726588845252991, 0.48350614309310913, 0.25157439708709717, 0.22012239694595337, 0.0033219922333955765, 0.4758855998516083, 0.37447601556777954, 1.5136919021606445, 0.6401979327201843, 0.4688173532485962, 0.9759617447853088, 0.5016884803771973, 0.03207779675722122, 0.28511035442352295, 0.6647886037826538, 0.8470185995101929, 0.8163734078407288, 0.49677541851997375, 0.21982832252979279, 0.0009955536806955934, 0.5616161823272705, 0.06423686444759369, 0.7110795974731445, 0.7944381833076477, 0.9017846584320068, 0.9368873238563538, 0.8428593873977661, 0.00496575515717268, 0.3472456932067871, 0.49205195903778076, 1.241499423980713, 0.7129008769989014, 0.22855931520462036, 1.0586607456207275, 0.006613167468458414, 0.29689908027648926, 0.0031936345621943474, 0.5036683678627014, 1.7183220386505127, 0.3757542073726654, 0.48570334911346436, 0.24448370933532715, 0.04214245080947876, 0.6619491577148438, -0.026472583413124084, 0.29162174463272095, 0.3582426905632019, 0.4609770178794861, 0.4278595745563507, 1.4290077686309814, 0.6561111211776733, 1.351574182510376, 0.5221127271652222, 0.9343517422676086, 0.8696997165679932, 0.1575009524822235, 0.4791776239871979, 0.3065040409564972, 1.2120747566223145, 0.7968816757202148, 0.7113584876060486, 0.5747419595718384, 0.45711788535118103, 0.16399690508842468]"
surplus,"[7, 13, 11, 3, 14, 13, 7]",34,"[0.5307994484901428, 0.7102665305137634, 0.46505749225616455, 0.4896649718284607, 0.00740057323127985, 0.496988981962204, 0.6284128427505493, 0.8243809938430786, 0.6015777587890625, 0.26608288288116455, 0.5280912518501282, 0.6934030652046204, 0.02504543960094452, 0.6298293471336365, 1.0494762659072876, 0.3529043197631836, 0.6689930558204651, 0.6424952745437622, 0.432478666305542, 0.0008957855170592666, 0.37235110998153687, 0.18042388558387756, 0.5916232466697693, 0.49262553453445435, 0.7548092007637024, 0.8528510928153992, 0.6628814935684204, 0.004224038682878017, 0.30937519669532776, 0.8947318196296692, 0.8429374694824219, 0.6366163492202759, 0.5702115297317505, 0.8788031339645386, -0.0141166802495718, 0.6909762024879456, 0.003474721685051918, 0.27803006768226624, 1.1080877780914307, 0.7628960013389587, 0.4300764203071594, 0.6810444593429565, 0.061105482280254364, 0.7152100205421448, 0.20417141914367676, 0.3302381634712219, 0.5137584209442139, 0.9401617646217346, 0.2334170639514923, 0.7941686511039734, 0.32333579659461975, 0.8674089312553406, 1.0389460325241089, 0.5760888457298279, 0.8870962858200073, 0.22274956107139587, 0.3065316677093506, 0.4803638756275177, 0.7603423595428467, 0.511530876159668, 0.8084700703620911, 0.3291138708591461, 0.7584243416786194, 0.5077260732650757]"
tentative,"[8, 4, 5, 8, 2, 8, 6, 28, 4]",34,"[0.5559661984443665, 0.8796143531799316, 0.4179690182209015, 0.36651742458343506, 0.0006975475698709488, 0.3894217908382416, 0.6313759088516235, 1.2147800922393799, 0.8238266110420227, 0.2796333134174347, 0.5525414943695068, 0.785926103591919, 0.005005788058042526, 0.7328612208366394, 1.2424734830856323, 0.740143358707428, 0.6280543208122253, 0.561475396156311, 0.4348093271255493, 0.000605946290306747, 0.3246604800224304, 0.1581268310546875, 0.852996826171875, 0.4667608141899109, 0.8456742167472839, 0.850963830947876, 0.774438738822937, 0.008339391089975834, 0.27022209763526917, 1.0040268898010254, 1.0321128368377686, 0.656514048576355, 0.4301300644874573, 1.156144380569458, -0.008321505039930344, 0.6572253704071045, -0.02072092890739441, 0.25695183873176575, 1.6226179599761963, 0.7515843510627747, 0.42790496349334717, 0.6760423183441162, 0.03819965571165085, 1.0257269144058228, 0.07541921734809875, 0.3765745759010315, 0.5648874044418335, 1.1217964887619019, 0.33060890436172485, 0.961473286151886, 0.31126585602760315, 1.1619319915771484, 1.1258333921432495, 0.8362629413604736, 1.1106126308441162, 0.2310628592967987, 0.549132227897644, 0.4108133018016815, 1.0239520072937012, 0.5397384166717529, 1.1946182250976562, 0.269565612077713, 0.6370118260383606, 0.4266595244407654]"
tolerant,"[8, 12, 14, 4, 11, 2, 5, 8]",34,"[0.19926588237285614, 1.5863226652145386, 0.43287673592567444, 0.45163750648498535, 0.005078721791505814, 0.41589003801345825, 1.2526843547821045, 0.48661187291145325, 0.5991600155830383, 0.16513065993785858, 0.09275469928979874, 0.794340193271637, 0.021562665700912476, 0.9960002303123474, 1.5257784128189087, 0.4007868766784668, 0.28185316920280457, 0.9569193124771118, 0.723406970500946, -0.00015676533803343773, 0.0765165463089943, 0.1320199966430664, 1.0602360963821411, 0.2062293440103531, 0.528671383857727, 0.6173537373542786, 0.4393995702266693, 0.004079424776136875, 0.41207414865493774, 1.7811830043792725, 0.5767331123352051, 0.47033917903900146, 0.7100406885147095, 0.7763252258300781, -0.004698098637163639, 1.516531229019165, -0.004447054583579302, 0.005148738622665405, 0.805493950843811, 1.49820876121521, 0.6998757123947144, 1.2786643505096436, 0.05342703312635422, 1.3231791257858276, 0.13365121185779572, 0.5408694744110107, 0.7611762881278992, 1.8402568101882935, 0.24867939949035645, 0.24796845018863678, 0.10910503566265106, 0.5933204293251038, 1.8957154750823975, 0.5874478220939636, 0.9192870259284973, 0.15840031206607819, 0.4776851236820221, 0.8738940358161926, 0.540675938129425, 0.23709039390087128, 1.0064564943313599, 0.07216186821460724, 0.7074646949768066, 0.9614502787590027]"
undermine,"[13, 5, 20, 4, 11, 19, 6, 5, 4]",34,"[0.2822650671005249, 2.2019050121307373, 0.3015262484550476, 0.3762417435646057, 0.0037550516426563263, 0.5105145573616028, 1.6993272304534912, 0.5099772214889526, 0.4645446538925171, 0.24652715027332306, 0.15110176801681519, 0.6349085569381714, 0.019967198371887207, 0.9253600239753723, 1.4182087182998657, 0.5039936900138855, 0.34789198637008667, 1.1967997550964355, 1.0520553588867188, -0.003170708194375038, 0.1609097719192505, 0.18876035511493683, 1.3119785785675049, 0.33232128620147705, 0.5743244290351868, 0.6082571148872375, 0.38578706979751587, 0.0090801315382123, 0.6894429922103882, 2.1588826179504395, 0.6041664481163025, 0.5660080909729004, 0.7642212510108948, 0.6501185894012451, 0.0016979495994746685, 1.9422738552093506, -0.008810773491859436, -0.06910446286201477, 0.8012607097625732, 1.9623594284057617, 1.034855842590332, 1.4332188367843628, 0.09989206492900848, 1.4609363079071045, 0.08268321305513382, 0.8198570013046265, 0.9421961903572083, 2.060701847076416, 0.46772292256355286, 0.4176880121231079, 0.2341640293598175, 0.66342693567276, 2.2516932487487793, 0.6566354632377625, 0.6743247509002686, 0.22441424429416656, 0.7256541848182678, 1.1544311046600342, 0.625874400138855, 0.4147876501083374, 0.9045270085334778, 0.11720871925354004, 0.6676624417304993, 1.2284246683120728]"
unequivocal,"[13, 5, 4, 24, 13, 6, 28, 12, 18, 2, 14]",34,"[0.6816361546516418, 1.5079307556152344, 0.7512948513031006, 0.772405743598938, -0.004134723916649818, 0.8406296372413635, 1.1507484912872314, 0.7042561173439026, 0.6840524673461914, 0.2246071994304657, 0.2957041561603546, 1.144073724746704, 0.002689107321202755, 1.1041899919509888, 1.5456769466400146, 0.278373658657074, 0.9438665509223938, 1.2593647241592407, 0.6823518872261047, -0.0009655861067585647, 0.4356536269187927, 0.3033481538295746, 0.8210924863815308, 0.6306082010269165, 1.151082158088684, 1.359257459640503, 0.7971704006195068, -0.003627743571996689, 0.5856900811195374, 1.6383733749389648, 1.0594291687011719, 0.9924178719520569, 1.0726327896118164, 1.224565029144287, -0.0027438795659691095, 1.3948094844818115, -0.004808035679161549, 0.0005910098552703857, 1.3049757480621338, 1.489009141921997, 0.8123319745063782, 1.2980718612670898, 0.12384986877441406, 1.0539926290512085, 0.18416725099086761, 0.6015548706054688, 0.6457363367080688, 1.7998548746109009, 0.39897552132606506, 0.813006579875946, 0.19267390668392181, 1.0646936893463135, 1.6820346117019653, 0.35069167613983154, 1.110095500946045, 0.2080456018447876, 0.3678397536277771, 0.9153839945793152, 0.7920815944671631, 0.6896412968635559, 1.2471767663955688, 0.1384284496307373, 1.3551021814346313, 0.9335165619850159]"
acceleration,"[2, 18, 18, 4, 14, 4, 11, 2, 8, 6, 12, 5]",34,"[0.20834216475486755, 1.7118899822235107, 0.07311269640922546, 0.1334764063358307, 0.012574322521686554, 0.21238946914672852, 1.3399598598480225, 0.8996507525444031, 0.5534944534301758, 0.3617905378341675, 0.39492136240005493, 0.41327351331710815, 0.03872782737016678, 0.6251505613327026, 1.1911309957504272, 0.9216845631599426, 0.20327900350093842, 0.7438045740127563, 0.7501564621925354, -0.0015024802414700389, 0.12884904444217682, 0.08032341301441193, 1.3338829278945923, 0.30615299940109253, 0.3730277121067047, 0.3690676987171173, 0.426456093788147, 0.005731015466153622, 0.4648139774799347, 1.6363427639007568, 0.6440349817276001, 0.3156396746635437, 0.3324422240257263, 0.6400083303451538, 0.011151736602187157, 1.3990516662597656, -0.005529469810426235, 0.130741685628891, 1.0407459735870361, 1.443645715713501, 0.7657493352890015, 1.0113343000411987, 0.017251012846827507, 1.4096192121505737, 0.0026450753211975098, 0.5969055891036987, 0.7729962468147278, 1.490118145942688, 0.43339818716049194, 0.5918108224868774, 0.42543214559555054, 0.7916332483291626, 1.7687933444976807, 1.0957832336425781, 0.6830611228942871, 0.16548144817352295, 0.864199697971344, 0.8042173981666565, 0.7964297533035278, 0.3573159873485565, 0.7540880441665649, 0.2721373736858368, 0.24867400527000427, 0.819247841835022]"
biome,"[10, 6, 12, 19, 4]",34,"[0.8819758296012878, 0.6721851229667664, 0.82698655128479, 0.7316803932189941, 0.00808701291680336, 0.7491980195045471, 0.5006342530250549, 0.8337181806564331, 0.6210763454437256, 0.21567125618457794, 0.41183948516845703, 0.8911694288253784, 0.014130405150353909, 0.7230814099311829, 0.9702455997467041, 0.3746221661567688, 1.1674202680587769, 0.7228350639343262, 0.3678897023200989, -0.0005995873361825943, 0.5423607230186462, 0.449112206697464, 0.5183925628662109, 0.6509862542152405, 1.167085886001587, 1.2980623245239258, 0.8826858997344971, 0.004748832434415817, 0.39792558550834656, 0.7057684063911438, 0.988864004611969, 0.9225876331329346, 0.7313286662101746, 1.1294300556182861, 0.0018662624061107635, 0.6092500686645508, -0.013912955299019814, 0.2574463188648224, 1.4479566812515259, 0.6819400787353516, 0.44968780875205994, 0.6238565444946289, 0.11924400925636292, 0.7046410441398621, 0.2024848461151123, 0.41840362548828125, 0.3977179527282715, 0.9552150964736938, 0.26716554164886475, 1.0111559629440308, 0.19351814687252045, 1.1038968563079834, 0.8125698566436768, 0.4020349383354187, 0.9013321399688721, 0.2814464271068573, 0.324393630027771, 0.4286884665489197, 0.7839595675468445, 0.6502636671066284, 1.0453240871429443, 0.17029906809329987, 1.146936297416687, 0.39555203914642334]"
chromosome,"[18, 9, 11, 12, 19, 12, 7, 12, 19, 4]",34,"[0.5606426000595093, 1.100021481513977, 0.6705044507980347, 0.7637026906013489, 0.010932739824056625, 1.0466411113739014, 0.7244578003883362, 0.7397672533988953, 0.6719163656234741, 0.19288240373134613, 0.25624826550483704, 1.1023778915405273, 0.011518366634845734, 1.146966576576233, 1.390723466873169, 0.30259379744529724, 0.9413334727287292, 1.308786153793335, 0.4085894823074341, -0.00015802320558577776, 0.4052293300628662, 0.18995240330696106, 0.6215757727622986, 0.7441678047180176, 1.2770209312438965, 1.431928277015686, 0.7671000957489014, 0.0033593308180570602, 0.7412002086639404, 1.258400559425354, 1.169220209121704, 1.0844275951385498, 1.048316240310669, 1.315287709236145, 0.004189059603959322, 1.0273399353027344, -0.012423872947692871, -0.022542566061019897, 1.4154314994812012, 0.9831656813621521, 0.8714373111724854, 1.1632987260818481, 0.25945326685905457, 0.8237854838371277, 0.12415453791618347, 0.22146636247634888, 0.309874564409256, 1.635801911354065, 0.4525279104709625, 0.814788818359375, 0.16956177353858948, 1.171372413635254, 1.303416132926941, 0.32287144660949707, 1.2063566446304321, 0.03456634283065796, 0.350289911031723, 0.8964008092880249, 0.9668698310852051, 0.7611810564994812, 1.183864951133728, 0.14191120862960815, 1.3907700777053833, 0.6666987538337708]"
decomposition,"[20, 4, 18, 12, 19, 3, 12, 7, 6, 8, 6, 12, 5]",34,"[0.008043646812438965, 2.252408027648926, -0.027567192912101746, 0.050727978348731995, 0.0007634572684764862, 0.15543842315673828, 1.7466561794281006, 0.8255428075790405, 0.7178505659103394, 0.3307332992553711, 0.3458796739578247, 0.47247999906539917, 0.04282695800065994, 0.933411717414856, 1.6345263719558716, 0.9659163355827332, 0.04619694873690605, 0.8352808952331543, 0.9848623871803284, -0.0015512979589402676, 0.059128597378730774, -0.04574739933013916, 1.7615607976913452, 0.1281910538673401, 0.23290148377418518, 0.15724705159664154, 0.3029021918773651, -0.003349771723151207, 0.42804649472236633, 2.3704426288604736, 0.5581343173980713, 0.18577730655670166, 0.3758152723312378, 0.6534435749053955, 0.01669890061020851, 1.9267351627349854, 0.005358581431210041, 0.0007848441600799561, 0.9954944849014282, 2.0080795288085938, 0.9262399673461914, 1.4820330142974854, 0.0017962288111448288, 1.8599944114685059, 0.03289707005023956, 0.6550531387329102, 1.0233757495880127, 2.0846152305603027, 0.3858925700187683, 0.3939504027366638, 0.38323113322257996, 0.7163158059120178, 2.5219480991363525, 1.329414963722229, 0.9505674242973328, 0.09498951584100723, 1.1370023488998413, 1.0538984537124634, 0.7595049738883972, 0.21420712769031525, 0.9645340442657471, 0.2417086362838745, 0.21866485476493835, 1.1814770698547363]"
element,"[4, 14, 4, 19, 4, 5, 8]",34,"[0.19867971539497375, 1.377318024635315, 0.287561297416687, 0.4118642210960388, 0.007389392703771591, 0.4134460389614105, 1.1439409255981445, 0.6554386019706726, 0.6246540546417236, 0.149407297372818, 0.17546850442886353, 0.6985349059104919, 0.013276861049234867, 0.8530508279800415, 1.317970633506775, 0.4782606363296509, 0.3345707058906555, 0.8283137083053589, 0.6627660393714905, -0.00211759633384645, 0.08103348314762115, 0.05105505883693695, 0.9648306369781494, 0.28055572509765625, 0.5865751504898071, 0.6121001839637756, 0.48079270124435425, 0.0084508853033185, 0.4430968165397644, 1.492591381072998, 0.7062993049621582, 0.5175697803497314, 0.5710862278938293, 0.8281131982803345, 0.00010928511619567871, 1.244312047958374, -0.007807243149727583, 0.006998926401138306, 0.9474816918373108, 1.2861557006835938, 0.6450250744819641, 1.0553152561187744, 0.11209911108016968, 1.1231268644332886, 0.11861010640859604, 0.476115345954895, 0.6929910182952881, 1.5951398611068726, 0.3036370575428009, 0.4150233268737793, 0.10724273324012756, 0.7079361081123352, 1.6717753410339355, 0.6101733446121216, 0.9089533090591431, 0.1459764987230301, 0.4642180800437927, 0.7785649299621582, 0.6687062382698059, 0.2832065224647522, 0.9908971190452576, 0.08669669181108475, 0.6233369708061218, 0.8123295307159424]"
empirical,"[4, 19, 3, 6, 11, 6, 18, 2, 14]",34,"[0.8820709586143494, 0.5199859738349915, 0.564815104007721, 0.5488877296447754, -0.0017966367304325104, 0.7578049898147583, 0.30789804458618164, 1.5519189834594727, 0.9923089742660522, 0.5118423104286194, 0.9090567231178284, 1.1484864950180054, 0.0046804724261164665, 0.92381352186203, 1.421241283416748, 0.6495987772941589, 1.0478074550628662, 0.8118419647216797, 0.33499157428741455, 0.00011561217252165079, 0.594891369342804, 0.13955605030059814, 0.6379532814025879, 0.8633484840393066, 1.3981587886810303, 1.3935219049453735, 1.1162261962890625, -0.0004956219345331192, 0.3436260223388672, 0.834817111492157, 1.617685079574585, 1.0683616399765015, 0.7094423174858093, 1.6742733716964722, -0.00036643166095018387, 0.4075767695903778, -0.005600615404546261, 0.15888576209545135, 2.116790294647217, 0.5733705163002014, 0.568630576133728, 0.7192168831825256, 0.04267442971467972, 0.7602256536483765, 0.1632653921842575, 0.18154355883598328, 0.446023166179657, 1.0761069059371948, 0.48691752552986145, 1.4882934093475342, 0.5976398587226868, 1.7211941480636597, 1.0236705541610718, 0.7134724259376526, 1.54420006275177, 0.1761721968650818, 0.4548846185207367, 0.42918860912323, 1.4290342330932617, 0.9641607403755188, 1.4872483015060425, 0.5231896042823792, 1.1418207883834839, 0.31417810916900635]"
entrepreneur,"[4, 5, 8, 11, 4, 3, 11, 4, 5, 4, 13, 11]",34,"[0.811309278011322, 0.6057904362678528, 0.6614711880683899, 0.6726531386375427, 0.001409970223903656, 0.9317626357078552, 0.35648685693740845, 1.0713133811950684, 0.8038137555122375, 0.22508439421653748, 0.5448586344718933, 1.0136003494262695, 0.0017438540235161781, 0.8908940553665161, 1.1443309783935547, 0.35918596386909485, 1.140738606452942, 0.8857541084289551, 0.246353417634964, -0.00021526601631194353, 0.598026692867279, 0.22897320985794067, 0.5047619938850403, 0.8239948749542236, 1.3347288370132446, 1.4669687747955322, 0.9435074329376221, -0.005381302908062935, 0.5342705249786377, 0.7819070816040039, 1.3302974700927734, 1.0877012014389038, 0.770477831363678, 1.3903752565383911, 0.0020820563659071922, 0.49784719944000244, -0.011178645305335522, 0.1764337420463562, 1.6820605993270874, 0.5740143656730652, 0.6138096451759338, 0.714988648891449, 0.20112964510917664, 0.6293824315071106, 0.14076176285743713, 0.1911088526248932, 0.3053134083747864, 1.0173039436340332, 0.3823015093803406, 1.157248616218567, 0.2532210052013397, 1.3423596620559692, 0.7872587442398071, 0.37446892261505127, 1.2248377799987793, 0.17570243775844574, 0.257659912109375, 0.5262652635574341, 1.07332444190979, 0.7899031043052673, 1.2316253185272217, 0.24529588222503662, 1.2216325998306274, 0.36972856521606445]"
gene,"[17, 4, 5, 4]",34,"[0.6333242058753967, 0.9509801268577576, 0.6563724279403687, 0.6347460150718689, 0.006309988908469677, 0.5326535701751709, 0.8960520029067993, 0.643993079662323, 0.6469018459320068, 0.07464516162872314, 0.2511562407016754, 0.8239297270774841, 0.0032144570723176003, 0.7373629808425903, 1.110207200050354, 0.28929001092910767, 0.7943094968795776, 0.611638069152832, 0.5800891518592834, -0.0006705494597554207, 0.3064267337322235, 0.33504438400268555, 0.6104125380516052, 0.3392143249511719, 0.8825302720069885, 0.9343820810317993, 0.7057573795318604, 0.004368405789136887, 0.24689482152462006, 0.9941229820251465, 0.7705349326133728, 0.6880532503128052, 0.6185177564620972, 0.9369230270385742, 0.00013049505650997162, 0.8700250387191772, -0.011342711746692657, 0.2114243507385254, 1.0706543922424316, 1.0033111572265625, 0.3139227330684662, 0.744527280330658, 0.06894639134407043, 0.8403128385543823, 0.22225525975227356, 0.5875427722930908, 0.6583943963050842, 1.1709822416305542, 0.14603012800216675, 0.6459835767745972, 0.026807019487023354, 0.7654493451118469, 1.1785579919815063, 0.3486350178718567, 0.8805348873138428, 0.336203396320343, 0.1866651326417923, 0.4643230438232422, 0.5386230945587158, 0.3618607819080353, 1.0529907941818237, 0.049479931592941284, 0.896277129650116, 0.611262857913971]"
heredity,"[9, 4, 11, 4, 20, 6, 8, 21]",34,"[0.6199367642402649, 1.1999778747558594, 0.5895620584487915, 0.5341393947601318, 0.0059068333357572556, 0.28894609212875366, 1.0582023859024048, 0.6719460487365723, 0.5959232449531555, 0.133428156375885, 0.3871210217475891, 0.694898784160614, 0.018980344757437706, 0.582787811756134, 1.2482205629348755, 0.39543846249580383, 0.656561017036438, 0.5119102001190186, 0.7460054755210876, -0.00012321327812969685, 0.26019561290740967, 0.49408677220344543, 0.7983988523483276, 0.2610144019126892, 0.5686047077178955, 0.6218699812889099, 0.5362510681152344, 0.0018417267128825188, 0.18013979494571686, 1.2058888673782349, 0.6318174600601196, 0.4486527740955353, 0.44853824377059937, 0.7493879199028015, 0.004981617908924818, 0.987196147441864, -0.0003667352721095085, 0.3834041357040405, 0.9555386304855347, 1.2591438293457031, 0.36357203125953674, 0.8115251660346985, 0.0035140272229909897, 1.0964008569717407, 0.28670579195022583, 0.8485156297683716, 0.9071762561798096, 1.1877444982528687, 0.15161575376987457, 0.6550527811050415, 0.1567995399236679, 0.6820863485336304, 1.410420536994934, 0.612815260887146, 0.7531840205192566, 0.5406880974769592, 0.3772360682487488, 0.4447054862976074, 0.46498996019363403, 0.265328973531723, 0.9370744228363037, 0.15380160510540009, 0.6390528678894043, 0.7387566566467285]"
immigration,"[6, 19, 19, 6, 17, 11, 2, 8, 6, 12, 5]",34,"[0.3942665457725525, 0.8902565836906433, -0.05289745330810547, -0.02916891872882843, 0.003243185579776764, 0.4790538251399994, 0.42114612460136414, 1.7544794082641602, 0.6735007166862488, 0.9950265884399414, 0.9790884256362915, 0.4237593710422516, 0.08086400479078293, 0.5115413665771484, 0.8956395387649536, 1.5024439096450806, 0.40453606843948364, 0.7869973182678223, 0.3373572528362274, 0.00027936871629208326, 0.4045987129211426, -0.12141360342502594, 1.2279398441314697, 0.8103542327880859, 0.8016420006752014, 0.6958320736885071, 0.8316398859024048, 0.0006720870733261108, 0.6411135792732239, 0.9027588367462158, 1.3351209163665771, 0.645412027835846, 0.3070054054260254, 1.0793421268463135, 0.010648155584931374, 0.6577265858650208, 0.009300030767917633, 0.11643320322036743, 1.8839491605758667, 0.5923835039138794, 0.9805497527122498, 0.6537563800811768, 0.0016726162284612656, 0.9176549315452576, -0.05235163867473602, 0.05816099792718887, 0.3240264356136322, 0.9912744760513306, 0.9264783263206482, 1.366368293762207, 1.262999415397644, 1.6026743650436401, 1.1285393238067627, 1.5650224685668945, 1.006234884262085, -0.047301918268203735, 1.1969374418258667, 0.6927205920219421, 1.769301414489746, 0.8891656994819641, 0.7667352557182312, 0.8593220114707947, 0.2762605845928192, 0.2583753168582916]"
imperialism,"[6, 19, 3, 4, 11, 6, 2, 14, 6, 7, 19]",34,"[0.427964448928833, 1.5713101625442505, 0.3694913685321808, 0.362074613571167, 0.0061408840119838715, 0.30707210302352905, 1.159163475036621, 0.8269445300102234, 0.6829890608787537, 0.29528066515922546, 0.40820077061653137, 0.7011328339576721, 0.03278736397624016, 0.7581449747085571, 1.4766194820404053, 0.736937403678894, 0.4419024884700775, 0.7230663299560547, 0.8184940814971924, -0.0023950133472681046, 0.20164528489112854, 0.29489564895629883, 1.1993318796157837, 0.24669364094734192, 0.5601096749305725, 0.548529326915741, 0.47326552867889404, 0.0037515098229050636, 0.3003694415092468, 1.5968406200408936, 0.7383922934532166, 0.399269700050354, 0.5059065222740173, 0.8178167939186096, 0.006297665182501078, 1.236182451248169, -0.01102061290293932, 0.22409942746162415, 1.0683624744415283, 1.4410490989685059, 0.6462644338607788, 1.080769658088684, 0.015892142429947853, 1.4013382196426392, 0.19800467789173126, 0.7036290168762207, 0.9497383236885071, 1.5154051780700684, 0.2848878502845764, 0.6675716638565063, 0.2956119477748871, 0.7891851663589478, 1.7881495952606201, 0.9793632626533508, 0.9184430241584778, 0.3555687665939331, 0.7461354732513428, 0.6935268640518188, 0.695292055606842, 0.3347528278827667, 1.077521562576294, 0.20009252429008484, 0.5742600560188293, 0.8427957892417908]"
industrialization,"[6, 5, 20, 13, 7, 8, 11, 6, 2, 14, 6, 15, 2, 8, 6, 12, 5]",34,"[0.6703046560287476, 1.054099202156067, 0.04047636687755585, 0.030072763562202454, 0.005634382367134094, 0.3846835792064667, 0.6957577466964722, 1.4295802116394043, 0.5258520841598511, 0.7259756326675415, 1.0275635719299316, 0.29996106028556824, 0.05675821751356125, 0.19761958718299866, 0.6731554269790649, 1.1982799768447876, 0.5795277953147888, 0.6734669208526611, 0.42647188901901245, -0.0007396020228043199, 0.5196017026901245, 0.12833856046199799, 1.0545810461044312, 0.783176064491272, 0.733533501625061, 0.6399338245391846, 0.7429932355880737, 0.01813451573252678, 0.53200364112854, 0.9027456641197205, 1.0639979839324951, 0.5850839018821716, 0.2751258909702301, 0.8213216066360474, 0.021101441234350204, 0.6745571494102478, 0.030003385618329048, 0.5090178847312927, 1.5861961841583252, 0.808613121509552, 0.8211203813552856, 0.4589298963546753, 0.030975913628935814, 0.8076271414756775, -0.003292575478553772, 0.44636696577072144, 0.47564053535461426, 0.6690028309822083, 0.6953187584877014, 1.4214786291122437, 1.015251636505127, 1.2722644805908203, 0.9781969785690308, 1.3152717351913452, 0.7044650316238403, 0.21425268054008484, 0.9658740162849426, 0.6070659756660461, 1.3343653678894043, 0.7962064146995544, 0.5429707765579224, 0.7192051410675049, 0.34419968724250793, 0.36176198720932007]"
inertia,"[6, 5, 4, 11, 8, 6, 2]",34,"[0.54988032579422, 1.1717443466186523, 0.4939817488193512, 0.4470054507255554, 0.004131712019443512, 0.32506874203681946, 0.9823839664459229, 0.808415949344635, 0.6460840702056885, 0.20734187960624695, 0.42108917236328125, 0.6830397844314575, 0.01691289059817791, 0.6072109341621399, 1.237166404724121, 0.4920502007007599, 0.5653296113014221, 0.5516884326934814, 0.6793085336685181, -0.0013202533591538668, 0.24844877421855927, 0.3302326798439026, 0.8545566201210022, 0.28258609771728516, 0.6190823316574097, 0.6630530953407288, 0.5982182025909424, 0.005654698237776756, 0.21604754030704498, 1.172874093055725, 0.7351077198982239, 0.47399288415908813, 0.4700038433074951, 0.8119469285011292, 0.007303203921765089, 0.9286947846412659, -0.00015914905816316605, 0.31830325722694397, 1.0826067924499512, 1.1625590324401855, 0.41175851225852966, 0.7715039849281311, -0.0036285370588302612, 1.0917409658432007, 0.19717057049274445, 0.7084876298904419, 0.8666585087776184, 1.1843481063842773, 0.1898423582315445, 0.7330878376960754, 0.21826833486557007, 0.7997573614120483, 1.3787373304367065, 0.6657346487045288, 0.826582670211792, 0.44138002395629883, 0.397087961435318, 0.4560619592666626, 0.5976322889328003, 0.34710633754730225, 0.9922561049461365, 0.19854187965393066, 0.6123833060264587, 0.6703847646713257]"
inflation,"[6, 5, 22, 14, 2, 8, 6, 12, 5]",34,"[0.5672142505645752, 0.5736864805221558, 0.09657236933708191, 0.12169107794761658, 0.004894347861409187, 0.39947518706321716, 0.3732137084007263, 1.40885329246521, 0.49686136841773987, 0.7162750959396362, 0.9541490077972412, 0.2930479645729065, 0.04770803451538086, 0.1938016712665558, 0.4826356768608093, 1.0053144693374634, 0.5669780969619751, 0.5565232634544373, 0.2554394006729126, -0.002500855829566717, 0.44879382848739624, 0.05840729922056198, 0.7028123140335083, 0.7408991456031799, 0.7320253849029541, 0.7023812532424927, 0.8023263216018677, 0.007561700418591499, 0.4726921021938324, 0.4706316888332367, 1.0774049758911133, 0.5908061861991882, 0.24600672721862793, 0.806892991065979, 0.007787944283336401, 0.3844614624977112, -0.00371883949264884, 0.3837841749191284, 1.5119777917861938, 0.42471927404403687, 0.6409004330635071, 0.2869788408279419, -0.006969626992940903, 0.503626823425293, 0.021121546626091003, 0.23521938920021057, 0.28738734126091003, 0.41452503204345703, 0.615289032459259, 1.2851717472076416, 0.948441207408905, 1.2661296129226685, 0.5954333543777466, 1.0486913919448853, 0.6522115468978882, 0.12428508698940277, 0.658398449420929, 0.407605916261673, 1.2411552667617798, 0.7729573845863342, 0.5109916925430298, 0.7033947706222534, 0.34196576476097107, 0.1859833151102066]"
migration,"[19, 6, 17, 11, 2, 8, 6, 12, 5]",34,"[0.0425904244184494, 1.845210313796997, -0.05678839981555939, -0.025908634066581726, 0.011791141703724861, 0.1844852864742279, 1.4184784889221191, 0.8092907071113586, 0.4381793439388275, 0.48906540870666504, 0.37838253378868103, 0.2901909351348877, 0.05722098797559738, 0.6243531107902527, 1.2130948305130005, 0.989072859287262, -0.00726424902677536, 0.8012323379516602, 0.8638120889663696, -0.0010901293717324734, 0.07591508328914642, 0.01816806197166443, 1.4795767068862915, 0.24072590470314026, 0.1976436972618103, 0.15159690380096436, 0.2952348589897156, 0.0020379656925797462, 0.5147488713264465, 1.834754467010498, 0.514117956161499, 0.22230201959609985, 0.3151245415210724, 0.44650596380233765, 0.0032813777215778828, 1.616281270980835, -0.008989941328763962, 0.05845141410827637, 0.827950656414032, 1.617311716079712, 0.9033297300338745, 1.1318081617355347, -0.015772104263305664, 1.4863368272781372, 0.05204223096370697, 0.5683474540710449, 0.8781261444091797, 1.601881504058838, 0.5186988115310669, 0.4449441432952881, 0.6014953255653381, 0.6516610383987427, 1.9783202409744263, 1.2359565496444702, 0.5733917951583862, 0.13708731532096863, 1.050602912902832, 0.9312757253646851, 0.8038685321807861, 0.3074698746204376, 0.6401969194412231, 0.4012046158313751, 0.06143245846033096, 0.9241762757301331]"
momentum,"[19, 12, 19, 4, 5, 8, 13, 19]",34,"[0.31277114152908325, 1.305538296699524, 0.12345993518829346, 0.20449361205101013, 0.0019404850900173187, 0.5412566661834717, 0.7819922566413879, 0.9768529534339905, 0.5426508188247681, 0.4875412583351135, 0.4273998737335205, 0.4995785653591156, 0.04663752019405365, 0.6815375685691833, 0.965217113494873, 0.8497458696365356, 0.39273181557655334, 0.9500284194946289, 0.48586606979370117, -0.0020721852779388428, 0.29546642303466797, -0.012985818088054657, 1.114722490310669, 0.5520976185798645, 0.6744630336761475, 0.6541335582733154, 0.5588942766189575, 0.003249361179769039, 0.6687074899673462, 1.2659765481948853, 0.8974316716194153, 0.6058211326599121, 0.5339667797088623, 0.7935402393341064, 0.005823855753988028, 1.0868284702301025, 0.007973887026309967, 0.012792617082595825, 1.2136363983154297, 0.9637979865074158, 0.9619710445404053, 0.911983847618103, 0.13167767226696014, 0.9282915592193604, -0.016249388456344604, 0.23390719294548035, 0.43345552682876587, 1.332571029663086, 0.6156066060066223, 0.776999294757843, 0.5536705255508423, 1.0166950225830078, 1.3605471849441528, 0.9614049196243286, 0.7993916273117065, 0.013375863432884216, 0.8376219272613525, 0.873029351234436, 1.1048994064331055, 0.5574480891227722, 0.7357819676399231, 0.3452158570289612, 0.4964631497859955, 0.5966760516166687]"
mutation,"[19, 13, 8, 2, 8, 6, 12, 5]",34,"[0.22915740311145782, 1.1327590942382812, -0.05136661231517792, -0.0001246035099029541, 0.00940206740051508, 0.2577854096889496, 0.7791428565979004, 1.310209035873413, 0.6009613275527954, 0.6792137026786804, 0.6744152903556824, 0.2801476716995239, 0.0608934685587883, 0.4759554862976074, 0.8955793380737305, 1.183404564857483, 0.20151358842849731, 0.6219165325164795, 0.46171098947525024, -0.00034808635246008635, 0.22821712493896484, -0.04625016450881958, 1.1791150569915771, 0.4566059112548828, 0.48309797048568726, 0.3777889311313629, 0.6306021213531494, 0.006942778825759888, 0.5006346106529236, 1.106245994567871, 0.8802341818809509, 0.4252679944038391, 0.24206846952438354, 0.7223430871963501, -0.0022945881355553865, 0.9145912528038025, -0.006763646379113197, 0.17049042880535126, 1.3433783054351807, 0.876976728439331, 0.772141695022583, 0.6980704069137573, -0.041291870176792145, 1.028780460357666, -0.0016014128923416138, 0.22222548723220825, 0.47537654638290405, 1.0593266487121582, 0.6295166015625, 0.9154946208000183, 0.8701125383377075, 1.081457495689392, 1.336503267288208, 1.3579877614974976, 0.7539538741111755, 0.032225653529167175, 0.9987606406211853, 0.6644726991653442, 1.2001216411590576, 0.5609961748123169, 0.6606974601745605, 0.5953207612037659, 0.1433543711900711, 0.45031440258026123]"
nationalism,"[5, 2, 8, 6, 12, 5, 2, 14, 6, 7, 19]",34,"[0.28097230195999146, 1.4276458024978638, 0.010855257511138916, 0.10346604138612747, 0.0055190883576869965, 0.418211430311203, 0.9585387110710144, 1.0606592893600464, 0.4605526030063629, 0.6014963984489441, 0.5915282964706421, 0.3173014223575592, 0.05813086777925491, 0.4713435471057892, 0.8859022855758667, 1.005748987197876, 0.2749716639518738, 0.8848584890365601, 0.6014752388000488, -0.0023837368935346603, 0.24306081235408783, 0.0017485693097114563, 1.1537911891937256, 0.5140896439552307, 0.5426588654518127, 0.4843941032886505, 0.5321585536003113, 0.011464142240583897, 0.6338600516319275, 1.276425838470459, 0.8495836853981018, 0.4769679307937622, 0.4272494316101074, 0.6375828981399536, 0.006277227308601141, 1.133131742477417, -0.007515629753470421, 0.11703172326087952, 1.1275038719177246, 1.131630539894104, 0.9492305517196655, 0.8403914570808411, 0.03714577853679657, 0.9791571497917175, 0.007970854640007019, 0.3659425377845764, 0.5338307619094849, 1.2250962257385254, 0.6273001432418823, 0.8509854078292847, 0.7492344975471497, 0.9586787223815918, 1.4416354894638062, 1.1392443180084229, 0.6290432214736938, 0.053032442927360535, 0.8971279859542847, 0.8343278765678406, 1.0642682313919067, 0.5952618718147278, 0.5897887945175171, 0.49272647500038147, 0.3218894302845001, 0.6538172364234924]"
periodic table,"[3, 4, 11, 6, 12, 20, 6, 18, 31, 8, 2, 10, 14, 4]",34,"[0.7796974182128906, 0.8291725516319275, 0.5062073469161987, 0.5479053854942322, 0.003244200721383095, 0.8254823684692383, 0.4585886597633362, 1.4681165218353271, 0.8307029008865356, 0.34528833627700806, 0.7044939994812012, 1.0114973783493042, 0.015289035625755787, 0.8472827672958374, 1.2449945211410522, 0.7345368266105652, 1.0353984832763672, 0.9352957010269165, 0.3173031508922577, -0.0014147355686873198, 0.5721050500869751, 0.14829030632972717, 0.8161723017692566, 0.8868725299835205, 1.2380547523498535, 1.3769536018371582, 0.9120849370956421, -0.010209068655967712, 0.5405946373939514, 0.8921891450881958, 1.4598946571350098, 0.9667799472808838, 0.65073561668396, 1.4376380443572998, -0.0014889247249811888, 0.6446126103401184, -0.04652704298496246, 0.1871495544910431, 1.9306128025054932, 0.6027957201004028, 0.6896767020225525, 0.7618667483329773, 0.16699852049350739, 0.9053713083267212, 0.03747814893722534, 0.2602401673793793, 0.3907870650291443, 1.1268032789230347, 0.47663912177085876, 1.3499486446380615, 0.385639488697052, 1.5654711723327637, 0.9396556615829468, 0.7793238162994385, 1.2221165895462036, 0.08348332345485687, 0.5304296016693115, 0.5637970566749573, 1.296159267425537, 0.9252380728721619, 1.2665661573410034, 0.3229226768016815, 1.0009368658065796, 0.34026163816452026]"
predator,"[3, 11, 4, 20, 2, 8, 12, 11]",34,"[0.33553099632263184, 1.7268853187561035, 0.33207955956459045, 0.39569634199142456, 0.010575314983725548, 0.27425438165664673, 1.3872597217559814, 0.6942142248153687, 0.6843203902244568, 0.15729808807373047, 0.29516711831092834, 0.641197681427002, 0.024897685274481773, 0.8154976963996887, 1.4503017663955688, 0.5245314836502075, 0.3655341863632202, 0.7232911586761475, 0.8293861746788025, 0.0003129058750346303, 0.155055433511734, 0.1903698444366455, 1.192736029624939, 0.22259117662906647, 0.44763824343681335, 0.5014569163322449, 0.4589200019836426, 0.0015383372083306313, 0.3153301179409027, 1.7685962915420532, 0.6036512851715088, 0.4014972150325775, 0.4890368580818176, 0.7533261179924011, 0.013026867061853409, 1.4516794681549072, 0.019468482583761215, 0.1294964700937271, 0.9035642147064209, 1.568166971206665, 0.5956414341926575, 1.13438081741333, -0.020359506830573082, 1.4243628978729248, 0.09188290685415268, 0.6899645328521729, 0.8791335821151733, 1.6795810461044312, 0.20213834941387177, 0.4334082007408142, 0.17703275382518768, 0.6580478549003601, 1.9574257135391235, 0.7281914353370667, 0.892516553401947, 0.26991310715675354, 0.5531179904937744, 0.7677793502807617, 0.5579730272293091, 0.24446932971477509, 0.9836492538452148, 0.13055044412612915, 0.5201691389083862, 0.9793944954872131]"
qualitative,"[24, 13, 2, 14, 6, 8, 2, 8, 6, 28, 4]",34,"[0.4093902111053467, 1.2337838411331177, 0.22820541262626648, 0.25567129254341125, -0.0029609091579914093, 0.484698623418808, 0.7452515363693237, 1.3690764904022217, 0.7699362635612488, 0.5760236978530884, 0.6444212198257446, 0.7339296340942383, 0.04090709239244461, 0.828755259513855, 1.3431611061096191, 1.0391888618469238, 0.4769490659236908, 0.8809093236923218, 0.492328941822052, 0.0004647261230275035, 0.33214157819747925, -0.003973014652729034, 1.1584032773971558, 0.6044154763221741, 0.7645097374916077, 0.8286467790603638, 0.7490541338920593, 0.007720502093434334, 0.5131886601448059, 1.3875019550323486, 1.144914984703064, 0.6731342077255249, 0.565226674079895, 1.184826135635376, -0.002628309652209282, 0.9912042021751404, -0.008256493136286736, 0.09037615358829498, 1.6780014038085938, 0.9619328379631042, 0.8164516091346741, 0.9824052453041077, 0.02341400273144245, 1.1515201330184937, -0.006073474884033203, 0.2733992338180542, 0.5223118662834167, 1.4525753259658813, 0.6065993309020996, 1.0028274059295654, 0.6912619471549988, 1.3007948398590088, 1.4823594093322754, 1.1087723970413208, 1.1556589603424072, 0.0423525869846344, 0.8882144689559937, 0.7114771008491516, 1.3167269229888916, 0.6972618103027344, 1.1231331825256348, 0.49193453788757324, 0.5906500816345215, 0.5891942977905273]"
quantitative,"[24, 13, 2, 5, 8, 6, 8, 2, 8, 6, 28, 4]",34,"[0.3530502915382385, 1.3718079328536987, 0.2716083228588104, 0.251364529132843, 0.0011126287281513214, 0.32815805077552795, 0.9029346108436584, 1.1751518249511719, 0.7878676652908325, 0.3937720060348511, 0.45051461458206177, 0.7332261204719543, 0.02295728027820587, 0.8415197134017944, 1.436203956604004, 0.9297357797622681, 0.3845314681529999, 0.746976375579834, 0.5324106812477112, -0.000342846498824656, 0.2240581214427948, 0.04124395176768303, 1.218306303024292, 0.4121707081794739, 0.6090385317802429, 0.6733062267303467, 0.6460018157958984, 0.007892373949289322, 0.38273799419403076, 1.5002639293670654, 0.9391840100288391, 0.526098370552063, 0.4730842709541321, 1.039563775062561, -0.002302376087754965, 1.070778489112854, -0.00871253665536642, 0.12042836844921112, 1.485134482383728, 1.1107090711593628, 0.6647011041641235, 1.0143895149230957, 0.03520563244819641, 1.3377991914749146, 0.022336289286613464, 0.37672337889671326, 0.6666934490203857, 1.5124362707138062, 0.42764151096343994, 0.7796241044998169, 0.44041451811790466, 1.1076483726501465, 1.598963737487793, 1.1083470582962036, 1.1000385284423828, 0.1277376115322113, 0.8237780928611755, 0.6444467306137085, 1.0594226121902466, 0.47492751479148865, 1.145256519317627, 0.3272134065628052, 0.47579750418663025, 0.6341438889503479]"
recession,"[11, 4, 18, 4, 7, 7, 6, 12, 5]",34,"[0.8969942331314087, 1.1379029750823975, 0.880543053150177, 0.920699954032898, 0.0075881341472268105, 0.8749627470970154, 1.0084189176559448, 0.5540916919708252, 0.6272614002227783, 0.02524767443537712, 0.3908942937850952, 0.9862678647041321, 0.009290317073464394, 0.8234184980392456, 1.2186729907989502, 0.03305647894740105, 1.1922529935836792, 0.9636039733886719, 0.6836668848991394, -0.000473670894280076, 0.550942063331604, 0.5290532112121582, 0.5452852249145508, 0.6577004790306091, 1.2255275249481201, 1.4292454719543457, 0.8090044260025024, -0.0014902427792549133, 0.47218891978263855, 1.1766358613967896, 0.9762257933616638, 0.9793095588684082, 0.9169005751609802, 1.1182047128677368, 0.004589186515659094, 1.0202765464782715, -0.006587723270058632, 0.26674360036849976, 1.1328914165496826, 1.231279969215393, 0.5741350054740906, 0.9064236879348755, 0.13312479853630066, 0.8534819483757019, 0.30324625968933105, 0.7434386014938354, 0.6870369911193848, 1.2706949710845947, 0.18243102729320526, 0.8863554000854492, 0.028209518641233444, 0.9104428291320801, 1.2963014841079712, 0.12961527705192566, 0.9193692803382874, 0.41540881991386414, 0.09140148758888245, 0.6566065549850464, 0.5138068199157715, 0.6307297945022583, 1.1266717910766602, 0.08141671121120453, 1.373276710510254, 0.7635356187820435]"
reform,"[11, 4, 22, 12, 11, 19]",34,"[0.2745476961135864, 1.999040126800537, 0.3557715117931366, 0.44521188735961914, 0.0073166899383068085, 0.3835211396217346, 1.6139676570892334, 0.40570884943008423, 0.5204397439956665, 0.1422368735074997, 0.1670030653476715, 0.627683699131012, 0.028288405388593674, 0.9273831844329834, 1.4712282419204712, 0.3909337520599365, 0.28950655460357666, 1.0213494300842285, 0.9725640416145325, 0.0006690173177048564, 0.1313086450099945, 0.20848026871681213, 1.2285346984863281, 0.19575631618499756, 0.4371832013130188, 0.5019850134849548, 0.31590017676353455, 0.0072599537670612335, 0.48115184903144836, 2.099396228790283, 0.43185529112815857, 0.4170410931110382, 0.6952838897705078, 0.6014213562011719, -0.0010541931260377169, 1.8783667087554932, 0.0012684036046266556, 0.09989090263843536, 0.6142255067825317, 1.8553913831710815, 0.8107410073280334, 1.37749445438385, 0.03596815466880798, 1.4503365755081177, 0.11385534703731537, 0.7629034519195557, 0.9057801365852356, 1.9604206085205078, 0.2432175576686859, 0.2218204140663147, 0.12489549815654755, 0.4501619040966034, 2.2019636631011963, 0.6180643439292908, 0.7217791676521301, 0.1921258419752121, 0.5658568739891052, 1.0573843717575073, 0.42428773641586304, 0.2637527287006378, 0.8606624007225037, 0.07850071787834167, 0.6478118300437927, 1.180665135383606]"
respiration,"[11, 4, 7, 3, 6, 11, 2, 8, 6, 12, 5]",34,"[0.14497245848178864, 1.5986547470092773, 0.06285077333450317, 0.1263628751039505, 0.010616842657327652, 0.26639285683631897, 1.1377840042114258, 0.9581562280654907, 0.7018305659294128, 0.40289944410324097, 0.43934834003448486, 0.5908664464950562, 0.03703916072845459, 0.8541907072067261, 1.511176586151123, 0.8368843793869019, 0.13447269797325134, 0.7876006364822388, 0.7529999613761902, -0.0021997105795890093, 0.09992919862270355, -0.017120949923992157, 1.3458421230316162, 0.3012291193008423, 0.4395599663257599, 0.41665610671043396, 0.4506909251213074, 0.003568067215383053, 0.39981019496917725, 1.7689220905303955, 0.7819957733154297, 0.375369131565094, 0.4061964452266693, 0.8438292145729065, 0.004971349146217108, 1.3700313568115234, -0.007033518981188536, -0.016180723905563354, 1.122375249862671, 1.4077965021133423, 0.8139370679855347, 1.170792579650879, -0.0017955638468265533, 1.4176340103149414, 0.09143760800361633, 0.37989962100982666, 0.7980838418006897, 1.6545450687408447, 0.40636831521987915, 0.5210468769073486, 0.45379728078842163, 0.883313000202179, 1.9347641468048096, 1.0654939413070679, 1.0047457218170166, 0.1082708016037941, 0.8728173971176147, 0.8168115019798279, 0.9133976697921753, 0.3400222361087799, 1.0634748935699463, 0.3414301574230194, 0.3356401026248932, 0.837294340133667]"
sovereignty,"[7, 12, 28, 4, 11, 4, 6, 17, 5, 8, 21]",34,"[0.7428205609321594, 1.134311318397522, 0.9486818909645081, 0.9424263834953308, 0.004465704783797264, 0.9787902235984802, 0.881702184677124, 0.5737700462341309, 0.7540245056152344, 0.1035122498869896, 0.2147701233625412, 1.2278764247894287, -0.0013699401170015335, 1.1612625122070312, 1.5446945428848267, 0.1013311892747879, 1.1175439357757568, 1.1334202289581299, 0.6245205402374268, 0.0001457334728911519, 0.4227215647697449, 0.4193201959133148, 0.5854580998420715, 0.5841708183288574, 1.358361005783081, 1.4987858533859253, 0.8141342401504517, -0.004907811060547829, 0.5096489191055298, 1.2918696403503418, 1.071695327758789, 1.0805046558380127, 1.1100364923477173, 1.3236418962478638, 0.0036827395670115948, 1.0935258865356445, -0.006604677066206932, 0.03321784734725952, 1.3067482709884644, 1.2643464803695679, 0.6498761773109436, 1.2103644609451294, 0.1861695945262909, 0.8791578412055969, 0.3240664005279541, 0.5182491540908813, 0.6080107688903809, 1.6981290578842163, 0.2922154366970062, 0.7534548044204712, 0.0368519090116024, 1.0503281354904175, 1.462618350982666, 0.16501648724079132, 1.2307226657867432, 0.2915710210800171, 0.19091667234897614, 0.7620222568511963, 0.698800802230835, 0.6257535219192505, 1.380513072013855, 0.03825803101062775, 1.5764844417572021, 0.7789214253425598]"
supply and demand,"[7, 13, 3, 3, 14, 21, 31, 2, 5, 20, 31, 20, 4, 19, 2, 5, 20]",34,"[1.1988251209259033, 0.1955946683883667, 0.8172093629837036, 0.8715049624443054, 0.006032646633684635, 1.6047264337539673, -0.06465092301368713, 1.3804106712341309, 0.5327004194259644, 0.49135977029800415, 0.7644211053848267, 1.0420949459075928, 0.023795511573553085, 0.8169904947280884, 0.5395480394363403, 0.5266627073287964, 1.808525562286377, 1.3409258127212524, -0.04667641222476959, -0.002041600411757827, 1.091916561126709, 0.08096589148044586, 0.2378922700881958, 1.555626630783081, 2.0007340908050537, 2.3339366912841797, 1.2348967790603638, -0.005674203857779503, 1.0254037380218506, 0.20678293704986572, 1.977203607559204, 1.7233422994613647, 1.0833176374435425, 1.7402238845825195, 0.008024249225854874, 0.1109253466129303, -0.007946021854877472, 0.060296520590782166, 2.215157985687256, -0.05828821659088135, 0.9999995827674866, 0.4772055149078369, 0.4563867747783661, 0.14554354548454285, -0.010629028081893921, -0.0924123227596283, -0.129410058259964, 0.7114400863647461, 0.8187413215637207, 1.8057700395584106, 0.6233639121055603, 2.0112855434417725, 0.09570661187171936, 0.26232007145881653, 1.167600154876709, -0.12882713973522186, 0.29896676540374756, 0.6299605965614319, 1.5671372413635254, 1.4079513549804688, 1.0400917530059814, 0.457885205745697, 1.6934512853622437, 0.019348204135894775]"
symbiosis,"[7, 21, 19, 10, 6, 12, 7, 6, 7]",34,"[0.7355204820632935, 0.7124221920967102, 0.2385091632604599, 0.3064020872116089, -0.00019985437393188477, 0.5567724704742432, 0.5023269653320312, 1.300441026687622, 0.5237832069396973, 0.5170957446098328, 0.9604347348213196, 0.46990740299224854, 0.0432484894990921, 0.29220253229141235, 0.7103673219680786, 0.7876893281936646, 0.7996332049369812, 0.7216629981994629, 0.41644346714019775, 0.0008906138828024268, 0.5635906457901001, 0.11624343693256378, 0.74052494764328, 0.8083885908126831, 0.9088505506515503, 0.8771079778671265, 0.7514406442642212, 0.008486930280923843, 0.5015588998794556, 0.6512047648429871, 1.145665168762207, 0.6781332492828369, 0.41145285964012146, 0.8648723363876343, 0.006795029621571302, 0.4841372072696686, -0.01004360057413578, 0.47840654850006104, 1.5221060514450073, 0.6125050783157349, 0.6579769253730774, 0.3779522776603699, 0.08375377207994461, 0.6294442415237427, 0.06142781674861908, 0.36134064197540283, 0.4614114463329315, 0.5661706924438477, 0.49742385745048523, 1.3659292459487915, 0.7036535143852234, 1.2661913633346558, 0.7707953453063965, 0.9514492154121399, 0.745356023311615, 0.2071457952260971, 0.5598402619361877, 0.5084334015846252, 1.170169472694397, 0.8624340891838074, 0.6376456022262573, 0.5819239616394043, 0.557024359703064, 0.35246920585632324]"
tyranny,"[8, 21, 11, 2, 5, 5, 21]",34,"[0.6254561543464661, 0.5583634972572327, 0.5379873514175415, 0.5206433534622192, 0.007899346761405468, 0.6124849319458008, 0.4538218379020691, 0.9244047403335571, 0.6144055724143982, 0.2619900405406952, 0.48172616958618164, 0.7256231307983398, 0.009796824306249619, 0.6561216115951538, 0.9171384572982788, 0.3802357614040375, 0.7890623807907104, 0.6697838306427002, 0.2967146039009094, 0.001501374994404614, 0.41627854108810425, 0.18416167795658112, 0.48356470465660095, 0.5780155658721924, 0.9652699828147888, 0.9895325303077698, 0.7703741788864136, 0.0004214886575937271, 0.36531922221183777, 0.6164485812187195, 0.9876102209091187, 0.7749114632606506, 0.5861173272132874, 1.0022847652435303, -0.001419717911630869, 0.5170186758041382, -0.004757399205118418, 0.23753105103969574, 1.317378044128418, 0.5421556234359741, 0.4285852313041687, 0.5647453665733337, 0.08945492655038834, 0.5862655639648438, 0.11297430098056793, 0.28066349029541016, 0.4103957414627075, 0.8769674301147461, 0.3211076855659485, 0.9161854982376099, 0.3022680878639221, 1.077603816986084, 0.7933394908905029, 0.4749671220779419, 0.9397732615470886, 0.19772638380527496, 0.24027496576309204, 0.3972885012626648, 0.8443521857261658, 0.6091318130493164, 0.9020966291427612, 0.2552815079689026, 0.8307255506515503, 0.30440807342529297]"
urbanization,"[13, 11, 10, 2, 5, 6, 15, 2, 8, 6, 12, 5]",34,"[0.7110766768455505, 0.523425281047821, 0.14145033061504364, 0.030789613723754883, 0.0021538734436035156, 0.43375468254089355, 0.33150768280029297, 1.827052354812622, 0.6145224571228027, 0.8463839888572693, 1.1906402111053467, 0.3786751627922058, 0.061623282730579376, 0.2254435271024704, 0.6745072603225708, 1.3290461301803589, 0.6854011416435242, 0.5061860084533691, 0.20384761691093445, 0.0017963288119062781, 0.5658422112464905, 0.08309485018253326, 0.9340484142303467, 0.8818439245223999, 0.8803566098213196, 0.8325030207633972, 0.9385749101638794, 0.0031475666910409927, 0.4350537061691284, 0.4848386347293854, 1.3127002716064453, 0.6344380974769592, 0.16478243470191956, 1.0837318897247314, 0.015690680593252182, 0.3129234313964844, -0.007247217930853367, 0.5293902158737183, 2.0083303451538086, 0.3768896460533142, 0.6555963158607483, 0.27020618319511414, -0.04284089803695679, 0.7483301162719727, -0.04445761442184448, 0.3270774185657501, 0.3746190667152405, 0.42958348989486694, 0.7540790438652039, 1.6426209211349487, 1.160276174545288, 1.6102821826934814, 0.5815214514732361, 1.348035454750061, 0.9020224213600159, 0.18674705922603607, 0.9115351438522339, 0.30900007486343384, 1.5694048404693604, 0.9245272874832153, 0.7049307823181152, 0.8346015810966492, 0.3093235492706299, 0.036832891404628754]"
velocity,"[28, 4, 14, 12, 18, 6, 8, 21]",34,"[0.8648765087127686, 0.8292729258537292, 0.7154967188835144, 0.5984861254692078, -0.0016056057065725327, 0.3334871232509613, 0.8219581842422485, 1.0037957429885864, 0.684405505657196, 0.24742121994495392, 0.6397837400436401, 0.735813558101654, 0.009946520440280437, 0.5098492503166199, 1.124537706375122, 0.40680673718452454, 0.8430758714675903, 0.43303269147872925, 0.585060179233551, 0.0014968489995226264, 0.40153932571411133, 0.5088679790496826, 0.632254421710968, 0.3782308101654053, 0.813316285610199, 0.8456695675849915, 0.7651975154876709, 0.005653501488268375, 0.12607213854789734, 0.8924849629402161, 0.831333577632904, 0.5807408094406128, 0.5054216980934143, 0.91319739818573, -0.010927710682153702, 0.7012619376182556, -0.008240933530032635, 0.577165424823761, 1.319530725479126, 0.9337669610977173, 0.2516421973705292, 0.6274639964103699, -0.019141826778650284, 0.88685142993927, 0.26039087772369385, 0.8065776824951172, 0.7654987573623657, 0.8993399739265442, 0.19211073219776154, 1.0204004049301147, 0.29937544465065, 0.97566157579422, 1.0812605619430542, 0.609962522983551, 0.8687167763710022, 0.5571146607398987, 0.24016129970550537, 0.28810763359069824, 0.6688348054885864, 0.45768237113952637, 0.9841265082359314, 0.24909305572509766, 0.8035314679145813, 0.5268837213516235]"
bildungsroman,"[10, 6, 14, 20, 13, 5, 17, 7, 11, 12, 19, 2, 5]",34,"[0.7007156610488892, 1.0744917392730713, 0.2878391444683075, 0.4165142774581909, 0.011585685424506664, 0.9647316932678223, 0.7027406096458435, 1.20078706741333, 0.4521041214466095, 0.5411556959152222, 0.7297555208206177, 0.5879695415496826, 0.045383647084236145, 0.6125439405441284, 0.7299519777297974, 0.7113279104232788, 0.989000141620636, 1.1729605197906494, 0.4594854712486267, -0.0008205916965380311, 0.6830987930297852, 0.05945553258061409, 0.8069107532501221, 1.0152419805526733, 1.1369160413742065, 1.2075492143630981, 0.8017599582672119, -0.0009779725223779678, 0.8993315100669861, 0.9986108541488647, 1.3067848682403564, 1.0472640991210938, 0.7345705032348633, 1.0253390073776245, -0.005589217878878117, 0.9283154010772705, -0.012894431129097939, 0.14064602553844452, 1.4807724952697754, 0.8019077181816101, 1.019856333732605, 0.745593786239624, 0.17788301408290863, 0.6936125159263611, -0.04375167191028595, 0.2081468552350998, 0.2914130389690399, 1.0589697360992432, 0.7155601978302002, 1.3043705224990845, 0.6985211372375488, 1.3384473323822021, 1.0512745380401611, 0.7283899188041687, 0.7486025094985962, -0.015649467706680298, 0.615618884563446, 0.8999702334403992, 1.2914621829986572, 1.0511375665664673, 0.6460111737251282, 0.5227993130683899, 0.8641195297241211, 0.5663031339645386]"
catharsis,"[18, 2, 8, 9, 2, 11, 7, 6, 7]",34,"[1.0041733980178833, 0.5320806503295898, 0.6953900456428528, 0.7594534158706665, 0.007027951069176197, 0.9622666835784912, 0.4645344316959381, 0.9720805883407593, 0.5311914682388306, 0.17897355556488037, 0.666114866733551, 0.8396247625350952, -0.0010078921914100647, 0.5751336812973022, 0.7650772333145142, 0.1812046319246292, 1.3287526369094849, 0.9500904083251953, 0.3092997670173645, -0.00034499994944781065, 0.72450852394104, 0.28730612993240356, 0.27613988518714905, 0.9542706608772278, 1.3340688943862915, 1.5108522176742554, 0.9223340749740601, 0.010129179805517197, 0.5755220055580139, 0.5557846426963806, 1.2643721103668213, 1.1121374368667603, 0.7997959852218628, 1.1717135906219482, -0.0012916976120322943, 0.44849762320518494, -0.020580854266881943, 0.3865269720554352, 1.482917070388794, 0.5256468057632446, 0.5321078300476074, 0.4722549319267273, 0.21748681366443634, 0.4011121690273285, 0.11794113367795944, 0.3491665720939636, 0.33310067653656006, 0.6917264461517334, 0.3083161413669586, 1.311530590057373, 0.24041572213172913, 1.2548445463180542, 0.5616651773452759, 0.2261403650045395, 0.8582008481025696, 0.21345412731170654, 0.055998895317316055, 0.46185067296028137, 0.8905640840530396, 0.9541088342666626, 0.8439964652061462, 0.31248366832733154, 1.207495927810669, 0.36760377883911133]"
didactic,"[20, 6, 20, 2, 18, 8, 6, 18]",34,"[0.900103747844696, 0.5961365103721619, 0.452413409948349, 0.401614785194397, 0.005583776161074638, 0.4659666419029236, 0.5791277885437012, 1.2768504619598389, 0.5391683578491211, 0.42048537731170654, 0.965905487537384, 0.5182559490203857, 0.025159399956464767, 0.2550870478153229, 0.762152910232544, 0.7192661762237549, 0.959240734577179, 0.4652791917324066, 0.43585819005966187, 0.001155117410235107, 0.5987899899482727, 0.3387792706489563, 0.6277580261230469, 0.7318019866943359, 0.8872686624526978, 0.9119547605514526, 0.8189898729324341, 0.009218160063028336, 0.28385213017463684, 0.549376904964447, 1.0796234607696533, 0.6372873187065125, 0.31312263011932373, 0.9191661477088928, 0.006480346899479628, 0.3813595473766327, -0.019377732649445534, 0.6597802639007568, 1.561390995979309, 0.6273087859153748, 0.36822524666786194, 0.2800297439098358, 0.03213789314031601, 0.7483798861503601, 0.12355239689350128, 0.6045168042182922, 0.6139319539070129, 0.4515197277069092, 0.3537180721759796, 1.3814330101013184, 0.5832437872886658, 1.2311203479766846, 0.6770367622375488, 0.8829684853553772, 0.7232723236083984, 0.3848308324813843, 0.446156769990921, 0.23107179999351501, 0.9657701253890991, 0.7762803435325623, 0.6986263990402222, 0.5347420573234558, 0.5734702944755554, 0.26543110609054565]"
epistolary,"[4, 3, 6, 7, 8, 12, 14, 2, 11, 21]",34,"[0.24863573908805847, 2.1080563068389893, 0.5710870027542114, 0.6518725752830505, 0.007280934602022171, 0.47641927003860474, 1.7599282264709473, 0.30934470891952515, 0.7257630228996277, 0.04862610250711441, 0.0386076420545578, 1.0863432884216309, 0.023061787709593773, 1.2854549884796143, 2.1064114570617676, 0.12192675471305847, 0.3112357258796692, 1.1858054399490356, 1.0942105054855347, 0.0007496994221583009, 0.06659848242998123, 0.2651599645614624, 1.259334683418274, 0.15936285257339478, 0.5482205152511597, 0.7638812065124512, 0.29818087816238403, -0.0076745618134737015, 0.3911099433898926, 2.447263479232788, 0.5422975420951843, 0.4750458598136902, 0.9506138563156128, 0.8805797696113586, 0.0028155650943517685, 1.9995148181915283, 0.0019051767885684967, -0.05051952600479126, 0.6433916091918945, 2.1672463417053223, 0.7968881130218506, 1.793103814125061, 0.060335367918014526, 1.6651774644851685, 0.34432345628738403, 0.7908158302307129, 1.172377109527588, 2.4347898960113525, 0.13574060797691345, 0.11147794872522354, -0.007530964910984039, 0.5160703659057617, 2.6324350833892822, 0.4965398907661438, 1.1073970794677734, 0.2899201810359955, 0.45712652802467346, 1.1331521272659302, 0.3745945692062378, 0.2395724207162857, 1.3065276145935059, 0.033736713230609894, 0.9993624091148376, 1.4098612070083618]"
juxtaposition,"[23, 13, 27, 8, 2, 3, 12, 7, 6, 8, 6, 12, 5]",34,"[0.23337125778198242, 1.4162243604660034, 0.046874597668647766, 0.07358378171920776, -0.012388553470373154, 0.3881199061870575, 0.8899533152580261, 1.4631423950195312, 0.8785789608955383, 0.7175664305686951, 0.6972613334655762, 0.6088731288909912, 0.04679008573293686, 0.8790298700332642, 1.4076136350631714, 1.2548691034317017, 0.24739506840705872, 0.8312721252441406, 0.5581085681915283, -0.0006229017162695527, 0.2271992266178131, -0.09575355052947998, 1.4054598808288574, 0.5013658404350281, 0.6684866547584534, 0.5714205503463745, 0.7168565988540649, 0.0046358415856957436, 0.5250301361083984, 1.6010777950286865, 1.1058714389801025, 0.5230951905250549, 0.42013463377952576, 1.0822300910949707, -0.004326144233345985, 1.1732680797576904, -0.01998215727508068, 0.013903558254241943, 1.6687664985656738, 1.189574122428894, 0.9272216558456421, 1.096810221672058, 0.023130489513278008, 1.3435909748077393, 0.035720184445381165, 0.2529255151748657, 0.5864681005477905, 1.6163487434387207, 0.6595968008041382, 0.970318078994751, 0.8595713973045349, 1.3119142055511475, 1.7769019603729248, 1.4783618450164795, 1.1792089939117432, -0.03658111393451691, 1.1124757528305054, 0.8242494463920593, 1.432096242904663, 0.6425753235816956, 1.0991066694259644, 0.5963249206542969, 0.39847227931022644, 0.6405903100967407]"
monologue,"[19, 12, 5, 12, 14, 12, 17, 13, 4]",34,"[0.20508317649364471, 1.596664547920227, 0.2189146876335144, 0.26971614360809326, 0.011221191845834255, 0.37521788477897644, 1.110706090927124, 0.724085807800293, 0.5014045238494873, 0.28540775179862976, 0.14477506279945374, 0.5095630884170532, 0.040779825299978256, 0.7897039651870728, 1.1908442974090576, 0.7597025036811829, 0.2598852217197418, 0.8737920522689819, 0.6397972702980042, -0.0004449676489457488, 0.179388165473938, 0.06728906184434891, 1.2380564212799072, 0.2943354845046997, 0.4022708833217621, 0.47083497047424316, 0.35798022150993347, 0.002049662172794342, 0.5536088943481445, 1.6243253946304321, 0.5723035335540771, 0.4143082797527313, 0.5158550143241882, 0.598293125629425, -0.007983251474797726, 1.3824124336242676, -0.01514431182295084, 0.0745919793844223, 0.8691920042037964, 1.2439603805541992, 0.8009584546089172, 1.0933095216751099, 0.09388670325279236, 1.3351597785949707, 0.0215456485748291, 0.39494588971138, 0.6427569389343262, 1.6030018329620361, 0.39766567945480347, 0.40432703495025635, 0.2757636606693268, 0.655082643032074, 1.7010937929153442, 0.9392435550689697, 0.6854376792907715, 0.05164283514022827, 0.785425066947937, 0.8996987342834473, 0.7401917576789856, 0.2907344698905945, 0.7803735136985779, 0.15630090236663818, 0.3762826919555664, 0.8229975700378418]"
soliloquy,"[7, 12, 14, 6, 14, 12, 24, 13, 21]",34,"[0.1182946041226387, 2.0858216285705566, 0.19065415859222412, 0.19991636276245117, 0.005394011735916138, 0.17841286957263947, 1.7585244178771973, 0.390439510345459, 0.39228636026382446, 0.22419297695159912, 0.14758554100990295, 0.32262539863586426, 0.041339874267578125, 0.7079289555549622, 1.3366190195083618, 0.6267060041427612, 0.10316843539476395, 0.7778576612472534, 1.0059819221496582, 0.0018041833536699414, 0.09886299073696136, 0.18078505992889404, 1.4376753568649292, 0.020787574350833893, 0.10578657686710358, 0.09016269445419312, 0.1663724184036255, -0.001142958179116249, 0.42230767011642456, 2.106943368911743, 0.22678840160369873, 0.13150915503501892, 0.46007686853408813, 0.24068760871887207, -0.0017047056462615728, 1.8418731689453125, -0.012469161301851273, 0.2073836624622345, 0.46368637681007385, 1.9667458534240723, 0.7470200657844543, 1.3009066581726074, -0.0022002607583999634, 1.6420818567276, 0.12524190545082092, 0.8548088073730469, 1.1262006759643555, 1.7869926691055298, 0.30094093084335327, 0.19082915782928467, 0.25879138708114624, 0.30107149481773376, 2.233058214187622, 0.9999716281890869, 0.5007994174957275, 0.28944385051727295, 0.839660108089447, 0.9356261491775513, 0.32843345403671265, 0.11716271936893463, 0.6154138445854187, 0.14891478419303894, 0.19715547561645508, 1.1736485958099365]"
tragic flaw,"[8, 11, 2, 17, 6, 18, 31, 22, 14, 2, 26]",34,"[0.9591678380966187, 0.7812735438346863, 0.6317692399024963, 0.7043728828430176, -0.00025858916342258453, 0.9085622429847717, 0.5823298692703247, 1.2486119270324707, 0.6864014863967896, 0.3866906762123108, 0.7514527440071106, 0.9649022221565247, 0.01118762418627739, 0.7443264126777649, 1.0855238437652588, 0.41601425409317017, 1.1847244501113892, 1.0626344680786133, 0.40738898515701294, -0.0008335746824741364, 0.6529866456985474, 0.2867492735385895, 0.5744929909706116, 0.9257425665855408, 1.3019968271255493, 1.472827672958374, 0.9704948663711548, -0.0009760968387126923, 0.6145036816596985, 0.8888483047485352, 1.3582122325897217, 1.059096336364746, 0.8478201031684875, 1.3088929653167725, 0.004033075179904699, 0.7221267819404602, -0.027162326499819756, 0.3102990984916687, 1.7296804189682007, 0.7728758454322815, 0.7014141082763672, 0.7429946660995483, 0.15320074558258057, 0.61937415599823, 0.12932534515857697, 0.4301881492137909, 0.4513395428657532, 1.0187337398529053, 0.49576547741889954, 1.4086493253707886, 0.45607924461364746, 1.470903992652893, 0.9168788194656372, 0.4708433747291565, 1.0459635257720947, 0.23362204432487488, 0.3210042417049408, 0.6121718287467957, 1.1354646682739258, 1.0139174461364746, 1.0486297607421875, 0.4143085181713104, 1.186347246170044, 0.45704948902130127]"
attribution,"[2, 8, 8, 11, 6, 10, 13, 8, 6, 12, 5]",34,"[0.7396464347839355, 0.5036481022834778, 0.16695599257946014, 0.17615461349487305, 0.0004186611622571945, 0.5679739713668823, 0.27335989475250244, 1.6929998397827148, 0.6467393040657043, 0.7167625427246094, 1.1108837127685547, 0.5100162029266357, 0.04886835068464279, 0.36092832684516907, 0.6861988306045532, 1.0957002639770508, 0.8253841996192932, 0.6645036935806274, 0.24851125478744507, -0.00027775485068559647, 0.6279505491256714, 0.009247146546840668, 0.8348344564437866, 0.9862760901451111, 1.0154250860214233, 1.026999592781067, 0.9441889524459839, 0.009590515866875648, 0.5361591577529907, 0.5503905415534973, 1.4330637454986572, 0.8142737746238708, 0.3091021180152893, 1.1788501739501953, 0.0074770948849618435, 0.29541879892349243, 0.004684828221797943, 0.3768848478794098, 1.9745690822601318, 0.33658409118652344, 0.7380064129829407, 0.3100786507129669, 0.07458162307739258, 0.658004879951477, -0.019358307123184204, 0.17588084936141968, 0.2973100543022156, 0.5440793037414551, 0.6780673861503601, 1.5951392650604248, 0.9597623944282532, 1.6421769857406616, 0.6438456773757935, 1.1707159280776978, 0.9431713223457336, 0.08210168778896332, 0.7780178189277649, 0.44448670744895935, 1.5526225566864014, 0.9961333274841309, 0.7618497610092163, 0.7706841230392456, 0.49931690096855164, 0.13614842295646667]"
benchmark,"[10, 4, 5, 18, 9, 19, 2, 11, 16]",34,"[0.7274664640426636, 1.0461912155151367, 0.5471082925796509, 0.4966115951538086, 0.003923235461115837, 0.33533358573913574, 0.9428221583366394, 1.0023059844970703, 0.666135847568512, 0.24048520624637604, 0.5913373231887817, 0.5601526498794556, 0.01856086030602455, 0.48384803533554077, 1.0378293991088867, 0.6081287264823914, 0.7618775367736816, 0.4458499550819397, 0.596168041229248, 0.00021570303943008184, 0.3777760863304138, 0.43254727125167847, 0.7970112562179565, 0.35058826208114624, 0.7003298401832581, 0.7211700677871704, 0.693446934223175, 0.006487837061285973, 0.22440384328365326, 0.9895094037055969, 0.7790887355804443, 0.5016379356384277, 0.3873278498649597, 0.8243299722671509, 0.0016418565064668655, 0.7937470078468323, -0.022654015570878983, 0.5604087114334106, 1.2491793632507324, 1.0242847204208374, 0.3251391053199768, 0.6156227588653564, -0.005925973877310753, 1.0516502857208252, 0.1509525030851364, 0.7775942087173462, 0.7659978866577148, 0.9424918293952942, 0.21160045266151428, 0.9720430374145508, 0.2925947606563568, 0.8953266739845276, 1.1541309356689453, 0.7914901375770569, 0.7690036296844482, 0.4552593231201172, 0.41933101415634155, 0.35636335611343384, 0.6485954523086548, 0.452015221118927, 0.8751741647720337, 0.236624076962471, 0.6087793111801147, 0.5460522174835205]"
consequence,"[18, 12, 5, 7, 4, 24, 13, 4, 5, 18, 4]",34,"[0.7468721866607666, 1.0270119905471802, 0.6489667892456055, 0.5152405500411987, 0.005270475521683693, 0.23422367870807648, 0.9186578989028931, 0.7776089310646057, 0.605670690536499, 0.12474831938743591, 0.44113683700561523, 0.5735957026481628, 0.0018549365922808647, 0.4601491391658783, 0.9442182779312134, 0.5413156151771545, 0.7716485261917114, 0.32233306765556335, 0.5875703692436218, 0.00028290750924497843, 0.3725634217262268, 0.5408612489700317, 0.7489010691642761, 0.2645605206489563, 0.6157168745994568, 0.6557761430740356, 0.6276829838752747, 0.004615955986082554, 0.1236979216337204, 0.9521704316139221, 0.5748587846755981, 0.4431767761707306, 0.3465270400047302, 0.6833371520042419, -0.00895444955676794, 0.7705380320549011, -0.01858474686741829, 0.6040077209472656, 1.077183485031128, 0.9621257185935974, 0.16951124370098114, 0.5402770042419434, -0.0024196654558181763, 1.0852806568145752, 0.16973884403705597, 0.8455377817153931, 0.7676098346710205, 0.8438405394554138, 0.09161435067653656, 0.7536502480506897, 0.1287752389907837, 0.6715897917747498, 1.038961410522461, 0.6789484024047852, 0.6182160973548889, 0.5007923245429993, 0.3381759226322174, 0.2972918450832367, 0.4359719753265381, 0.2960216701030731, 0.8271036148071289, 0.1113499253988266, 0.5785460472106934, 0.5392234921455383]"
elucidate,"[4, 14, 13, 18, 6, 20, 2, 8, 4]",34,"[0.7804772853851318, 0.41272425651550293, 0.39185816049575806, 0.3424438238143921, 0.0008566919714212418, 0.5550244450569153, 0.23199933767318726, 1.6746442317962646, 0.761300265789032, 0.4768100380897522, 0.9417403936386108, 0.7280630469322205, 0.0288720540702343, 0.48547857999801636, 0.9168901443481445, 0.9239012002944946, 0.9730143547058105, 0.5304203033447266, 0.1723269820213318, -0.00046702451072633266, 0.562301516532898, 0.09708212316036224, 0.7229164242744446, 0.8306700587272644, 1.0597646236419678, 1.1521855592727661, 0.980028510093689, 0.0017744731158018112, 0.3434314727783203, 0.5049642324447632, 1.411057710647583, 0.7876963019371033, 0.31426161527633667, 1.3270864486694336, 0.005593232344835997, 0.23490488529205322, -0.033216603100299835, 0.4424937963485718, 2.0614843368530273, 0.29218316078186035, 0.4616892635822296, 0.38601231575012207, 0.047654807567596436, 0.7430065274238586, 0.00565764307975769, 0.2569302022457123, 0.3392988443374634, 0.5980533361434937, 0.48893454670906067, 1.4950928688049316, 0.6265377402305603, 1.5879493951797485, 0.5596805214881897, 0.9640206098556519, 1.1136542558670044, 0.16023707389831543, 0.5510041117668152, 0.21820348501205444, 1.3722201585769653, 0.8524379134178162, 1.0175201892852783, 0.5371208786964417, 0.6068772673606873, 0.10464925318956375]"
explicate,"[4, 27, 3, 14, 6, 18, 2, 8, 4]",34,"[0.9099063873291016, 0.4663907289505005, 0.5740211009979248, 0.42460769414901733, 0.005029844120144844, 0.3817237317562103, 0.44603431224823, 1.5503654479980469, 0.7594848871231079, 0.407198429107666, 0.9299435615539551, 0.6873169541358948, 0.025379657745361328, 0.38380464911460876, 0.9438540935516357, 0.8643888831138611, 1.0057237148284912, 0.27920740842819214, 0.3437678813934326, -0.0012427624315023422, 0.567797064781189, 0.35221633315086365, 0.7028238773345947, 0.626316249370575, 0.9384699463844299, 1.0105054378509521, 0.9105352163314819, -0.0026162099093198776, 0.11441946029663086, 0.48387622833251953, 1.1990365982055664, 0.6363086700439453, 0.21871349215507507, 1.1856344938278198, 0.0029496168717741966, 0.243648961186409, -0.030428068712353706, 0.6850157976150513, 1.8333007097244263, 0.4373992085456848, 0.20594827830791473, 0.30559587478637695, -0.019462309777736664, 0.9427489638328552, 0.10228518396615982, 0.6175418496131897, 0.6404531002044678, 0.4980701804161072, 0.3002627193927765, 1.4615063667297363, 0.5216472744941711, 1.3614084720611572, 0.6160774230957031, 0.9532893300056458, 1.0039176940917969, 0.43461883068084717, 0.44519683718681335, 0.07946786284446716, 1.075374960899353, 0.6606166958808899, 1.0165503025054932, 0.4353732168674469, 0.598457396030426, 0.16883422434329987]"
extrapolate,"[4, 27, 8, 11, 2, 3, 12, 14, 2, 8, 4]",34,"[0.454106867313385, 1.4607235193252563, 0.3197404146194458, 0.3489711880683899, 0.0032821521162986755, 0.3428642749786377, 1.161656141281128, 1.0784308910369873, 0.7414941191673279, 0.3744410276412964, 0.5046355128288269, 0.625862717628479, 0.024350481107831, 0.7785499095916748, 1.2564961910247803, 0.7310380339622498, 0.49417829513549805, 0.7202819585800171, 0.6662880182266235, 8.238619193434715e-05, 0.2843383550643921, 0.17864800989627838, 1.141128420829773, 0.37206608057022095, 0.6363374590873718, 0.6404629945755005, 0.6613167524337769, 0.0009493567049503326, 0.40053755044937134, 1.532670497894287, 0.8127366900444031, 0.5215309858322144, 0.49562710523605347, 0.8579853177070618, 0.0008819671347737312, 1.2454423904418945, -0.009868567809462547, 0.23953686654567719, 1.3239049911499023, 1.2952834367752075, 0.6247206330299377, 1.0100712776184082, -0.006754137575626373, 1.2625491619110107, 0.06335288286209106, 0.5866392850875854, 0.6927586793899536, 1.4492169618606567, 0.39736804366111755, 0.8169476985931396, 0.4506230056285858, 0.9975411891937256, 1.671517252922058, 0.9199100732803345, 0.9288483262062073, 0.21314620971679688, 0.6574170589447021, 0.739313542842865, 0.8943361043930054, 0.4920756220817566, 0.9643242359161377, 0.30746111273765564, 0.5637093782424927, 0.7898098230361938]"
gauge,"[17, 2, 13, 17, 4]",34,"[0.8599074482917786, 0.33239102363586426, 0.8747886419296265, 0.8561370372772217, 0.0055503156036138535, 1.179294466972351, 0.10339895635843277, 0.8508266806602478, 0.6555322408676147, 0.18193356692790985, 0.3397867679595947, 1.119086503982544, 0.004812171682715416, 0.9707379937171936, 0.9369924068450928, 0.23657050728797913, 1.323434591293335, 1.048124074935913, 0.061120763421058655, 0.0018945405026897788, 0.6806419491767883, 0.167759969830513, 0.2633426785469055, 0.9589124321937561, 1.5691263675689697, 1.7496594190597534, 0.9796901941299438, -0.0020661838352680206, 0.6429985761642456, 0.498900830745697, 1.320991039276123, 1.3482412099838257, 0.9998138546943665, 1.450925350189209, -0.005738857202231884, 0.3690275549888611, -0.002852249424904585, 0.02757546305656433, 1.6955567598342896, 0.27389973402023315, 0.6329473853111267, 0.6475302577018738, 0.30592697858810425, 0.3526212275028229, 0.13814608752727509, 0.009262658655643463, 0.06963978707790375, 1.0325984954833984, 0.46123331785202026, 1.0740410089492798, 0.19781962037086487, 1.339990496635437, 0.5016164779663086, 0.1328430473804474, 1.2115669250488281, 0.009195119142532349, 0.20934058725833893, 0.556603729724884, 1.0381313562393188, 0.8595070838928223, 1.1745470762252808, 0.1440088152885437, 1.5160086154937744, 0.19878606498241425]"
qualify,"[24, 13, 2, 14, 6, 22, 21]",34,"[0.49676960706710815, 1.22889244556427, 0.4366209805011749, 0.4474170207977295, 0.0011470988392829895, 0.4307558834552765, 1.0438463687896729, 0.7143006324768066, 0.4863515794277191, 0.2911665141582489, 0.39587998390197754, 0.5987226963043213, 0.02518536150455475, 0.592446506023407, 1.0659406185150146, 0.4615575075149536, 0.556171178817749, 0.753165602684021, 0.6266305446624756, -0.0002841218374669552, 0.3038597106933594, 0.2519530653953552, 0.8213170766830444, 0.37635737657546997, 0.5843461751937866, 0.6713297963142395, 0.5582615733146667, 0.00183869618922472, 0.38901472091674805, 1.2377222776412964, 0.690843403339386, 0.5181692838668823, 0.5942904949188232, 0.6895931959152222, -0.00039162393659353256, 1.0877699851989746, -0.005638903006911278, 0.2741433382034302, 0.9068832397460938, 1.2156448364257812, 0.5605401992797852, 0.8450820446014404, 0.020363042131066322, 0.9565606117248535, 0.14447681605815887, 0.6525900363922119, 0.7434573769569397, 1.195062518119812, 0.31761258840560913, 0.6969092488288879, 0.324889212846756, 0.7091343402862549, 1.3539785146713257, 0.5970996618270874, 0.695597231388092, 0.312469482421875, 0.40537282824516296, 0.6248784065246582, 0.6074922680854797, 0.42418432235717773, 0.7644833922386169, 0.23909631371498108, 0.6405631899833679, 0.7469275593757629]"
rebut,"[11, 4, 10, 13, 8]",34,"[0.9071140885353088, 0.49154728651046753, 0.688306450843811, 0.6349007487297058, 0.005427595227956772, 0.6793630719184875, 0.45138227939605713, 0.954209566116333, 0.5628843307495117, 0.21398642659187317, 0.5453827977180481, 0.7041579484939575, 0.006902073975652456, 0.48005473613739014, 0.6893531084060669, 0.32919228076934814, 1.1089518070220947, 0.6094584465026855, 0.26251983642578125, -0.0010687801986932755, 0.5779492259025574, 0.3508026599884033, 0.40683743357658386, 0.7016897201538086, 1.1034573316574097, 1.1979900598526, 0.9002863168716431, 0.005500022321939468, 0.37345272302627563, 0.44608867168426514, 1.012538194656372, 0.8799084424972534, 0.5738840103149414, 0.9964532852172852, -0.0033490767236799, 0.4360942542552948, -0.012393269687891006, 0.40681546926498413, 1.3949869871139526, 0.4687938690185547, 0.35697540640830994, 0.389090895652771, 0.13864842057228088, 0.4893716871738434, 0.14008121192455292, 0.42002931237220764, 0.36171725392341614, 0.6302831768989563, 0.2711001932621002, 1.1293659210205078, 0.25025108456611633, 1.1132042407989502, 0.5504209995269775, 0.41614317893981934, 0.7665032148361206, 0.27465730905532837, 0.15687978267669678, 0.30444663763046265, 0.7995968461036682, 0.655548095703125, 0.8006553053855896, 0.23879340291023254, 0.936052143573761, 0.23852962255477905]"
reconcile,"[11, 4, 18, 12, 5, 18, 6, 14, 4]",34,"[1.0148749351501465, 0.9515038728713989, 0.8310691118240356, 0.7012948989868164, -0.006767613813281059, 0.3745390772819519, 1.0436415672302246, 0.9417714476585388, 0.6930861473083496, 0.16895639896392822, 0.5912569165229797, 0.6821164488792419, 0.0016262168064713478, 0.46720433235168457, 1.032382607460022, 0.43492549657821655, 1.0297338962554932, 0.36541423201560974, 0.7043730020523071, 0.0019041408086195588, 0.49118441343307495, 0.6753402352333069, 0.6519305109977722, 0.4044356942176819, 0.9653956890106201, 0.9547016024589539, 0.8404172658920288, 0.0072878096252679825, 0.0978742390871048, 0.8689687252044678, 0.8149607181549072, 0.6383002996444702, 0.45392870903015137, 0.9094695448875427, -0.012534180656075478, 0.7363982796669006, -0.02564198523759842, 0.6603075265884399, 1.3405359983444214, 1.037018060684204, 0.13086363673210144, 0.5557799935340881, 0.0023663807660341263, 0.9824272394180298, 0.23219512403011322, 1.0633188486099243, 0.8678882122039795, 0.8465497493743896, 0.1086713969707489, 1.075650691986084, 0.18577034771442413, 0.9436406493186951, 1.0140042304992676, 0.583243191242218, 0.7423075437545776, 0.6581940650939941, 0.1582968533039093, 0.2375733107328415, 0.5419602990150452, 0.4681393802165985, 1.0134474039077759, 0.15221749246120453, 0.8675268888473511, 0.5145218372344971]"
arbitrary,"[2, 11, 10, 6, 8, 11, 2, 11, 21]",34,"[0.9994947910308838, 0.40186190605163574, 0.41510289907455444, 0.4244741201400757, 0.0012892168015241623, 0.840842068195343, 0.37822407484054565, 1.4198522567749023, 0.5531609058380127, 0.4436246156692505, 1.0418238639831543, 0.6053037047386169, 0.0045640189200639725, 0.36976131796836853, 0.5530626177787781, 0.5765641927719116, 1.2253719568252563, 0.7371213436126709, 0.2339746356010437, 0.002579771913588047, 0.8157060742378235, 0.14710645377635956, 0.42696210741996765, 1.0786625146865845, 1.291951060295105, 1.2655692100524902, 1.0317846536636353, 0.007361127063632011, 0.5877847671508789, 0.40661299228668213, 1.42976975440979, 1.0528807640075684, 0.5010414123535156, 1.1364951133728027, -0.005739586427807808, 0.27116990089416504, -0.0173077043145895, 0.48995155096054077, 1.8756495714187622, 0.4073628783226013, 0.5844271779060364, 0.21378833055496216, 0.13601326942443848, 0.42846715450286865, -0.006983816623687744, 0.2626320719718933, 0.25226128101348877, 0.4111759662628174, 0.5498060584068298, 1.6607494354248047, 0.6284891963005066, 1.5479960441589355, 0.4454309046268463, 0.6594725251197815, 0.8255797028541565, 0.1548786163330078, 0.3403528332710266, 0.3990601897239685, 1.2828086614608765, 1.1307616233825684, 0.667761504650116, 0.5981609225273132, 0.8317934274673462, 0.19718414545059204]"
cogent,"[18, 12, 17, 4, 5, 8]",34,"[0.4307107925415039, 1.408276915550232, 0.5750155448913574, 0.5346813797950745, 0.004712425172328949, 0.40765735507011414, 1.2784221172332764, 0.4072714149951935, 0.4937993586063385, 0.10640111565589905, 0.15907374024391174, 0.6966485381126404, 0.013648937456309795, 0.7701746821403503, 1.2631906270980835, 0.2891089916229248, 0.5336681008338928, 0.7574301958084106, 0.7492516040802002, 0.0015241046203300357, 0.2068246603012085, 0.3276519775390625, 0.8946915864944458, 0.24145397543907166, 0.5925748944282532, 0.6745893955230713, 0.47208505868911743, -0.001249963417649269, 0.31926941871643066, 1.4668468236923218, 0.5168898701667786, 0.46220436692237854, 0.6397634148597717, 0.6416298747062683, 0.004540313500910997, 1.30247163772583, -0.004756207577884197, 0.1818603277206421, 0.7701938152313232, 1.4561408758163452, 0.49791109561920166, 1.0347694158554077, 0.06433934718370438, 1.1717818975448608, 0.21718765795230865, 0.7720122337341309, 0.8651587963104248, 1.5027837753295898, 0.19279976189136505, 0.39810287952423096, 0.07695002853870392, 0.5633608102798462, 1.6066255569458008, 0.48404091596603394, 0.7084330320358276, 0.3360135853290558, 0.3462356626987457, 0.6581336259841919, 0.35501915216445923, 0.2537613809108734, 0.8419710993766785, 0.05875571444630623, 0.7122838497161865, 0.8675562143325806]"
cosmopolitan,"[18, 12, 7, 19, 12, 3, 12, 14, 6, 8, 2, 5]",34,"[0.3007475435733795, 1.6546106338500977, 0.18919086456298828, 0.2586439251899719, 0.006961934268474579, 0.5013104677200317, 1.1843185424804688, 1.0768778324127197, 0.674956202507019, 0.5294166207313538, 0.44322270154953003, 0.7071110606193542, 0.04179602861404419, 0.9089188575744629, 1.4102197885513306, 0.9277029633522034, 0.3670516610145569, 1.0374958515167236, 0.6590322852134705, 1.4344463124871254e-05, 0.2401515394449234, 0.05143902450799942, 1.3269978761672974, 0.4526568055152893, 0.6629086136817932, 0.6479275822639465, 0.5683643817901611, -0.011654719710350037, 0.5917418599128723, 1.711264729499817, 0.9157716035842896, 0.5297731757164001, 0.6441805362701416, 0.8926817774772644, 0.0035587376914918423, 1.4737398624420166, -0.022994693368673325, 0.005264848470687866, 1.2932515144348145, 1.423374056816101, 0.9213693737983704, 1.2695971727371216, 0.048706382513046265, 1.3395054340362549, 0.03689107298851013, 0.4134072959423065, 0.6571130752563477, 1.7286473512649536, 0.6074490547180176, 0.7787321209907532, 0.5818629264831543, 1.063400149345398, 1.8407466411590576, 1.0856837034225464, 0.970204770565033, 0.03884004056453705, 0.890117347240448, 0.9749972224235535, 1.0710748434066772, 0.5932868123054504, 0.9479022026062012, 0.33998361229896545, 0.6040540337562561, 0.8377007842063904]"
denounce,"[20, 4, 5, 12, 13, 5, 18, 4]",34,"[0.44138604402542114, 1.2669035196304321, 0.36542442440986633, 0.36113011837005615, 0.010100390762090683, 0.29705047607421875, 0.9802241921424866, 0.7670982480049133, 0.5540022253990173, 0.25044047832489014, 0.34274256229400635, 0.47821149230003357, 0.021136730909347534, 0.5591911673545837, 0.9874131679534912, 0.6687696576118469, 0.45963093638420105, 0.596869945526123, 0.5954107642173767, -0.0009227553964592516, 0.22090677917003632, 0.27277418971061707, 0.9640145897865295, 0.3079771399497986, 0.5471159219741821, 0.5379595160484314, 0.5176861882209778, 0.009564409032464027, 0.36297687888145447, 1.1579118967056274, 0.6098065376281738, 0.440151572227478, 0.40320467948913574, 0.6492112278938293, -0.001142818946391344, 1.0193006992340088, -0.005407232791185379, 0.27155962586402893, 0.9754523634910583, 1.067219853401184, 0.528919517993927, 0.7459886074066162, 0.05382351577281952, 1.1039811372756958, 0.0756901204586029, 0.5789936780929565, 0.645700216293335, 1.1538852453231812, 0.272418349981308, 0.609584391117096, 0.25054189562797546, 0.7114666700363159, 1.3086023330688477, 0.7981670498847961, 0.6396827697753906, 0.2692710757255554, 0.540837287902832, 0.5884019136428833, 0.6400343179702759, 0.32140663266181946, 0.7587565779685974, 0.14571475982666016, 0.49711549282073975, 0.6179230809211731]"
disseminate,"[20, 6, 7, 7, 4, 19, 6, 5, 2, 8, 4]",34,"[0.5833194851875305, 0.9459038972854614, 0.3109675943851471, 0.4284273386001587, 0.013603661209344864, 0.6282323002815247, 0.4894619584083557, 1.278921127319336, 0.7326221466064453, 0.38587135076522827, 0.6519719958305359, 0.7828880548477173, 0.026856277137994766, 0.7408060431480408, 1.1090412139892578, 0.7863582968711853, 0.7714756727218628, 0.8869787454605103, 0.4214295744895935, -0.0018278014613315463, 0.4320898652076721, 0.08123014867305756, 0.8303411602973938, 0.7045010924339294, 0.9891147613525391, 1.0521644353866577, 0.7636065483093262, 0.008677329868078232, 0.5365817546844482, 1.0000660419464111, 1.2038135528564453, 0.8289186358451843, 0.5877759456634521, 1.2059245109558105, -0.0010431790724396706, 0.7160142660140991, -0.03443514555692673, 0.14657996594905853, 1.6350430250167847, 0.672332227230072, 0.71781325340271, 0.7483607530593872, 0.06870495527982712, 0.8374543786048889, 0.02185612916946411, 0.1914973109960556, 0.36960387229919434, 1.0851731300354004, 0.488038033246994, 1.0834509134292603, 0.4639798402786255, 1.2708923816680908, 1.0728946924209595, 0.7685089707374573, 1.0643349885940552, 0.0746687725186348, 0.6497681736946106, 0.6366255879402161, 1.1756209135055542, 0.8148636817932129, 1.1066912412643433, 0.34821969270706177, 0.7954322695732117, 0.45422428846359253]"
dogmatic,"[20, 12, 17, 19, 2, 8, 6, 18]",34,"[0.8448202610015869, 0.5925195813179016, 0.25193893909454346, 0.22840698063373566, -0.0005192272365093231, 0.7321474552154541, 0.3633771538734436, 1.5873091220855713, 0.5272876620292664, 0.7069151997566223, 1.0751729011535645, 0.4498215615749359, 0.04529090225696564, 0.24413299560546875, 0.4789176285266876, 0.9674556255340576, 0.9470799565315247, 0.7864582538604736, 0.22510260343551636, -0.00011100061237812042, 0.7204761505126953, 0.08972413837909698, 0.68720942735672, 1.0689337253570557, 1.1208101511001587, 1.142895221710205, 0.9814493656158447, 0.005485959351062775, 0.6738008856773376, 0.45718324184417725, 1.3948805332183838, 0.9395760893821716, 0.41708803176879883, 1.09102201461792, 0.010703900828957558, 0.3470744490623474, 0.015572767704725266, 0.4417129456996918, 1.8390576839447021, 0.4057806730270386, 0.8027963042259216, 0.25323590636253357, 0.07241210341453552, 0.47481974959373474, -0.07591088116168976, 0.2686617374420166, 0.2230691909790039, 0.4666728377342224, 0.7447884678840637, 1.6774410009384155, 0.9688066840171814, 1.5410374402999878, 0.4915664494037628, 0.9184108376502991, 0.7886386513710022, 0.15358087420463562, 0.6216177940368652, 0.5242376327514648, 1.5150734186172485, 1.0467725992202759, 0.5869677662849426, 0.722732424736023, 0.6431723237037659, 0.20634782314300537]"
eloquent,"[4, 14, 12, 24, 13, 4, 5, 8]",34,"[0.18065990507602692, 1.698983073234558, 0.21283945441246033, 0.24034392833709717, -0.0013840142637491226, 0.21269966661930084, 1.2972066402435303, 0.6132373809814453, 0.5856285095214844, 0.2532484233379364, 0.17937247455120087, 0.5415747165679932, 0.014855433255434036, 0.8360757231712341, 1.3698829412460327, 0.653124213218689, 0.17032703757286072, 0.7506672143936157, 0.720876932144165, -0.002057620557025075, 0.1378670334815979, 0.11834380775690079, 1.244752287864685, 0.16118690371513367, 0.2841574251651764, 0.29283636808395386, 0.3874000906944275, 0.0010134689509868622, 0.3878444731235504, 1.8425267934799194, 0.45819178223609924, 0.3133305609226227, 0.4855104386806488, 0.5811513662338257, -0.0013210626784712076, 1.5064573287963867, -0.006258018780499697, 0.11062255501747131, 0.8046483993530273, 1.4769831895828247, 0.6892613768577576, 1.1561311483383179, 0.018661068752408028, 1.4220584630966187, 0.05952584743499756, 0.5418868064880371, 0.7978876233100891, 1.6699140071868896, 0.3291069269180298, 0.301577091217041, 0.22772327065467834, 0.5576208233833313, 1.9213348627090454, 0.8831273317337036, 0.7706000804901123, 0.15197157859802246, 0.7149084210395813, 0.8502340912818909, 0.5895371437072754, 0.1858416497707367, 0.8271273970603943, 0.15260425209999084, 0.32636919617652893, 0.930609941482544]"
endorse,"[4, 5, 20, 12, 11, 7, 4]",34,"[0.7277874946594238, 0.8224347233772278, 0.577911376953125, 0.5210173726081848, 0.004696521908044815, 0.30049994587898254, 0.6676627397537231, 0.9479576945304871, 0.6992536783218384, 0.15377706289291382, 0.5438501238822937, 0.6673480272293091, 0.005998409353196621, 0.5190598964691162, 1.0004383325576782, 0.508030354976654, 0.8167683482170105, 0.36843040585517883, 0.45694154500961304, -0.0009478676365688443, 0.3813214898109436, 0.3985246419906616, 0.6240710616111755, 0.3653157353401184, 0.7262266874313354, 0.7774950265884399, 0.7125959396362305, 0.0019442811608314514, 0.11840233206748962, 0.8020250797271729, 0.7652149796485901, 0.55120849609375, 0.3689311742782593, 0.9044549465179443, -0.0057993000373244286, 0.6328256130218506, -0.016694732010364532, 0.4994961619377136, 1.2646535634994507, 0.7535158395767212, 0.18104888498783112, 0.5319916605949402, -0.017666328698396683, 0.8921552896499634, 0.13776308298110962, 0.6062558889389038, 0.5954070091247559, 0.7771668434143066, 0.09996889531612396, 0.8744378685951233, 0.16943494975566864, 0.8527748584747314, 0.9067628383636475, 0.6298537850379944, 0.831170916557312, 0.38561564683914185, 0.28734591603279114, 0.25322237610816956, 0.6249516606330872, 0.4002450406551361, 0.958704948425293, 0.17127057909965515, 0.662841260433197, 0.43872982263565063]"
innovative,"[6, 5, 5, 12, 28, 2, 8, 6, 28, 4]",34,"[0.6298972368240356, 0.5612075924873352, 0.32573404908180237, 0.27095827460289, 0.007367279380559921, 0.3891158401966095, 0.43021559715270996, 1.364335536956787, 0.675312340259552, 0.430065393447876, 0.7845032215118408, 0.5297225713729858, 0.0147166159003973, 0.4256628453731537, 0.8202036619186401, 0.8481694459915161, 0.6943098306655884, 0.45534029603004456, 0.27173447608947754, -0.0005279848119243979, 0.43827730417251587, 0.14598697423934937, 0.6924469470977783, 0.6224529147148132, 0.8491448163986206, 0.8288732171058655, 0.8159576654434204, 0.010448912158608437, 0.29806286096572876, 0.5722696781158447, 1.0691463947296143, 0.6512275338172913, 0.2736165523529053, 1.02445650100708, -0.008591360412538052, 0.35811883211135864, -0.030449261888861656, 0.43118008971214294, 1.6323076486587524, 0.4511263370513916, 0.40035340189933777, 0.3636865019798279, 0.027732109650969505, 0.7697698473930359, 0.04231725633144379, 0.30251699686050415, 0.4143705368041992, 0.6148638725280762, 0.395075261592865, 1.201142430305481, 0.5481665134429932, 1.2289984226226807, 0.6825584173202515, 0.9510537981987, 0.9005008339881897, 0.1990579217672348, 0.55648273229599, 0.2707529366016388, 1.0971484184265137, 0.6672177314758301, 0.8621872067451477, 0.44600608944892883, 0.5076662302017212, 0.18510045111179352]"
lucid,"[14, 13, 18, 6, 20]",34,"[0.9175899624824524, 0.43075990676879883, 0.5264281034469604, 0.41112369298934937, -0.003451429307460785, 0.3971778452396393, 0.49048373103141785, 1.23272705078125, 0.5327322483062744, 0.386505663394928, 0.9474879503250122, 0.47318026423454285, 0.027529124170541763, 0.15874305367469788, 0.6578298807144165, 0.5935823917388916, 0.9448474049568176, 0.3432399034500122, 0.4018983244895935, 0.0012452540686354041, 0.5669142007827759, 0.4071934223175049, 0.4929199814796448, 0.644406795501709, 0.8364444971084595, 0.8613935112953186, 0.8349204063415527, 0.012178461998701096, 0.20081472396850586, 0.4117288589477539, 0.9544563293457031, 0.6098130345344543, 0.2763430178165436, 0.8417650461196899, -0.0017153818625956774, 0.30016225576400757, -0.019687693566083908, 0.7569779753684998, 1.4585776329040527, 0.5607027411460876, 0.25338268280029297, 0.16100609302520752, -0.029678527265787125, 0.6209449172019958, 0.16992028057575226, 0.6652524471282959, 0.5905940532684326, 0.3168795704841614, 0.2510928213596344, 1.3667670488357544, 0.549522876739502, 1.0793172121047974, 0.5223674774169922, 0.7587481737136841, 0.6491385102272034, 0.46492964029312134, 0.3017057180404663, 0.13862736523151398, 0.8655340671539307, 0.6864953637123108, 0.6534790992736816, 0.5279039740562439, 0.5474178791046143, 0.2628363370895386]"
nuanced,"[5, 13, 2, 5, 18, 4, 20]",34,"[0.41085028648376465, 1.2027685642242432, 0.29413551092147827, 0.21121123433113098, 0.014143964275717735, 0.12227754294872284, 0.9999980926513672, 0.849603533744812, 0.49931037425994873, 0.2735252380371094, 0.3923167288303375, 0.3860172629356384, 0.021287579089403152, 0.40948423743247986, 0.896526575088501, 0.7997913956642151, 0.39763912558555603, 0.4090005159378052, 0.5552253127098083, -0.0023933728225529194, 0.23867540061473846, 0.2599181532859802, 0.9639704823493958, 0.26885831356048584, 0.36438608169555664, 0.41312262415885925, 0.5143287181854248, 0.011032185517251492, 0.2604580819606781, 1.0861947536468506, 0.5586053133010864, 0.3177277147769928, 0.21417099237442017, 0.5873176455497742, 0.00224203709512949, 0.8867819309234619, -0.00467485748231411, 0.4061749577522278, 1.010678768157959, 1.0194264650344849, 0.39607036113739014, 0.5863991975784302, -0.0022696685045957565, 1.161330223083496, 0.05090617388486862, 0.6612709760665894, 0.7418357729911804, 0.9448959231376648, 0.28299376368522644, 0.6854190826416016, 0.3156384527683258, 0.6908777356147766, 1.1866376399993896, 0.9392246603965759, 0.5605481863021851, 0.3561658263206482, 0.6337264776229858, 0.4354986846446991, 0.630611777305603, 0.2655279040336609, 0.6654247045516968, 0.22851507365703583, 0.23463046550750732, 0.5470168590545654]"
obsolete,"[12, 10, 7, 12, 14, 4, 8, 4]",34,"[1.1988811492919922, 0.5815859436988831, 1.1508166790008545, 1.0467790365219116, 0.007931308820843697, 1.0014103651046753, 0.4608212411403656, 0.8465398550033569, 0.7176562547683716, 0.11301544308662415, 0.43279165029525757, 1.1763955354690552, -0.0029428284615278244, 0.8340436220169067, 1.0269943475723267, 0.17913925647735596, 1.5859949588775635, 0.8545032739639282, 0.36207419633865356, -0.0015765117714181542, 0.7069719433784485, 0.5823444128036499, 0.2813592851161957, 0.781267523765564, 1.5905598402023315, 1.826911449432373, 1.1205371618270874, 0.006951543502509594, 0.3721701502799988, 0.5880224704742432, 1.246683120727539, 1.231654405593872, 0.9737390279769897, 1.4284030199050903, -0.005462359637022018, 0.5053417682647705, -0.02525128424167633, 0.2954145073890686, 1.62211012840271, 0.6138260960578918, 0.3352440893650055, 0.624390721321106, 0.16367433965206146, 0.5474861860275269, 0.2577407658100128, 0.45401930809020996, 0.315415620803833, 0.9788185954093933, 0.1853349804878235, 1.1798712015151978, 0.05006185919046402, 1.2490266561508179, 0.6773782968521118, 0.1259814202785492, 1.0554841756820679, 0.29028910398483276, 0.030928634107112885, 0.3912311792373657, 0.7675241827964783, 0.797664225101471, 1.2453742027282715, 0.09377855062484741, 1.617042899131775, 0.39155125617980957]"
partisan,"[3, 2, 11, 8, 6, 7, 2, 5]",34,"[0.3741337060928345, 1.4033029079437256, 0.30749666690826416, 0.3058493137359619, 0.012439933605492115, 0.22951585054397583, 1.1685962677001953, 0.7180047631263733, 0.6310166716575623, 0.18046747148036957, 0.3676050305366516, 0.5580642223358154, 0.025905761867761612, 0.6338974237442017, 1.2939860820770264, 0.5349330306053162, 0.35842883586883545, 0.5648233890533447, 0.7386342287063599, -0.001711491378955543, 0.1889704167842865, 0.22649604082107544, 1.0544313192367554, 0.185089111328125, 0.41205957531929016, 0.4349074065685272, 0.43713662028312683, 0.004955260083079338, 0.22496701776981354, 1.4559931755065918, 0.5794304609298706, 0.33161237835884094, 0.37101951241493225, 0.6666511297225952, 0.0022701104171574116, 1.156273365020752, -0.0025850199162960052, 0.2837527394294739, 0.8492432236671448, 1.330952763557434, 0.47779059410095215, 0.8970711827278137, -0.013650018721818924, 1.282318353652954, 0.1679185926914215, 0.6081209778785706, 0.9053136110305786, 1.3112601041793823, 0.13776443898677826, 0.536141574382782, 0.19127753376960754, 0.6051315069198608, 1.6385934352874756, 0.827407717704773, 0.7786369919776917, 0.3363550305366516, 0.547073483467102, 0.6004855632781982, 0.5349302291870117, 0.23842908442020416, 0.8840779066085815, 0.20067131519317627, 0.4144043028354645, 0.7989622354507446]"
pragmatic,"[3, 11, 2, 17, 19, 2, 8, 6, 18]",34,"[0.8646584153175354, 0.4332921504974365, 0.23670530319213867, 0.2430177628993988, -0.00015102699398994446, 0.8229215145111084, 0.22708772122859955, 1.7357237339019775, 0.5713598728179932, 0.7932450771331787, 1.1759923696517944, 0.4827533960342407, 0.05057402700185776, 0.3018663823604584, 0.4675246477127075, 1.0245882272720337, 1.0491523742675781, 0.8121688365936279, 0.1937045305967331, -0.0014157735276967287, 0.7994431853294373, 0.013551034033298492, 0.6623279452323914, 1.1843183040618896, 1.2321633100509644, 1.2685879468917847, 1.0633151531219482, 0.004759816452860832, 0.7414853572845459, 0.40094050765037537, 1.5794479846954346, 1.0466339588165283, 0.4282972812652588, 1.2338075637817383, 0.008067645132541656, 0.2260403335094452, 0.008084196597337723, 0.3866282105445862, 2.021282911300659, 0.2784491777420044, 0.8674866557121277, 0.21801406145095825, 0.09631867706775665, 0.4611121714115143, -0.07246974110603333, 0.15012001991271973, 0.1821068525314331, 0.42257964611053467, 0.8173272013664246, 1.8237948417663574, 1.0672433376312256, 1.7257481813430786, 0.4455978572368622, 0.9581106305122375, 0.8898708820343018, 0.098343126475811, 0.6686893701553345, 0.5286124348640442, 1.6727769374847412, 1.1655980348587036, 0.6540542244911194, 0.8158599138259888, 0.6879986524581909, 0.16018138825893402]"
proliferate,"[3, 11, 12, 14, 6, 22, 4, 11, 2, 8, 4]",34,"[0.5838719010353088, 1.4594852924346924, 0.48332977294921875, 0.5421871542930603, 0.011401898227632046, 0.44696375727653503, 1.1364800930023193, 0.9437606334686279, 0.7417078614234924, 0.185154527425766, 0.4137774109840393, 0.8239611387252808, 0.020046938210725784, 0.8038573265075684, 1.3935575485229492, 0.4981670677661896, 0.6632696390151978, 0.8234531879425049, 0.685626745223999, -0.001992089208215475, 0.2848854660987854, 0.26363205909729004, 1.0198845863342285, 0.44029682874679565, 0.7496911883354187, 0.8923193216323853, 0.6438004970550537, 0.0022278064861893654, 0.3814760744571686, 1.4936323165893555, 0.8595431447029114, 0.6242363452911377, 0.6245227456092834, 1.0083825588226318, 0.00723597826436162, 1.2547965049743652, -0.009346993640065193, 0.2071957290172577, 1.2251276969909668, 1.3037986755371094, 0.5967923402786255, 1.0505800247192383, 0.03495150804519653, 1.2291043996810913, 0.11138072609901428, 0.6420623064041138, 0.7327390909194946, 1.5096838474273682, 0.24340152740478516, 0.7764478921890259, 0.19517788290977478, 0.9518828988075256, 1.6345654726028442, 0.6459601521492004, 0.9629616737365723, 0.26618438959121704, 0.4384341537952423, 0.6936790943145752, 0.729892909526825, 0.48520803451538086, 1.1239391565322876, 0.1466849148273468, 0.7958981394767761, 0.8016036152839661]"
provincial,"[3, 11, 12, 28, 6, 5, 18, 6, 2, 14]",34,"[0.7861239910125732, 0.6371737718582153, 0.2946767508983612, 0.2543206214904785, -0.005759097635746002, 0.5325775146484375, 0.38853883743286133, 1.6518762111663818, 0.7014617919921875, 0.6798868179321289, 1.0714049339294434, 0.58551025390625, 0.03499194234609604, 0.45378297567367554, 0.8690073490142822, 1.0212608575820923, 0.7921578884124756, 0.7076677083969116, 0.32065415382385254, 0.0006897776620462537, 0.5460638403892517, 0.12498510628938675, 0.8040148615837097, 0.854101300239563, 1.0552552938461304, 1.0498713254928589, 0.9581992626190186, 0.014987400732934475, 0.46963801980018616, 0.7084442377090454, 1.3553106784820557, 0.8113878965377808, 0.41419127583503723, 1.240385890007019, 0.00014329282566905022, 0.46824565529823303, -0.01442650705575943, 0.42343443632125854, 1.9316376447677612, 0.5174899697303772, 0.6934517621994019, 0.43830910325050354, -0.0011805593967437744, 0.7207088470458984, -0.005398988723754883, 0.3399454951286316, 0.3692983090877533, 0.6888290047645569, 0.607700526714325, 1.5234438180923462, 0.8802585005760193, 1.5428965091705322, 0.7494499683380127, 1.0098414421081543, 1.0150939226150513, 0.17042022943496704, 0.6711276769638062, 0.4319140911102295, 1.4281877279281616, 0.9459255933761597, 0.947803795337677, 0.6736987829208374, 0.6473997831344604, 0.23049013316631317]"
rigorous,"[11, 6, 17, 12, 11, 12, 13, 7]",34,"[-0.12005166709423065, 2.307621479034424, -0.002660602331161499, 0.09331945329904556, 0.006269784644246101, 0.14425067603588104, 1.769033670425415, 0.47725579142570496, 0.6205992102622986, 0.20583152770996094, 0.09572236239910126, 0.46996286511421204, 0.06191110610961914, 0.9759087562561035, 1.725977897644043, 0.75555020570755, -0.14351555705070496, 0.9179633855819702, 1.009684443473816, 0.0004996483912691474, -0.023405693471431732, -0.038128405809402466, 1.77229905128479, 0.007433854043483734, 0.05082349479198456, 0.07962878048419952, 0.04516889154911041, -0.00016606412827968597, 0.4536535143852234, 2.5140841007232666, 0.2509249150753021, 0.06625469028949738, 0.4644833505153656, 0.504037082195282, 0.0038702976889908314, 2.1057240962982178, 0.001619531773030758, -0.008093804121017456, 0.5286861658096313, 2.061117649078369, 0.9508522152900696, 1.6418403387069702, 0.03761204332113266, 1.854619026184082, 0.11302298307418823, 0.5603773593902588, 1.1024905443191528, 2.2618796825408936, 0.28254207968711853, -0.0038581639528274536, 0.22192957997322083, 0.3310956060886383, 2.6861279010772705, 1.2199649810791016, 0.8141535520553589, 0.06137816607952118, 1.0930116176605225, 1.1670156717300415, 0.5739560723304749, 0.07217542827129364, 0.8744121193885803, 0.13568316400051117, 0.20885881781578064, 1.265458583831787]"
salient,"[7, 2, 14, 6, 4, 5, 8]",34,"[0.29127562046051025, 1.5405101776123047, 0.4503400921821594, 0.5331283807754517, 0.0001408364623785019, 0.5248970985412598, 1.2509384155273438, 0.5434823036193848, 0.6261179447174072, 0.15651290118694305, 0.1599867194890976, 0.8367153406143188, 0.013656741939485073, 0.9942339658737183, 1.4922906160354614, 0.3639029264450073, 0.44513314962387085, 1.0006211996078491, 0.7362996935844421, 0.0003714306512847543, 0.168829545378685, 0.12391075491905212, 0.9859317541122437, 0.30417579412460327, 0.6842569708824158, 0.7805415391921997, 0.5249925255775452, 0.0005728285759687424, 0.45693302154541016, 1.7154508829116821, 0.7377665638923645, 0.5947973132133484, 0.7759146094322205, 0.8912671804428101, -0.0009603402577340603, 1.4413964748382568, 0.00035534799098968506, -0.024270743131637573, 0.9074597954750061, 1.5074588060379028, 0.7257996797561646, 1.2439764738082886, 0.0725785344839096, 1.1889067888259888, 0.14744748175144196, 0.5478372573852539, 0.7559788227081299, 1.8164790868759155, 0.30315229296684265, 0.38455331325531006, 0.10795384645462036, 0.703083872795105, 1.8625115156173706, 0.5157608985900879, 0.9731530547142029, 0.1529579758644104, 0.4356718957424164, 0.8670313358306885, 0.5950780510902405, 0.3414969742298126, 1.0481055974960327, 0.08599855750799179, 0.8272833228111267, 0.9531822204589844]"
sanction,"[7, 2, 5, 18, 8, 6, 12, 5]",34,"[0.5362650752067566, 0.6468119621276855, 0.13760584592819214, 0.10946264863014221, 0.009034386835992336, 0.34533393383026123, 0.47285187244415283, 1.4853127002716064, 0.6446961164474487, 0.5847721695899963, 0.8844836950302124, 0.4022330343723297, 0.04325336962938309, 0.33632978796958923, 0.7406737804412842, 1.0706596374511719, 0.5551697015762329, 0.43123963475227356, 0.26787084341049194, 0.0004925179528072476, 0.4155516028404236, 0.05963103845715523, 0.8629943132400513, 0.6327177286148071, 0.6835808157920837, 0.6819189786911011, 0.7873655557632446, 0.0029430175200104713, 0.33599570393562317, 0.6254152059555054, 1.0920614004135132, 0.5365185141563416, 0.15585489571094513, 0.938966691493988, 0.005629556719213724, 0.44663006067276, -0.012150950729846954, 0.3911612331867218, 1.6072500944137573, 0.5024580359458923, 0.5089596509933472, 0.3567641079425812, -0.031027721241116524, 0.814361035823822, -0.010957986116409302, 0.2656726837158203, 0.38746029138565063, 0.5945073962211609, 0.49790069460868835, 1.2274703979492188, 0.7889087200164795, 1.252375602722168, 0.7396820783615112, 1.1428906917572021, 0.8149784207344055, 0.12446430325508118, 0.7039831876754761, 0.3386343717575073, 1.192824125289917, 0.6921126246452332, 0.6983327865600586, 0.6086315512657166, 0.28695258498191833, 0.18963930010795593]"
superlative,"[7, 13, 3, 4, 11, 14, 2, 8, 6, 28, 4]",34,"[0.5897905230522156, 1.4085693359375, 0.39968064427375793, 0.4149165153503418, 0.005888478830456734, 0.39492058753967285, 1.0481255054473877, 0.9318085312843323, 0.6894630193710327, 0.2358294576406479, 0.5072422027587891, 0.6935523152351379, 0.01922144740819931, 0.6807655096054077, 1.2845520973205566, 0.6190861463546753, 0.6341540813446045, 0.751136302947998, 0.7058680057525635, -0.001530829002149403, 0.35094398260116577, 0.2942485809326172, 1.0374222993850708, 0.4634377956390381, 0.7188295125961304, 0.80768883228302, 0.6030495166778564, 0.004690766334533691, 0.38097327947616577, 1.400659441947937, 0.8590965270996094, 0.5854490399360657, 0.5099267959594727, 0.9107362627983093, 0.007147659081965685, 1.0688743591308594, 0.0035541756078600883, 0.30898985266685486, 1.2212496995925903, 1.2345104217529297, 0.618908166885376, 0.8987903594970703, 0.060280442237854004, 1.1881630420684814, 0.12498888373374939, 0.6535828113555908, 0.7846208810806274, 1.275855302810669, 0.2880614399909973, 0.8450750112533569, 0.29028335213661194, 0.943874716758728, 1.4889562129974365, 0.8156725764274597, 0.8913637399673462, 0.36160045862197876, 0.5881291627883911, 0.6568218469619751, 0.7960802912712097, 0.48286259174346924, 1.0436913967132568, 0.24063606560230255, 0.6593171954154968, 0.7329211831092834]"
systematic,"[7, 21, 7, 8, 4, 19, 2, 8, 6, 18]",34,"[0.9212257862091064, 0.6059517860412598, 0.4815266728401184, 0.45590323209762573, 0.007198669947683811, 0.552240252494812, 0.520534873008728, 1.3232755661010742, 0.6370009183883667, 0.3525318503379822, 0.9291347861289978, 0.6358844041824341, 0.021419307217001915, 0.35541436076164246, 0.7826789617538452, 0.6630538105964661, 1.0430676937103271, 0.5832855701446533, 0.3923068642616272, 0.0007485082605853677, 0.6178733706474304, 0.3137623369693756, 0.6290909647941589, 0.7923049330711365, 1.0572088956832886, 1.107842206954956, 0.8838235139846802, 0.007335948757827282, 0.3600592315196991, 0.5681917667388916, 1.1960117816925049, 0.7786402106285095, 0.40742093324661255, 1.0776335000991821, 0.0054373969323933125, 0.39080268144607544, -0.016476627439260483, 0.5871031880378723, 1.6530147790908813, 0.5534276366233826, 0.43346309661865234, 0.3256071209907532, 0.047496505081653595, 0.6973915696144104, 0.07268606126308441, 0.5376601815223694, 0.5030128955841064, 0.5115107297897339, 0.3601265847682953, 1.4109030961990356, 0.505613386631012, 1.2957894802093506, 0.6429275870323181, 0.7299866080284119, 0.8454300165176392, 0.354385644197464, 0.37522080540657043, 0.32057350873947144, 1.0297702550888062, 0.8422436714172363, 0.8379098773002625, 0.44313129782676697, 0.7384697198867798, 0.28365594148635864]"
tangential,"[8, 2, 5, 17, 4, 5, 8, 6, 2, 14]",34,"[0.5006569027900696, 1.2007508277893066, 0.37168365716934204, 0.4073624908924103, -0.0009297896176576614, 0.4999615252017975, 0.9362552762031555, 0.9775256514549255, 0.583808958530426, 0.3347529172897339, 0.4452940821647644, 0.6299923062324524, 0.023386146873235703, 0.6425899267196655, 1.0870364904403687, 0.6538234949111938, 0.594135046005249, 0.8165931701660156, 0.5571030378341675, -0.000163161545060575, 0.3069944977760315, 0.17311908304691315, 0.9349212646484375, 0.4506247043609619, 0.7554976344108582, 0.7821099758148193, 0.6547380089759827, 0.003282480873167515, 0.5094531774520874, 1.1909608840942383, 0.8989904522895813, 0.6076351404190063, 0.5822410583496094, 0.8472225069999695, -0.0034305977169424295, 1.0174202919006348, -0.021023347973823547, 0.23972615599632263, 1.2363793849945068, 1.0746694803237915, 0.6745133996009827, 0.8286309838294983, 0.06305082887411118, 0.9804027676582336, 0.06629512459039688, 0.5232827663421631, 0.6369792222976685, 1.226757287979126, 0.44877803325653076, 0.8614811897277832, 0.3588658571243286, 0.9744153618812561, 1.3240470886230469, 0.7547433376312256, 0.8057743310928345, 0.23542311787605286, 0.5335052609443665, 0.6655288934707642, 0.8716289401054382, 0.5466800332069397, 0.8791617751121521, 0.24629420042037964, 0.6395767331123352, 0.6360459923744202]"
unambiguous,"[13, 5, 2, 19, 10, 6, 17, 13, 12, 13, 7]",34,"[0.8953722715377808, 0.49988555908203125, 0.23458331823349, 0.36798131465911865, 0.009529647417366505, 1.1174671649932861, 0.08502756059169769, 1.778498888015747, 0.543627142906189, 0.8694990277290344, 1.057172417640686, 0.6770508289337158, 0.05566021054983139, 0.4676525890827179, 0.45459336042404175, 1.004638671875, 1.191475510597229, 1.1643096208572388, 0.06283081322908401, -0.0033124047331511974, 0.9002464413642883, -0.07853567600250244, 0.6298062801361084, 1.5036734342575073, 1.492988109588623, 1.5986294746398926, 1.1494355201721191, -0.003931339830160141, 1.0560897588729858, 0.3601287007331848, 1.8580608367919922, 1.3365776538848877, 0.6867389678955078, 1.3820221424102783, 0.013389378786087036, 0.21778330206871033, 0.0266579519957304, 0.10536979138851166, 2.1584765911102295, 0.1176401674747467, 1.1581966876983643, 0.3800733685493469, 0.24644340574741364, 0.2968151271343231, -0.09642605483531952, -0.09199294447898865, -0.06794098019599915, 0.5943123698234558, 1.0633676052093506, 1.9272360801696777, 1.1619645357131958, 2.019806146621704, 0.46654844284057617, 0.8817734718322754, 0.9703690409660339, -0.090855672955513, 0.6788834929466248, 0.7694100737571716, 1.951317310333252, 1.3624958992004395, 0.7190532684326172, 0.8089672923088074, 0.9509897828102112, 0.12541885673999786]"
unprecedented,"[13, 5, 3, 11, 4, 18, 4, 20, 4, 5, 8, 4, 20]",34,"[0.44673407077789307, 2.1209540367126465, 0.4721549153327942, 0.46593940258026123, 0.003523757681250572, 0.38048672676086426, 1.8591597080230713, 0.3755793869495392, 0.3595988154411316, 0.16082808375358582, 0.18912148475646973, 0.5326830744743347, 0.012815231457352638, 0.7082692384719849, 1.218997597694397, 0.4135061204433441, 0.5144554972648621, 0.9509024620056152, 1.1020961999893188, -0.003769790753722191, 0.2537856698036194, 0.4295274615287781, 1.1601618528366089, 0.33210912346839905, 0.4818222224712372, 0.618510365486145, 0.3936161696910858, 0.0072653330862522125, 0.5659028887748718, 1.988490343093872, 0.424931138753891, 0.4755733609199524, 0.627665102481842, 0.48886480927467346, 0.0066839526407420635, 1.8249788284301758, -0.005838004872202873, 0.19678446650505066, 0.6645627021789551, 2.0122592449188232, 0.7943581342697144, 1.1909866333007812, 0.09287773817777634, 1.5121183395385742, 0.15225861966609955, 1.1819818019866943, 1.0848839282989502, 1.7417714595794678, 0.3256773352622986, 0.48571574687957764, 0.16062957048416138, 0.5060871243476868, 2.0277106761932373, 0.5596538782119751, 0.4157424867153168, 0.4559183716773987, 0.5508002042770386, 0.9628979563713074, 0.3551689386367798, 0.30649280548095703, 0.730747401714325, 0.07989571988582611, 0.6357746720314026, 1.2318459749221802]"
verifiable,"[28, 4, 11, 6, 22, 6, 2, 10, 14, 4]",34,"[0.49973607063293457, 1.1507062911987305, 0.45007383823394775, 0.40213972330093384, 0.00023167207837104797, 0.29965949058532715, 0.8152157068252563, 1.1671221256256104, 0.8933132886886597, 0.2780835032463074, 0.4939897656440735, 0.9104522466659546, 0.0037857703864574432, 0.8734902143478394, 1.5825363397598267, 0.7841454148292542, 0.5173346400260925, 0.6197000741958618, 0.5590938329696655, -0.0011224946938455105, 0.2143697887659073, 0.2148880660533905, 1.0217021703720093, 0.35353559255599976, 0.7666823863983154, 0.791262149810791, 0.701034426689148, 0.007169307209551334, 0.19674943387508392, 1.3087961673736572, 0.9812821745872498, 0.5458506345748901, 0.4866446256637573, 1.2105722427368164, -0.0033694158773869276, 0.8822271227836609, -0.02658991888165474, 0.19196602702140808, 1.573555588722229, 1.0433988571166992, 0.4809090793132782, 0.9222010970115662, -0.0005886182188987732, 1.2965677976608276, 0.13165226578712463, 0.4835011959075928, 0.7257903218269348, 1.418940782546997, 0.26629969477653503, 0.8503285646438599, 0.23686055839061737, 1.1236295700073242, 1.4709677696228027, 0.9277837872505188, 1.216335654258728, 0.25798499584198, 0.647564709186554, 0.4678795337677002, 0.9350716471672058, 0.4505939483642578, 1.3881193399429321, 0.19428065419197083, 0.7057805061340332, 0.567157506942749]"
algorithm,"[2, 14, 17, 12, 11, 6, 8, 9, 19]",34,"[0.7374672889709473, 0.8014307618141174, 0.32549405097961426, 0.38122618198394775, -0.0010777059942483902, 0.7404223084449768, 0.5164647102355957, 1.3299663066864014, 0.5962110161781311, 0.528102457523346, 0.824562132358551, 0.5966324806213379, 0.03334005922079086, 0.5118878483772278, 0.7647013664245605, 0.7203199863433838, 0.8849676847457886, 0.928451418876648, 0.3383546769618988, -0.001086951233446598, 0.5686635971069336, 0.07690063118934631, 0.7150792479515076, 0.8632965087890625, 1.0613421201705933, 1.105190634727478, 0.8692605495452881, 0.006933209486305714, 0.6374711990356445, 0.8044711947441101, 1.231682300567627, 0.8950784802436829, 0.5845158100128174, 1.0855814218521118, 0.0017746742814779282, 0.70301353931427, -0.014441295526921749, 0.30503252148628235, 1.600953459739685, 0.6570172905921936, 0.7764497995376587, 0.584430992603302, 0.10457123816013336, 0.5911638736724854, -0.014537319540977478, 0.2764280140399933, 0.30841130018234253, 0.853517472743988, 0.579265296459198, 1.34061861038208, 0.6747007369995117, 1.3350738286972046, 0.825783371925354, 0.7562549114227295, 0.8786736726760864, 0.09421757608652115, 0.5202129483222961, 0.6282904744148254, 1.263121247291565, 0.9216088652610779, 0.7523999214172363, 0.5248424410820007, 0.7692562937736511, 0.3855980634689331]"
alliance,"[2, 14, 14, 6, 2, 5, 18, 4]",34,"[0.9068484306335449, 0.673357367515564, 0.705070972442627, 0.5878703594207764, -0.004317542538046837, 0.420543909072876, 0.6258617639541626, 1.109768033027649, 0.6385583877563477, 0.30222705006599426, 0.6405017375946045, 0.6658729314804077, 0.012385223992168903, 0.4046442210674286, 0.8640128374099731, 0.5861395597457886, 0.9588442444801331, 0.43861863017082214, 0.43355828523635864, 0.0006521301111206412, 0.4815616011619568, 0.494597464799881, 0.5564247965812683, 0.4922235608100891, 0.9139134883880615, 0.9693780541419983, 0.8597860336303711, 0.00532269012182951, 0.23126812279224396, 0.6059671640396118, 0.9696468710899353, 0.6650694012641907, 0.425580769777298, 0.9598116278648376, -0.0008924349676817656, 0.44850772619247437, -0.009417426772415638, 0.5917805433273315, 1.4483880996704102, 0.6731307506561279, 0.28849858045578003, 0.40331271290779114, 0.008466193452477455, 0.7491446137428284, 0.1682724505662918, 0.7276593446731567, 0.6049833297729492, 0.6950260996818542, 0.30248311161994934, 1.150778889656067, 0.36355599761009216, 1.0747209787368774, 0.7493340969085693, 0.6344526410102844, 0.7856571674346924, 0.5036631226539612, 0.27057018876075745, 0.23908063769340515, 0.7967519760131836, 0.5264326333999634, 0.8681061267852783, 0.2798297107219696, 0.755257248878479, 0.3612222671508789]"
artificial intelligence,"[2, 11, 8, 6, 22, 6, 18, 6, 2, 14, 31, 6, 5, 8, 4, 14, 14, 6, 17, 4, 5, 18, 4]",34,"[1.0143150091171265, 0.3570657968521118, 0.3992850184440613, 0.386449933052063, -0.0038288235664367676, 1.0078279972076416, 0.05858436971902847, 1.7778520584106445, 0.556755781173706, 0.7292724251747131, 1.0984385013580322, 0.8029693961143494, 0.029876695945858955, 0.4732809364795685, 0.6158208847045898, 0.9378045201301575, 1.2282774448394775, 1.021857500076294, 0.07859784364700317, -0.0024317861534655094, 0.8573816418647766, 0.026765234768390656, 0.5804774761199951, 1.3240776062011719, 1.4717473983764648, 1.5802216529846191, 1.1144688129425049, -0.0004187915474176407, 0.7667647004127502, 0.36439669132232666, 1.7892167568206787, 1.1581376791000366, 0.6249550580978394, 1.4293171167373657, 0.009027456864714622, 0.19447359442710876, -0.025831284001469612, 0.3300684988498688, 2.2299985885620117, 0.11851663887500763, 0.9162124991416931, 0.3495802879333496, 0.20593735575675964, 0.39723217487335205, -0.06772306561470032, 0.14408542215824127, 0.1117013692855835, 0.5147165656089783, 0.8670268654823303, 1.8873823881149292, 0.9237805008888245, 1.9328978061676025, 0.2956125736236572, 0.7694904804229736, 1.021344780921936, 0.02465340495109558, 0.5231047868728638, 0.5161697864532471, 1.7396607398986816, 1.265438437461853, 0.876685619354248, 0.6818318367004395, 0.9461100697517395, 0.057561665773391724]"
atomic structure,"[2, 8, 12, 19, 6, 18, 31, 7, 8, 11, 13, 18, 8, 13, 11, 4]",34,"[0.9973098635673523, 1.0873818397521973, 0.6084448099136353, 0.7217012047767639, 0.009080138988792896, 1.0120729207992554, 0.6829912662506104, 1.359626054763794, 0.7426928281784058, 0.34141969680786133, 0.7303828001022339, 0.9651888608932495, 0.026536274701356888, 0.7740774154663086, 1.1406536102294922, 0.5907467007637024, 1.296639323234558, 1.1911426782608032, 0.49061155319213867, -0.0006685146363452077, 0.6761273145675659, 0.3234720230102539, 0.7884623408317566, 0.9828075170516968, 1.4079653024673462, 1.603035569190979, 0.9256254434585571, -0.0009203720837831497, 0.765825092792511, 1.0369582176208496, 1.4521005153656006, 1.157546043395996, 0.8874882459640503, 1.399882435798645, 0.010753175243735313, 0.8413079977035522, -0.02505698800086975, 0.2979363799095154, 1.8310546875, 0.8745177388191223, 0.8583077788352966, 0.8597137928009033, 0.1880660355091095, 0.7967383861541748, 0.06081513315439224, 0.4214731454849243, 0.4238048195838928, 1.1844717264175415, 0.5273489356040955, 1.498848795890808, 0.4267680048942566, 1.5367733240127563, 1.0583083629608154, 0.5981118679046631, 1.074506402015686, 0.21370045840740204, 0.4899849593639374, 0.770193874835968, 1.2418780326843262, 1.1018329858779907, 1.147200584411621, 0.3531864285469055, 1.2591378688812256, 0.5616320967674255]"
automation,"[2, 13, 8, 12, 19, 2, 8, 6, 12, 5]",34,"[0.18758654594421387, 1.372084379196167, -0.06287157535552979, -0.02267371118068695, 0.0037434138357639313, 0.2679084241390228, 0.8891351819038391, 1.3459374904632568, 0.7043646574020386, 0.6642305254936218, 0.6040339469909668, 0.39251506328582764, 0.06081894785165787, 0.6336084604263306, 1.1402091979980469, 1.3227648735046387, 0.18317849934101105, 0.6992131471633911, 0.5116469860076904, -0.000808059936389327, 0.20798616111278534, -0.1003410667181015, 1.4279338121414185, 0.4272958040237427, 0.48368704319000244, 0.3877066671848297, 0.5942593812942505, -0.00034027546644210815, 0.5120470523834229, 1.386238694190979, 0.9474620223045349, 0.39289572834968567, 0.2636689841747284, 0.8286166191101074, 0.0034822537563741207, 1.0879113674163818, 0.0010203169658780098, 0.1011393666267395, 1.4280481338500977, 1.0418108701705933, 0.8652553558349609, 0.9145154356956482, 0.019322732463479042, 1.2938714027404785, -0.030997395515441895, 0.22929109632968903, 0.5616755485534668, 1.3537667989730835, 0.6520819664001465, 0.8735906481742859, 0.806581974029541, 1.1489498615264893, 1.592339038848877, 1.543944001197815, 0.9116665720939636, -0.005448535084724426, 1.1415961980819702, 0.7634636759757996, 1.2943828105926514, 0.49970847368240356, 0.810140073299408, 0.5282511115074158, 0.14467164874076843, 0.5311334133148193]"
capitalism,"[18, 2, 3, 6, 8, 2, 14, 6, 7, 19]",34,"[0.16852067410945892, 2.0688257217407227, 0.28518587350845337, 0.3747003674507141, 0.0005312450230121613, 0.5156381130218506, 1.538292646408081, 0.6492283940315247, 0.5730983018875122, 0.3997814655303955, 0.24063368141651154, 0.8438740372657776, 0.04366070032119751, 1.1263349056243896, 1.786085844039917, 0.5727049112319946, 0.20444950461387634, 1.3069496154785156, 0.9905804395675659, -0.0012401905842125416, 0.12667667865753174, 0.04378211870789528, 1.4061850309371948, 0.3525569438934326, 0.5358619689941406, 0.633899986743927, 0.3838409185409546, 0.0025489432737231255, 0.6097675561904907, 2.3171403408050537, 0.7219613194465637, 0.49836233258247375, 0.8824214339256287, 0.8344001173973083, -0.0021590357646346092, 1.9490458965301514, -0.014334632083773613, -0.1581374704837799, 0.88573157787323, 1.9167729616165161, 1.0774869918823242, 1.6457514762878418, 0.04203730821609497, 1.5471817255020142, 0.15723969042301178, 0.5929737091064453, 0.9618590474128723, 2.2730607986450195, 0.4713825285434723, 0.38076233863830566, 0.4008198380470276, 0.7634143829345703, 2.457379102706909, 0.8014733195304871, 0.9872262477874756, 0.07780463248491287, 0.7994087934494019, 1.1976982355117798, 0.7878151535987854, 0.44864246249198914, 1.0939468145370483, 0.27185940742492676, 0.7233468890190125, 1.2606278657913208]"
civil disobedience,"[18, 6, 28, 6, 14, 31, 20, 6, 7, 12, 10, 4, 20, 6, 4, 5, 18, 4]",34,"[0.37433794140815735, 1.93227219581604, 0.40593355894088745, 0.43737292289733887, 0.004108689725399017, 0.4527807831764221, 1.4665100574493408, 0.7705698013305664, 0.6352381110191345, 0.20018325746059418, 0.24662050604820251, 0.8011979460716248, 0.024796249344944954, 0.9420372843742371, 1.5893791913986206, 0.6578904986381531, 0.46653109788894653, 1.0393794775009155, 0.9047279357910156, -0.0035322837065905333, 0.20394554734230042, 0.19963541626930237, 1.3350114822387695, 0.3095642924308777, 0.590215802192688, 0.7078621983528137, 0.4444417357444763, 0.005655142478644848, 0.4827476441860199, 2.0059282779693604, 0.7230366468429565, 0.5098746418952942, 0.6925522089004517, 0.8565627932548523, -0.005621750373393297, 1.693366289138794, -0.034826867282390594, 0.11132462322711945, 1.0209027528762817, 1.710379958152771, 0.8195026516914368, 1.345266342163086, 0.07863757014274597, 1.5809308290481567, 0.12139497697353363, 0.743216872215271, 0.9561734199523926, 1.9408483505249023, 0.29837697744369507, 0.562943696975708, 0.1562982201576233, 0.757128894329071, 2.094425678253174, 0.8720444440841675, 0.88616544008255, 0.20068359375, 0.7451977133750916, 0.9543197154998779, 0.662560224533081, 0.3989373445510864, 1.110116720199585, 0.1079956442117691, 0.6989660859107971, 1.058605670928955]"
civil rights,"[18, 6, 28, 6, 14, 31, 11, 6, 17, 9, 8, 7]",34,"[0.4392883777618408, 0.9892527461051941, 0.6092087030410767, 0.7508757710456848, 0.004721680656075478, 0.9301790595054626, 0.6426216959953308, 0.8653793931007385, 0.8131133913993835, 0.15574589371681213, 0.27564525604248047, 1.2152223587036133, 0.021273484453558922, 1.243709921836853, 1.6862635612487793, 0.32860833406448364, 0.745973527431488, 1.2550312280654907, 0.4565321207046509, 9.69787361100316e-05, 0.30826401710510254, 0.018275640904903412, 0.7384954690933228, 0.6126149296760559, 1.2039874792099, 1.3433253765106201, 0.6604030132293701, 0.0033775214105844498, 0.5940561890602112, 1.360944390296936, 1.1945295333862305, 0.9615457057952881, 1.0113205909729004, 1.4146599769592285, -0.009467672556638718, 0.9918197393417358, -0.029438383877277374, -0.011995047330856323, 1.4602465629577637, 0.8965377807617188, 0.8103107213973999, 1.2469624280929565, 0.2601122260093689, 0.9546689987182617, 0.2069445550441742, 0.11761830002069473, 0.4886053800582886, 1.800708532333374, 0.36280080676078796, 0.7302079200744629, 0.10954718291759491, 1.1728034019470215, 1.5221325159072876, 0.4958130121231079, 1.4277164936065674, -0.025157153606414795, 0.3872019648551941, 0.8743209838867188, 1.0222681760787964, 0.6708510518074036, 1.406675100326538, 0.13831086456775665, 1.3041988611221313, 0.6533603668212891]"
conservation,"[18, 12, 5, 7, 4, 11, 28, 2, 8, 6, 12, 5]",34,"[0.4223461151123047, 1.1379166841506958, 0.17817069590091705, 0.17775703966617584, 0.008592660538852215, 0.23777031898498535, 0.9100735187530518, 1.089761734008789, 0.6051506400108337, 0.37807756662368774, 0.6098145842552185, 0.4035211205482483, 0.023498855531215668, 0.442510724067688, 0.932435154914856, 0.9089891910552979, 0.4404802620410919, 0.519261360168457, 0.5064898729324341, -0.0007370961830019951, 0.28936463594436646, 0.14929261803627014, 1.0274206399917603, 0.3707693815231323, 0.5208649039268494, 0.4611065089702606, 0.5729702711105347, -0.0005135573446750641, 0.34932228922843933, 1.0897599458694458, 0.7575460076332092, 0.37999358773231506, 0.25296393036842346, 0.6814995408058167, -0.004052652046084404, 0.865780234336853, -0.02295355126261711, 0.412946879863739, 1.250166416168213, 0.9463833570480347, 0.5060364007949829, 0.6413145065307617, 0.008541082963347435, 1.094290852546692, 0.039966434240341187, 0.4879882037639618, 0.6554110050201416, 0.9251853823661804, 0.3854665458202362, 0.8565356731414795, 0.47599226236343384, 0.9073544144630432, 1.2003964185714722, 1.0998681783676147, 0.7022284865379333, 0.22740678489208221, 0.7176180481910706, 0.512916088104248, 0.8343294858932495, 0.45904186367988586, 0.6906761527061462, 0.35747867822647095, 0.2797538936138153, 0.5028607249259949]"
discrimination,"[20, 6, 7, 18, 11, 6, 19, 6, 5, 2, 8, 6, 12, 5]",34,"[0.281994104385376, 1.3079661130905151, -0.04667186737060547, -0.006237521767616272, 0.015048623085021973, 0.23316176235675812, 0.8792721629142761, 1.276521921157837, 0.5511269569396973, 0.640032947063446, 0.7345736026763916, 0.3080623149871826, 0.07465662062168121, 0.44224998354911804, 1.045903205871582, 1.249252438545227, 0.24424263834953308, 0.6097780466079712, 0.5665537118911743, -0.0011699253227561712, 0.23232781887054443, 0.013559699058532715, 1.3242428302764893, 0.45216506719589233, 0.4150957763195038, 0.34154701232910156, 0.4882577061653137, 0.0049919243901968, 0.4326789975166321, 1.2274024486541748, 0.8663559556007385, 0.3094538152217865, 0.2044028639793396, 0.7335591316223145, 0.017941514030098915, 0.9773693680763245, -0.00484952237457037, 0.23849432170391083, 1.355804681777954, 1.027331829071045, 0.80290687084198, 0.7940465807914734, -0.01679091900587082, 1.2191966772079468, 0.019986987113952637, 0.374642550945282, 0.6613680124282837, 1.1041995286941528, 0.5941339135169983, 0.9450272917747498, 0.8204764723777771, 1.0815684795379639, 1.4371014833450317, 1.4537763595581055, 0.785010814666748, 0.11239653080701828, 1.1209251880645752, 0.6333552002906799, 1.1294585466384888, 0.5271318554878235, 0.7133930325508118, 0.5519012212753296, 0.1267911046743393, 0.5084523558616638]"
electron,"[4, 14, 4, 18, 8, 11, 12, 5]",34,"[1.089546799659729, 0.12876716256141663, 0.6551192998886108, 0.5998277068138123, 0.004500377923250198, 1.038182258605957, 0.036705538630485535, 1.5144431591033936, 0.7024657726287842, 0.4018147587776184, 0.9251150488853455, 0.9209457039833069, 0.016368301585316658, 0.5743498206138611, 0.7201353311538696, 0.5455688834190369, 1.454832911491394, 0.7361195087432861, 0.027964897453784943, 0.0005608698120340705, 0.8849747776985168, 0.1443946808576584, 0.34042099118232727, 1.1889504194259644, 1.548371434211731, 1.7155063152313232, 1.1760822534561157, -0.005800887942314148, 0.5196248292922974, 0.21143889427185059, 1.6916122436523438, 1.2914226055145264, 0.6121383309364319, 1.5765827894210815, 0.0014640875160694122, 0.01660206913948059, 0.0024095606058835983, 0.3166843056678772, 2.11445951461792, 0.051785074174404144, 0.5311503410339355, 0.26888391375541687, 0.17815163731575012, 0.34471145272254944, 0.028480753302574158, 0.09795545041561127, 0.12310272455215454, 0.5066795945167542, 0.5432387590408325, 1.690258264541626, 0.5565285086631775, 1.7093807458877563, 0.2156708687543869, 0.44313520193099976, 1.1928093433380127, 0.09085234254598618, 0.23717138171195984, 0.27380526065826416, 1.3933556079864502, 1.0602368116378784, 1.0162014961242676, 0.5016828179359436, 1.1345689296722412, 0.039080746471881866]"
equilibrium,"[4, 24, 13, 6, 14, 6, 10, 11, 6, 13, 19]",34,"[0.42547622323036194, 1.1058335304260254, 0.1549418866634369, 0.2255169302225113, -0.005324529483914375, 0.621275782585144, 0.5824836492538452, 1.2550268173217773, 0.6137738227844238, 0.6400850415229797, 0.6689206957817078, 0.5854169130325317, 0.05759907513856888, 0.6865530610084534, 1.0435762405395508, 1.0350396633148193, 0.5346065759658813, 0.9617167711257935, 0.43996429443359375, -0.0008368655107915401, 0.4235421419143677, -0.012071900069713593, 1.086857795715332, 0.7147687673568726, 0.8246422410011292, 0.8211854696273804, 0.6725839376449585, -0.0043367426842451096, 0.6684644818305969, 1.1274617910385132, 1.1383702754974365, 0.6800297498703003, 0.5521469712257385, 1.0085996389389038, 0.006191419903188944, 0.8974349498748779, -0.0038909022696316242, 0.08431729674339294, 1.518971562385559, 0.8171361684799194, 0.9828498959541321, 0.8516829013824463, 0.11408337950706482, 0.9046875834465027, -0.0021478980779647827, 0.2048000991344452, 0.42336806654930115, 1.215509295463562, 0.718045175075531, 1.0654501914978027, 0.7543737292289734, 1.2734363079071045, 1.2210420370101929, 1.1044756174087524, 0.9594873189926147, 0.0217418372631073, 0.921379566192627, 0.7981462478637695, 1.354002594947815, 0.7364011406898499, 0.866536021232605, 0.48879531025886536, 0.5819670557975769, 0.48656266927719116]"
genetic variation,"[17, 4, 5, 4, 8, 6, 18, 31, 28, 2, 11, 6, 2, 8, 6, 12, 5]",34,"[0.9812968373298645, 0.36009788513183594, 0.4230562150478363, 0.43919217586517334, 0.0030410122126340866, 1.081544280052185, 0.10897216200828552, 1.78714919090271, 0.62569260597229, 0.6271851658821106, 1.0170814990997314, 0.7701349854469299, 0.03338169306516647, 0.5428498983383179, 0.6571205854415894, 0.8805553317070007, 1.285042405128479, 0.9517229795455933, 0.06626266241073608, -0.001986876130104065, 0.8729368448257446, 0.02637506276369095, 0.6194684505462646, 1.2985984086990356, 1.4822243452072144, 1.6566452980041504, 1.1187950372695923, -0.007697414606809616, 0.8043723106384277, 0.35124918818473816, 1.8191144466400146, 1.235573410987854, 0.6018891334533691, 1.4877989292144775, 0.003957865294069052, 0.17891491949558258, -0.02154325321316719, 0.283824622631073, 2.2442545890808105, 0.08194401115179062, 0.8846190571784973, 0.351306289434433, 0.240661159157753, 0.49143022298812866, -0.08055321872234344, 0.07050780206918716, 0.14376211166381836, 0.5554430484771729, 0.803063154220581, 1.8534214496612549, 0.8140051364898682, 1.960070013999939, 0.32535749673843384, 0.7650490403175354, 1.0670344829559326, 0.026881814002990723, 0.5178289413452148, 0.49014678597450256, 1.6759521961212158, 1.2346303462982178, 0.9507739543914795, 0.63016676902771, 0.9703269600868225, 0.03605525195598602]"
globalization,"[17, 14, 12, 10, 2, 14, 6, 15, 2, 8, 6, 12, 5]",34,"[0.21657578647136688, 1.672898769378662, -0.09450715780258179, -0.11130757629871368, 0.018485454842448235, 0.05380621924996376, 1.2799115180969238, 1.06501042842865, 0.5412055850028992, 0.5670009255409241, 0.5153388977050781, 0.2059430629014969, 0.06652779877185822, 0.4738656282424927, 1.0478590726852417, 1.2972220182418823, 0.06299062073230743, 0.6117053031921387, 0.6314411163330078, 0.001997442450374365, 0.1501072347164154, 0.04431629553437233, 1.6040765047073364, 0.2276182472705841, 0.2233244776725769, 0.06478571891784668, 0.3929854929447174, 0.008332643657922745, 0.4336782395839691, 1.6046069860458374, 0.5586889386177063, 0.16613812744617462, 0.1973077654838562, 0.5006068348884583, 0.014597401022911072, 1.3684675693511963, 0.022347204387187958, 0.29862886667251587, 1.1144663095474243, 1.3441706895828247, 0.7979772686958313, 0.9404024481773376, -0.020856227725744247, 1.4783533811569214, -0.04524095356464386, 0.5167616605758667, 0.7755334973335266, 1.345637559890747, 0.5829927921295166, 0.7153946161270142, 0.7267915606498718, 0.8373487591743469, 1.7769765853881836, 1.5993043184280396, 0.6456940174102783, 0.1363566815853119, 1.2691316604614258, 0.7960576415061951, 0.9363593459129333, 0.35797426104545593, 0.542759895324707, 0.4329294264316559, -0.03176330402493477, 0.6279062628746033]"
innovation,"[6, 5, 5, 12, 28, 2, 8, 6, 12, 5]",34,"[0.38418543338775635, 0.7904877066612244, 0.06682927161455154, 0.07938805967569351, 0.009172419086098671, 0.3021334707736969, 0.5717347264289856, 1.3103806972503662, 0.5998796820640564, 0.589981198310852, 0.7585539817810059, 0.33038973808288574, 0.04069848358631134, 0.3848358392715454, 0.7708024978637695, 1.0438299179077148, 0.38791969418525696, 0.49149999022483826, 0.3322603106498718, -0.0009770020842552185, 0.32911407947540283, 0.01213008165359497, 0.9130819439888, 0.5400305390357971, 0.6054753065109253, 0.5269176363945007, 0.6882541179656982, 0.00448827538639307, 0.39179524779319763, 0.756931483745575, 0.9612095952033997, 0.4845871031284332, 0.19669586420059204, 0.80019611120224, -0.0039069876074790955, 0.583458423614502, -0.01750444620847702, 0.29403117299079895, 1.4098777770996094, 0.6234233975410461, 0.5887468457221985, 0.47621768712997437, 0.006735129281878471, 0.8473361730575562, 0.020890653133392334, 0.2322511076927185, 0.4304743707180023, 0.7306361198425293, 0.5345187187194824, 1.0373677015304565, 0.7557012438774109, 1.1194772720336914, 0.9222146272659302, 1.1899794340133667, 0.7689743638038635, 0.09680090099573135, 0.7711870670318604, 0.4446581304073334, 1.1308159828186035, 0.5865456461906433, 0.6623435616493225, 0.5411126613616943, 0.25105226039886475, 0.2698259949684143]"
integration,"[6, 5, 8, 4, 17, 11, 2, 8, 6, 12, 5]",34,"[-0.05734716355800629, 2.2406516075134277, -0.07840146124362946, -0.01615871489048004, 0.010798388160765171, 0.07666806131601334, 1.7659177780151367, 0.5610096454620361, 0.3775736689567566, 0.33089226484298706, 0.16826049983501434, 0.19996100664138794, 0.05216363072395325, 0.6532581448554993, 1.2259107828140259, 0.9419257044792175, -0.10570407658815384, 0.7979140281677246, 0.9867412447929382, -0.002117588184773922, -0.0016150549054145813, 0.025637611746788025, 1.6469758749008179, 0.08849464356899261, -0.007745746523141861, -0.02686518430709839, 0.13989031314849854, 0.003617323935031891, 0.5356729030609131, 2.1533560752868652, 0.27215391397476196, 0.07383435219526291, 0.282457560300827, 0.23926475644111633, 0.006714507471770048, 1.9338738918304443, -0.005184930749237537, 0.053209319710731506, 0.5768265724182129, 1.904825210571289, 0.9232120513916016, 1.271013617515564, 0.03268285095691681, 1.734176516532898, -0.001532435417175293, 0.7574611902236938, 0.9923198223114014, 1.8152596950531006, 0.4413507282733917, 0.191706120967865, 0.38377296924591064, 0.41443270444869995, 2.2481496334075928, 1.225101351737976, 0.4195077121257782, 0.1483292579650879, 1.0583953857421875, 1.044010877609253, 0.5576887726783752, 0.10940234363079071, 0.5475188493728638, 0.20316319167613983, -0.04605848342180252, 1.1203030347824097]"
jurisdiction,"[23, 13, 11, 6, 7, 20, 6, 18, 8, 6, 12, 5]",34,"[0.4367241859436035, 1.1511704921722412, 0.2581500709056854, 0.2870931327342987, 0.005552737042307854, 0.49227139353752136, 0.7182108759880066, 1.1472177505493164, 0.6796700358390808, 0.5108402371406555, 0.6373417973518372, 0.735455334186554, 0.04462527483701706, 0.7089056372642517, 1.2816227674484253, 0.8988941311836243, 0.5149645805358887, 0.8493931293487549, 0.531092643737793, -0.0014280476607382298, 0.3348906636238098, 0.13101111352443695, 1.0293713808059692, 0.6030017733573914, 0.7227342128753662, 0.8096970915794373, 0.6138489246368408, -0.004823815077543259, 0.46814200282096863, 1.245214581489563, 1.0304169654846191, 0.5973905324935913, 0.5152574181556702, 1.035706639289856, 0.0011256542056798935, 0.9224719405174255, -0.008408290334045887, 0.15595102310180664, 1.3791967630386353, 0.9950916767120361, 0.766535222530365, 0.9152266979217529, 0.04060467332601547, 1.066114068031311, 0.13458818197250366, 0.3036037087440491, 0.5808913707733154, 1.2753947973251343, 0.480503648519516, 0.9151028990745544, 0.6059443354606628, 1.0955499410629272, 1.3616100549697876, 1.045166254043579, 0.9760357737541199, 0.11481644958257675, 0.7882179617881775, 0.7024218440055847, 1.116661548614502, 0.6348909735679626, 0.970465362071991, 0.4826558232307434, 0.6117160320281982, 0.6009271740913391]"
market economy,"[19, 2, 11, 16, 4, 8, 31, 4, 18, 12, 5, 12, 19, 21]",34,"[0.9208071827888489, 0.8857700824737549, 0.7165945172309875, 0.6725754141807556, 0.0012688133865594864, 0.8546245098114014, 0.5447375178337097, 1.291443109512329, 0.7999926805496216, 0.3106152415275574, 0.5583961009979248, 0.9651306867599487, 0.015186118893325329, 0.8745447993278503, 1.0910698175430298, 0.6914142966270447, 1.2309023141860962, 0.8670003414154053, 0.29200950264930725, -0.0007708675693720579, 0.637420654296875, 0.3202066719532013, 0.7772850394248962, 0.8223342299461365, 1.3032565116882324, 1.4556694030761719, 1.0127755403518677, -0.006705388426780701, 0.5301043391227722, 0.8872457146644592, 1.2945365905761719, 1.0374852418899536, 0.7135100364685059, 1.3963642120361328, -0.0048287538811564445, 0.7780912518501282, -0.03204340487718582, 0.22788022458553314, 1.853597640991211, 0.6481873989105225, 0.5996270179748535, 0.758759617805481, 0.1623438596725464, 0.8937817215919495, 0.023234039545059204, 0.3426550626754761, 0.2767419219017029, 1.1538809537887573, 0.42257875204086304, 1.27192223072052, 0.3071170449256897, 1.4443589448928833, 0.9061083793640137, 0.6773512363433838, 1.107628583908081, 0.08973514288663864, 0.4871309697628021, 0.5589056611061096, 1.1610698699951172, 0.8249263763427734, 1.1837414503097534, 0.21991091966629028, 1.1456769704818726, 0.3568779230117798]"
neutron,"[5, 4, 13, 8, 11, 12, 5]",34,"[0.6569533944129944, 0.4342349171638489, 0.2676878869533539, 0.2773115932941437, -0.008914321660995483, 0.6092187762260437, 0.31043076515197754, 1.2978520393371582, 0.6317981481552124, 0.480415940284729, 0.7785472273826599, 0.5320099592208862, 0.00266965851187706, 0.43963316082954407, 0.6140146255493164, 0.6744523048400879, 0.7849417328834534, 0.5770992040634155, 0.15051861107349396, -0.006427544169127941, 0.5588600635528564, 0.06240205466747284, 0.5138160586357117, 0.7989999055862427, 0.9391911029815674, 0.9879094362258911, 0.8943947553634644, -0.004049848765134811, 0.4382498264312744, 0.4696574807167053, 1.2024204730987549, 0.844107449054718, 0.3775254487991333, 1.0832215547561646, 0.014840763062238693, 0.3273621201515198, -0.003966810647398233, 0.2574160397052765, 1.5905818939208984, 0.3133733868598938, 0.5832790732383728, 0.3381574749946594, 0.09295498579740524, 0.44109228253364563, -0.003416702151298523, 0.1219864934682846, 0.19699913263320923, 0.6053478717803955, 0.5176023840904236, 1.2464944124221802, 0.594271183013916, 1.3285133838653564, 0.5269445180892944, 0.6856340765953064, 0.8784249424934387, 0.04768671095371246, 0.37960606813430786, 0.39399608969688416, 1.1633974313735962, 0.783547043800354, 0.7085437774658203, 0.5135123133659363, 0.5968436002731323, 0.16471119225025177]"
proton,"[3, 11, 12, 8, 12, 5]",34,"[0.38983505964279175, 0.9217700958251953, 0.27512580156326294, 0.28744491934776306, 0.005953911691904068, 0.35534512996673584, 0.6521806120872498, 1.0282809734344482, 0.7714217901229858, 0.26780426502227783, 0.4721771478652954, 0.6194711327552795, 0.026850644499063492, 0.6791374683380127, 1.123020052909851, 0.6285632252693176, 0.4077683091163635, 0.555592954158783, 0.40226268768310547, -0.0008994325762614608, 0.22391122579574585, 0.10075163841247559, 0.8973628878593445, 0.3487967252731323, 0.6576653122901917, 0.6463754177093506, 0.6293818950653076, 0.009114276617765427, 0.2994612455368042, 1.049311876296997, 0.8199051022529602, 0.49874499440193176, 0.38240736722946167, 0.9712712168693542, -0.004813024774193764, 0.8211308121681213, -0.012696657329797745, 0.2095157504081726, 1.2589378356933594, 0.7860408425331116, 0.5233538150787354, 0.7239287495613098, 0.021525202319025993, 0.9471016526222229, 0.06426913291215897, 0.2562304735183716, 0.5074899196624756, 1.1264396905899048, 0.2597874402999878, 0.7293784618377686, 0.27453064918518066, 0.9020769000053406, 1.196475625038147, 0.7912833094596863, 0.9680363535881042, 0.14299701154232025, 0.510386049747467, 0.5153835415840149, 0.8911755084991455, 0.41313767433166504, 0.9755441546440125, 0.2380889505147934, 0.5297636985778809, 0.46558159589767456]"
ratification,"[11, 2, 8, 6, 22, 6, 18, 2, 8, 6, 12, 5]",34,"[0.6023193001747131, 0.781888484954834, 0.11263730376958847, 0.07594341784715652, 0.011473475024104118, 0.37744489312171936, 0.5361429452896118, 1.539635419845581, 0.6106604337692261, 0.6713711619377136, 0.9974574446678162, 0.3930639624595642, 0.05116532742977142, 0.2959279716014862, 0.800171971321106, 1.1623934507369995, 0.5843430161476135, 0.552049458026886, 0.37328243255615234, -0.001344076357781887, 0.4220294952392578, 0.10097808390855789, 0.9890219569206238, 0.7024208307266235, 0.7821579575538635, 0.6970193982124329, 0.7761298418045044, 0.010705843567848206, 0.41511598229408264, 0.7180293202400208, 1.144967794418335, 0.5489018559455872, 0.1904844343662262, 0.9567536115646362, 0.0129898302257061, 0.5253435373306274, -0.017024759203195572, 0.42841196060180664, 1.6974828243255615, 0.6348099112510681, 0.6630513668060303, 0.41331103444099426, -0.0063347239047288895, 0.8804305195808411, 0.016883209347724915, 0.3423961400985718, 0.48484617471694946, 0.6345055103302002, 0.5863498449325562, 1.36549973487854, 0.8773109912872314, 1.3585034608840942, 0.8649789094924927, 1.2721129655838013, 0.8316193222999573, 0.18921993672847748, 0.8662110567092896, 0.4219649136066437, 1.3074235916137695, 0.7732737064361572, 0.7246426939964294, 0.6585431098937988, 0.3218799829483032, 0.2301173359155655]"
segregation,"[7, 4, 17, 11, 4, 17, 2, 8, 6, 12, 5]",34,"[0.6069347262382507, 0.8193971514701843, 0.1573183834552765, 0.24450144171714783, 0.01088730338960886, 0.5428359508514404, 0.44600340723991394, 1.4557597637176514, 0.6190493702888489, 0.5725481510162354, 0.8803099989891052, 0.4600047767162323, 0.03854324668645859, 0.4132515490055084, 0.7408118844032288, 1.0013636350631714, 0.7073566317558289, 0.7356569766998291, 0.2979124188423157, -0.0018899881979450583, 0.4710535407066345, 0.05593721196055412, 0.8218857049942017, 0.8219984173774719, 0.9036544561386108, 0.9428966045379639, 0.8365522623062134, 0.014332704246044159, 0.5906816720962524, 0.7250853180885315, 1.2291350364685059, 0.7489429712295532, 0.36261186003685, 1.05354905128479, 0.008290182799100876, 0.5242815613746643, -0.01802661642432213, 0.3082943260669708, 1.68670654296875, 0.5312516093254089, 0.7440247535705566, 0.46719062328338623, 0.06168463081121445, 0.6977236866950989, -0.05705238878726959, 0.21999551355838776, 0.26716920733451843, 0.6885780096054077, 0.6141095161437988, 1.2841269969940186, 0.7619121074676514, 1.3706986904144287, 0.7745543718338013, 0.9767242074012756, 0.8524119853973389, 0.09015684574842453, 0.687431275844574, 0.5166108012199402, 1.3127501010894775, 0.8484417796134949, 0.7768568396568298, 0.5575920939445496, 0.525950014591217, 0.2737938165664673]"
socialism,"[7, 12, 18, 6, 2, 14, 6, 7, 19]",34,"[0.3760893940925598, 1.6881128549575806, 0.3182836174964905, 0.40945369005203247, 0.009759281761944294, 0.39847704768180847, 1.3220844268798828, 0.5968522429466248, 0.4969278872013092, 0.2560948133468628, 0.28565138578414917, 0.6068893671035767, 0.0323752760887146, 0.7240345478057861, 1.274139642715454, 0.4699167013168335, 0.3670033812522888, 0.9553455114364624, 0.8088554739952087, -0.0006877625128254294, 0.18570055067539215, 0.20008280873298645, 1.0849757194519043, 0.2852216064929962, 0.5199950337409973, 0.5473540425300598, 0.39016270637512207, 0.0037088152021169662, 0.4677228629589081, 1.6613649129867554, 0.5820736885070801, 0.4549173414707184, 0.6712661385536194, 0.5981237292289734, 0.004806244280189276, 1.4839107990264893, -0.0009870873764157295, 0.14917327463626862, 0.7703821063041687, 1.5396759510040283, 0.757038414478302, 1.1563206911087036, 0.04442457854747772, 1.1737821102142334, 0.14298918843269348, 0.6559885740280151, 0.8289163708686829, 1.5813961029052734, 0.3286677598953247, 0.512683629989624, 0.277203232049942, 0.6326385140419006, 1.8118704557418823, 0.6995679140090942, 0.7046909332275391, 0.2403271347284317, 0.5664750337600708, 0.8962762951850891, 0.5575512647628784, 0.38274577260017395, 0.8038338422775269, 0.16732165217399597, 0.6327962875366211, 0.9573683142662048]"
sustainability,"[7, 13, 7, 8, 2, 6, 5, 2, 10, 6, 14, 6, 8, 21]",34,"[0.3191574811935425, 1.801344871520996, 0.3114001750946045, 0.38399744033813477, 0.01281006820499897, 0.4850579500198364, 1.420522928237915, 0.6824036836624146, 0.4325678050518036, 0.3565934896469116, 0.2762657701969147, 0.6077061891555786, 0.03792673349380493, 0.7606781125068665, 1.3141084909439087, 0.6211204528808594, 0.3948271572589874, 1.0723079442977905, 0.8670496940612793, -0.0021105667110532522, 0.1834494173526764, 0.19731664657592773, 1.204637050628662, 0.3478091359138489, 0.5566908717155457, 0.6302635073661804, 0.4041224420070648, -0.002208532765507698, 0.5942124128341675, 1.75107741355896, 0.667184591293335, 0.4504038989543915, 0.6945582628250122, 0.627638578414917, 0.008768642321228981, 1.586038589477539, -0.033416252583265305, 0.06686180830001831, 0.8694139122962952, 1.6607648134231567, 0.893441379070282, 1.2619881629943848, 0.049719713628292084, 1.3058031797409058, 0.1271420121192932, 0.6687456369400024, 0.8655422925949097, 1.7106940746307373, 0.46966609358787537, 0.5579283833503723, 0.3559724688529968, 0.7525242567062378, 1.9012515544891357, 0.7917843461036682, 0.6580965518951416, 0.21257732808589935, 0.7122776508331299, 0.9549821615219116, 0.6674070954322815, 0.4717448949813843, 0.7888882756233215, 0.20962420105934143, 0.6084181666374207, 1.008378505706787]"
theoretical,"[8, 9, 4, 12, 11, 4, 8, 6, 18, 2, 14]",34,"[1.0169235467910767, 0.8508613109588623, 0.7888238430023193, 0.6963783502578735, -0.003982756286859512, 0.7868199944496155, 0.6864451766014099, 1.2240629196166992, 0.7565950155258179, 0.33483773469924927, 0.6570126414299011, 1.0102918148040771, -0.004716278985142708, 0.7728208899497986, 1.1629457473754883, 0.4824972450733185, 1.2182201147079468, 0.8275336027145386, 0.4086001515388489, -0.0007222376298159361, 0.6333959698677063, 0.4240216910839081, 0.6054852604866028, 0.7925810217857361, 1.3100968599319458, 1.4238076210021973, 1.0672823190689087, -0.0033174995332956314, 0.43553245067596436, 0.8700445294380188, 1.3040175437927246, 1.0296175479888916, 0.7487157583236694, 1.3450547456741333, -0.005028106272220612, 0.7191718220710754, -0.020012151449918747, 0.31956592202186584, 1.7778364419937134, 0.8519100546836853, 0.5220181941986084, 0.6956062912940979, 0.07717336714267731, 0.8231731653213501, 0.12694212794303894, 0.560882568359375, 0.49504369497299194, 1.0585674047470093, 0.3984266519546509, 1.363610029220581, 0.34616971015930176, 1.432621955871582, 0.9671244621276855, 0.5283743739128113, 1.0664420127868652, 0.3136807680130005, 0.3046107590198517, 0.462531715631485, 1.0461218357086182, 0.8516380190849304, 1.1832332611083984, 0.3006487488746643, 1.184966802597046, 0.4317394495010376]"
totalitarianism,"[8, 12, 8, 2, 14, 6, 8, 2, 11, 6, 2, 5, 6, 7, 19]",34,"[0.28851255774497986, 1.6455837488174438, 0.16278071701526642, 0.2626209855079651, -0.0023976974189281464, 0.5303317904472351, 1.0279806852340698, 1.1609383821487427, 0.6830946207046509, 0.5434086322784424, 0.41196781396865845, 0.6838530898094177, 0.04847383499145508, 0.8919354677200317, 1.3872419595718384, 1.0523972511291504, 0.3288732171058655, 1.1069988012313843, 0.6346269845962524, -0.00014784722588956356, 0.2106451839208603, -0.05025830864906311, 1.372042179107666, 0.4695400595664978, 0.7036099433898926, 0.697027862071991, 0.5832785367965698, 0.0026867641136050224, 0.6614344120025635, 1.6519603729248047, 1.0282424688339233, 0.5749288201332092, 0.6644343733787537, 0.9748696088790894, 0.0029997052624821663, 1.3577821254730225, -0.010988014750182629, -0.05093511939048767, 1.3947645425796509, 1.2510844469070435, 1.0199847221374512, 1.216654896736145, 0.08842360973358154, 1.290560007095337, -0.03885279595851898, 0.31591278314590454, 0.600214958190918, 1.795231580734253, 0.657124936580658, 0.79012531042099, 0.5759702324867249, 1.1638463735580444, 1.8228074312210083, 1.177301287651062, 1.0157058238983154, -0.02985745668411255, 0.964519202709198, 0.9709250330924988, 1.2132048606872559, 0.6147206425666809, 1.0068016052246094, 0.34040743112564087, 0.553456723690033, 0.758039116859436]"
anaphora,"[2, 5, 2, 3, 9, 12, 11, 2]",34,"[0.33800166845321655, 1.210647463798523, 0.25131911039352417, 0.2707463800907135, 0.004634695127606392, 0.3119976222515106, 0.8482672572135925, 0.985100507736206, 0.6976862549781799, 0.3448641300201416, 0.406713604927063, 0.5946907997131348, 0.03182831406593323, 0.6856374740600586, 1.2113900184631348, 0.7546122074127197, 0.35539525747299194, 0.6651990413665771, 0.5270619988441467, -0.00047025829553604126, 0.15883395075798035, 0.09571340680122375, 1.0568516254425049, 0.2924218773841858, 0.5706868767738342, 0.5285024642944336, 0.5774165987968445, 0.004304937086999416, 0.35076725482940674, 1.2443569898605347, 0.766838014125824, 0.4455479085445404, 0.4279457926750183, 0.8248037099838257, 0.0019569755531847477, 1.02591872215271, -0.008601288311183453, 0.14906010031700134, 1.196972131729126, 1.0465326309204102, 0.5993621349334717, 0.8734147548675537, 0.0008685067296028137, 1.1003363132476807, 0.06305785477161407, 0.36611253023147583, 0.6052327752113342, 1.2968517541885376, 0.34401410818099976, 0.6845259070396423, 0.36228612065315247, 0.8963485360145569, 1.4301459789276123, 0.94086092710495, 0.9079702496528625, 0.17072898149490356, 0.6655296683311462, 0.6154663562774658, 0.8741803169250488, 0.39318588376045227, 0.9382416605949402, 0.2533423900604248, 0.45466554164886475, 0.5953507423400879]"
dystopia,"[20, 21, 7, 8, 12, 3, 6, 2]",34,"[0.4204256236553192, 1.6054414510726929, 0.46824243664741516, 0.530109703540802, 0.010898962616920471, 0.42738351225852966, 1.2430717945098877, 0.8049591779708862, 0.8581194877624512, 0.15577632188796997, 0.3499758243560791, 0.999001145362854, 0.023526251316070557, 1.0152519941329956, 1.8190703392028809, 0.4068465232849121, 0.47902432084083557, 0.9098614454269409, 0.8031263947486877, -0.0002743927761912346, 0.17734916508197784, 0.2600872814655304, 1.157504916191101, 0.34102505445480347, 0.7067598104476929, 0.8679748773574829, 0.5096350312232971, -0.0030611902475357056, 0.31257110834121704, 1.7951339483261108, 0.8078703284263611, 0.5256848931312561, 0.7020192742347717, 1.1042444705963135, 0.013272197917103767, 1.3717496395111084, -0.002145288046449423, 0.0817190408706665, 1.1260418891906738, 1.5559589862823486, 0.6399189829826355, 1.3338062763214111, 0.022069474682211876, 1.3760000467300415, 0.24675583839416504, 0.5817045569419861, 0.9439214468002319, 1.8242870569229126, 0.18198637664318085, 0.5612950325012207, 0.15339620411396027, 0.8623942732810974, 2.001991033554077, 0.6742722988128662, 1.1916143894195557, 0.3042811453342438, 0.5382026433944702, 0.7893523573875427, 0.721834123134613, 0.4301789104938507, 1.3320848941802979, 0.16160328686237335, 0.8866597414016724, 0.9642977714538574]"
hubris,"[9, 13, 10, 11, 6, 7]",34,"[0.2923824191093445, 1.2672449350357056, 0.18151138722896576, 0.2629423141479492, -0.0008285101503133774, 0.38709166646003723, 1.027782917022705, 0.6119316816329956, 0.4781753718852997, 0.23737359046936035, 0.3918726444244385, 0.47320735454559326, 0.02275015413761139, 0.5707778334617615, 1.06449294090271, 0.4704703390598297, 0.3536983132362366, 0.7682768106460571, 0.6559374332427979, -0.003538699820637703, 0.26970598101615906, 0.07170315831899643, 0.9300904870033264, 0.3801252245903015, 0.4402121305465698, 0.49897366762161255, 0.40001678466796875, 0.0030597755685448647, 0.41744866967201233, 1.3916064500808716, 0.5967482328414917, 0.4411024749279022, 0.46253645420074463, 0.6075544953346252, 0.004608010407537222, 1.1326889991760254, -0.006928010378032923, 0.18980857729911804, 0.7610041499137878, 1.2245181798934937, 0.6821286678314209, 0.8529759049415588, 0.060333624482154846, 1.0062381029129028, 0.14143775403499603, 0.41387245059013367, 0.7271738052368164, 1.251969814300537, 0.27986013889312744, 0.5324749946594238, 0.2703489065170288, 0.5838340520858765, 1.485516905784607, 0.7375238537788391, 0.6559081077575684, 0.15281081199645996, 0.553339958190918, 0.7412901520729065, 0.6175627708435059, 0.3941708505153656, 0.634316086769104, 0.3039296567440033, 0.4035883843898773, 0.7770900130271912]"
stream of consciousness,"[7, 8, 11, 4, 2, 19, 31, 12, 22, 31, 18, 12, 5, 7, 18, 6, 12, 13, 7, 5, 4, 7, 7]",34,"[1.8071956634521484, -0.16815687716007233, 1.3493951559066772, 1.2747308015823364, -0.0021989308297634125, 2.1659958362579346, -0.321603924036026, 1.6747829914093018, 0.6641319394111633, 0.42679929733276367, 0.9257493019104004, 1.4366341829299927, 0.01556855347007513, 0.9250078797340393, 0.5391299724578857, 0.4326339066028595, 2.804335832595825, 1.500199556350708, -0.2912706136703491, -0.00029963464476168156, 1.638458251953125, 0.2148948609828949, 0.04970904439687729, 2.188964605331421, 2.8609440326690674, 3.2893927097320557, 1.7211476564407349, -0.014054981991648674, 1.2559571266174316, -0.10729467123746872, 2.5064167976379395, 2.4173974990844727, 1.3740992546081543, 2.340646982192993, 3.9021018892526627e-05, -0.24166500568389893, 0.0025705574080348015, 0.20860013365745544, 2.9919545650482178, -0.3463667035102844, 1.0149850845336914, 0.3147360384464264, 0.6570125818252563, 0.05936514958739281, 0.038078054785728455, -0.12393972277641296, -0.3057593107223511, 0.6000528931617737, 0.9360113143920898, 2.5500242710113525, 0.6001284718513489, 2.5838775634765625, -0.23725861310958862, 0.12966546416282654, 1.516823172569275, -0.10598902404308319, 0.210146963596344, 0.5644375085830688, 1.9645886421203613, 1.7547147274017334, 1.3247270584106445, 0.44906285405158997, 2.378333330154419, -0.15152142941951752]"
tragic hero,"[8, 11, 2, 17, 6, 18, 31, 9, 4, 11, 12]",34,"[0.6648542881011963, 1.3982388973236084, 0.5821785926818848, 0.6616058349609375, 0.004343466833233833, 0.7638200521469116, 1.1061949729919434, 0.8093406558036804, 0.6352454423904419, 0.14877328276634216, 0.38201087713241577, 0.9003654718399048, 0.0062614125199615955, 0.8957666754722595, 1.3914746046066284, 0.26568251848220825, 0.8313150405883789, 1.099780797958374, 0.6836531162261963, -0.00031129783019423485, 0.40699994564056396, 0.25787901878356934, 0.8327751755714417, 0.5972184538841248, 0.9625833034515381, 1.1498148441314697, 0.6413841247558594, -0.003008762374520302, 0.5516334176063538, 1.4759734869003296, 0.9615108966827393, 0.8454235792160034, 0.8431706428527832, 1.0373321771621704, -0.001529171597212553, 1.283808708190918, -0.022622190415859222, 0.15560396015644073, 1.1696498394012451, 1.3438483476638794, 0.7285272479057312, 1.1047251224517822, 0.13776259124279022, 1.0436758995056152, 0.15330862998962402, 0.5665985345840454, 0.7084320783615112, 1.5625582933425903, 0.2793961763381958, 0.8250995874404907, 0.14221926033496857, 0.983836829662323, 1.5322951078414917, 0.43767210841178894, 0.9424731731414795, 0.21810269355773926, 0.3313766419887543, 0.8031980991363525, 0.7197923064231873, 0.6541275382041931, 1.094160795211792, 0.17713022232055664, 1.0460811853408813, 0.8255767226219177]"
