answer,word_ids,vocab_size,predicted_profiles
choose,"[18, 9, 12, 12, 7, 4]",34,"[0.15336164832115173, 0.1940268874168396, 0.4456087052822113, 0.095908522605896, 0.11109423637390137]"
compare,"[18, 12, 19, 3, 2, 11, 4]",34,"[0.5132606029510498, 0.04377637058496475, 0.1622876077890396, 0.26585736870765686, 0.014817987568676472]"
complete,"[18, 12, 19, 3, 14, 4, 8, 4]",34,"[0.508395791053772, 0.08570033311843872, 0.1979205161333084, 0.18422144651412964, 0.023761872202157974]"
connect,"[18, 12, 5, 5, 4, 18, 8]",34,"[0.20787851512432098, 0.18165312707424164, 0.1979394406080246, 0.3618566393852234, 0.05067221820354462]"
correct,"[18, 12, 11, 11, 4, 18, 8]",34,"[0.36074748635292053, 0.14578166604042053, 0.19881658256053925, 0.2588821053504944, 0.03577212989330292]"
create,"[18, 11, 4, 2, 8, 4]",34,"[0.5551717877388, 0.05829247087240219, 0.20046304166316986, 0.13507339358329773, 0.05099929869174957]"
decide,"[20, 4, 18, 6, 20, 4]",34,"[0.2873121500015259, 0.35309937596321106, 0.12998223304748535, 0.10163608193397522, 0.1279701292514801]"
describe,"[20, 4, 7, 18, 11, 6, 10, 4]",34,"[0.1050153523683548, 0.10392961651086807, 0.23492230474948883, 0.28465536236763, 0.2714773416519165]"
detail,"[20, 4, 8, 2, 6, 14]",34,"[0.19682568311691284, 0.5011430382728577, 0.07080505788326263, 0.21136152744293213, 0.01986473985016346]"
develop,"[20, 4, 28, 4, 14, 12, 3]",34,"[0.13528753817081451, 0.5867069363594055, 0.05637988820672035, 0.21352316439151764, 0.008102452382445335]"
different,"[20, 6, 22, 22, 4, 11, 4, 5, 8]",34,"[0.5409373641014099, 0.06325226277112961, 0.29270824790000916, 0.0884038656949997, 0.014698291197419167]"
discover,"[20, 6, 7, 18, 12, 28, 4, 11]",34,"[0.08567411452531815, 0.04254729673266411, 0.6755688786506653, 0.14509984850883484, 0.051109906286001205]"
example,"[4, 27, 2, 19, 3, 14, 4]",34,"[0.6064937114715576, 0.08472798764705658, 0.1284361034631729, 0.15861576795578003, 0.02172640711069107]"
explain,"[4, 27, 3, 14, 2, 6, 5]",34,"[0.16755110025405884, 0.07313472032546997, 0.49875327944755554, 0.18456898629665375, 0.07599196583032608]"
explore,"[4, 27, 3, 14, 12, 11, 4]",34,"[0.15343903005123138, 0.09852292388677597, 0.3151598870754242, 0.4002110958099365, 0.032667018473148346]"
finally,"[22, 6, 5, 2, 14, 14, 21]",34,"[0.39838096499443054, 0.05552513524889946, 0.4667165279388428, 0.042108435183763504, 0.03726891055703163]"
first,"[22, 6, 11, 7, 8]",34,"[0.35161012411117554, 0.27443864941596985, 0.09271080791950226, 0.2397911548614502, 0.04144936800003052]"
idea,"[6, 20, 4, 2]",34,"[0.58702152967453, 0.06671939790248871, 0.1625228077173233, 0.13413161039352417, 0.04960470274090767]"
imagine,"[6, 19, 2, 17, 6, 5, 4]",34,"[0.11459668725728989, 0.20125244557857513, 0.27328237891197205, 0.380534291267395, 0.030334193259477615]"
important,"[6, 19, 3, 12, 11, 8, 2, 5, 8]",34,"[0.08863496780395508, 0.1057211235165596, 0.18053334951400757, 0.610660970211029, 0.014449544250965118]"
improve,"[6, 19, 3, 11, 12, 28, 4]",34,"[0.07750485837459564, 0.028169745579361916, 0.6455557942390442, 0.2375926971435547, 0.01117679849267006]"
information,"[6, 5, 22, 12, 11, 19, 2, 8, 6, 12, 5]",34,"[0.05881935730576515, 0.11145661771297455, 0.4877769351005554, 0.3281630873680115, 0.013784022070467472]"
learn,"[14, 4, 2, 11, 5]",34,"[0.6027430295944214, 0.06198214367032051, 0.17480766773223877, 0.13098874688148499, 0.029478397220373154]"
middle,"[19, 6, 20, 20, 14, 4]",34,"[0.5203419923782349, 0.08336327224969864, 0.21757367253303528, 0.11634507030248642, 0.06237604096531868]"
next,"[5, 4, 27, 8]",34,"[0.23933224380016327, 0.22846588492393494, 0.17060600221157074, 0.3061292767524719, 0.05546651780605316]"
notice,"[5, 12, 8, 6, 18, 4]",34,"[0.1258859932422638, 0.2745889723300934, 0.21884305775165558, 0.22170425951480865, 0.1589777022600174]"
observe,"[12, 10, 7, 4, 11, 28, 4]",34,"[0.45622172951698303, 0.06745374202728271, 0.18790552020072937, 0.2572259306907654, 0.03119307942688465]"
order,"[12, 11, 20, 4, 11]",34,"[0.3579224944114685, 0.13554254174232483, 0.19856201112270355, 0.20313765108585358, 0.10483536869287491]"
organize,"[12, 11, 17, 2, 5, 6, 15, 4]",34,"[0.11421665549278259, 0.07761640846729279, 0.48006197810173035, 0.24447008967399597, 0.0836348757147789]"
predict,"[3, 11, 4, 20, 6, 18, 8]",34,"[0.22076894342899323, 0.37328454852104187, 0.1740555763244629, 0.16071771085262299, 0.07117320597171783]"
problem,"[3, 11, 12, 10, 14, 4, 19]",34,"[0.1007218062877655, 0.10693375766277313, 0.09505587816238403, 0.6837489604949951, 0.01353969145566225]"
question,"[24, 13, 4, 7, 8, 6, 12, 5]",34,"[0.11424773186445236, 0.02796098217368126, 0.7802597880363464, 0.06555374711751938, 0.011977802030742168]"
reason,"[11, 4, 2, 7, 12, 5]",34,"[0.49042707681655884, 0.1272539645433426, 0.16640107333660126, 0.17527177929878235, 0.040646035224199295]"
require,"[11, 4, 24, 13, 6, 11, 4]",34,"[0.6214089393615723, 0.10852663218975067, 0.14456942677497864, 0.07504445314407349, 0.05045054107904434]"
similar,"[7, 6, 19, 6, 14, 2, 11]",34,"[0.12409581989049911, 0.7425990700721741, 0.02137700654566288, 0.10385126620531082, 0.00807682704180479]"
solution,"[7, 12, 14, 13, 8, 6, 12, 5]",34,"[0.061666566878557205, 0.1763404905796051, 0.42416638135910034, 0.30251848697662354, 0.035308048129081726]"
succeed,"[7, 13, 18, 18, 4, 4, 20]",34,"[0.1687534898519516, 0.05665246397256851, 0.5494259595870972, 0.0854174792766571, 0.13975057005882263]"
understand,"[13, 5, 20, 4, 11, 7, 8, 2, 5, 20]",34,"[0.2785624861717224, 0.2423335760831833, 0.12639562785625458, 0.2983000874519348, 0.0544082447886467]"
wonder,"[26, 12, 5, 20, 4, 11]",34,"[0.44209814071655273, 0.08641538769006729, 0.22103998064994812, 0.16228975355625153, 0.08815673738718033]"
achieve,"[2, 18, 9, 6, 4, 28, 4]",34,"[0.8940373659133911, 0.013617056421935558, 0.057720426470041275, 0.02817578986287117, 0.006449324078857899]"
addition,"[2, 20, 20, 6, 8, 6, 12, 5]",34,"[0.06657969951629639, 0.17116157710552216, 0.4114241302013397, 0.271036833524704, 0.07979778945446014]"
citizen,"[18, 6, 8, 6, 15, 4, 5]",34,"[0.045392971485853195, 0.18695798516273499, 0.03654201701283455, 0.064572773873806, 0.6665342450141907]"
community,"[18, 12, 19, 19, 13, 5, 6, 8, 21]",34,"[0.1311739832162857, 0.08977340161800385, 0.4770653247833252, 0.22341376543045044, 0.07857357710599899]"
continent,"[18, 12, 5, 8, 6, 5, 4, 5, 8]",34,"[0.11869488656520844, 0.6328564882278442, 0.058239299803972244, 0.11763296276330948, 0.07257635146379471]"
energy,"[4, 5, 4, 11, 17, 21]",34,"[0.31482964754104614, 0.2305075228214264, 0.11087910085916519, 0.2185138761997223, 0.12526987493038177]"
equal,"[4, 24, 13, 2, 14]",34,"[0.31177112460136414, 0.15606901049613953, 0.17389161884784698, 0.3251205384731293, 0.03314768150448799]"
globe,"[17, 14, 12, 10, 4]",34,"[0.2761569023132324, 0.298931360244751, 0.1474129557609558, 0.23641709983348846, 0.04108162969350815]"
habitat,"[9, 2, 10, 6, 8, 2, 8]",34,"[0.1475803554058075, 0.3169437646865845, 0.25597134232521057, 0.23200325667858124, 0.047501251101493835]"
insect,"[6, 5, 7, 4, 18, 8]",34,"[0.1617049127817154, 0.24748215079307556, 0.19009625911712646, 0.3071087598800659, 0.09360796213150024]"
mammal,"[19, 2, 19, 19, 2, 14]",34,"[0.23269017040729523, 0.10828926414251328, 0.4082987904548645, 0.19723370671272278, 0.053488023579120636]"
map,"[19, 2, 3]",34,"[0.20406748354434967, 0.2963505983352661, 0.30646204948425293, 0.11107796430587769, 0.08204194903373718]"
material,"[19, 2, 8, 4, 11, 6, 2, 14]",34,"[0.28452882170677185, 0.19609682261943817, 0.18241913616657257, 0.2881131172180176, 0.04884215071797371]"
mayor,"[19, 2, 21, 12, 11]",34,"[0.34581950306892395, 0.12838014960289001, 0.06126464530825615, 0.42953988909721375, 0.03499581664800644]"
ocean,"[12, 18, 4, 2, 5]",34,"[0.5647032856941223, 0.08315793424844742, 0.1947936713695526, 0.10756997764110565, 0.04977509006857872]"
reptile,"[11, 4, 3, 8, 6, 14, 4]",34,"[0.2274657040834427, 0.11363836377859116, 0.493603378534317, 0.14417867362499237, 0.021113872528076172]"
season,"[7, 4, 2, 7, 12, 5]",34,"[0.2822299599647522, 0.18224535882472992, 0.1931827962398529, 0.2851211428642273, 0.057220708578825]"
subtraction,"[7, 13, 10, 8, 11, 2, 18, 8, 6, 12, 5]",34,"[0.03436100482940674, 0.6506689786911011, 0.10700421035289764, 0.19142860174179077, 0.01653716154396534]"
temperature,"[8, 4, 19, 3, 4, 11, 2, 8, 13, 11, 4]",34,"[0.25252795219421387, 0.11337729543447495, 0.15783943235874176, 0.4628748595714569, 0.013380500487983227]"
weather,"[26, 4, 2, 8, 9, 4, 11]",34,"[0.3714193105697632, 0.07370297610759735, 0.41713735461235046, 0.11553643643856049, 0.022203871980309486]"
author,"[2, 13, 8, 9, 12, 11]",34,"[0.14635206758975983, 0.07297172397375107, 0.6901593208312988, 0.07817015796899796, 0.01234667468816042]"
beginning,"[10, 4, 17, 6, 5, 5, 6, 5, 17]",34,"[0.3075925409793854, 0.09985610842704773, 0.43208950757980347, 0.11224602162837982, 0.048215802758932114]"
chapter,"[18, 9, 2, 3, 8, 4, 11]",34,"[0.28912195563316345, 0.12028209120035172, 0.46735671162605286, 0.10160645842552185, 0.02163279801607132]"
character,"[18, 9, 2, 11, 2, 18, 8, 4, 11]",34,"[0.4483051002025604, 0.07498413324356079, 0.2707904577255249, 0.18674616515636444, 0.01917421817779541]"
ending,"[4, 5, 20, 6, 5, 17]",34,"[0.22050710022449493, 0.18478579819202423, 0.24558581411838531, 0.14917877316474915, 0.19994254410266876]"
fable,"[22, 2, 10, 14, 4]",34,"[0.22915633022785187, 0.211772158741951, 0.2236500382423401, 0.29997774958610535, 0.035443779081106186]"
fact,"[22, 2, 18, 8]",34,"[0.1761901080608368, 0.10690348595380783, 0.3940906524658203, 0.22335098683834076, 0.0994647964835167]"
fiction,"[22, 6, 18, 8, 6, 12, 5]",34,"[0.11752165108919144, 0.12478220462799072, 0.4206332862377167, 0.2550274133682251, 0.08203540742397308]"
illustrator,"[6, 14, 14, 13, 7, 8, 11, 2, 8, 12, 11]",34,"[0.14416535198688507, 0.05830793455243111, 0.5106961131095886, 0.2682355046272278, 0.018595080822706223]"
moral,"[19, 12, 11, 2, 14]",34,"[0.2946432828903198, 0.2794390320777893, 0.07333286106586456, 0.3230370283126831, 0.029547827318310738]"
narrator,"[5, 2, 11, 11, 2, 8, 12, 11]",34,"[0.10300591588020325, 0.3104173243045807, 0.0737629160284996, 0.49455195665359497, 0.01826190948486328]"
nonfiction,"[5, 12, 5, 22, 6, 18, 8, 6, 12, 5]",34,"[0.07388745248317719, 0.05120614916086197, 0.7229548096656799, 0.10991833359003067, 0.04203328490257263]"
opinion,"[12, 3, 6, 5, 6, 12, 5]",34,"[0.19985458254814148, 0.138445645570755, 0.36958131194114685, 0.2278468906879425, 0.06427153199911118]"
poem,"[3, 12, 4, 19]",34,"[0.5771650671958923, 0.1089475005865097, 0.11868599057197571, 0.1712343841791153, 0.023967036977410316]"
rhyme,"[11, 9, 21, 19, 4]",34,"[0.3009529411792755, 0.2945011258125305, 0.10820929706096649, 0.18566074967384338, 0.11067590862512589]"
setting,"[7, 4, 8, 8, 6, 5, 17]",34,"[0.18494518101215363, 0.17994143068790436, 0.47510042786598206, 0.11264137178659439, 0.047371622174978256]"
title,"[8, 6, 8, 14, 4]",34,"[0.5501260161399841, 0.13442116975784302, 0.1459062546491623, 0.12319620698690414, 0.046350378543138504]"
agree,"[2, 17, 11, 4, 4]",34,"[0.33782079815864563, 0.15692585706710815, 0.3828360140323639, 0.10191580653190613, 0.020501527935266495]"
alphabetical,"[2, 14, 3, 9, 2, 10, 4, 8, 6, 18, 2, 14]",34,"[0.10626751184463501, 0.06476008147001266, 0.4348286986351013, 0.3138091266155243, 0.08033467829227448]"
antonym,"[2, 5, 8, 12, 5, 21, 19]",34,"[0.08614901453256607, 0.07221691310405731, 0.070081427693367, 0.7545125484466553, 0.017040034756064415]"
because,"[10, 4, 18, 2, 13, 7, 4]",34,"[0.6932971477508545, 0.09374813735485077, 0.13025915622711182, 0.058249857276678085, 0.024445626884698868]"
blend,"[10, 14, 4, 5, 20]",34,"[0.2010832279920578, 0.24214522540569305, 0.19281256198883057, 0.22432270646095276, 0.1396363079547882]"
compound,"[18, 12, 19, 3, 12, 13, 5, 20]",34,"[0.11907263100147247, 0.1546768844127655, 0.43514373898506165, 0.26023849844932556, 0.03086818754673004]"
consonant,"[18, 12, 5, 7, 12, 5, 2, 5, 8]",34,"[0.1305779218673706, 0.1792643517255783, 0.10645168274641037, 0.5313395857810974, 0.0523664690554142]"
contraction,"[18, 12, 5, 8, 11, 2, 18, 8, 6, 12, 5]",34,"[0.06113540008664131, 0.27213722467422485, 0.2590315341949463, 0.3510975241661072, 0.05659838020801544]"
definition,"[20, 4, 22, 6, 5, 6, 8, 6, 12, 5]",34,"[0.07406901568174362, 0.15993526577949524, 0.5093662142753601, 0.22647856175899506, 0.03015100210905075]"
dictionary,"[20, 6, 18, 8, 6, 12, 5, 2, 11, 21]",34,"[0.0922946184873581, 0.2703165113925934, 0.23642748594284058, 0.33324679732322693, 0.06771471351385117]"
digraph,"[20, 6, 17, 11, 2, 3, 9]",34,"[0.1109774261713028, 0.22933124005794525, 0.4412803649902344, 0.1893945187330246, 0.02901645004749298]"
disagree,"[20, 6, 7, 2, 17, 11, 4, 4]",34,"[0.1661383956670761, 0.28116974234580994, 0.38181447982788086, 0.1433083713054657, 0.027568917721509933]"
glossary,"[17, 14, 12, 7, 7, 2, 11, 21]",34,"[0.11482405662536621, 0.16724462807178497, 0.3163442015647888, 0.3642858564853668, 0.037301212549209595]"
homophone,"[9, 12, 19, 12, 3, 9, 12, 5, 4]",34,"[0.1551591008901596, 0.1530190408229828, 0.3208008408546448, 0.353661447763443, 0.017359623685479164]"
incorrect,"[6, 5, 18, 12, 11, 11, 4, 18, 8]",34,"[0.12409099191427231, 0.07661101222038269, 0.394626647233963, 0.3559468984603882, 0.04872441291809082]"
plural,"[3, 14, 13, 11, 2, 14]",34,"[0.19426734745502472, 0.4505416452884674, 0.14058829843997955, 0.18440450727939606, 0.03019818663597107]"
possessive,"[3, 12, 7, 7, 4, 7, 7, 6, 28, 4]",34,"[0.031593937426805496, 0.0311663169413805, 0.8884066939353943, 0.04224164038896561, 0.006591347977519035]"
prefix,"[3, 11, 4, 22, 6, 27]",34,"[0.24763906002044678, 0.4635569453239441, 0.12409323453903198, 0.1468862146139145, 0.017824549227952957]"
singular,"[7, 6, 5, 17, 13, 14, 2, 11]",34,"[0.2889045476913452, 0.4734141528606415, 0.07435256242752075, 0.14480626583099365, 0.01852237619459629]"
suffix,"[7, 13, 22, 22, 6, 27]",34,"[0.09231800585985184, 0.3771529197692871, 0.33638641238212585, 0.17162184417247772, 0.022520897909998894]"
syllable,"[7, 21, 14, 14, 2, 10, 14, 4]",34,"[0.17403188347816467, 0.11699848622083664, 0.39876413345336914, 0.25183817744255066, 0.05836724489927292]"
synonym,"[7, 21, 5, 12, 5, 21, 19]",34,"[0.12717391550540924, 0.1034153401851654, 0.04911240190267563, 0.6727452874183655, 0.04755306988954544]"
vowel,"[28, 12, 26, 4, 14]",34,"[0.6826697587966919, 0.1713607758283615, 0.060616832226514816, 0.07640164345502853, 0.008950943127274513]"
accurate,"[2, 18, 18, 13, 11, 2, 8, 4]",34,"[0.16628296673297882, 0.13434162735939026, 0.3878922462463379, 0.21729767322540283, 0.0941854789853096]"
analyze,"[2, 5, 2, 14, 21, 15, 4]",34,"[0.20013807713985443, 0.4540489614009857, 0.19674283266067505, 0.09575164318084717, 0.053318556398153305]"
apply,"[2, 3, 3, 14, 21]",34,"[0.2453794777393341, 0.11475345492362976, 0.47074568271636963, 0.08726824074983597, 0.08185312896966934]"
arrange,"[2, 11, 11, 2, 5, 17, 4]",34,"[0.2849387526512146, 0.13583782315254211, 0.3898550570011139, 0.16185709834098816, 0.027511201798915863]"
audience,"[2, 13, 20, 6, 4, 5, 18, 4]",34,"[0.14056715369224548, 0.2205507755279541, 0.12271302938461304, 0.21831105649471283, 0.29785799980163574]"
category,"[18, 2, 8, 4, 17, 12, 11, 21]",34,"[0.10739608854055405, 0.11213450133800507, 0.03471897915005684, 0.7220188975334167, 0.023731503635644913]"
classify,"[18, 14, 2, 7, 7, 6, 22, 21]",34,"[0.22568818926811218, 0.07159566134214401, 0.41859370470046997, 0.1027640774846077, 0.18135826289653778]"
combine,"[18, 12, 19, 10, 6, 5, 4]",34,"[0.18342256546020508, 0.12979672849178314, 0.5019866824150085, 0.11661220341920853, 0.0681818500161171]"
conclusion,"[18, 12, 5, 18, 14, 13, 7, 6, 12, 5]",34,"[0.10272879153490067, 0.13011735677719116, 0.47881725430488586, 0.15902455151081085, 0.12931205332279205]"
contrast,"[18, 12, 5, 8, 11, 2, 7, 8]",34,"[0.13710401952266693, 0.5131077766418457, 0.10502973198890686, 0.19595837593078613, 0.04880013316869736]"
contribute,"[18, 12, 5, 8, 11, 6, 10, 13, 8, 4]",34,"[0.06580597907304764, 0.08555428683757782, 0.4135553240776062, 0.39100977778434753, 0.04407467693090439]"
demonstrate,"[20, 4, 19, 12, 5, 7, 8, 11, 2, 8, 4]",34,"[0.09048426896333694, 0.10412351787090302, 0.12725089490413666, 0.6600379943847656, 0.01810331456363201]"
determine,"[20, 4, 8, 4, 11, 19, 6, 5, 4]",34,"[0.4079025983810425, 0.21357901394367218, 0.1380574107170105, 0.21472954750061035, 0.02573135867714882]"
distinguish,"[20, 6, 7, 8, 6, 5, 17, 13, 6, 7, 9]",34,"[0.12397562712430954, 0.07578564435243607, 0.6076532602310181, 0.0873633325099945, 0.10522206127643585]"
edit,"[4, 20, 6, 8]",34,"[0.2633323073387146, 0.22655166685581207, 0.11754430085420609, 0.227164164185524, 0.16540759801864624]"
entertain,"[4, 5, 8, 4, 11, 8, 2, 6, 5]",34,"[0.29741138219833374, 0.3993088901042938, 0.13194327056407928, 0.1579572558403015, 0.013379165902733803]"
evidence,"[4, 28, 6, 20, 4, 5, 18, 4]",34,"[0.18507522344589233, 0.05539362505078316, 0.06887374818325043, 0.546145498752594, 0.14451198279857635]"
examine,"[4, 27, 2, 19, 6, 5, 4]",34,"[0.2264692485332489, 0.32449057698249817, 0.1107659637928009, 0.3148846924304962, 0.023389503359794617]"
experiment,"[4, 27, 3, 4, 11, 6, 19, 4, 5, 8]",34,"[0.09125443547964096, 0.45173418521881104, 0.08222665637731552, 0.3403049111366272, 0.034479767084121704]"
generate,"[17, 4, 5, 4, 11, 2, 8, 4]",34,"[0.3073350787162781, 0.17911148071289062, 0.18720488250255585, 0.30448272824287415, 0.02186584658920765]"
identify,"[6, 20, 4, 5, 8, 6, 22, 21]",34,"[0.19978077709674835, 0.2549383044242859, 0.20793014764785767, 0.22009962797164917, 0.11725113540887833]"
infer,"[6, 5, 22, 4, 11]",34,"[0.3301040530204773, 0.25943541526794434, 0.22518040239810944, 0.13259680569171906, 0.05268329009413719]"
inform,"[6, 5, 22, 12, 11, 19]",34,"[0.13745670020580292, 0.21366511285305023, 0.21611833572387695, 0.40255632996559143, 0.0302035603672266]"
interpret,"[6, 5, 8, 4, 11, 3, 11, 4, 8]",34,"[0.4195472002029419, 0.08998782932758331, 0.23609572649002075, 0.23204660415649414, 0.022322585806250572]"
introduce,"[6, 5, 8, 11, 12, 20, 13, 18, 4]",34,"[0.1385757327079773, 0.5520219802856445, 0.2172286957502365, 0.06976912915706635, 0.022404411807656288]"
investigate,"[6, 5, 28, 4, 7, 8, 6, 17, 2, 8, 4]",34,"[0.15213564038276672, 0.03720931336283684, 0.27260810136795044, 0.5294663906097412, 0.008580542169511318]"
judge,"[23, 13, 20, 17, 4]",34,"[0.3123757839202881, 0.16500762104988098, 0.3221547305583954, 0.1434391289949417, 0.057022832334041595]"
locate,"[14, 12, 18, 2, 8, 4]",34,"[0.28427475690841675, 0.16678975522518158, 0.12097012251615524, 0.38480618596076965, 0.04315910488367081]"
meaningful,"[19, 4, 2, 5, 6, 5, 17, 22, 13, 14]",34,"[0.4588035047054291, 0.18161237239837646, 0.24457505345344543, 0.1074821949005127, 0.007526992354542017]"
paraphrase,"[3, 2, 11, 2, 3, 9, 11, 2, 7, 4]",34,"[0.16067978739738464, 0.36753135919570923, 0.28131553530693054, 0.16889187693595886, 0.021581439301371574]"
persuade,"[3, 4, 11, 7, 13, 2, 20, 4]",34,"[0.10078144818544388, 0.06397838145494461, 0.11584953963756561, 0.6937530636787415, 0.025637561455368996]"
prediction,"[3, 11, 4, 20, 6, 18, 8, 6, 12, 5]",34,"[0.09642723202705383, 0.30351579189300537, 0.3794253468513489, 0.16194626688957214, 0.058685384690761566]"
publish,"[3, 13, 10, 14, 6, 7, 9]",34,"[0.0704098492860794, 0.666822612285614, 0.1801224797964096, 0.0691024512052536, 0.013542587868869305]"
purpose,"[3, 13, 11, 3, 12, 7, 4]",34,"[0.12000221014022827, 0.4011678993701935, 0.18281877040863037, 0.2816533148288727, 0.014357803389430046]"
reference,"[11, 4, 22, 4, 11, 4, 5, 18, 4]",34,"[0.15420636534690857, 0.37756481766700745, 0.14303243160247803, 0.18451876938343048, 0.14067760109901428]"
relevant,"[11, 4, 14, 4, 28, 2, 5, 8]",34,"[0.27140915393829346, 0.033151499927043915, 0.08840334415435791, 0.5993499755859375, 0.007686028257012367]"
reliable,"[11, 4, 14, 6, 2, 10, 14, 4]",34,"[0.17967501282691956, 0.28545865416526794, 0.19368010759353638, 0.2674931585788727, 0.07369302958250046]"
represent,"[11, 4, 3, 11, 4, 7, 4, 5, 8]",34,"[0.20496207475662231, 0.06212438642978668, 0.647641658782959, 0.06497016549110413, 0.020301753655076027]"
result,"[11, 4, 7, 13, 14, 8]",34,"[0.27833133935928345, 0.4062936007976532, 0.08880001306533813, 0.19329679012298584, 0.03327827528119087]"
retell,"[11, 4, 8, 4, 14, 14]",34,"[0.4082305133342743, 0.07794784754514694, 0.34360313415527344, 0.11207502335309982, 0.058143552392721176]"
revise,"[11, 4, 28, 6, 7, 4]",34,"[0.6222288608551025, 0.048826899379491806, 0.12122714519500732, 0.1643611341714859, 0.04335600510239601]"
sequence,"[7, 4, 24, 13, 4, 5, 18, 4]",34,"[0.17241179943084717, 0.07981798052787781, 0.138897106051445, 0.5184118151664734, 0.09046131372451782]"
source,"[7, 12, 13, 11, 18, 4]",34,"[0.43797245621681213, 0.22833000123500824, 0.10678261518478394, 0.15296781063079834, 0.07394716143608093]"
summarize,"[7, 13, 19, 19, 2, 11, 6, 15, 4]",34,"[0.11998973041772842, 0.08725079149007797, 0.5335978269577026, 0.2246575653553009, 0.03450409322977066]"
support,"[7, 13, 3, 3, 12, 11, 8]",34,"[0.05600187927484512, 0.05428198724985123, 0.39517155289649963, 0.47446051239967346, 0.020083997398614883]"
symbol,"[7, 21, 19, 10, 12, 14]",34,"[0.09714680165052414, 0.25555410981178284, 0.1873200684785843, 0.3896021246910095, 0.07037699222564697]"
topic,"[8, 12, 3, 6, 18]",34,"[0.1798538863658905, 0.20431561768054962, 0.14221404492855072, 0.29013487696647644, 0.1834816038608551]"
adjective,"[2, 20, 23, 4, 18, 8, 6, 28, 4]",34,"[0.20626038312911987, 0.09409579634666443, 0.23971034586429596, 0.43174248933792114, 0.02819102630019188]"
adverb,"[2, 20, 28, 4, 11, 10]",34,"[0.16679547727108002, 0.14780010282993317, 0.3993418216705322, 0.23004789650440216, 0.05601460486650467]"
affix,"[2, 22, 22, 6, 27]",34,"[0.1190718561410904, 0.4031653106212616, 0.2618328034877777, 0.1837746798992157, 0.03215548023581505]"
alliteration,"[2, 14, 14, 6, 8, 4, 11, 2, 8, 6, 12, 5]",34,"[0.07125109434127808, 0.03797071427106857, 0.7869936227798462, 0.07661107182502747, 0.02717350423336029]"
ancient,"[2, 5, 18, 6, 4, 5, 8]",34,"[0.17873315513134003, 0.39065414667129517, 0.13687840104103088, 0.2179742157459259, 0.07576004415750504]"
conjunction,"[18, 12, 5, 23, 13, 5, 18, 8, 6, 12, 5]",34,"[0.062407515943050385, 0.04393798112869263, 0.5278130769729614, 0.3232213854789734, 0.04261995479464531]"
curious,"[18, 13, 11, 6, 12, 13, 7]",34,"[0.1570175439119339, 0.24868686497211456, 0.32593420147895813, 0.17828574776649475, 0.09007563441991806]"
eager,"[4, 2, 17, 4, 11]",34,"[0.4946334958076477, 0.11849665641784668, 0.21440616250038147, 0.1255495250225067, 0.04691429063677788]"
enormous,"[4, 5, 12, 11, 19, 12, 13, 7]",34,"[0.09368456900119781, 0.5176182389259338, 0.04786328971385956, 0.31975439190864563, 0.02107950858771801]"
hyperbole,"[9, 21, 3, 4, 11, 10, 12, 14, 4]",34,"[0.11539874225854874, 0.24367974698543549, 0.10026643425226212, 0.510621964931488, 0.03003314882516861]"
idiom,"[6, 20, 6, 12, 19]",34,"[0.1319354623556137, 0.18868227303028107, 0.09906821697950363, 0.5234164595603943, 0.05689757317304611]"
literal,"[14, 6, 8, 4, 11, 2, 14]",34,"[0.26132383942604065, 0.2577970027923584, 0.18378877639770508, 0.22050610184669495, 0.07658425718545914]"
metaphor,"[19, 4, 8, 2, 3, 9, 12, 11]",34,"[0.13369864225387573, 0.16109667718410492, 0.5157841444015503, 0.1730087250471115, 0.016411732882261276]"
multiple-meaning word,"[19, 13, 14, 8, 6, 3, 14, 4, 30, 19, 4, 2, 5, 6, 5, 17, 31, 26, 12, 11, 20]",34,"[0.14426639676094055, 0.005103686358779669, 0.8064380884170532, 0.04089411348104477, 0.003297647461295128]"
nonliteral,"[5, 12, 5, 14, 6, 8, 4, 11, 2, 14]",34,"[0.24819333851337433, 0.24022603034973145, 0.3799886703491211, 0.09720492362976074, 0.0343870148062706]"
onomatopoeia,"[12, 5, 12, 19, 2, 8, 12, 3, 12, 4, 6, 2]",34,"[0.141439750790596, 0.07123269885778427, 0.16714127361774445, 0.6091716885566711, 0.011014548130333424]"
personification,"[3, 4, 11, 7, 12, 5, 6, 22, 6, 18, 2, 8, 6, 12, 5]",34,"[0.03355390951037407, 0.15699002146720886, 0.20052801072597504, 0.5863276720046997, 0.02260039560496807]"
preposition,"[3, 11, 4, 3, 12, 7, 6, 8, 6, 12, 5]",34,"[0.04627586528658867, 0.15297186374664307, 0.6961822509765625, 0.08971593528985977, 0.014854075387120247]"
pronoun,"[3, 11, 12, 5, 12, 13, 5]",34,"[0.15253101289272308, 0.07255869358778, 0.49777907133102417, 0.2407696396112442, 0.03636152669787407]"
simile,"[7, 6, 19, 6, 14, 4]",34,"[0.3191799819469452, 0.44498106837272644, 0.07137589901685715, 0.14180675148963928, 0.02265619859099388]"
adaptation,"[2, 20, 2, 3, 8, 2, 8, 6, 12, 5]",34,"[0.051923785358667374, 0.1289033442735672, 0.625682532787323, 0.17175187170505524, 0.021738413721323013]"
area,"[2, 11, 4, 2]",34,"[0.7308819890022278, 0.03812084719538689, 0.1464291214942932, 0.06534525752067566, 0.01922282576560974]"
climate,"[18, 14, 6, 19, 2, 8, 4]",34,"[0.20390412211418152, 0.07891060411930084, 0.20828278362751007, 0.43728846311569214, 0.07161397486925125]"
demand,"[20, 4, 19, 2, 5, 20]",34,"[0.1568271368741989, 0.1939106285572052, 0.12947872281074524, 0.48135581612586975, 0.03842764347791672]"
denominator,"[20, 4, 5, 12, 19, 6, 5, 2, 8, 12, 11]",34,"[0.07421255111694336, 0.14123453199863434, 0.03050125576555729, 0.748842179775238, 0.005209475290030241]"
ecosystem,"[4, 18, 12, 7, 21, 7, 8, 4, 19]",34,"[0.4341498911380768, 0.09454090148210526, 0.10314413905143738, 0.33395829796791077, 0.03420676290988922]"
environment,"[4, 5, 28, 6, 11, 12, 5, 19, 4, 5, 8]",34,"[0.7319959998130798, 0.02656390331685543, 0.12649139761924744, 0.10595108568668365, 0.00899763498455286]"
factor,"[22, 2, 18, 8, 12, 11]",34,"[0.15823207795619965, 0.13491369783878326, 0.23403233289718628, 0.4305953085422516, 0.04222662374377251]"
fraction,"[22, 11, 2, 18, 8, 6, 12, 5]",34,"[0.06578326225280762, 0.10088765621185303, 0.4656599164009094, 0.33535873889923096, 0.032310519367456436]"
goods,"[17, 12, 12, 20, 7]",34,"[0.11292264610528946, 0.10181359946727753, 0.5207791328430176, 0.22004903852939606, 0.04443557932972908]"
government,"[17, 12, 28, 4, 11, 5, 19, 4, 5, 8]",34,"[0.5807920098304749, 0.05525360256433487, 0.14363883435726166, 0.20750218629837036, 0.012813366018235683]"
inherit,"[6, 5, 9, 4, 11, 6, 8]",34,"[0.31205418705940247, 0.2324637919664383, 0.18970440328121185, 0.17460039258003235, 0.09117724001407623]"
law,"[14, 2, 26]",34,"[0.49936315417289734, 0.14288465678691864, 0.13119179010391235, 0.13464024662971497, 0.0919201523065567]"
leader,"[14, 4, 2, 20, 4, 11]",34,"[0.42304497957229614, 0.04775907099246979, 0.2746427357196808, 0.2009114772081375, 0.0536416731774807]"
multiple,"[19, 13, 14, 8, 6, 3, 14, 4]",34,"[0.2439945787191391, 0.17329750955104828, 0.36577555537223816, 0.18727710843086243, 0.02965521067380905]"
numerator,"[5, 13, 19, 4, 11, 2, 8, 12, 11]",34,"[0.12006968259811401, 0.25258302688598633, 0.05113935098052025, 0.5671793222427368, 0.00902862474322319]"
perimeter,"[3, 4, 11, 6, 19, 4, 8, 4, 11]",34,"[0.17713519930839539, 0.2482183575630188, 0.09759553521871567, 0.41483068466186523, 0.06222027167677879]"
product,"[3, 11, 12, 20, 13, 18, 8]",34,"[0.1460862010717392, 0.09240011870861053, 0.29041388630867004, 0.4281320869922638, 0.042967699468135834]"
quotient,"[24, 13, 12, 8, 6, 4, 5, 8]",34,"[0.15029743313789368, 0.06892295181751251, 0.3866581320762634, 0.3821420669555664, 0.011979351751506329]"
region,"[11, 4, 17, 6, 12, 5]",34,"[0.24581246078014374, 0.2442028820514679, 0.1500064581632614, 0.3228268325328827, 0.037151437252759933]"
resource,"[11, 4, 7, 12, 13, 11, 18, 4]",34,"[0.43688660860061646, 0.15731415152549744, 0.18614250421524048, 0.14339163899421692, 0.07626509666442871]"
responsible,"[11, 4, 7, 3, 12, 5, 7, 6, 10, 14, 4]",34,"[0.041695136576890945, 0.05719970539212227, 0.09190208464860916, 0.7208706736564636, 0.088332399725914]"
rights,"[11, 6, 17, 9, 8, 7]",34,"[0.5090832710266113, 0.09226954728364944, 0.2599029242992401, 0.10526475310325623, 0.03347950801253319]"
services,"[7, 4, 11, 28, 6, 18, 4, 7]",34,"[0.3244338035583496, 0.08385366946458817, 0.28541871905326843, 0.20388668775558472, 0.1024070605635643]"
supply,"[7, 13, 3, 3, 14, 21]",34,"[0.18798799812793732, 0.08070756494998932, 0.5080171823501587, 0.15892310440540314, 0.06436409056186676]"
trade,"[8, 11, 2, 20, 4]",34,"[0.2973121106624603, 0.14205485582351685, 0.2782842516899109, 0.22147022187709808, 0.06087856367230415]"
autobiography,"[2, 13, 8, 12, 10, 6, 12, 17, 11, 2, 3, 9, 21]",34,"[0.025001447647809982, 0.8894654512405396, 0.00931069627404213, 0.07551995664834976, 0.0007024577353149652]"
biography,"[10, 6, 12, 17, 11, 2, 3, 9, 21]",34,"[0.07560181617736816, 0.5107355117797852, 0.19842739403247833, 0.19554902613162994, 0.01968616619706154]"
caption,"[18, 2, 3, 8, 6, 12, 5]",34,"[0.08361861854791641, 0.21592998504638672, 0.5085902810096741, 0.1491505205631256, 0.042710576206445694]"
conflict,"[18, 12, 5, 22, 14, 6, 18, 8]",34,"[0.12135375291109085, 0.096735879778862, 0.5937469005584717, 0.13861681520938873, 0.04954659938812256]"
dialogue,"[20, 6, 2, 14, 12, 17, 13, 4]",34,"[0.08650759607553482, 0.15755131840705872, 0.11993969231843948, 0.6030622720718384, 0.03293909877538681]"
drama,"[20, 11, 2, 19, 2]",34,"[0.163301482796669, 0.20189844071865082, 0.27202820777893066, 0.30941885709762573, 0.0533529631793499]"
first person,"[22, 6, 11, 7, 8, 31, 3, 4, 11, 7, 12, 5]",34,"[0.2656600773334503, 0.25952383875846863, 0.11430580168962479, 0.33305224776268005, 0.027458054944872856]"
folktale,"[22, 12, 14, 16, 8, 2, 14, 4]",34,"[0.5667906999588013, 0.04714997112751007, 0.26722267270088196, 0.099180668592453, 0.01965595968067646]"
illustration,"[6, 14, 14, 13, 7, 8, 11, 2, 8, 6, 12, 5]",34,"[0.035150982439517975, 0.01621103845536709, 0.885219395160675, 0.05316244438290596, 0.010256216861307621]"
legend,"[14, 4, 17, 4, 5, 20]",34,"[0.3178829848766327, 0.2608959674835205, 0.17027832567691803, 0.16968394815921783, 0.0812588632106781]"
lesson,"[14, 4, 7, 7, 12, 5]",34,"[0.22911451756954193, 0.15486553311347961, 0.33047938346862793, 0.19223779439926147, 0.09330275654792786]"
main idea,"[19, 2, 6, 5, 31, 6, 20, 4, 2]",34,"[0.5663794875144958, 0.04762393608689308, 0.30387574434280396, 0.050809476524591446, 0.03131130337715149]"
motivation,"[19, 12, 8, 6, 28, 2, 8, 6, 12, 5]",34,"[0.03506360203027725, 0.2079465538263321, 0.20646041631698608, 0.5349550247192383, 0.01557439286261797]"
myth,"[19, 21, 8, 9]",34,"[0.36514517664909363, 0.27855056524276733, 0.17121291160583496, 0.14160555601119995, 0.04348580911755562]"
paragraph,"[3, 2, 11, 2, 17, 11, 2, 3, 9]",34,"[0.10420159250497818, 0.4255698323249817, 0.31173229217529297, 0.14557555317878723, 0.012920740060508251]"
passage,"[3, 2, 7, 7, 2, 17, 4]",34,"[0.106654092669487, 0.16987456381320953, 0.6071164011955261, 0.09084583073854446, 0.025509122759103775]"
point of view,"[3, 12, 6, 5, 8, 31, 12, 22, 31, 28, 6, 4, 26]",34,"[0.81910240650177, 0.006407876033335924, 0.15711508691310883, 0.015741975978016853, 0.0016327286139130592]"
prose,"[3, 11, 12, 7, 4]",34,"[0.19303442537784576, 0.12513068318367004, 0.3958797752857208, 0.23469889163970947, 0.05125623196363449]"
resolution,"[11, 4, 7, 12, 14, 13, 8, 6, 12, 5]",34,"[0.07053230702877045, 0.1941470056772232, 0.45429131388664246, 0.2504631578922272, 0.03056631051003933]"
rhythm,"[11, 9, 21, 8, 9, 19]",34,"[0.32376158237457275, 0.26225611567497253, 0.2297133058309555, 0.13646847009658813, 0.047800514847040176]"
scene,"[7, 18, 4, 5, 4]",34,"[0.20625823736190796, 0.19419148564338684, 0.20277932286262512, 0.1575482338666916, 0.23922264575958252]"
stage directions,"[7, 8, 2, 17, 4, 31, 20, 6, 11, 4, 18, 8, 6, 12, 5, 7]",34,"[0.15736711025238037, 0.05606631562113762, 0.5826000571250916, 0.18379844725131989, 0.02016809955239296]"
stanza,"[7, 8, 2, 5, 15, 2]",34,"[0.16800129413604736, 0.21617600321769714, 0.3356093466281891, 0.2453574240207672, 0.034855909645557404]"
text feature,"[8, 4, 27, 8, 31, 22, 4, 2, 8, 13, 11, 4]",34,"[0.839643120765686, 0.015198854729533195, 0.12183967232704163, 0.021010808646678925, 0.002307638293132186]"
theme,"[8, 9, 4, 19, 4]",34,"[0.32860928773880005, 0.2148142009973526, 0.20569802820682526, 0.19593091309070587, 0.054947614669799805]"
third person,"[8, 9, 6, 11, 20, 31, 3, 4, 11, 7, 12, 5]",34,"[0.4388149678707123, 0.12961691617965698, 0.11935779452323914, 0.2965315878391266, 0.015678860247135162]"
trait,"[8, 11, 2, 6, 8]",34,"[0.34967875480651855, 0.17929722368717194, 0.18981565535068512, 0.23337730765342712, 0.04783100634813309]"
verse,"[28, 4, 11, 7, 4]",34,"[0.5659697651863098, 0.0958862379193306, 0.14821526408195496, 0.16064177453517914, 0.029286937788128853]"
argument,"[2, 11, 17, 13, 19, 4, 5, 8]",34,"[0.17718499898910522, 0.09560291469097137, 0.505760133266449, 0.20350514352321625, 0.01794687658548355]"
assess,"[2, 7, 7, 4, 7, 7]",34,"[0.11183268576860428, 0.06073183938860893, 0.6577903628349304, 0.07324942201375961, 0.09639568626880646]"
bias,"[10, 6, 2, 7]",34,"[0.29699617624282837, 0.18865396082401276, 0.133081316947937, 0.1735299974679947, 0.20773862302303314]"
chronological,"[18, 9, 11, 12, 5, 12, 14, 12, 17, 6, 18, 2, 14]",34,"[0.0746271014213562, 0.25789642333984375, 0.1976671814918518, 0.43650561571121216, 0.03330370783805847]"
cite,"[18, 6, 8, 4]",34,"[0.3613741397857666, 0.13699209690093994, 0.10493205487728119, 0.14561760425567627, 0.2510841488838196]"
claim,"[18, 14, 2, 6, 19]",34,"[0.19275784492492676, 0.14416152238845825, 0.18426567316055298, 0.2806769907474518, 0.1981380432844162]"
clarify,"[18, 14, 2, 11, 6, 22, 21]",34,"[0.23657949268817902, 0.34894222021102905, 0.10688741505146027, 0.1987500786781311, 0.10884076356887817]"
conclude,"[18, 12, 5, 18, 14, 13, 20, 4]",34,"[0.13538962602615356, 0.2552637457847595, 0.315490186214447, 0.171685591340065, 0.12217077612876892]"
context,"[18, 12, 5, 8, 4, 27, 8]",34,"[0.16136087477207184, 0.2976507544517517, 0.12082439661026001, 0.35362905263900757, 0.0665348470211029]"
convert,"[18, 12, 5, 28, 4, 11, 8]",34,"[0.2704653739929199, 0.06287425011396408, 0.1655523031949997, 0.4675176739692688, 0.033590350300073624]"
counterclaim,"[18, 12, 13, 5, 8, 4, 11, 18, 14, 2, 6, 19]",34,"[0.3322431147098541, 0.1751428246498108, 0.16404040157794952, 0.2840813100337982, 0.044492434710264206]"
credible,"[18, 11, 4, 20, 6, 10, 14, 4]",34,"[0.08260985463857651, 0.13789726793766022, 0.09247362613677979, 0.6221421957015991, 0.06487700343132019]"
criteria,"[18, 11, 6, 8, 4, 11, 6, 2]",34,"[0.23080645501613617, 0.14707328379154205, 0.13890717923641205, 0.2562839984893799, 0.22692914307117462]"
debate,"[20, 4, 10, 2, 8, 4]",34,"[0.13436517119407654, 0.040811922401189804, 0.493307501077652, 0.30094000697135925, 0.030575452372431755]"
deduce,"[20, 4, 20, 13, 18, 4]",34,"[0.30697041749954224, 0.3743305206298828, 0.11741373687982559, 0.04942125454545021, 0.1518639773130417]"
elaborate,"[4, 14, 2, 10, 12, 11, 2, 8, 4]",34,"[0.13711990416049957, 0.4204919636249542, 0.047259487211704254, 0.3852536082267761, 0.009874924086034298]"
essential,"[4, 7, 7, 4, 5, 8, 6, 2, 14]",34,"[0.11681132018566132, 0.19468501210212708, 0.31231388449668884, 0.2662220597267151, 0.10996769368648529]"
evaluate,"[4, 28, 2, 14, 13, 2, 8, 4]",34,"[0.19184251129627228, 0.035552140325307846, 0.5805753469467163, 0.185507133603096, 0.006522997282445431]"
expository,"[4, 27, 3, 12, 7, 6, 8, 12, 11, 21]",34,"[0.049516141414642334, 0.39711958169937134, 0.34799015522003174, 0.18388932943344116, 0.02148488536477089]"
formulate,"[22, 12, 11, 19, 13, 14, 2, 8, 4]",34,"[0.20986497402191162, 0.4131201207637787, 0.053777966648340225, 0.3185765743255615, 0.004660394974052906]"
hypothesis,"[9, 21, 3, 12, 8, 9, 4, 7, 6, 7]",34,"[0.06483012437820435, 0.1481475979089737, 0.5008090734481812, 0.2520337700843811, 0.03417941555380821]"
illustrate,"[6, 14, 14, 13, 7, 8, 11, 2, 8, 4]",34,"[0.22933994233608246, 0.019943106919527054, 0.6486872434616089, 0.08583386987447739, 0.016195805743336678]"
inference,"[6, 5, 22, 4, 11, 4, 5, 18, 4]",34,"[0.16424627602100372, 0.2646118700504303, 0.21341708302497864, 0.1920313686132431, 0.16569341719150543]"
integrate,"[6, 5, 8, 4, 17, 11, 2, 8, 4]",34,"[0.15365874767303467, 0.4695391356945038, 0.07315003871917725, 0.2937633991241455, 0.009888584725558758]"
justify,"[23, 13, 7, 8, 6, 22, 21]",34,"[0.3637698292732239, 0.0803130641579628, 0.22085154056549072, 0.28004565834999084, 0.055019933730363846]"
plagiarism,"[3, 14, 2, 17, 6, 2, 11, 6, 7, 19]",34,"[0.08402467519044876, 0.08450818061828613, 0.4622173011302948, 0.24544590711593628, 0.12380389124155045]"
precise,"[3, 11, 4, 18, 6, 7, 4]",34,"[0.5908841490745544, 0.14897111058235168, 0.13321173191070557, 0.05694756656885147, 0.06998540461063385]"
primary source,"[3, 11, 6, 19, 2, 11, 21, 31, 7, 12, 13, 11, 18, 4]",34,"[0.30785974860191345, 0.21738940477371216, 0.12651394307613373, 0.31814631819725037, 0.030090566724538803]"
refine,"[11, 4, 22, 6, 5, 4]",34,"[0.49981772899627686, 0.259904146194458, 0.13634267449378967, 0.07876560837030411, 0.025169841945171356]"
research,"[11, 4, 7, 4, 2, 11, 18, 9]",34,"[0.31686142086982727, 0.3051554262638092, 0.14012661576271057, 0.14598022401332855, 0.09187626093626022]"
secondary source,"[7, 4, 18, 12, 5, 20, 2, 11, 21, 31, 7, 12, 13, 11, 18, 4]",34,"[0.2893676161766052, 0.08120768517255783, 0.2554478645324707, 0.33336812257766724, 0.040608685463666916]"
significant,"[7, 6, 17, 5, 6, 22, 6, 18, 2, 5, 8]",34,"[0.055470194667577744, 0.06715022772550583, 0.2925868034362793, 0.5604893565177917, 0.02430337481200695]"
specify,"[7, 3, 4, 18, 6, 22, 21]",34,"[0.11083590239286423, 0.08980932831764221, 0.3521040380001068, 0.17984427511692047, 0.26740652322769165]"
structure,"[7, 8, 11, 13, 18, 8, 13, 11, 4]",34,"[0.24333235621452332, 0.01707545481622219, 0.6282739639282227, 0.09831754863262177, 0.01300069410353899]"
synthesize,"[7, 21, 5, 8, 9, 4, 7, 6, 15, 4]",34,"[0.1895006150007248, 0.49405184388160706, 0.16125252842903137, 0.12514597177505493, 0.0300490353256464]"
transition,"[8, 11, 2, 5, 7, 6, 8, 6, 12, 5]",34,"[0.06590261310338974, 0.12852606177330017, 0.4423143267631531, 0.3185693025588989, 0.044687651097774506]"
valid,"[28, 2, 14, 6, 20]",34,"[0.18015916645526886, 0.5089929699897766, 0.1519637554883957, 0.11470353603363037, 0.04418063536286354]"
variable,"[28, 2, 11, 6, 2, 10, 14, 4]",34,"[0.09709299355745316, 0.17234796285629272, 0.34280988574028015, 0.36199188232421875, 0.025757290422916412]"
viewpoint,"[28, 6, 4, 26, 3, 12, 6, 5, 8]",34,"[0.3975631594657898, 0.13192670047283173, 0.2615432143211365, 0.19982917606830597, 0.00913778506219387]"
abundant,"[2, 10, 13, 5, 20, 2, 5, 8]",34,"[0.12739920616149902, 0.12397576868534088, 0.24944183230400085, 0.4645780026912689, 0.034605249762535095]"
adage,"[2, 20, 2, 17, 4]",34,"[0.2613159418106079, 0.279660165309906, 0.27263158559799194, 0.13900426030158997, 0.04738811030983925]"
analogy,"[2, 5, 2, 14, 12, 17, 21]",34,"[0.06680942326784134, 0.2688092887401581, 0.02761838026344776, 0.6217946410179138, 0.01496825646609068]"
clause,"[18, 14, 2, 13, 7, 4]",34,"[0.4426642060279846, 0.09695278853178024, 0.29607704281806946, 0.0853593721985817, 0.07894658297300339]"
complex sentence,"[18, 12, 19, 3, 14, 4, 27, 31, 7, 4, 5, 8, 4, 5, 18, 4]",34,"[0.34512120485305786, 0.09262591600418091, 0.1318119764328003, 0.38337257504463196, 0.04706830903887749]"
compound sentence,"[18, 12, 19, 3, 12, 13, 5, 20, 31, 7, 4, 5, 8, 4, 5, 18, 4]",34,"[0.1563287377357483, 0.09139766544103622, 0.3529972434043884, 0.3692414164543152, 0.03003494068980217]"
connotation,"[18, 12, 5, 5, 12, 8, 2, 8, 6, 12, 5]",34,"[0.06430594623088837, 0.12547600269317627, 0.1468348503112793, 0.636461079120636, 0.026922112330794334]"
denotation,"[20, 4, 5, 12, 8, 2, 8, 6, 12, 5]",34,"[0.07588361948728561, 0.30449992418289185, 0.1505829393863678, 0.4502311050891876, 0.01880243606865406]"
descriptive,"[20, 4, 7, 18, 11, 6, 3, 8, 6, 28, 4]",34,"[0.07708006352186203, 0.08484594523906708, 0.4476976692676544, 0.34244173765182495, 0.047934532165527344]"
etymology,"[4, 8, 21, 19, 12, 14, 12, 17, 21]",34,"[0.04149191826581955, 0.12492186576128006, 0.005497682839632034, 0.8220130801200867, 0.006075449753552675]"
figurative,"[22, 6, 17, 13, 11, 2, 8, 6, 28, 4]",34,"[0.16116179525852203, 0.050087206065654755, 0.5503653287887573, 0.23212485015392303, 0.0062607633881270885]"
formal language,"[22, 12, 11, 19, 2, 14, 31, 14, 2, 5, 17, 13, 2, 17, 4]",34,"[0.17628446221351624, 0.3044756352901459, 0.29712748527526855, 0.2167777121067047, 0.005334703251719475]"
hesitate,"[9, 4, 7, 6, 8, 2, 8, 4]",34,"[0.3051654100418091, 0.16041119396686554, 0.19086028635501862, 0.3126732110977173, 0.030889829620718956]"
homograph,"[9, 12, 19, 12, 17, 11, 2, 3, 9]",34,"[0.0652020201086998, 0.7559148669242859, 0.05597260221838951, 0.1176871806383133, 0.0052233412861824036]"
informal language,"[6, 5, 22, 12, 11, 19, 2, 14, 31, 14, 2, 5, 17, 13, 2, 17, 4]",34,"[0.06744036823511124, 0.08752673864364624, 0.6255828142166138, 0.2163594365119934, 0.0030906060710549355]"
maxim,"[19, 2, 27, 6, 19]",34,"[0.10023100674152374, 0.3086327612400055, 0.06760551780462265, 0.5033915042877197, 0.020139236003160477]"
morphology,"[19, 12, 11, 3, 9, 12, 14, 12, 17, 21]",34,"[0.05898935720324516, 0.14802765846252441, 0.03312258422374725, 0.7465686798095703, 0.013291635550558567]"
nuance,"[5, 13, 2, 5, 18, 4]",34,"[0.09391022473573685, 0.1871243119239807, 0.08532020449638367, 0.49008089303970337, 0.1435643434524536]"
persevere,"[3, 4, 11, 7, 4, 28, 4, 11, 4]",34,"[0.6761916875839233, 0.07335276156663895, 0.1304655522108078, 0.11099869012832642, 0.008991274982690811]"
proverb,"[3, 11, 12, 28, 4, 11, 10]",34,"[0.1029612347483635, 0.06046963110566139, 0.5195881128311157, 0.28495320677757263, 0.03202778100967407]"
reluctant,"[11, 4, 14, 13, 18, 8, 2, 5, 8]",34,"[0.09561195224523544, 0.019404873251914978, 0.6789839267730713, 0.19088862836360931, 0.015110692009329796]"
sensory language,"[7, 4, 5, 7, 12, 11, 21, 31, 14, 2, 5, 17, 13, 2, 17, 4]",34,"[0.13806642591953278, 0.05579638481140137, 0.553464949131012, 0.24028801918029785, 0.012384172528982162]"
vivid,"[28, 6, 28, 6, 20]",34,"[0.25202369689941406, 0.16507528722286224, 0.18061460554599762, 0.25835299491882324, 0.1439334750175476]"
angle,"[2, 5, 17, 14, 4]",34,"[0.5282060503959656, 0.13180242478847504, 0.22417400777339935, 0.09753426909446716, 0.018283294513821602]"
citizenship,"[18, 6, 8, 6, 15, 4, 5, 7, 9, 6, 3]",34,"[0.06246403232216835, 0.06517300754785538, 0.24888871610164642, 0.13919566571712494, 0.4842785894870758]"
colony,"[18, 12, 14, 12, 5, 21]",34,"[0.162588968873024, 0.2639531195163727, 0.042757946997880936, 0.46315696835517883, 0.06754305213689804]"
constitution,"[18, 12, 5, 7, 8, 6, 8, 13, 8, 6, 12, 5]",34,"[0.030222179368138313, 0.024758385494351387, 0.8228562474250793, 0.09717278927564621, 0.02499045804142952]"
consumer,"[18, 12, 5, 7, 13, 19, 4, 11]",34,"[0.15152890980243683, 0.30588793754577637, 0.09150809794664383, 0.2638094425201416, 0.18726567924022675]"
decimal,"[20, 4, 18, 6, 19, 2, 14]",34,"[0.0932609960436821, 0.7644535303115845, 0.04483489692211151, 0.0790276899933815, 0.018422722816467285]"
democracy,"[20, 4, 19, 12, 18, 11, 2, 18, 21]",34,"[0.05954045429825783, 0.22636787593364716, 0.12653455138206482, 0.5202249884605408, 0.06733212620019913]"
density,"[20, 4, 5, 7, 6, 8, 21]",34,"[0.11375366151332855, 0.09759275615215302, 0.15020331740379333, 0.18777696788311005, 0.4506732225418091]"
earthquake,"[4, 2, 11, 8, 9, 24, 13, 2, 16, 4]",34,"[0.5695422887802124, 0.03313235566020012, 0.3334403336048126, 0.059569235891103745, 0.004315831232815981]"
economy,"[4, 18, 12, 5, 12, 19, 21]",34,"[0.11957965791225433, 0.0909186527132988, 0.06995517760515213, 0.6853535771369934, 0.03419287130236626]"
equivalent,"[4, 24, 13, 6, 28, 2, 14, 4, 5, 8]",34,"[0.4345782697200775, 0.0756487250328064, 0.26359623670578003, 0.21090920269489288, 0.015267444774508476]"
erosion,"[4, 11, 12, 7, 6, 12, 5]",34,"[0.17215706408023834, 0.36363765597343445, 0.2277141958475113, 0.18492352962493896, 0.05156753584742546]"
executive,"[4, 27, 4, 18, 13, 8, 6, 28, 4]",34,"[0.03737737610936165, 0.8984787464141846, 0.02811615914106369, 0.03257489204406738, 0.003452934557572007]"
export,"[4, 27, 3, 12, 11, 8]",34,"[0.0636063888669014, 0.22959525883197784, 0.20639552175998688, 0.46703484654426575, 0.03336811065673828]"
food chain,"[22, 12, 12, 20, 31, 18, 9, 2, 6, 5]",34,"[0.18678328394889832, 0.0529601126909256, 0.6007744073867798, 0.12737517058849335, 0.0321069099009037]"
import,"[6, 19, 3, 12, 11, 8]",34,"[0.10663800686597824, 0.1333014816045761, 0.14030170440673828, 0.5922626256942749, 0.027496198192238808]"
independence,"[6, 5, 20, 4, 3, 4, 5, 20, 4, 5, 18, 4]",34,"[0.06731246411800385, 0.05979179963469505, 0.07160294055938721, 0.6268647909164429, 0.1744280606508255]"
judicial,"[23, 13, 20, 6, 18, 6, 2, 14]",34,"[0.09245075285434723, 0.14519917964935303, 0.3547617793083191, 0.24035094678401947, 0.16723741590976715]"
legislature,"[14, 4, 17, 6, 7, 14, 2, 8, 13, 11, 4]",34,"[0.4449283182621002, 0.03411206975579262, 0.388616681098938, 0.12080002576112747, 0.011542883701622486]"
mass,"[19, 2, 7, 7]",34,"[0.29991814494132996, 0.11455225199460983, 0.31913086771965027, 0.1281491369009018, 0.1382495015859604]"
matter,"[19, 2, 8, 8, 4, 11]",34,"[0.24201397597789764, 0.2186564803123474, 0.2861615717411041, 0.21581360697746277, 0.03735428676009178]"
nonrenewable,"[5, 12, 5, 11, 4, 5, 4, 26, 2, 10, 14, 4]",34,"[0.2862741947174072, 0.14555047452449799, 0.3474477231502533, 0.20961524546146393, 0.011112352833151817]"
producer,"[3, 11, 12, 20, 13, 18, 4, 11]",34,"[0.23028165102005005, 0.23464973270893097, 0.22213828563690186, 0.26110178232192993, 0.05182863771915436]"
protractor,"[3, 11, 12, 8, 11, 2, 18, 8, 12, 11]",34,"[0.0817946270108223, 0.1565476357936859, 0.11367303133010864, 0.6342825889587402, 0.013702159747481346]"
renewable,"[11, 4, 5, 4, 26, 2, 10, 14, 4]",34,"[0.2783510386943817, 0.1869443655014038, 0.2346239984035492, 0.2760082483291626, 0.024072274565696716]"
revolution,"[11, 4, 28, 12, 14, 13, 8, 6, 12, 5]",34,"[0.08070564270019531, 0.18272092938423157, 0.41330134868621826, 0.3017679750919342, 0.02150414139032364]"
scarcity,"[7, 18, 2, 11, 18, 6, 8, 21]",34,"[0.08157701790332794, 0.4700555205345154, 0.1274738758802414, 0.11361037194728851, 0.20728321373462677]"
symmetry,"[7, 21, 19, 19, 4, 8, 11, 21]",34,"[0.12431852519512177, 0.0830678790807724, 0.42425575852394104, 0.2885897755622864, 0.0797680988907814]"
tectonic plates,"[8, 4, 18, 8, 12, 5, 6, 18, 31, 3, 14, 2, 8, 4, 7]",34,"[0.18489253520965576, 0.036791589111089706, 0.35801926255226135, 0.38804399967193604, 0.032252609729766846]"
volcano,"[28, 12, 14, 18, 2, 5, 12]",34,"[0.14995384216308594, 0.34245648980140686, 0.07338225841522217, 0.41411131620407104, 0.020096061751246452]"
volume,"[28, 12, 14, 13, 19, 4]",34,"[0.26624301075935364, 0.3085613548755646, 0.10712872445583344, 0.3031882643699646, 0.014878639951348305]"
weathering,"[26, 4, 2, 8, 9, 4, 11, 6, 5, 17]",34,"[0.2954234182834625, 0.10394976288080215, 0.4994373023509979, 0.08681714534759521, 0.01437231246381998]"
allusion,"[2, 14, 14, 13, 7, 6, 12, 5]",34,"[0.09716370701789856, 0.04447810724377632, 0.7465106844902039, 0.07423762232065201, 0.03760986775159836]"
antagonist,"[2, 5, 8, 2, 17, 12, 5, 6, 7, 8]",34,"[0.05905419588088989, 0.10072727501392365, 0.0594845749437809, 0.7732915282249451, 0.007442347705364227]"
climax,"[18, 14, 6, 19, 2, 27]",34,"[0.11090226471424103, 0.26828324794769287, 0.11951044201850891, 0.44332367181777954, 0.05798032507300377]"
flashback,"[22, 14, 2, 7, 9, 10, 2, 18, 16]",34,"[0.09020449966192245, 0.09000507742166519, 0.44383901357650757, 0.058022547513246536, 0.31792882084846497]"
foreshadowing,"[22, 12, 11, 4, 7, 9, 2, 20, 12, 26, 6, 5, 17]",34,"[0.5979692339897156, 0.27874013781547546, 0.08750642091035843, 0.033772923052310944, 0.002011439297348261]"
genre,"[17, 4, 5, 11, 4]",34,"[0.6376875638961792, 0.06556296348571777, 0.14454412460327148, 0.11024808883666992, 0.041957274079322815]"
historical fiction,"[9, 6, 7, 8, 12, 11, 6, 18, 2, 14, 31, 22, 6, 18, 8, 6, 12, 5]",34,"[0.1218363344669342, 0.04845183715224266, 0.5858416557312012, 0.21087302267551422, 0.03299713134765625]"
imagery,"[6, 19, 2, 17, 4, 11, 21]",34,"[0.24021989107131958, 0.20560912787914276, 0.18825596570968628, 0.33474966883659363, 0.03116530552506447]"
irony,"[6, 11, 12, 5, 21]",34,"[0.31209123134613037, 0.11208474636077881, 0.13966624438762665, 0.3421858251094818, 0.09397199749946594]"
memoir,"[19, 4, 19, 12, 6, 11]",34,"[0.4751436114311218, 0.09011870622634888, 0.11919155716896057, 0.2908928394317627, 0.024653175845742226]"
mood,"[19, 12, 12, 20]",34,"[0.22879807651042938, 0.2045576572418213, 0.32540860772132874, 0.17972293496131897, 0.061512771993875504]"
narrative,"[5, 2, 11, 11, 2, 8, 6, 28, 4]",34,"[0.1036066934466362, 0.1508880853652954, 0.44333770871162415, 0.2851141691207886, 0.017053408548235893]"
omniscient,"[12, 19, 5, 6, 7, 18, 6, 4, 5, 8]",34,"[0.16201919317245483, 0.0239707063883543, 0.6042665243148804, 0.17001017928123474, 0.03973342850804329]"
parody,"[3, 2, 11, 12, 20, 21]",34,"[0.23325660824775696, 0.39109301567077637, 0.045012734830379486, 0.30742526054382324, 0.023212406784296036]"
perspective,"[3, 4, 11, 7, 3, 4, 18, 8, 6, 28, 4]",34,"[0.06490739434957504, 0.038463294506073, 0.07352793216705322, 0.8127783536911011, 0.010323068127036095]"
plot,"[3, 14, 12, 8]",34,"[0.1701715886592865, 0.1132388487458229, 0.22074700891971588, 0.44813069701194763, 0.047711897641420364]"
protagonist,"[3, 11, 12, 8, 2, 17, 12, 5, 6, 7, 8]",34,"[0.04519563168287277, 0.05906921252608299, 0.03786772862076759, 0.8541227579116821, 0.0037446271162480116]"
realistic fiction,"[11, 4, 2, 14, 6, 7, 8, 6, 18, 31, 22, 6, 18, 8, 6, 12, 5]",34,"[0.1854434609413147, 0.021376026794314384, 0.667778491973877, 0.08897355198860168, 0.036428507417440414]"
satire,"[7, 2, 8, 6, 11, 4]",34,"[0.3218393325805664, 0.15902455151081085, 0.28710049390792847, 0.1549275666475296, 0.07710809260606766]"
symbolism,"[7, 21, 19, 10, 12, 14, 6, 7, 19]",34,"[0.09462562948465347, 0.13605158030986786, 0.3121281564235687, 0.3667851388454437, 0.09040949493646622]"
tone,"[8, 12, 5, 4]",34,"[0.4599635899066925, 0.17731338739395142, 0.18332388997077942, 0.12506620585918427, 0.054332997649908066]"
assumption,"[2, 7, 7, 13, 19, 3, 8, 6, 12, 5]",34,"[0.027020106092095375, 0.015303421765565872, 0.79646897315979, 0.14927300810813904, 0.01193452998995781]"
attribute,"[2, 8, 8, 11, 6, 10, 13, 8, 4]",34,"[0.07242988049983978, 0.05164105445146561, 0.6719058156013489, 0.18777526915073395, 0.016247976571321487]"
categorize,"[18, 2, 8, 4, 17, 12, 11, 6, 15, 4]",34,"[0.11759991943836212, 0.35544058680534363, 0.09671242535114288, 0.3843459188938141, 0.04590116813778877]"
cause and effect,"[18, 2, 13, 7, 4, 31, 2, 5, 20, 31, 4, 22, 22, 4, 18, 8]",34,"[0.41575121879577637, 0.01618831790983677, 0.4442109763622284, 0.10911332070827484, 0.014736113138496876]"
chronological order,"[18, 9, 11, 12, 5, 12, 14, 12, 17, 6, 18, 2, 14, 31, 12, 11, 20, 4, 11]",34,"[0.09298525005578995, 0.09931251406669617, 0.5120948553085327, 0.2744213342666626, 0.021186022087931633]"
coherent,"[18, 12, 9, 4, 11, 4, 5, 8]",34,"[0.35004404187202454, 0.39614337682724, 0.08377633988857269, 0.13965873420238495, 0.030377507209777832]"
cohesion,"[18, 12, 9, 4, 7, 6, 12, 5]",34,"[0.26918619871139526, 0.3823244571685791, 0.15584461390972137, 0.13250482082366943, 0.06013983488082886]"
compare and contrast,"[18, 12, 19, 3, 2, 11, 4, 31, 2, 5, 20, 31, 18, 12, 5, 8, 11, 2, 7, 8]",34,"[0.19336353242397308, 0.03991284221410751, 0.43267711997032166, 0.31375110149383545, 0.02029547281563282]"
compile,"[18, 12, 19, 3, 6, 14, 4]",34,"[0.6672328114509583, 0.08192292600870132, 0.08765445649623871, 0.1506710946559906, 0.012518885545432568]"
concede,"[18, 12, 5, 18, 4, 20, 4]",34,"[0.14870883524417877, 0.1878366619348526, 0.12298706918954849, 0.17791949212551117, 0.3625478744506836]"
consolidate,"[18, 12, 5, 7, 12, 14, 6, 20, 2, 8, 4]",34,"[0.11270938813686371, 0.17096400260925293, 0.07107684761285782, 0.5809980630874634, 0.06425172835588455]"
corroborate,"[18, 12, 11, 11, 12, 10, 12, 11, 2, 8, 4]",34,"[0.11463069915771484, 0.5582940578460693, 0.025418583303689957, 0.2917395830154419, 0.00991708505898714]"
counterargument,"[18, 12, 13, 5, 8, 4, 11, 2, 11, 17, 13, 19, 4, 5, 8]",34,"[0.27933716773986816, 0.07850940525531769, 0.3377586901187897, 0.29166552424430847, 0.012729176320135593]"
credibility,"[18, 11, 4, 20, 6, 10, 6, 14, 6, 8, 21]",34,"[0.06320922821760178, 0.2970435917377472, 0.08193572610616684, 0.4085354804992676, 0.14927591383457184]"
critique,"[18, 11, 6, 8, 6, 24, 13, 4]",34,"[0.371669739484787, 0.042822688817977905, 0.2881380617618561, 0.2235519140958786, 0.07381762564182281]"
cultural,"[18, 13, 14, 8, 13, 11, 2, 14]",34,"[0.11611798405647278, 0.5023496150970459, 0.10632266849279404, 0.23186035454273224, 0.04334939271211624]"
differentiate,"[20, 6, 22, 22, 4, 11, 4, 5, 8, 6, 2, 8, 4]",34,"[0.2720881402492523, 0.06576549261808395, 0.5664191246032715, 0.08208303898572922, 0.013644205406308174]"
economic,"[4, 18, 12, 5, 12, 19, 6, 18]",34,"[0.0980301946401596, 0.1357080340385437, 0.09013520926237106, 0.6273936629295349, 0.04873283952474594]"
elaboration,"[4, 14, 2, 10, 12, 11, 2, 8, 6, 12, 5]",34,"[0.05731544643640518, 0.5098565816879272, 0.056500546634197235, 0.3663945198059082, 0.009932850487530231]"
empathy,"[4, 19, 3, 2, 8, 9, 21]",34,"[0.1609548181295395, 0.04224179685115814, 0.45000702142715454, 0.31945258378982544, 0.02734372206032276]"
generalize,"[17, 4, 5, 4, 11, 2, 14, 6, 15, 4]",34,"[0.16997095942497253, 0.5915299654006958, 0.10191623121500015, 0.09406023472547531, 0.04252256080508232]"
implication,"[6, 19, 3, 14, 6, 18, 2, 8, 6, 12, 5]",34,"[0.04965467005968094, 0.09962871670722961, 0.45909184217453003, 0.30576077103614807, 0.08586394786834717]"
incorporate,"[6, 5, 18, 12, 11, 3, 12, 11, 2, 8, 4]",34,"[0.06739309430122375, 0.2132091373205185, 0.061190973967313766, 0.6362429857254028, 0.02196378819644451]"
objective,"[12, 10, 23, 4, 18, 8, 6, 28, 4]",34,"[0.16326498985290527, 0.06418702006340027, 0.1932845264673233, 0.5605642199516296, 0.0186991635710001]"
political,"[3, 12, 14, 6, 8, 6, 18, 2, 14]",34,"[0.114140585064888, 0.2376936376094818, 0.29138314723968506, 0.2710639536380768, 0.08571864664554596]"
problem and solution,"[3, 11, 12, 10, 14, 4, 19, 31, 2, 5, 20, 31, 7, 12, 14, 13, 8, 6, 12, 5]",34,"[0.04119935259222984, 0.04898751154541969, 0.457899808883667, 0.4441819489002228, 0.00773139763623476]"
reasoning,"[11, 4, 2, 7, 12, 5, 6, 5, 17]",34,"[0.5278477072715759, 0.09509061276912689, 0.18528282642364502, 0.16610760986804962, 0.025671325623989105]"
refute,"[11, 4, 22, 13, 8, 4]",34,"[0.6525588631629944, 0.08777371793985367, 0.1691509485244751, 0.0787200778722763, 0.011796507984399796]"
reliability,"[11, 4, 14, 6, 2, 10, 6, 14, 6, 8, 21]",34,"[0.10747471451759338, 0.5741816759109497, 0.0650097206234932, 0.17630091309547424, 0.07703297585248947]"
revision,"[11, 4, 28, 6, 7, 6, 12, 5]",34,"[0.23363074660301208, 0.07135612517595291, 0.4042593836784363, 0.24333250522613525, 0.047421202063560486]"
social,"[7, 12, 18, 6, 2, 14]",34,"[0.13240861892700195, 0.43055179715156555, 0.20784522593021393, 0.15521781146526337, 0.07397650182247162]"
subjective,"[7, 13, 10, 23, 4, 18, 8, 6, 28, 4]",34,"[0.09152837097644806, 0.12318701297044754, 0.23453965783119202, 0.5148541927337646, 0.03589077293872833]"
text structure,"[8, 4, 27, 8, 31, 7, 8, 11, 13, 18, 8, 13, 11, 4]",34,"[0.23267176747322083, 0.009907602332532406, 0.6828463077545166, 0.06860267370939255, 0.005971662700176239]"
thesis,"[8, 9, 4, 7, 6, 7]",34,"[0.2588962912559509, 0.31211552023887634, 0.13831642270088196, 0.2175011783838272, 0.07317062467336655]"
validity,"[28, 2, 14, 6, 20, 6, 8, 21]",34,"[0.13129189610481262, 0.3332005441188812, 0.15100593864917755, 0.29389724135398865, 0.09060433506965637]"
verify,"[28, 4, 11, 6, 22, 21]",34,"[0.3777945637702942, 0.1574048399925232, 0.22300511598587036, 0.20802605152130127, 0.033769428730010986]"
Content Words,"[18, 12, 5, 8, 4, 5, 8, 31, 26, 12, 11, 20, 7]",34,"[0.45870500802993774, 0.05844174325466156, 0.2778405547142029, 0.17437781393527985, 0.03063492476940155]"
abolition,"[2, 10, 12, 14, 6, 8, 6, 12, 5]",34,"[0.091862753033638, 0.35723790526390076, 0.10325315594673157, 0.40492427349090576, 0.042721882462501526]"
amendment,"[2, 19, 4, 5, 20, 19, 4, 5, 8]",34,"[0.19853073358535767, 0.3435746729373932, 0.13609232008457184, 0.2757028639316559, 0.04609939828515053]"
atmosphere,"[2, 8, 19, 12, 7, 3, 9, 4, 11, 4]",34,"[0.2061171680688858, 0.15199661254882812, 0.22784200310707092, 0.38343384861946106, 0.03061029687523842]"
atom,"[2, 8, 12, 19]",34,"[0.2411566972732544, 0.20186994969844818, 0.06994332373142242, 0.4670858085155487, 0.01994418539106846]"
Bill of Rights,"[10, 6, 14, 14, 31, 12, 22, 31, 11, 6, 17, 9, 8, 7]",34,"[0.4243510365486145, 0.018291998654603958, 0.4870204031467438, 0.05354177951812744, 0.016794877126812935]"
biosphere,"[10, 6, 12, 7, 3, 9, 4, 11, 4]",34,"[0.34131887555122375, 0.14666731655597687, 0.25603148341178894, 0.19654817879199982, 0.05943409726023674]"
cellular respiration,"[18, 4, 14, 14, 13, 14, 2, 11, 31, 11, 4, 7, 3, 6, 11, 2, 8, 6, 12, 5]",34,"[0.2252216786146164, 0.12114288657903671, 0.38395723700523376, 0.2483687698841095, 0.021309353411197662]"
checks and balances,"[18, 9, 4, 18, 16, 7, 31, 2, 5, 20, 31, 10, 2, 14, 2, 5, 18, 4, 7]",34,"[0.2997455894947052, 0.16670280694961548, 0.25632697343826294, 0.1446058452129364, 0.13261884450912476]"
chemical reaction,"[18, 9, 4, 19, 6, 18, 2, 14, 31, 11, 4, 2, 18, 8, 6, 12, 5]",34,"[0.1559152752161026, 0.05567852780222893, 0.5331993103027344, 0.22982679307460785, 0.02538006193935871]"
Civil War,"[18, 6, 28, 6, 14, 31, 26, 2, 11]",34,"[0.654467761516571, 0.15398633480072021, 0.07906917482614517, 0.08776560425758362, 0.02471116930246353]"
colonization,"[18, 12, 14, 12, 5, 6, 15, 2, 8, 6, 12, 5]",34,"[0.041314322501420975, 0.4349556565284729, 0.12402902543544769, 0.3555868864059448, 0.0441141352057457]"
controlled experiment,"[18, 12, 5, 8, 11, 12, 14, 14, 4, 20, 31, 4, 27, 3, 4, 11, 6, 19, 4, 5, 8]",34,"[0.042454302310943604, 0.07503407448530197, 0.6615767478942871, 0.19090646505355835, 0.030028438195586205]"
coordinate plane,"[18, 12, 12, 11, 20, 6, 5, 2, 8, 4, 31, 3, 14, 2, 5, 4]",34,"[0.1810201108455658, 0.03351440280675888, 0.5061624050140381, 0.24107801914215088, 0.03822508081793785]"
data,"[20, 2, 8, 2]",34,"[0.17571410536766052, 0.2723538875579834, 0.1690439134836197, 0.3185362219810486, 0.064351886510849]"
federalism,"[22, 4, 20, 4, 11, 2, 14, 6, 7, 19]",34,"[0.1785452961921692, 0.2570616900920868, 0.2659505009651184, 0.2349865734577179, 0.06345593929290771]"
force,"[22, 12, 11, 18, 4]",34,"[0.26582321524620056, 0.40807098150253296, 0.08167894184589386, 0.13985587656497955, 0.10457102954387665]"
geosphere,"[17, 4, 12, 7, 3, 9, 4, 11, 4]",34,"[0.3130427300930023, 0.11342304199934006, 0.28133389353752136, 0.25697940587997437, 0.035220883786678314]"
gravity,"[17, 11, 2, 28, 6, 8, 21]",34,"[0.22421522438526154, 0.09063775092363358, 0.22110165655612946, 0.44437170028686523, 0.019673693925142288]"
hydrosphere,"[9, 21, 20, 11, 12, 7, 3, 9, 4, 11, 4]",34,"[0.11305390298366547, 0.09088960289955139, 0.48800161480903625, 0.2445174604654312, 0.06353742629289627]"
indigenous,"[6, 5, 20, 6, 17, 4, 5, 12, 13, 7]",34,"[0.13403885066509247, 0.18993313610553741, 0.3344006836414337, 0.28127795457839966, 0.060349367558956146]"
molecule,"[19, 12, 14, 4, 18, 13, 14, 4]",34,"[0.35166993737220764, 0.4454942047595978, 0.06896832585334778, 0.11422611773014069, 0.019641434773802757]"
motion,"[19, 12, 8, 6, 12, 5]",34,"[0.10666723549365997, 0.37200307846069336, 0.18149346113204956, 0.2932939827442169, 0.046542197465896606]"
ordered pair,"[12, 11, 20, 4, 11, 4, 20, 31, 3, 2, 6, 11]",34,"[0.2445077747106552, 0.08052588999271393, 0.48355868458747864, 0.1496897041797638, 0.04171791300177574]"
organism,"[12, 11, 17, 2, 5, 6, 7, 19]",34,"[0.10921761393547058, 0.04493372142314911, 0.5126076340675354, 0.28874796628952026, 0.04449307546019554]"
percent,"[3, 4, 11, 18, 4, 5, 8]",34,"[0.15409190952777863, 0.624036967754364, 0.0419476218521595, 0.13305003941059113, 0.04687357321381569]"
photosynthesis,"[3, 9, 12, 8, 12, 7, 21, 5, 8, 9, 4, 7, 6, 7]",34,"[0.10988517105579376, 0.19404162466526031, 0.31273797154426575, 0.3652011752128601, 0.018134063109755516]"
physical change,"[3, 9, 21, 7, 6, 18, 2, 14, 31, 18, 9, 2, 5, 17, 4]",34,"[0.2729104161262512, 0.02612164057791233, 0.600941002368927, 0.08103539049625397, 0.018991582095623016]"
proportion,"[3, 11, 12, 3, 12, 11, 8, 6, 12, 5]",34,"[0.06848552823066711, 0.20993830263614655, 0.3332125246524811, 0.3672824501991272, 0.02108118124306202]"
quadrant,"[24, 13, 2, 20, 11, 2, 5, 8]",34,"[0.0804223045706749, 0.0924185961484909, 0.40877941250801086, 0.41026827692985535, 0.008111311122775078]"
ratio,"[11, 2, 8, 6, 12]",34,"[0.13948898017406464, 0.41436487436294556, 0.15390841662883759, 0.2348877489566803, 0.05735001340508461]"
Reconstruction,"[11, 4, 18, 12, 5, 7, 8, 11, 13, 18, 8, 6, 12, 5]",34,"[0.04303116351366043, 0.023125015199184418, 0.7458769679069519, 0.17207767069339752, 0.015889184549450874]"
settlement,"[7, 4, 8, 8, 14, 4, 19, 4, 5, 8]",34,"[0.33476319909095764, 0.19573044776916504, 0.21862900257110596, 0.23713991045951843, 0.01373748853802681]"
Literary Words,"[14, 6, 8, 4, 11, 2, 11, 21, 31, 26, 12, 11, 20, 7]",34,"[0.5013746023178101, 0.05954669043421745, 0.23280058801174164, 0.187236025929451, 0.0190421249717474]"
allegory,"[2, 14, 14, 4, 17, 12, 11, 21]",34,"[0.13050253689289093, 0.0989861786365509, 0.26729628443717957, 0.4765726923942566, 0.02664232812821865]"
archetype,"[2, 11, 18, 9, 4, 8, 21, 3, 4]",34,"[0.11569226533174515, 0.0790010541677475, 0.36484360694885254, 0.23953835666179657, 0.2009247988462448]"
characterization,"[18, 9, 2, 11, 2, 18, 8, 4, 11, 6, 15, 2, 8, 6, 12, 5]",34,"[0.11471149325370789, 0.15721161663532257, 0.5294996500015259, 0.17960555851459503, 0.018971679732203484]"
denouement,"[20, 4, 5, 12, 13, 4, 19, 4, 5, 8]",34,"[0.2458941638469696, 0.1999935656785965, 0.2736818194389343, 0.2536367177963257, 0.026793740689754486]"
dramatic irony,"[20, 11, 2, 19, 2, 8, 6, 18, 31, 6, 11, 12, 5, 21]",34,"[0.13528387248516083, 0.055522430688142776, 0.39875859022140503, 0.3593205213546753, 0.05111461505293846]"
dynamic character,"[20, 21, 5, 2, 19, 6, 18, 31, 18, 9, 2, 11, 2, 18, 8, 4, 11]",34,"[0.24692244827747345, 0.057434603571891785, 0.4312508702278137, 0.23005931079387665, 0.03433278948068619]"
epilogue,"[4, 3, 6, 14, 12, 17, 13, 4]",34,"[0.15833519399166107, 0.13975954055786133, 0.1070050597190857, 0.5712660551071167, 0.02363426797091961]"
exposition,"[4, 27, 3, 12, 7, 6, 8, 6, 12, 5]",34,"[0.017014557495713234, 0.2643592357635498, 0.6025582551956177, 0.09795737266540527, 0.018110567703843117]"
falling action,"[22, 2, 14, 14, 6, 5, 17, 31, 2, 18, 8, 6, 12, 5]",34,"[0.11696084588766098, 0.009630860760807991, 0.8362363576889038, 0.026754381135106087, 0.010417575016617775]"
foil,"[22, 12, 6, 14]",34,"[0.47434642910957336, 0.33983659744262695, 0.05829805135726929, 0.10351874679327011, 0.024000130593776703]"
indirect characterization,"[6, 5, 20, 6, 11, 4, 18, 8, 31, 18, 9, 2, 11, 2, 18, 8, 4, 11, 6, 15, 2, 8, 6, 12, 5]",34,"[0.1485549807548523, 0.07994390279054642, 0.6073792576789856, 0.14552301168441772, 0.018598826602101326]"
limited narrator,"[14, 6, 19, 6, 8, 4, 20, 31, 5, 2, 11, 11, 2, 8, 12, 11]",34,"[0.1155683845281601, 0.2106124460697174, 0.1605367213487625, 0.4947974681854248, 0.018485020846128464]"
motif,"[19, 12, 8, 6, 22]",34,"[0.32084110379219055, 0.11807814985513687, 0.31630706787109375, 0.2165708988904953, 0.02820281870663166]"
prologue,"[3, 11, 12, 14, 12, 17, 13, 4]",34,"[0.0843113362789154, 0.10874622315168381, 0.08628004789352417, 0.7031911015510559, 0.01747126318514347]"
rising action,"[11, 6, 7, 6, 5, 17, 31, 2, 18, 8, 6, 12, 5]",34,"[0.10911167412996292, 0.047439511865377426, 0.6417892575263977, 0.16287332773208618, 0.03878626227378845]"
situational irony,"[7, 6, 8, 13, 2, 8, 6, 12, 5, 2, 14, 31, 6, 11, 12, 5, 21]",34,"[0.12618200480937958, 0.03436342254281044, 0.700859546661377, 0.12440740317106247, 0.014187601394951344]"
static character,"[7, 8, 2, 8, 6, 18, 31, 18, 9, 2, 11, 2, 18, 8, 4, 11]",34,"[0.26844021677970886, 0.07837837934494019, 0.4288710057735443, 0.19388499855995178, 0.0304253026843071]"
suspense,"[7, 13, 7, 3, 4, 5, 7, 4]",34,"[0.11551665514707565, 0.06912170350551605, 0.12045253068208694, 0.2887116074562073, 0.4061974585056305]"
unreliable narrator,"[13, 5, 11, 4, 14, 6, 2, 10, 14, 4, 31, 5, 2, 11, 11, 2, 8, 12, 11]",34,"[0.1319769024848938, 0.21366265416145325, 0.22913815081119537, 0.39913180470466614, 0.026090485975146294]"
verbal irony,"[28, 4, 11, 10, 2, 14, 31, 6, 11, 12, 5, 21]",34,"[0.2729044258594513, 0.05210611969232559, 0.5090010166168213, 0.14830666780471802, 0.017681796103715897]"
adjacent,"[2, 20, 23, 2, 18, 4, 5, 8]",34,"[0.112684465944767, 0.19260671734809875, 0.2226637303829193, 0.2719475328922272, 0.20009756088256836]"
anticipate,"[2, 5, 8, 6, 18, 6, 3, 2, 8, 4]",34,"[0.06233305484056473, 0.2272990494966507, 0.269794762134552, 0.38512328267097473, 0.055449843406677246]"
antithesis,"[2, 5, 8, 6, 8, 9, 4, 7, 6, 7]",34,"[0.1173885315656662, 0.3790079951286316, 0.3426431715488434, 0.12822875380516052, 0.03273148834705353]"
assonance,"[2, 7, 7, 12, 5, 2, 5, 18, 4]",34,"[0.1468173712491989, 0.15248775482177734, 0.15082234144210815, 0.46214690804481506, 0.0877256691455841]"
cliché,"[18, 14, 6, 18, 9, 0]",34,"[0.1984928548336029, 0.1406448632478714, 0.27524900436401367, 0.06762190908193588, 0.31799131631851196]"
consonance,"[18, 12, 5, 7, 12, 5, 2, 5, 18, 4]",34,"[0.09784621745347977, 0.1833753138780594, 0.10184690356254578, 0.4822388291358948, 0.13469280302524567]"
diction,"[20, 6, 18, 8, 6, 12, 5]",34,"[0.11635610461235046, 0.25079241394996643, 0.24647660553455353, 0.26278337836265564, 0.12359149008989334]"
diligent,"[20, 6, 14, 6, 17, 4, 5, 8]",34,"[0.19000102579593658, 0.3946075439453125, 0.1303556114435196, 0.2429208904504776, 0.04211493581533432]"
ethos,"[4, 8, 9, 12, 7]",34,"[0.21348430216312408, 0.5398998260498047, 0.14710476994514465, 0.07717780768871307, 0.02233334444463253]"
euphemism,"[4, 13, 3, 9, 4, 19, 6, 7, 19]",34,"[0.14146511256694794, 0.0877266526222229, 0.2595321238040924, 0.4734834134578705, 0.037792738527059555]"
exempt,"[4, 27, 4, 19, 3, 8]",34,"[0.1046648919582367, 0.04543643444776535, 0.20422020554542542, 0.6352079510688782, 0.010470530949532986]"
free verse,"[22, 11, 4, 4, 31, 28, 4, 11, 7, 4]",34,"[0.8782883882522583, 0.00811222568154335, 0.07903033494949341, 0.03179540857672691, 0.002773579442873597]"
jargon,"[23, 2, 11, 17, 12, 5]",34,"[0.24958102405071259, 0.11327080428600311, 0.286923348903656, 0.3073192834854126, 0.0429055280983448]"
logos,"[14, 12, 17, 12, 7]",34,"[0.16097086668014526, 0.4491598308086395, 0.027748139575123787, 0.3409338593482971, 0.021187230944633484]"
meter,"[19, 4, 8, 4, 11]",34,"[0.2857702374458313, 0.24211861193180084, 0.1321699321269989, 0.2750798463821411, 0.06486140191555023]"
morpheme,"[19, 12, 11, 3, 9, 4, 19, 4]",34,"[0.2469649314880371, 0.1048356220126152, 0.11468012630939484, 0.4971728026866913, 0.036346543580293655]"
oxymoron,"[12, 27, 21, 19, 12, 11, 12, 5]",34,"[0.04523185268044472, 0.08208081126213074, 0.008738151751458645, 0.859349250793457, 0.004599957726895809]"
paradox,"[3, 2, 11, 2, 20, 12, 27]",34,"[0.06359513103961945, 0.677382230758667, 0.020826760679483414, 0.22983288764953613, 0.008363009430468082]"
pathos,"[3, 2, 8, 9, 12, 7]",34,"[0.1613234281539917, 0.39282506704330444, 0.34560641646385193, 0.08134821802377701, 0.01889687031507492]"
pun,"[3, 13, 5]",34,"[0.2440701723098755, 0.26592060923576355, 0.18565255403518677, 0.21243299543857574, 0.09192367643117905]"
register,"[11, 4, 17, 6, 7, 8, 4, 11]",34,"[0.40137284994125366, 0.1474582403898239, 0.12013701349496841, 0.28071603178977966, 0.050315894186496735]"
repetition,"[11, 4, 3, 4, 8, 6, 8, 6, 12, 5]",34,"[0.053403615951538086, 0.07691261172294617, 0.4592120945453644, 0.3638601303100586, 0.046611566096544266]"
retrieve,"[11, 4, 8, 11, 6, 4, 28, 4]",34,"[0.8557397723197937, 0.030019845813512802, 0.07728248089551926, 0.03322407603263855, 0.0037338854745030403]"
rhetoric,"[11, 9, 4, 8, 12, 11, 6, 18]",34,"[0.10766319930553436, 0.4474310278892517, 0.0504227839410305, 0.28922683000564575, 0.10525611788034439]"
rhyme scheme,"[11, 9, 21, 19, 4, 31, 7, 18, 9, 4, 19, 4]",34,"[0.45289573073387146, 0.07519237697124481, 0.20150619745254517, 0.11491359770298004, 0.1554921418428421]"
scarce,"[7, 18, 2, 11, 18, 4]",34,"[0.2278110682964325, 0.3121509253978729, 0.1541200578212738, 0.14829875528812408, 0.1576191484928131]"
slang,"[7, 14, 2, 5, 17]",34,"[0.20344433188438416, 0.2614476978778839, 0.24035859107971191, 0.23501721024513245, 0.059732161462306976]"
style,"[7, 8, 21, 14, 4]",34,"[0.6041315197944641, 0.09778496623039246, 0.11309738457202911, 0.14178669452667236, 0.043199457228183746]"
syntax,"[7, 21, 5, 8, 2, 27]",34,"[0.0746719092130661, 0.43453308939933777, 0.07667019218206406, 0.39360859990119934, 0.02051619067788124]"
voice,"[28, 12, 6, 18, 4]",34,"[0.5197608470916748, 0.12740656733512878, 0.07696398347616196, 0.15378208458423615, 0.1220865398645401]"
acknowledge,"[2, 18, 16, 5, 12, 26, 14, 4, 20, 17, 4]",34,"[0.07584598660469055, 0.04726094380021095, 0.8361223340034485, 0.027414297685027122, 0.013356468640267849]"
annotate,"[2, 5, 5, 12, 8, 2, 8, 4]",34,"[0.1847466379404068, 0.0859610065817833, 0.2993394732475281, 0.4193210303783417, 0.010631796903908253]"
appraise,"[2, 3, 3, 11, 2, 6, 7, 4]",34,"[0.06788567453622818, 0.06938188523054123, 0.6478729844093323, 0.1720484346151352, 0.042810965329408646]"
coherence,"[18, 12, 9, 4, 11, 4, 5, 18, 4]",34,"[0.17483876645565033, 0.3083392381668091, 0.1033264771103859, 0.234877809882164, 0.17861764132976532]"
criterion,"[18, 11, 6, 8, 4, 11, 6, 12, 5]",34,"[0.19789762794971466, 0.2201453149318695, 0.09197469055652618, 0.33187010884284973, 0.15811224281787872]"
derive,"[20, 4, 11, 6, 28, 4]",34,"[0.5264281034469604, 0.19801554083824158, 0.07364387065172195, 0.1822945922613144, 0.01961788907647133]"
explicit,"[4, 27, 3, 14, 6, 18, 6, 8]",34,"[0.06256556510925293, 0.08159822970628738, 0.45967674255371094, 0.1011868268251419, 0.29497262835502625]"
implicit,"[6, 19, 3, 14, 6, 18, 6, 8]",34,"[0.07118234783411026, 0.09534189105033875, 0.2525315284729004, 0.17163343727588654, 0.40931081771850586]"
objectivity,"[12, 10, 23, 4, 18, 8, 6, 28, 6, 8, 21]",34,"[0.10707761347293854, 0.08325562626123428, 0.14247772097587585, 0.6146518588066101, 0.0525372214615345]"
rebuttal,"[11, 4, 10, 13, 8, 8, 2, 14]",34,"[0.3240880072116852, 0.10791326314210892, 0.381091445684433, 0.15568195283412933, 0.03122529201209545]"
subjectivity,"[7, 13, 10, 23, 4, 18, 8, 6, 28, 6, 8, 21]",34,"[0.06412049382925034, 0.14462149143218994, 0.15892831981182098, 0.5352588295936584, 0.09707086533308029]"
substantiate,"[7, 13, 10, 7, 8, 2, 5, 8, 6, 2, 8, 4]",34,"[0.09998126327991486, 0.16152356564998627, 0.5451610088348389, 0.16640198230743408, 0.026932161301374435]"
sufficient,"[7, 13, 22, 22, 6, 18, 6, 4, 5, 8]",34,"[0.057722058147192, 0.02950277552008629, 0.7854303121566772, 0.10493120551109314, 0.02241360954940319]"
transfer,"[8, 11, 2, 5, 7, 22, 4, 11]",34,"[0.24701006710529327, 0.16530068218708038, 0.3605310618877411, 0.19069167971611023, 0.03646664321422577]"
validate,"[28, 2, 14, 6, 20, 2, 8, 4]",34,"[0.1592668741941452, 0.3777044117450714, 0.12571892142295837, 0.3219341039657593, 0.015375697053968906]"
ambiguous,"[2, 19, 10, 6, 17, 13, 12, 13, 7]",34,"[0.02593488246202469, 0.016855090856552124, 0.8742101192474365, 0.06906953454017639, 0.013930338434875011]"
antecedent,"[2, 5, 8, 4, 18, 4, 20, 4, 5, 8]",34,"[0.1512272208929062, 0.6842483878135681, 0.026368994265794754, 0.12703926861286163, 0.01111622154712677]"
appositive,"[2, 3, 3, 12, 7, 6, 8, 6, 28, 4]",34,"[0.021769480779767036, 0.03128178417682648, 0.8667432069778442, 0.07293763756752014, 0.00726793147623539]"
cognate,"[18, 12, 17, 5, 2, 8, 4]",34,"[0.16623863577842712, 0.07329370081424713, 0.4251067638397217, 0.3056938648223877, 0.029666997492313385]"
comprehensive,"[18, 12, 19, 3, 11, 4, 9, 4, 5, 7, 6, 28, 4]",34,"[0.2425810694694519, 0.16656801104545593, 0.3715708553791046, 0.2006589025259018, 0.01862119324505329]"
coordinating conjunction,"[18, 12, 12, 11, 20, 6, 5, 2, 8, 6, 5, 17, 31, 18, 12, 5, 23, 13, 5, 18, 8, 6, 12, 5]",34,"[0.03483305498957634, 0.005823646206408739, 0.8535094857215881, 0.09766498953104019, 0.00816879328340292]"
correlative conjunction,"[18, 12, 11, 11, 4, 14, 2, 8, 6, 28, 4, 31, 18, 12, 5, 23, 13, 5, 18, 8, 6, 12, 5]",34,"[0.044916246086359024, 0.004204760305583477, 0.7791228890419006, 0.16519103944301605, 0.006565028335899115]"
figurative language,"[22, 6, 17, 13, 11, 2, 8, 6, 28, 4, 31, 14, 2, 5, 17, 13, 2, 17, 4]",34,"[0.1383417397737503, 0.02612410858273506, 0.7343869209289551, 0.09801557660102844, 0.0031315600499510765]"
inevitable,"[6, 5, 4, 28, 6, 8, 2, 10, 14, 4]",34,"[0.06228006258606911, 0.08762326091527939, 0.05433044955134392, 0.789859414100647, 0.005906854756176472]"
interjection,"[6, 5, 8, 4, 11, 23, 4, 18, 8, 6, 12, 5]",34,"[0.1070699468255043, 0.1426541656255722, 0.23507730662822723, 0.47396522760391235, 0.04123333469033241]"
linguistic,"[14, 6, 5, 17, 13, 6, 7, 8, 6, 18]",34,"[0.07377029955387115, 0.07304056733846664, 0.26809296011924744, 0.0903547927737236, 0.49474141001701355]"
meticulous,"[19, 4, 8, 6, 18, 13, 14, 12, 13, 7]",34,"[0.09360574185848236, 0.27584680914878845, 0.18606461584568024, 0.4089456796646118, 0.035537127405405045]"
modifier,"[19, 12, 20, 6, 22, 6, 4, 11]",34,"[0.4385782778263092, 0.12295850366353989, 0.11471366882324219, 0.301431804895401, 0.02231776714324951]"
parallel structure,"[3, 2, 11, 2, 14, 14, 4, 14, 31, 7, 8, 11, 13, 18, 8, 13, 11, 4]",34,"[0.29412782192230225, 0.009762157686054707, 0.6353084444999695, 0.057566188275814056, 0.003235471900552511]"
phrase,"[3, 9, 11, 2, 7, 4]",34,"[0.25955966114997864, 0.4675753116607666, 0.1041363924741745, 0.12666617333889008, 0.04206245765089989]"
rhetorical question,"[11, 9, 4, 8, 12, 11, 6, 18, 2, 14, 31, 24, 13, 4, 7, 8, 6, 12, 5]",34,"[0.1535157710313797, 0.09187348932027817, 0.5327287316322327, 0.2072456032037735, 0.014636322855949402]"
semantic,"[7, 4, 19, 2, 5, 8, 6, 18]",34,"[0.07028096914291382, 0.2930995523929596, 0.13504287600517273, 0.40384209156036377, 0.09773445129394531]"
subordinating conjunction,"[7, 13, 10, 12, 11, 20, 6, 5, 2, 8, 6, 5, 17, 31, 18, 12, 5, 23, 13, 5, 18, 8, 6, 12, 5]",34,"[0.04163527116179466, 0.041174694895744324, 0.5645257234573364, 0.33522337675094604, 0.01744096726179123]"
biodiversity,"[10, 6, 12, 20, 6, 28, 4, 11, 7, 6, 8, 21]",34,"[0.16622614860534668, 0.12793385982513428, 0.1962939202785492, 0.45954620838165283, 0.04999995604157448]"
cell,"[18, 4, 14, 14]",34,"[0.31261685490608215, 0.1180911660194397, 0.284593403339386, 0.10428028553724289, 0.18041829764842987]"
civilization,"[18, 6, 28, 6, 14, 6, 15, 2, 8, 6, 12, 5]",34,"[0.03265871852636337, 0.6899352073669434, 0.14406323432922363, 0.10553999245166779, 0.027802929282188416]"
climate zone,"[18, 14, 6, 19, 2, 8, 4, 31, 15, 12, 5, 4]",34,"[0.31669700145721436, 0.05861746147274971, 0.16743989288806915, 0.38971301913261414, 0.06753265857696533]"
coefficient,"[18, 12, 4, 22, 22, 6, 18, 6, 4, 5, 8]",34,"[0.09137138724327087, 0.020617425441741943, 0.7607975006103516, 0.10233669728040695, 0.024876940995454788]"
control group,"[18, 12, 5, 8, 11, 12, 14, 31, 17, 11, 12, 13, 3]",34,"[0.07271791994571686, 0.17287364602088928, 0.44903650879859924, 0.2887071371078491, 0.016664905473589897]"
convection,"[18, 12, 5, 28, 4, 18, 8, 6, 12, 5]",34,"[0.07001446187496185, 0.05722421407699585, 0.280567467212677, 0.5695626139640808, 0.02263123355805874]"
dependent variable,"[20, 4, 3, 4, 5, 20, 4, 5, 8, 31, 28, 2, 11, 6, 2, 10, 14, 4]",34,"[0.10826003551483154, 0.018277110531926155, 0.4540594220161438, 0.4073311984539032, 0.012072152458131313]"
empire,"[4, 19, 3, 6, 11, 4]",34,"[0.7818934321403503, 0.01240432821214199, 0.11093947291374207, 0.08139096200466156, 0.013371777720749378]"
energy transfer,"[4, 5, 4, 11, 17, 21, 31, 8, 11, 2, 5, 7, 22, 4, 11]",34,"[0.41954976320266724, 0.08372810482978821, 0.30918020009994507, 0.1599271446466446, 0.027614882215857506]"
equation,"[4, 24, 13, 2, 8, 6, 12, 5]",34,"[0.05322564020752907, 0.04277803748846054, 0.4065186679363251, 0.48439347743988037, 0.013084189966320992]"
expression,"[4, 27, 3, 11, 4, 7, 7, 6, 12, 5]",34,"[0.06285600364208221, 0.024050727486610413, 0.8542122840881348, 0.042893245816230774, 0.015987727791070938]"
feudalism,"[22, 4, 13, 20, 2, 14, 6, 7, 19]",34,"[0.23651790618896484, 0.19152449071407318, 0.18422016501426697, 0.32707643508911133, 0.060661058872938156]"
geological,"[17, 4, 12, 14, 12, 17, 6, 18, 2, 14]",34,"[0.05698687955737114, 0.19600863754749298, 0.09229548275470734, 0.6388853192329407, 0.01582365669310093]"
independent variable,"[6, 5, 20, 4, 3, 4, 5, 20, 4, 5, 8, 31, 28, 2, 11, 6, 2, 10, 14, 4]",34,"[0.10856535285711288, 0.01829787716269493, 0.4736831784248352, 0.38804274797439575, 0.011410795152187347]"
kinetic energy,"[16, 6, 5, 4, 8, 6, 18, 31, 4, 5, 4, 11, 17, 21]",34,"[0.2995219826698303, 0.16545727849006653, 0.2934037148952484, 0.1745031774044037, 0.06711386144161224]"
latitude,"[14, 2, 8, 6, 8, 13, 20, 4]",34,"[0.20400066673755646, 0.17351271212100983, 0.3995797634124756, 0.1532091349363327, 0.06969773024320602]"
longitude,"[14, 12, 5, 17, 6, 8, 13, 20, 4]",34,"[0.1528700590133667, 0.3196859657764435, 0.35403957962989807, 0.12892526388168335, 0.044479113072156906]"
membrane,"[19, 4, 19, 10, 11, 2, 5, 4]",34,"[0.0973651185631752, 0.3555598258972168, 0.25454801321029663, 0.25521889328956604, 0.03730808570981026]"
monarchy,"[19, 12, 5, 2, 11, 18, 9, 21]",34,"[0.1333388239145279, 0.5298640727996826, 0.07083548605442047, 0.15018877387046814, 0.1157727986574173]"
natural selection,"[5, 2, 8, 13, 11, 2, 14, 31, 7, 4, 14, 4, 18, 8, 6, 12, 5]",34,"[0.0935216024518013, 0.10467590391635895, 0.5737357139587402, 0.21944968402385712, 0.008617068640887737]"
nucleus,"[5, 13, 18, 14, 4, 13, 7]",34,"[0.30957648158073425, 0.11460573226213455, 0.4413193166255951, 0.09633953124284744, 0.03815889731049538]"
organelle,"[12, 11, 17, 2, 5, 4, 14, 14, 4]",34,"[0.230226069688797, 0.02321041189134121, 0.6278225183486938, 0.09638084471225739, 0.022360214963555336]"
plate tectonics,"[3, 14, 2, 8, 4, 31, 8, 4, 18, 8, 12, 5, 6, 18, 7]",34,"[0.14652389287948608, 0.049643684178590775, 0.22207215428352356, 0.5334001183509827, 0.048360083252191544]"
potential energy,"[3, 12, 8, 4, 5, 8, 6, 2, 14, 31, 4, 5, 4, 11, 17, 21]",34,"[0.19984707236289978, 0.17322935163974762, 0.4032551944255829, 0.2031455636024475, 0.02052277699112892]"
rate,"[11, 2, 8, 4]",34,"[0.4094626009464264, 0.16098879277706146, 0.15270952880382538, 0.22682571411132812, 0.050013259053230286]"
Reformation,"[11, 4, 22, 12, 11, 19, 2, 8, 6, 12, 5]",34,"[0.060694143176078796, 0.21906088292598724, 0.26980268955230713, 0.4393599033355713, 0.011082378216087818]"
Renaissance,"[11, 4, 5, 2, 6, 7, 7, 2, 5, 18, 4]",34,"[0.09899299591779709, 0.17597176134586334, 0.20309270918369293, 0.2967820167541504, 0.22516049444675446]"
thermal energy,"[8, 9, 4, 11, 19, 2, 14, 31, 4, 5, 4, 11, 17, 21]",34,"[0.37899479269981384, 0.25953739881515503, 0.14287930727005005, 0.20184963941574097, 0.016738926991820335]"
topography,"[8, 12, 3, 12, 17, 11, 2, 3, 9, 21]",34,"[0.07293469458818436, 0.5408604145050049, 0.1662941575050354, 0.20930399000644684, 0.010606779716908932]"
external conflict,"[4, 27, 8, 4, 11, 5, 2, 14, 31, 18, 12, 5, 22, 14, 6, 18, 8]",34,"[0.08570307493209839, 0.014795503579080105, 0.8371834754943848, 0.050185028463602066, 0.012132908217608929]"
internal conflict,"[6, 5, 8, 4, 11, 5, 2, 14, 31, 18, 12, 5, 22, 14, 6, 18, 8]",34,"[0.13366849720478058, 0.01620064489543438, 0.7881820797920227, 0.04750461503863335, 0.014444093219935894]"
outcome,"[12, 13, 8, 18, 12, 19, 4]",34,"[0.12874723970890045, 0.0464150607585907, 0.6729817390441895, 0.11505359411239624, 0.03680231422185898]"
pacing,"[3, 2, 18, 6, 5, 17]",34,"[0.07174592465162277, 0.3697173297405243, 0.16512885689735413, 0.10526090860366821, 0.28814706206321716]"
sarcasm,"[7, 2, 11, 18, 2, 7, 19]",34,"[0.17039576172828674, 0.16755607724189758, 0.38195517659187317, 0.1791260987520218, 0.10096689313650131]"
subgenre,"[7, 13, 10, 17, 4, 5, 11, 4]",34,"[0.14215834438800812, 0.31795400381088257, 0.20055527985095978, 0.2659762501716614, 0.07335606217384338]"
amalgamate,"[2, 19, 2, 14, 17, 2, 19, 2, 8, 4]",34,"[0.13877709209918976, 0.05650743469595909, 0.49905064702033997, 0.28677213191986084, 0.01889265514910221]"
articulate,"[2, 11, 8, 6, 18, 13, 14, 2, 8, 4]",34,"[0.11271233856678009, 0.22313997149467468, 0.3537978529930115, 0.2759169042110443, 0.034432969987392426]"
assert,"[2, 7, 7, 4, 11, 8]",34,"[0.2130608856678009, 0.1005760058760643, 0.4566844403743744, 0.17546816170215607, 0.05421053618192673]"
authenticate,"[2, 13, 8, 9, 4, 5, 8, 6, 18, 2, 8, 4]",34,"[0.08310482650995255, 0.14353281259536743, 0.47210830450057983, 0.27607250213623047, 0.02518155612051487]"
bibliography,"[10, 6, 10, 14, 6, 12, 17, 11, 2, 3, 9, 21]",34,"[0.0433279350399971, 0.39780953526496887, 0.24773983657360077, 0.2975676655769348, 0.013555106706917286]"
concession,"[18, 12, 5, 18, 4, 7, 7, 6, 12, 5]",34,"[0.17268650233745575, 0.1227521076798439, 0.18271464109420776, 0.21840833127498627, 0.3034384548664093]"
contend,"[18, 12, 5, 8, 4, 5, 20]",34,"[0.16544629633426666, 0.3589422404766083, 0.09956607967615128, 0.18622195720672607, 0.18982341885566711]"
convey,"[18, 12, 5, 28, 4, 21]",34,"[0.33066123723983765, 0.04470328614115715, 0.14468346536159515, 0.4390442967414856, 0.04090769588947296]"
discern,"[20, 6, 7, 18, 4, 11, 5]",34,"[0.1679612249135971, 0.05944550409913063, 0.3720134198665619, 0.1217852383852005, 0.2787945568561554]"
discrepancy,"[20, 6, 7, 18, 11, 4, 3, 2, 5, 18, 21]",34,"[0.07119444012641907, 0.04089910537004471, 0.28186947107315063, 0.4505516290664673, 0.15548542141914368]"
dispute,"[20, 6, 7, 3, 13, 8, 4]",34,"[0.13986088335514069, 0.08591952919960022, 0.1466234177350998, 0.5758634209632874, 0.051732759922742844]"
hypothesize,"[9, 21, 3, 12, 8, 9, 4, 7, 6, 15, 4]",34,"[0.09349744766950607, 0.277738094329834, 0.3970153033733368, 0.20481106638908386, 0.02693813107907772]"
merit,"[19, 4, 11, 6, 8]",34,"[0.3771161139011383, 0.18459011614322662, 0.10849722474813461, 0.24962666630744934, 0.08016985654830933]"
methodology,"[19, 4, 8, 9, 12, 20, 12, 14, 12, 17, 21]",34,"[0.11060860008001328, 0.3379553556442261, 0.0555872842669487, 0.4831942021846771, 0.012654541991651058]"
plagiarize,"[3, 14, 2, 17, 6, 2, 11, 6, 15, 4]",34,"[0.08260176330804825, 0.16144073009490967, 0.3809258043766022, 0.225556418299675, 0.14947529137134552]"
prejudice,"[3, 11, 4, 23, 13, 20, 6, 18, 4]",34,"[0.2756752669811249, 0.13010594248771667, 0.33069950342178345, 0.17954877018928528, 0.08397050201892853]"
preliminary,"[3, 11, 4, 14, 6, 19, 6, 5, 2, 11, 21]",34,"[0.20501846075057983, 0.3811587393283844, 0.10170537978410721, 0.28441959619522095, 0.027697762474417686]"
propaganda,"[3, 11, 12, 3, 2, 17, 2, 5, 20, 2]",34,"[0.04316103085875511, 0.022099897265434265, 0.07773766666650772, 0.8522128462791443, 0.004788561724126339]"
scrutinize,"[7, 18, 11, 13, 8, 6, 5, 6, 15, 4]",34,"[0.06270100921392441, 0.1496611386537552, 0.3255974352359772, 0.23715923726558685, 0.2248811423778534]"
speculate,"[7, 3, 4, 18, 13, 14, 2, 8, 4]",34,"[0.19866125285625458, 0.23100651800632477, 0.20901799201965332, 0.3138411343097687, 0.047473154962062836]"
stereotype,"[7, 8, 4, 11, 4, 12, 8, 21, 3, 4]",34,"[0.3338337242603302, 0.06695400923490524, 0.1700236052274704, 0.4006154537200928, 0.028573114424943924]"
unify,"[13, 5, 6, 22, 21]",34,"[0.22049403190612793, 0.2297358512878418, 0.17094148695468903, 0.27303460240364075, 0.10579405725002289]"
accumulate,"[2, 18, 18, 13, 19, 13, 14, 2, 8, 4]",34,"[0.15171562135219574, 0.4442026615142822, 0.11458304524421692, 0.2712709605693817, 0.018227683380246162]"
adequate,"[2, 20, 4, 24, 13, 2, 8, 4]",34,"[0.1511216163635254, 0.0391102135181427, 0.1622210294008255, 0.6390988230705261, 0.008448326028883457]"
advocate,"[2, 20, 28, 12, 18, 2, 8, 4]",34,"[0.1332731544971466, 0.3209095597267151, 0.12812428176403046, 0.3875884711742401, 0.030104584991931915]"
allude,"[2, 14, 14, 13, 20, 4]",34,"[0.3013960123062134, 0.06573035567998886, 0.47322121262550354, 0.08478346467018127, 0.07486886531114578]"
ambivalent,"[2, 19, 10, 6, 28, 2, 14, 4, 5, 8]",34,"[0.12132548540830612, 0.04532454162836075, 0.6123181581497192, 0.20423567295074463, 0.016796227544546127]"
apprehensive,"[2, 3, 3, 11, 4, 9, 4, 5, 7, 6, 28, 4]",34,"[0.0865730494260788, 0.033134132623672485, 0.7804762125015259, 0.08547935634851456, 0.014337264001369476]"
authentic,"[2, 13, 8, 9, 4, 5, 8, 6, 18]",34,"[0.0957205668091774, 0.3239173889160156, 0.3550608158111572, 0.1451030820608139, 0.08019812405109406]"
biased,"[10, 6, 2, 7, 4, 20]",34,"[0.18826447427272797, 0.28797921538352966, 0.13387158513069153, 0.10303568840026855, 0.2868489921092987]"
compatible,"[18, 12, 19, 3, 2, 8, 6, 10, 14, 4]",34,"[0.017818471416831017, 0.03577955439686775, 0.040602706372737885, 0.8996158838272095, 0.006183375604450703]"
compelling,"[18, 12, 19, 3, 4, 14, 14, 6, 5, 17]",34,"[0.2778698801994324, 0.061458926647901535, 0.5407412052154541, 0.0820637196302414, 0.037866219878196716]"
concise,"[18, 12, 5, 18, 6, 7, 4]",34,"[0.08339377492666245, 0.13499806821346283, 0.1374121457338333, 0.12051404267549515, 0.5236818790435791]"
conclusive,"[18, 12, 5, 18, 14, 13, 7, 6, 28, 4]",34,"[0.1319555938243866, 0.09358810633420944, 0.5210505723953247, 0.19531458616256714, 0.05809110403060913]"
contemplate,"[18, 12, 5, 8, 4, 19, 3, 14, 2, 8, 4]",34,"[0.20437276363372803, 0.05131915211677551, 0.21157804131507874, 0.47823694348335266, 0.05449309200048447]"
convergent,"[18, 12, 5, 28, 4, 11, 17, 4, 5, 8]",34,"[0.31082066893577576, 0.07325425744056702, 0.18931040167808533, 0.39458128809928894, 0.03203335031867027]"
cynical,"[18, 21, 5, 6, 18, 2, 14]",34,"[0.08781550824642181, 0.1402873545885086, 0.32363051176071167, 0.33833977580070496, 0.10992692410945892]"
deficient,"[20, 4, 22, 6, 18, 6, 4, 5, 8]",34,"[0.12194571644067764, 0.17834506928920746, 0.353505939245224, 0.25197264552116394, 0.09423062205314636]"
definitive,"[20, 4, 22, 6, 5, 6, 8, 6, 28, 4]",34,"[0.1367902308702469, 0.10810074210166931, 0.4557672142982483, 0.2824900448322296, 0.016851812601089478]"
deliberate,"[20, 4, 14, 6, 10, 4, 11, 2, 8, 4]",34,"[0.20031920075416565, 0.34669435024261475, 0.1234808936715126, 0.30086565017700195, 0.028639938682317734]"
diminish,"[20, 6, 19, 6, 5, 6, 7, 9]",34,"[0.1632004827260971, 0.3317609429359436, 0.2511543333530426, 0.18189537525177002, 0.07198891043663025]"
disparate,"[20, 6, 7, 3, 2, 11, 2, 8, 4]",34,"[0.15349628031253815, 0.12945452332496643, 0.0730205699801445, 0.6206108927726746, 0.02341778390109539]"
divergent,"[20, 6, 28, 4, 11, 17, 4, 5, 8]",34,"[0.36518746614456177, 0.12634523212909698, 0.14707641303539276, 0.3397130072116852, 0.021677890792489052]"
dubious,"[20, 13, 10, 6, 12, 13, 7]",34,"[0.07244395464658737, 0.3335779905319214, 0.4153410792350769, 0.11970555037260056, 0.05893149599432945]"
empathetic,"[4, 19, 3, 2, 8, 9, 4, 8, 6, 18]",34,"[0.04591060429811478, 0.06493521481752396, 0.5684220790863037, 0.26281893253326416, 0.05791313573718071]"
evoke,"[4, 28, 12, 16, 4]",34,"[0.8588240146636963, 0.028765955939888954, 0.07227624207735062, 0.03266247361898422, 0.007471336517482996]"
exemplary,"[4, 27, 4, 19, 3, 14, 2, 11, 21]",34,"[0.1824515461921692, 0.10881182551383972, 0.0511474683880806, 0.6376858949661255, 0.019903305917978287]"
fluctuate,"[22, 14, 13, 18, 8, 13, 2, 8, 4]",34,"[0.046161215752363205, 0.007764935959130526, 0.7718357443809509, 0.16636525094509125, 0.007872795686125755]"
heterogeneous,"[9, 4, 8, 4, 11, 12, 17, 4, 5, 4, 12, 13, 7]",34,"[0.11481605470180511, 0.10142958164215088, 0.48510727286338806, 0.28066059947013855, 0.017986461520195007]"
homogeneous,"[9, 12, 19, 12, 17, 4, 5, 4, 12, 13, 7]",34,"[0.19840185344219208, 0.2044377475976944, 0.20325101912021637, 0.37895524501800537, 0.014954091981053352]"
illuminate,"[6, 14, 14, 13, 19, 6, 5, 2, 8, 4]",34,"[0.1729484647512436, 0.07024231553077698, 0.4311791658401489, 0.3038416802883148, 0.02178836800158024]"
impartial,"[6, 19, 3, 2, 11, 8, 6, 2, 14]",34,"[0.10445492714643478, 0.12315983325242996, 0.3607584536075592, 0.37704595923423767, 0.03458092734217644]"
indisputable,"[6, 5, 20, 6, 7, 3, 13, 8, 2, 10, 14, 4]",34,"[0.024876467883586884, 0.04777322709560394, 0.05060990899801254, 0.8695850372314453, 0.007155293133109808]"
legitimate,"[14, 4, 17, 6, 8, 6, 19, 2, 8, 4]",34,"[0.08471085876226425, 0.06849876046180725, 0.18828687071800232, 0.6383872032165527, 0.020116373896598816]"
mediocre,"[19, 4, 20, 6, 12, 18, 11, 4]",34,"[0.19946326315402985, 0.14410199224948883, 0.3557119369506836, 0.17711471021175385, 0.1236080527305603]"
naive,"[5, 2, 6, 28, 4]",34,"[0.4247453808784485, 0.134675994515419, 0.19620351493358612, 0.22316433489322662, 0.021210864186286926]"
pertinent,"[3, 4, 11, 8, 6, 5, 4, 5, 8]",34,"[0.19031497836112976, 0.2982359230518341, 0.23736663162708282, 0.2420981228351593, 0.031984396278858185]"
plausible,"[3, 14, 2, 13, 7, 6, 10, 14, 4]",34,"[0.10518316179513931, 0.1182999238371849, 0.0815902054309845, 0.6208257675170898, 0.07410097122192383]"
proficient,"[3, 11, 12, 22, 6, 18, 6, 4, 5, 8]",34,"[0.07882092893123627, 0.06785476207733154, 0.46250128746032715, 0.3446323275566101, 0.04619067907333374]"
prosper,"[3, 11, 12, 7, 3, 4, 11]",34,"[0.11604815721511841, 0.06491611152887344, 0.1264103204011917, 0.6475152373313904, 0.045110199600458145]"
scrutiny,"[7, 18, 11, 13, 8, 6, 5, 21]",34,"[0.10317337512969971, 0.1659035086631775, 0.24330246448516846, 0.23223520815372467, 0.25538545846939087]"
skeptical,"[7, 16, 4, 3, 8, 6, 18, 2, 14]",34,"[0.09318635612726212, 0.06731176376342773, 0.6296273469924927, 0.15900543332099915, 0.05086907371878624]"
subtle,"[7, 13, 10, 8, 14, 4]",34,"[0.1819523572921753, 0.47524648904800415, 0.11570951342582703, 0.1845477819442749, 0.042543794959783554]"
succinct,"[7, 13, 18, 18, 6, 5, 18, 8]",34,"[0.05922190845012665, 0.054010871797800064, 0.6088664531707764, 0.18530221283435822, 0.09259863197803497]"
surplus,"[7, 13, 11, 3, 14, 13, 7]",34,"[0.2600555121898651, 0.0919080600142479, 0.37836799025535583, 0.20246043801307678, 0.06720800697803497]"
tentative,"[8, 4, 5, 8, 2, 8, 6, 28, 4]",34,"[0.14270274341106415, 0.1073262169957161, 0.2652718424797058, 0.47170111536979675, 0.012998074293136597]"
tolerant,"[8, 12, 14, 4, 11, 2, 5, 8]",34,"[0.2586914598941803, 0.293408066034317, 0.03922392427921295, 0.4020116627216339, 0.006664961110800505]"
undermine,"[13, 5, 20, 4, 11, 19, 6, 5, 4]",34,"[0.48139846324920654, 0.1925816833972931, 0.15504921972751617, 0.13575708866119385, 0.03521360456943512]"
unequivocal,"[13, 5, 4, 24, 13, 6, 28, 12, 18, 2, 14]",34,"[0.33201029896736145, 0.22919218242168427, 0.2439495027065277, 0.17804086208343506, 0.016807187348604202]"
acceleration,"[2, 18, 18, 4, 14, 4, 11, 2, 8, 6, 12, 5]",34,"[0.07293348014354706, 0.3799628019332886, 0.15649010241031647, 0.3466477692127228, 0.04396585375070572]"
biome,"[10, 6, 12, 19, 4]",34,"[0.31517741084098816, 0.1165602058172226, 0.29101863503456116, 0.1784808337688446, 0.09876295924186707]"
chromosome,"[18, 9, 11, 12, 19, 12, 7, 12, 19, 4]",34,"[0.16604000329971313, 0.25498834252357483, 0.1083841547369957, 0.4260561764240265, 0.04453127458691597]"
decomposition,"[20, 4, 18, 12, 19, 3, 12, 7, 6, 8, 6, 12, 5]",34,"[0.03242313489317894, 0.737643837928772, 0.10877415537834167, 0.10912999510765076, 0.012028924189507961]"
element,"[4, 14, 4, 19, 4, 5, 8]",34,"[0.25720083713531494, 0.27881085872650146, 0.1118169054389, 0.31912869215011597, 0.033042751252651215]"
empirical,"[4, 19, 3, 6, 11, 6, 18, 2, 14]",34,"[0.15861772000789642, 0.052519623190164566, 0.3721397817134857, 0.35252201557159424, 0.06420094519853592]"
entrepreneur,"[4, 5, 8, 11, 4, 3, 11, 4, 5, 4, 13, 11]",34,"[0.19553765654563904, 0.051225241273641586, 0.6447585821151733, 0.10145603865385056, 0.0070225028321146965]"
gene,"[17, 4, 5, 4]",34,"[0.41743800044059753, 0.1631959080696106, 0.22525432705879211, 0.133154034614563, 0.06095779687166214]"
heredity,"[9, 4, 11, 4, 20, 6, 8, 21]",34,"[0.17914621531963348, 0.46716588735580444, 0.12194158881902695, 0.10701136291027069, 0.12473491579294205]"
immigration,"[6, 19, 19, 6, 17, 11, 2, 8, 6, 12, 5]",34,"[0.033817172050476074, 0.026443542912602425, 0.57499098777771, 0.35382896661758423, 0.010919373482465744]"
imperialism,"[6, 19, 3, 4, 11, 6, 2, 14, 6, 7, 19]",34,"[0.2006978690624237, 0.2292340099811554, 0.1587626039981842, 0.34058529138565063, 0.07072027772665024]"
industrialization,"[6, 5, 20, 13, 7, 8, 11, 6, 2, 14, 6, 15, 2, 8, 6, 12, 5]",34,"[0.059523582458496094, 0.16723699867725372, 0.5868117809295654, 0.15564635396003723, 0.030781297013163567]"
inertia,"[6, 5, 4, 11, 8, 6, 2]",34,"[0.1205986961722374, 0.20413774251937866, 0.43722984194755554, 0.19069886207580566, 0.04733491688966751]"
inflation,"[6, 5, 22, 14, 2, 8, 6, 12, 5]",34,"[0.041997358202934265, 0.06797865033149719, 0.7521648406982422, 0.12231958657503128, 0.015539616346359253]"
migration,"[19, 6, 17, 11, 2, 8, 6, 12, 5]",34,"[0.058814942836761475, 0.18140776455402374, 0.20020756125450134, 0.5401879549026489, 0.019381806254386902]"
momentum,"[19, 12, 19, 4, 5, 8, 13, 19]",34,"[0.243984192609787, 0.33466848731040955, 0.14925222098827362, 0.2605020999908447, 0.011593048460781574]"
mutation,"[19, 13, 8, 2, 8, 6, 12, 5]",34,"[0.055690616369247437, 0.2632482349872589, 0.30909034609794617, 0.33724284172058105, 0.034727923572063446]"
nationalism,"[5, 2, 8, 6, 12, 5, 2, 14, 6, 7, 19]",34,"[0.056703776121139526, 0.10201819241046906, 0.5585499405860901, 0.25132402777671814, 0.03140408545732498]"
periodic table,"[3, 4, 11, 6, 12, 20, 6, 18, 31, 8, 2, 10, 14, 4]",34,"[0.10612919181585312, 0.31830647587776184, 0.07822409272193909, 0.4749215543270111, 0.022418668493628502]"
predator,"[3, 11, 4, 20, 2, 8, 12, 11]",34,"[0.18669357895851135, 0.30405306816101074, 0.09932935982942581, 0.39605918526649475, 0.013864824548363686]"
qualitative,"[24, 13, 2, 14, 6, 8, 2, 8, 6, 28, 4]",34,"[0.18190282583236694, 0.17283888161182404, 0.28767427802085876, 0.3496760129928589, 0.007907995954155922]"
quantitative,"[24, 13, 2, 5, 8, 6, 8, 2, 8, 6, 28, 4]",34,"[0.15394540131092072, 0.18252518773078918, 0.2604227364063263, 0.398720920085907, 0.004385846201330423]"
recession,"[11, 4, 18, 4, 7, 7, 6, 12, 5]",34,"[0.48424360156059265, 0.21112842857837677, 0.16922816634178162, 0.07979840785264969, 0.05560140684247017]"
reform,"[11, 4, 22, 12, 11, 19]",34,"[0.16162417829036713, 0.3341544568538666, 0.09144958853721619, 0.39763423800468445, 0.015137574635446072]"
respiration,"[11, 4, 7, 3, 6, 11, 2, 8, 6, 12, 5]",34,"[0.11026454716920853, 0.09758619964122772, 0.25447601079940796, 0.49393147230148315, 0.04374176263809204]"
sovereignty,"[7, 12, 28, 4, 11, 4, 6, 17, 5, 8, 21]",34,"[0.537141740322113, 0.08159139752388, 0.21028801798820496, 0.16496118903160095, 0.006017684005200863]"
supply and demand,"[7, 13, 3, 3, 14, 21, 31, 2, 5, 20, 31, 20, 4, 19, 2, 5, 20]",34,"[0.2280464470386505, 0.01674298569560051, 0.4986420273780823, 0.23566870391368866, 0.020899813622236252]"
symbiosis,"[7, 21, 19, 10, 6, 12, 7, 6, 7]",34,"[0.062475938349962234, 0.14574164152145386, 0.413114994764328, 0.29173004627227783, 0.08693748712539673]"
tyranny,"[8, 21, 11, 2, 5, 5, 21]",34,"[0.33868634700775146, 0.0972479060292244, 0.3160029649734497, 0.18813470005989075, 0.059928037226200104]"
urbanization,"[13, 11, 10, 2, 5, 6, 15, 2, 8, 6, 12, 5]",34,"[0.02631944976747036, 0.02861536107957363, 0.790279746055603, 0.14230749011039734, 0.012477898970246315]"
velocity,"[28, 4, 14, 12, 18, 6, 8, 21]",34,"[0.08896613121032715, 0.2540384829044342, 0.13289466500282288, 0.46906283497810364, 0.05503799021244049]"
bildungsroman,"[10, 6, 14, 20, 13, 5, 17, 7, 11, 12, 19, 2, 5]",34,"[0.08314235508441925, 0.17231206595897675, 0.5220848321914673, 0.2099556177854538, 0.012505079619586468]"
catharsis,"[18, 2, 8, 9, 2, 11, 7, 6, 7]",34,"[0.3358554542064667, 0.12618133425712585, 0.21670545637607574, 0.27646708488464355, 0.04479070007801056]"
didactic,"[20, 6, 20, 2, 18, 8, 6, 18]",34,"[0.07137586921453476, 0.15172548592090607, 0.18742866814136505, 0.25071319937705994, 0.33875685930252075]"
epistolary,"[4, 3, 6, 7, 8, 12, 14, 2, 11, 21]",34,"[0.39230358600616455, 0.18585598468780518, 0.032583028078079224, 0.38123059272766113, 0.00802689790725708]"
juxtaposition,"[23, 13, 27, 8, 2, 3, 12, 7, 6, 8, 6, 12, 5]",34,"[0.028318354859948158, 0.1616901308298111, 0.5788895487785339, 0.22191087901592255, 0.009191103279590607]"
monologue,"[19, 12, 5, 12, 14, 12, 17, 13, 4]",34,"[0.11921574920415878, 0.2610803246498108, 0.08571179956197739, 0.5163369178771973, 0.017655180767178535]"
soliloquy,"[7, 12, 14, 6, 14, 12, 24, 13, 21]",34,"[0.1336272805929184, 0.09554526954889297, 0.03901834785938263, 0.7221824526786804, 0.009626555256545544]"
tragic flaw,"[8, 11, 2, 17, 6, 18, 31, 22, 14, 2, 26]",34,"[0.2758043110370636, 0.11163514107465744, 0.43866878747940063, 0.13196472823619843, 0.04192706570029259]"
attribution,"[2, 8, 8, 11, 6, 10, 13, 8, 6, 12, 5]",34,"[0.026479339227080345, 0.024860411882400513, 0.8081693053245544, 0.1293022483587265, 0.011188647709786892]"
benchmark,"[10, 4, 5, 18, 9, 19, 2, 11, 16]",34,"[0.17198446393013, 0.2391471266746521, 0.24484199285507202, 0.19922921061515808, 0.1447971612215042]"
consequence,"[18, 12, 5, 7, 4, 24, 13, 4, 5, 18, 4]",34,"[0.12959429621696472, 0.08471644669771194, 0.19458098709583282, 0.43589282035827637, 0.15521548688411713]"
elucidate,"[4, 14, 13, 18, 6, 20, 2, 8, 4]",34,"[0.041011687368154526, 0.041418805718421936, 0.6688911318778992, 0.1906609833240509, 0.05801738426089287]"
explicate,"[4, 27, 3, 14, 6, 18, 2, 8, 4]",34,"[0.12617065012454987, 0.07879482954740524, 0.5286321640014648, 0.19733722507953644, 0.0690651535987854]"
extrapolate,"[4, 27, 8, 11, 2, 3, 12, 14, 2, 8, 4]",34,"[0.12579819560050964, 0.2211429476737976, 0.33612552285194397, 0.302951455116272, 0.013981862924993038]"
gauge,"[17, 2, 13, 17, 4]",34,"[0.6240085363388062, 0.08686275035142899, 0.207875058054924, 0.05761385336518288, 0.02363979071378708]"
qualify,"[24, 13, 2, 14, 6, 22, 21]",34,"[0.2755048871040344, 0.28307440876960754, 0.17847947776317596, 0.22621141374111176, 0.03672986105084419]"
rebut,"[11, 4, 10, 13, 8]",34,"[0.2618837058544159, 0.1253955364227295, 0.29407036304473877, 0.2450045496225357, 0.07364577800035477]"
reconcile,"[11, 4, 18, 12, 5, 18, 6, 14, 4]",34,"[0.13515916466712952, 0.1981482058763504, 0.28420037031173706, 0.2768232524394989, 0.10566893965005875]"
arbitrary,"[2, 11, 10, 6, 8, 11, 2, 11, 21]",34,"[0.06275409460067749, 0.03052433580160141, 0.7891584634780884, 0.09027125686407089, 0.02729184553027153]"
cogent,"[18, 12, 17, 4, 5, 8]",34,"[0.2300560176372528, 0.45341816544532776, 0.047679755836725235, 0.22912105917930603, 0.039724987000226974]"
cosmopolitan,"[18, 12, 7, 19, 12, 3, 12, 14, 6, 8, 2, 5]",34,"[0.07827158272266388, 0.2150084525346756, 0.05688858404755592, 0.6320654153823853, 0.017765913158655167]"
denounce,"[20, 4, 5, 12, 13, 5, 18, 4]",34,"[0.17629370093345642, 0.21386367082595825, 0.23497895896434784, 0.22281382977962494, 0.15204988420009613]"
disseminate,"[20, 6, 7, 7, 4, 19, 6, 5, 2, 8, 4]",34,"[0.15604627132415771, 0.1183745265007019, 0.3474339246749878, 0.3396815359592438, 0.03846370056271553]"
dogmatic,"[20, 12, 17, 19, 2, 8, 6, 18]",34,"[0.042336247861385345, 0.06907534599304199, 0.5578972101211548, 0.26174771785736084, 0.06894342601299286]"
eloquent,"[4, 14, 12, 24, 13, 4, 5, 8]",34,"[0.1346249133348465, 0.09310168027877808, 0.0435737706720829, 0.7204849123954773, 0.008214686065912247]"
endorse,"[4, 5, 20, 12, 11, 7, 4]",34,"[0.24323922395706177, 0.22210170328617096, 0.17780086398124695, 0.256788969039917, 0.10006925463676453]"
innovative,"[6, 5, 5, 12, 28, 2, 8, 6, 28, 4]",34,"[0.06019672751426697, 0.04106692969799042, 0.3727923035621643, 0.5214148163795471, 0.004529184196144342]"
lucid,"[14, 13, 18, 6, 20]",34,"[0.046747468411922455, 0.08878342807292938, 0.5171360373497009, 0.12490095943212509, 0.2224322408437729]"
nuanced,"[5, 13, 2, 5, 18, 4, 20]",34,"[0.07183243334293365, 0.30455270409584045, 0.0800156518816948, 0.3031575381755829, 0.24044176936149597]"
obsolete,"[12, 10, 7, 12, 14, 4, 8, 4]",34,"[0.31804871559143066, 0.20179295539855957, 0.07118292897939682, 0.3558608293533325, 0.05311458185315132]"
partisan,"[3, 2, 11, 8, 6, 7, 2, 5]",34,"[0.12492934614419937, 0.38370612263679504, 0.18011552095413208, 0.26741665601730347, 0.04383227229118347]"
pragmatic,"[3, 11, 2, 17, 19, 2, 8, 6, 18]",34,"[0.03334558755159378, 0.03231815621256828, 0.6602792143821716, 0.23999592661857605, 0.03406113013625145]"
proliferate,"[3, 11, 12, 14, 6, 22, 4, 11, 2, 8, 4]",34,"[0.36226674914360046, 0.14194466173648834, 0.19622303545475006, 0.2854394018650055, 0.014126268215477467]"
provincial,"[3, 11, 12, 28, 6, 5, 18, 6, 2, 14]",34,"[0.03614692762494087, 0.020400941371917725, 0.7901180982589722, 0.1383173018693924, 0.015016766265034676]"
rigorous,"[11, 6, 17, 12, 11, 12, 13, 7]",34,"[0.07480594515800476, 0.31283116340637207, 0.13850833475589752, 0.44509005546569824, 0.028764452785253525]"
salient,"[7, 2, 14, 6, 4, 5, 8]",34,"[0.42782026529312134, 0.26344019174575806, 0.12208127975463867, 0.14865201711654663, 0.03800621256232262]"
sanction,"[7, 2, 5, 18, 8, 6, 12, 5]",34,"[0.04677755385637283, 0.0835888460278511, 0.3063725233078003, 0.5217366218566895, 0.0415244922041893]"
superlative,"[7, 13, 3, 4, 11, 14, 2, 8, 6, 28, 4]",34,"[0.1265563666820526, 0.06466229259967804, 0.27839282155036926, 0.5184865593910217, 0.01190195232629776]"
systematic,"[7, 21, 7, 8, 4, 19, 2, 8, 6, 18]",34,"[0.06718087196350098, 0.07003747671842575, 0.29105764627456665, 0.49593132734298706, 0.07579264044761658]"
tangential,"[8, 2, 5, 17, 4, 5, 8, 6, 2, 14]",34,"[0.12363973259925842, 0.28621992468833923, 0.34228554368019104, 0.2097715586423874, 0.038083266466856]"
unambiguous,"[13, 5, 2, 19, 10, 6, 17, 13, 12, 13, 7]",34,"[0.01900206319987774, 0.01200070884078741, 0.880254328250885, 0.07725967466831207, 0.011483144015073776]"
unprecedented,"[13, 5, 3, 11, 4, 18, 4, 20, 4, 5, 8, 4, 20]",34,"[0.19907978177070618, 0.5641100406646729, 0.1449727714061737, 0.0690426379442215, 0.02279479056596756]"
verifiable,"[28, 4, 11, 6, 22, 6, 2, 10, 14, 4]",34,"[0.08838661015033722, 0.1632813811302185, 0.2972843647003174, 0.432283490896225, 0.018764106556773186]"
algorithm,"[2, 14, 17, 12, 11, 6, 8, 9, 19]",34,"[0.06825784593820572, 0.057219259440898895, 0.7582002878189087, 0.0981409102678299, 0.018181748688220978]"
alliance,"[2, 14, 14, 6, 2, 5, 18, 4]",34,"[0.1401985138654709, 0.13822034001350403, 0.3490389585494995, 0.1602381318807602, 0.21230405569076538]"
artificial intelligence,"[2, 11, 8, 6, 22, 6, 18, 6, 2, 14, 31, 6, 5, 8, 4, 14, 14, 6, 17, 4, 5, 18, 4]",34,"[0.03460923209786415, 0.0066413297317922115, 0.8876502513885498, 0.05425865575671196, 0.016840681433677673]"
atomic structure,"[2, 8, 12, 19, 6, 18, 31, 7, 8, 11, 13, 18, 8, 13, 11, 4]",34,"[0.3841981589794159, 0.017476683482527733, 0.4218614101409912, 0.16947264969348907, 0.006991036236286163]"
automation,"[2, 13, 8, 12, 19, 2, 8, 6, 12, 5]",34,"[0.04452865570783615, 0.14884337782859802, 0.10433431714773178, 0.6965820789337158, 0.005711577367037535]"
capitalism,"[18, 2, 3, 6, 8, 2, 14, 6, 7, 19]",34,"[0.1787213385105133, 0.2566901743412018, 0.24787336587905884, 0.27257731556892395, 0.044137757271528244]"
civil disobedience,"[18, 6, 28, 6, 14, 31, 20, 6, 7, 12, 10, 4, 20, 6, 4, 5, 18, 4]",34,"[0.17028950154781342, 0.33217164874076843, 0.1940004527568817, 0.24550627171993256, 0.058032236993312836]"
civil rights,"[18, 6, 28, 6, 14, 31, 11, 6, 17, 9, 8, 7]",34,"[0.4114878475666046, 0.2785188555717468, 0.17692479491233826, 0.08757588267326355, 0.04549257084727287]"
conservation,"[18, 12, 5, 7, 4, 11, 28, 2, 8, 6, 12, 5]",34,"[0.035391006618738174, 0.09701000899076462, 0.2372814267873764, 0.608161211013794, 0.022156357765197754]"
discrimination,"[20, 6, 7, 18, 11, 6, 19, 6, 5, 2, 8, 6, 12, 5]",34,"[0.05294059216976166, 0.12911003828048706, 0.3678050637245178, 0.36994442343711853, 0.08020001649856567]"
electron,"[4, 14, 4, 18, 8, 11, 12, 5]",34,"[0.08882547914981842, 0.052136749029159546, 0.6997414231300354, 0.13065427541732788, 0.028642132878303528]"
equilibrium,"[4, 24, 13, 6, 14, 6, 10, 11, 6, 13, 19]",34,"[0.09692325443029404, 0.0660773441195488, 0.6630192399024963, 0.14281202852725983, 0.031168177723884583]"
genetic variation,"[17, 4, 5, 4, 8, 6, 18, 31, 28, 2, 11, 6, 2, 8, 6, 12, 5]",34,"[0.08338507264852524, 0.04085778072476387, 0.7191309332847595, 0.1392715573310852, 0.017354590818285942]"
globalization,"[17, 14, 12, 10, 2, 14, 6, 15, 2, 8, 6, 12, 5]",34,"[0.05446606129407883, 0.377597451210022, 0.26233941316604614, 0.2864081859588623, 0.01918887160718441]"
innovation,"[6, 5, 5, 12, 28, 2, 8, 6, 12, 5]",34,"[0.0362791083753109, 0.06242837756872177, 0.3709862232208252, 0.5234906077384949, 0.006815679371356964]"
integration,"[6, 5, 8, 4, 17, 11, 2, 8, 6, 12, 5]",34,"[0.04852921888232231, 0.6027294397354126, 0.07457511126995087, 0.26399704813957214, 0.010169182904064655]"
jurisdiction,"[23, 13, 11, 6, 7, 20, 6, 18, 8, 6, 12, 5]",34,"[0.1260717362165451, 0.07550099492073059, 0.42556220293045044, 0.27694880962371826, 0.09591630846261978]"
market economy,"[19, 2, 11, 16, 4, 8, 31, 4, 18, 12, 5, 12, 19, 21]",34,"[0.36164039373397827, 0.22749899327754974, 0.08685851842164993, 0.3097016513347626, 0.014300426468253136]"
neutron,"[5, 4, 13, 8, 11, 12, 5]",34,"[0.09586761891841888, 0.07259407639503479, 0.6595205068588257, 0.14548537135124207, 0.026532458141446114]"
proton,"[3, 11, 12, 8, 12, 5]",34,"[0.13790279626846313, 0.19218698143959045, 0.09469345211982727, 0.54426509141922, 0.030951686203479767]"
ratification,"[11, 2, 8, 6, 22, 6, 18, 2, 8, 6, 12, 5]",34,"[0.06590720266103745, 0.14989922940731049, 0.3815373182296753, 0.33776894211769104, 0.06488733738660812]"
segregation,"[7, 4, 17, 11, 4, 17, 2, 8, 6, 12, 5]",34,"[0.05796513333916664, 0.13447993993759155, 0.5970543026924133, 0.19827209413051605, 0.012228574603796005]"
socialism,"[7, 12, 18, 6, 2, 14, 6, 7, 19]",34,"[0.11208035796880722, 0.340381920337677, 0.2538488805294037, 0.20552106201648712, 0.08816781640052795]"
sustainability,"[7, 13, 7, 8, 2, 6, 5, 2, 10, 6, 14, 6, 8, 21]",34,"[0.06550481915473938, 0.5876965522766113, 0.11330103129148483, 0.20729577541351318, 0.026201801374554634]"
theoretical,"[8, 9, 4, 12, 11, 4, 8, 6, 18, 2, 14]",34,"[0.1663733422756195, 0.1380024552345276, 0.2506636679172516, 0.39880815148353577, 0.046152375638484955]"
totalitarianism,"[8, 12, 8, 2, 14, 6, 8, 2, 11, 6, 2, 5, 6, 7, 19]",34,"[0.14751537144184113, 0.17922142148017883, 0.11837168782949448, 0.5413569808006287, 0.013534501194953918]"
anaphora,"[2, 5, 2, 3, 9, 12, 11, 2]",34,"[0.13125282526016235, 0.1687464565038681, 0.4761245548725128, 0.2101275771856308, 0.01374861504882574]"
dystopia,"[20, 21, 7, 8, 12, 3, 6, 2]",34,"[0.22715282440185547, 0.1415155529975891, 0.15919560194015503, 0.4362022876739502, 0.035933706909418106]"
hubris,"[9, 13, 10, 11, 6, 7]",34,"[0.10494409501552582, 0.43401890993118286, 0.2355022132396698, 0.13155488669872284, 0.09397990256547928]"
stream of consciousness,"[7, 8, 11, 4, 2, 19, 31, 12, 22, 31, 18, 12, 5, 7, 18, 6, 12, 13, 7, 5, 4, 7, 7]",34,"[0.015483811497688293, 0.000716576527338475, 0.9723944664001465, 0.009738816879689693, 0.001666269963607192]"
tragic hero,"[8, 11, 2, 17, 6, 18, 31, 9, 4, 11, 12]",34,"[0.12265919148921967, 0.2564045488834381, 0.3376413881778717, 0.231896311044693, 0.05139853432774544]"
